Time(s),P_Fuel_Tank(bar),P_Chamber(bar),P_Fuel_Injector(bar),P_Ox_Injector(bar),Fuel_Flow_Rate(L/s),Ox_Valve_Angle(deg),Fuel_Valve_Angle(deg),P_Ox_Tank(bar),P_N2_Tank(bar),T_Fuel_Post_Channels(C),T_Fuel_Pre_Channels(C),Ox_Mass(kg),Thrust(N)
-1.0794489746094769,45.648345947265625,0.9955326914787292,1.0057858228683472,1.188090682029724,0.0,0.0,0.0,45.52900695800781,283.3695983886719,11.6953125,24.8359375,6.327241203471425,20.410404205322266
-1.05749365234351,45.62580108642578,1.0134735107421875,1.0493113994598389,1.147060751914978,0.0,0.0,0.0,45.626197814941406,283.5173034667969,11.6953125,24.8359375,6.3030091265290515,17.817859649658203
-1.0377756347656941,45.62868118286133,0.985550045967102,1.0143896341323853,1.126484751701355,0.0,0.0,0.0,45.62106704711914,283.2849426269531,11.6953125,24.8359375,6.2616750734661695,20.50467872619629
-1.0180307617188191,45.63952255249024,0.9985867738723756,1.0599048137664795,1.13116192817688,0.0,0.0,0.0,45.62158966064453,283.04595947265625,11.6953125,24.8359375,6.301584350710372,18.61919212341309
-0.9937583007813373,45.63784408569336,1.0276620388031006,1.0129411220550537,1.125646948814392,0.0,0.0,0.0,45.6423225402832,283.134765625,11.7421875,24.8359375,6.330092310540902,18.524917602539062
-0.9765998535153813,45.63523483276367,1.0171558856964111,1.0980726480484009,1.1228371858596802,0.0,0.0,0.0,45.65288162231445,283.1563720703125,11.7421875,24.8359375,6.327241203471425,19.51479721069336
-0.9523493652341131,45.625450134277344,1.0110126733779907,1.0530636310577393,1.1288408041000366,0.0,0.0,0.0,45.61481857299805,283.5262145996094,11.7421875,24.859375,6.3315170863595815,20.410404205322266
-0.9347524414060899,45.61534118652344,1.0434387922286987,0.9943720698356628,1.1277761459350586,0.0,0.0,0.0,45.57588577270508,283.5227355957031,11.7421875,24.859375,6.3030091265290515,18.194955825805664
-0.9137248535157596,45.6355094909668,1.0402450561523438,1.0130459070205688,1.114896535873413,0.0,0.0,0.0,45.62061309814453,283.5802001953125,11.7421875,24.859375,6.34291995920537,18.38350486755371
-0.8902507324219187,45.63871383666992,1.0405941009521484,0.9996950030326844,1.113849401473999,0.0,0.0,0.0,45.58469772338867,283.534423828125,11.734375,24.859375,6.337219300498537,19.561935424804688
-0.8673483886718714,45.62896347045898,1.012845158576965,1.0193461179733276,1.1245474815368652,0.0,0.0,0.0,45.63340759277344,283.2962951660156,11.734375,24.8359375,6.288756702045903,18.38350486755371
-0.8490168457028631,45.64605712890625,1.0300354957580566,1.039293885231018,1.111301302909851,0.0,0.0,0.0,45.557647705078125,283.117919921875,11.734375,24.8359375,6.297308467822218,20.0804443359375
-0.8314394531248581,45.65108489990234,1.0238924026489258,0.9873389005661012,1.1092768907546997,0.0,0.0,0.0,45.71096420288086,283.4503479003906,11.734375,24.8359375,6.347195842093527,19.326248168945312
-0.8012377929685499,45.63510513305664,1.0245206356048584,1.0249656438827517,1.112418293952942,0.0,0.0,0.0,45.63551712036133,282.7649230957031,11.78125,24.8359375,6.3158383306256365,20.174718856811523
-0.7855930175778667,45.64292526245117,1.0402275323867798,1.0067805051803589,1.1013362407684326,0.0,0.0,0.0,45.63275909423828,282.7942199707031,11.78125,24.875,6.340068852135894,19.1377010345459
-0.7619482421873727,45.64802932739258,1.0246254205703735,0.983673930168152,1.0961005687713623,0.0,0.0,0.0,45.603546142578125,283.235595703125,11.78125,24.875,6.284480819157747,19.84475898742676
-0.7428813476562937,45.64556503295898,1.0489187240600586,1.0227493047714231,1.1361356973648071,0.0,0.0,0.0,45.61349487304688,283.3044738769531,11.78125,24.875,6.305860233598531,19.65620994567871
-0.7222983398437464,45.64744186401367,1.0502102375030518,1.042644739151001,1.0809520483016968,0.0,0.0,0.0,45.6196174621582,283.04547119140625,11.734375,24.875,6.2773538292001145,19.891895294189453
-0.7053581542968459,45.71799087524414,1.0076444149017334,0.994825839996338,1.120376467704773,0.0,0.0,0.0,45.6040153503418,283.4538269042969,11.734375,24.90625,6.274502722130641,19.1377010345459
-0.680809570312249,45.64654541015625,1.017051100730896,1.030515432357788,1.1225404739379885,0.0,0.0,0.0,45.73288345336914,283.5393371582031,11.734375,24.90625,6.321538989332476,22.060205459594727
-0.6626059570312464,45.67634582519531,1.018255352973938,0.9866931438446044,1.1278809309005735,0.8668786287307739,0.0,0.0,45.62728118896485,283.5738525390625,11.734375,24.8515625,6.29303258493406,19.51479721069336
-0.6408166503906614,45.63574981689453,1.0675052404403689,1.044355034828186,1.139102578163147,0.0,0.0,0.0,45.593528747558594,283.5494689941406,11.7421875,24.8515625,6.258823966396696,19.184837341308597
-0.6194311523436227,45.52681350708008,1.0128800868988037,1.0144944190979004,1.1112664937973022,0.0,0.0,0.0,45.6462516784668,283.1109924316406,11.7421875,24.8515625,6.407061313391947,18.854877471923828
-0.59875439453117,45.65960311889648,1.0255677700042725,0.9939706921577454,1.0816501379013062,0.0,0.0,0.0,45.625587463378906,283.21954345703125,11.7421875,24.8515625,6.37285269485458,18.61919212341309
-0.5800759277344696,45.65850067138672,1.000558853149414,1.0094507932662964,1.144163727760315,0.1562516689300537,0.0,0.0,45.63192367553711,283.3959350585937,11.7421875,24.828125,6.334368193429055,23.42718505859375
-0.5588210449218423,45.746055603027344,0.957452118396759,1.0127665996551514,1.0702016353607178,0.5507246255874634,0.0,0.0,45.60054397583008,284.2393798828125,11.6484375,24.828125,6.133392365093017,20.127580642700195
-0.5378269042967077,45.6481819152832,1.039808750152588,0.975227117538452,1.0460478067398071,7.789525032043457,0.0,0.0,45.74122619628906,283.5384826660156,11.6484375,24.828125,6.4170394104190525,17.299348831176758
-0.5174987792966022,45.47232055664063,0.774972677230835,0.9199387431144714,1.4162946939468384,28.799774169921875,0.0,0.0,44.63264846801758,285.7128601074219,11.6484375,24.828125,4.90615331433964,20.03330612182617
-0.49997070312474534,45.62179565429688,1.024782419204712,0.9854889512062072,1.083587408065796,19.01407623291016,0.0,0.0,45.70140075683594,283.38934326171875,11.6484375,24.828125,6.3500469491630005,20.268993377685547
-0.47654028320312136,45.674293518066406,0.984136402606964,0.9799217581748962,1.0931510925292969,17.26249885559082,0.0,0.0,45.64558792114258,283.1731262207031,11.6484375,24.875,6.117712053926955,17.487897872924805
-0.458916259765374,45.66062927246094,1.0300530195236206,1.001981258392334,1.0729241371154783,8.493555068969727,0.0,0.0,45.62167739868164,283.5499572753906,11.71875,24.875,6.3600250461901116,19.420522689819336
-0.43728540039046493,45.6551399230957,0.987557053565979,0.9765534996986388,1.077863097190857,8.493555068969727,0.0,0.0,45.63824081420898,283.1669311523437,11.71875,24.875,6.409912420461423,19.279111862182617
-0.41646948242168946,45.63314056396485,0.9976443648338318,0.9949654936790466,1.0622434616088867,4.657567501068115,13.226726593817123,14.549399253198835,45.70426177978516,283.1390380859375,11.7421875,24.875,6.298733243640895,18.47777938842773
-0.39773535156246,45.645301818847656,0.9489529132843018,0.9687174558639526,1.061789631843567,5.666708946228027,27.08879418889698,29.797673607786678,45.65900802612305,283.455322265625,11.7421875,24.8359375,6.370001587785104,19.279111862182617
-0.37452172851544674,45.64329528808594,1.0191802978515625,1.0231680870056152,1.0623481273651123,5.772232055664063,44.26540164498583,48.69194180948441,45.57080459594727,283.56719970703125,11.7421875,24.8359375,6.340068852135894,20.127580642700195
-0.34941137695295765,45.644039154052734,0.981082320213318,1.003970742225647,1.0947567224502563,1.8443808555603027,62.84546779849014,69.13001457833916,45.60857009887695,283.5374755859375,11.7421875,24.8359375,6.3585987149393155,19.75048446655273
-0.33402075195317593,45.62824249267578,1.040855884552002,1.000916600227356,1.1242682933807373,6.460134029388428,74.23355330306867,81.65690863337555,45.58982849121094,283.5524597167969,11.7578125,24.8359375,6.307286564849324,19.84475898742676
-0.30599584960918946,45.65093231201172,1.0105589628219604,1.004110336303711,1.0789974927902222,2.705883502960205,94.97020201928966,104.46722222121862,45.63223648071289,283.3939208984375,11.7578125,24.8359375,6.362874597827472,19.93903350830078
-0.2906943359375873,45.62725067138672,0.9960736632347108,1.002260446548462,1.072417974472046,3.1822991371154785,100.0,110.0,45.58028030395508,283.1898803710937,11.7578125,24.8359375,6.226040123678007,19.51479721069336
-0.2686967773438482,45.62866973876953,1.011763095855713,1.0011435747146606,1.1026276350021362,0.0,100.0,110.0,45.57272338867188,283.4962463378906,11.7578125,24.8359375,6.364300929078268,19.703346252441406
-0.24959521484379366,45.62767791748047,1.0056898593902588,0.997426211833954,1.0813709497451782,0.0,100.0,110.0,45.715816497802734,282.7261657714844,11.84375,24.8359375,6.255972859327217,18.902013778686523
-0.22781835937485084,45.64605712890625,0.994101583957672,0.9735516905784608,1.1119993925094604,0.0,100.0,110.0,45.61661911010742,283.4855651855469,11.84375,24.875,6.399934323434317,19.23197555541992
-0.2066933593750946,45.62320327758789,0.9754627346992492,0.9616842865943908,1.1126102209091189,0.0,100.0,110.0,45.5885009765625,283.21051025390625,11.84375,24.875,6.337219300498537,19.23197555541992
-0.18476708984371726,45.625484466552734,1.0109952688217163,1.012976050376892,1.0658385753631592,0.1506384909152984,100.0,110.0,45.60932159423828,283.14971923828125,11.84375,24.875,6.382830791881687,20.92891311645508
-0.16645288085919674,45.584415435791016,1.0212570428848269,0.9836564660072328,1.090341329574585,0.0,100.0,110.0,45.5930061340332,283.1195678710937,11.8203125,24.875,6.297308467822218,19.326248168945312
-0.1443576660153667,45.62361907958984,1.0397738218307495,0.968752384185791,1.0948090553283691,0.0,100.0,110.0,45.61134719848633,283.124755859375,11.8203125,24.796875,6.3286659792901085,19.703346252441406
-0.1245910644529431,45.65049362182617,0.9873825311660768,1.0105327367782593,1.1201670169830322,0.0,100.0,110.0,45.58860778808594,283.5173034667969,11.8203125,24.796875,6.297308467822218,18.996288299560547
-0.09829296874977445,45.61363983154297,0.9646249413490297,1.024127960205078,1.10231351852417,0.0,100.0,110.0,45.584014892578125,283.4222106933594,11.8203125,24.796875,6.31868943769511,18.902013778686523
-0.07314892578096988,45.02299118041992,1.023979663848877,1.024058222770691,1.1013362407684326,0.0521194189786911,100.0,110.0,45.66330337524414,283.56170654296875,11.9765625,24.796875,6.295883692003535,19.84475898742676
-0.053134033203150466,43.85638427734375,1.0333164930343628,1.0119812488555908,1.0806728601455688,0.0,100.0,110.0,45.68204498291016,283.4971923828125,11.9765625,24.875,6.267375732173005,18.71346473693848
-0.032490966796558496,42.35830307006836,1.008133053779602,0.98212069272995,1.1144253015518188,0.0524989962577819,100.0,110.0,45.59031677246094,283.0460510253906,11.9765625,24.875,6.2060854850559055,19.420522689819336
-0.010084960937547294,40.51190185546875,1.0243810415267944,1.020462989807129,1.16252338886261,0.1607139259576797,100.0,110.0,45.62750625610352,283.1527099609375,11.9765625,24.875,6.224615347859327,18.8077392578125
0.005916259765854193,39.04836654663086,0.9883772730827332,0.9841800332069396,1.291477084159851,0.3126027882099151,100.0,110.0,45.59019470214844,282.9597473144531,11.9921875,24.875,6.188980398071158,14.659667015075684
0.024806152343899157,38.72909164428711,1.0010474920272827,1.0062395334243774,1.9034185409545896,0.3275205492973327,100.0,110.0,45.49354553222656,282.8622436523437,11.9921875,24.90625,6.107735512331963,16.262331008911133
0.045232666015635914,38.88046646118164,0.9995815753936768,1.023901104927063,2.5622189044952397,0.3488762378692627,100.0,110.0,45.39785385131836,282.6885070800781,11.9921875,24.90625,6.054997030991176,16.262331008911133
0.0680087890627874,39.22368240356445,1.01558518409729,1.0721038579940796,3.4299912452697754,0.3125317394733429,100.0,110.0,45.22291564941406,282.5567321777344,11.9921875,24.859375,6.032191285299598,12.161396026611328
0.08919799804698414,39.575103759765625,1.0692678689956665,1.106397271156311,4.375652313232422,0.2605260014533996,106.32326201990601,114.91809268214912,44.972198486328125,282.1973571777344,12.078125,24.859375,6.013661422496177,9.945947647094728
0.11015087890655195,38.90103912353516,1.0363706350326538,1.1245650053024292,5.136931419372559,0.2731809616088867,113.6533263993805,120.61925386618483,44.69612121582031,281.1448669433594,12.078125,24.859375,5.986579793916444,8.720380783081055
0.12916381835930224,38.80710220336914,1.039930820465088,1.1559962034225464,6.046588897705078,0.3298929631710052,120.3047301452334,125.7925678907371,44.40615463256836,280.5296325683594,12.078125,24.859375,5.896781586968814,9.003203392028809
0.1550393066409015,38.8215217590332,1.0969469547271729,1.220935583114624,7.244974136352539,0.3820526897907257,129.3568980177499,132.83314290269436,44.097198486328125,280.1879272460937,12.078125,24.8125,5.7328639288074985,-4.8079938888549805
0.17090478515638097,37.629539489746094,1.0598437786102295,1.2136057615280151,8.093531608581543,0.4911404550075531,134.90720776805168,137.15005048626242,43.757911682128906,280.2134094238281,12.078125,24.8125,5.738566142946451,-18.242094039916992
0.19671362304688955,35.570167541503906,1.080454707145691,1.2522273063659668,9.570330619812012,0.5249899625778198,143.9360589588442,144.17249030132328,43.17384338378906,279.5881042480469,12.1015625,24.8125,5.668722574620922,-12.585630416870115
0.21361303710955326,33.17210388183594,1.132112979888916,1.3096448183059692,10.705294609069824,0.6901893615722656,145.0,145.0,42.64181518554688,278.8214416503906,12.1015625,24.8125,5.534739207540934,-15.178175926208496
0.23550097656243452,29.799501419067383,1.2036492824554443,1.3246362209320068,12.220732688903809,0.6501747369766235,145.0,145.0,41.94531631469727,277.9078674316406,12.1015625,24.8125,5.473448960423834,-31.81760597229004
0.25558447265621,28.339021682739254,1.2705607414245603,1.3724724054336548,13.45452880859375,0.9379362463951112,145.0,145.0,41.47739028930664,277.8785095214844,12.1015625,24.765625,5.3437399207998855,-36.719871520996094
0.2782756347655777,28.624853134155277,1.2786061763763428,1.5130842924118042,14.98007106781006,0.8217291235923767,145.0,145.0,40.68613052368164,276.8638000488281,12.1640625,24.765625,5.5361639833596135,-37.8983039855957
0.2957817382812209,29.03873062133789,1.3054475784301758,1.5397685766220093,16.223901748657227,1.2153260707855225,145.0,145.0,40.08907318115234,276.7037658691406,12.1640625,24.765625,5.814110369978816,-53.97208404541016
0.3191489257815192,27.779624938964844,1.526653289794922,1.9194570779800413,17.06964874267578,0.9689937233924866,145.0,145.0,39.4755973815918,276.1479187011719,12.21875,24.765625,5.819811028685652,-112.32793426513672
0.339538330078085,27.936399459838867,1.743112087249756,2.257696866989136,17.562026977539062,0.9689937233924866,145.0,145.0,38.93112564086914,276.0535583496094,12.21875,24.8515625,6.037891944006434,-157.3439483642578
0.36130395507825597,29.86861228942871,3.668762445449829,10.63897705078125,18.63465118408203,1.2142577171325684,145.0,145.0,38.45923614501953,276.08807373046875,12.21875,24.8515625,8.928528765290519,-2039.7677001953125
0.3813271484377765,30.98452377319336,7.541214942932129,15.934040069580078,20.225587844848636,0.8860301375389099,145.0,145.0,38.01373672485352,276.4169311523437,12.21875,24.8515625,3.341103961100758,-2566.33740234375
0.4004160156250691,31.422298431396484,11.339879989624023,16.809404373168945,21.29241943359375,0.936967670917511,145.0,145.0,37.74394607543945,276.1122741699219,12.6875,24.8515625,6.81899106709114,-2606.498291015625
0.4208498535158469,31.087533950805664,13.743056297302246,17.552305221557617,22.10745048522949,0.8337590098381042,145.0,145.0,37.4405403137207,276.1015625,12.6875,24.7890625,6.981482394001656,-2818.568359375
0.44305419921875,31.00530242919922,14.793290138244627,18.237546920776367,22.863773345947266,0.747852087020874,145.0,145.0,36.96271896362305,276.9463806152344,12.6875,24.7890625,5.174121603931734,-2913.738525390625
0.4640410156252983,30.942157745361328,15.14889430999756,18.47281837463379,23.303428649902344,0.7327752113342285,145.0,145.0,36.752716064453125,277.12939453125,12.6875,24.7890625,6.505411286115889,-2961.488525390625
0.48301513671867724,30.7777156829834,15.461688995361328,18.852872848510746,23.562259674072266,0.7428458333015442,145.0,145.0,36.47676467895508,277.3232421875,14.578125,24.7890625,6.472627443397203,-3014.989013671875
0.5056052246095533,30.314558029174805,15.50924587249756,18.862838745117188,23.56236457824707,0.8491910099983215,145.0,145.0,36.17438888549805,276.7888488769531,14.578125,24.7890625,5.883952382872228,-2986.706787109375
0.5257209472656541,30.32105827331543,15.60256290435791,18.87802124023437,23.5574951171875,0.9353847503662108,145.0,145.0,36.04697036743164,276.8472595214844,14.578125,24.7890625,6.609463472978784,-3005.231689453125
0.5460310058592768,30.383058547973636,15.645197868347168,18.849992752075195,23.45547103881836,0.8681554198265076,145.0,145.0,35.7955207824707,276.7363586425781,14.578125,24.7890625,5.9295654296875,-2993.0703125
0.5694609375000255,29.98894500732422,15.489368438720703,18.676258087158203,23.32520866394043,0.7591079473495483,145.0,145.0,35.44949722290039,277.1851501464844,17.21875,24.7890625,7.272256429285324,-3018.288818359375
0.5890251464843459,29.756689071655277,15.398669242858888,18.501474380493164,23.283496856689453,0.7591079473495483,145.0,145.0,35.21024703979492,276.9972229003906,17.21875,24.7890625,6.221764240789851,-2998.538330078125
0.6069609374999345,30.09370231628418,15.41570281982422,18.493358612060547,23.221996307373047,0.8390999436378479,145.0,145.0,34.77457046508789,276.9169921875,17.21875,24.765625,6.800461204287716,-2937.542724609375
0.6293916015624745,29.698204040527344,15.371374130249023,18.41993904113769,23.118732452392575,0.8734394907951355,145.0,145.0,34.330955505371094,276.7668762207031,17.21875,24.765625,6.779081789846935,-2949.27978515625
0.6531484375000218,29.375852584838867,15.26074504852295,18.165260314941406,22.980337142944336,0.9845383167266846,145.0,145.0,33.78377914428711,276.3346252441406,19.5,24.765625,6.783357672735091,-2923.0244140625
0.6692778320311845,29.417747497558597,15.167393684387209,18.11107063293457,22.987945556640625,0.7855105400085449,145.0,145.0,33.63602828979492,276.3035583496094,19.5,24.765625,6.806163418426666,-2899.73876953125
0.6949448242189646,29.44305419921875,15.303921699523926,18.174560546875,23.140180587768555,0.9408448338508606,145.0,145.0,33.540775299072266,276.095947265625,19.5,24.7734375,6.7021112315637765,-2900.869873046875
0.7119604492186227,29.388307571411133,15.219820022583008,18.014019012451172,23.128662109375,0.8642504215240479,145.0,145.0,33.5113525390625,276.10791015625,19.5,24.7734375,6.08350343538959,-2864.244384765625
0.7311335449221588,29.31235885620117,14.93807315826416,17.810649871826172,22.779916763305664,0.7213078141212463,145.0,145.0,33.494667053222656,276.2657470703125,19.5,24.796875,6.682156592941673,-2791.51171875
0.7526215820312245,29.076143264770508,14.629624366760254,17.405447006225586,22.54022789001465,1.046628713607788,145.0,145.0,33.385066986083984,276.7250366210937,22.1953125,24.796875,6.427015952014048,-2731.36474609375
0.7754812011721697,28.795896530151367,14.659588813781738,17.438255310058594,22.430803298950195,0.7474618554115295,145.0,145.0,33.515907287597656,276.30255126953125,22.1953125,24.796875,6.003683325469068,-2766.34033203125
0.7930546874999891,28.82028579711914,14.616639137268066,17.42476463317871,22.36013984680176,0.6962084770202637,145.0,145.0,33.61231231689453,276.229736328125,22.1953125,24.796875,7.047050079439028,-2748.75830078125
0.8119221191404904,28.601783752441406,14.764458656311035,17.562095642089844,22.591066360473636,0.6962084770202637,145.0,145.0,33.75133514404297,276.1400146484375,22.1953125,24.7421875,5.654470150137774,-2812.67626953125
0.8334919433596042,29.03726959228516,14.840567588806152,17.647804260253906,22.574609756469727,0.7439134120941162,145.0,145.0,33.99737548828125,276.3839111328125,25.3828125,24.7421875,6.258823966396696,-2820.171142578125
0.8566970214842513,29.03048515319824,14.89315128326416,17.590526580810547,22.62860679626465,0.8862316012382507,145.0,145.0,34.10685348510742,276.3003234863281,25.3828125,24.7421875,6.850350133991144,-2790.474609375
0.8780624999999418,28.819063186645508,14.876920700073242,17.55453872680664,22.634382247924805,0.7347167730331421,145.0,145.0,34.17462158203125,276.3721618652344,25.3828125,24.7421875,6.100608522374331,-2825.544677734375
0.8976840820314465,28.45340919494629,14.858543395996094,17.456388473510742,22.633684158325195,0.6904566884040833,145.0,145.0,33.9983024597168,276.3036193847656,25.3828125,24.6875,6.3600250461901116,-2849.8203125
0.919030517577994,28.24269676208496,14.854320526123049,17.411344528198242,22.587139129638672,0.7220954895019531,145.0,145.0,34.00833511352539,276.144287109375,28.671875,24.6875,6.770528468638504,-2807.302734375
0.9412172851561991,28.19673156738281,14.804407119750977,17.299161911010742,22.537296295166016,0.7531665563583374,145.0,145.0,33.97083282470703,276.2822265625,28.671875,24.6875,6.271651615061161,-2770.111328125
0.9681186523439465,28.19198608398437,14.749031066894531,17.289913177490234,22.52527236938477,0.914082646369934,145.0,145.0,34.02123260498047,276.23602294921875,31.7734375,24.6875,6.278778605018797,-2793.1142578125
0.9819999999999709,27.89595413208008,14.730183601379396,17.19260025024414,22.528675079345703,0.6952571272850037,145.0,145.0,34.05735778808594,276.3033447265625,31.7734375,24.765625,5.836916115670394,-2783.404052734375
1.0035625000000437,28.360431671142575,14.70988655090332,17.22410011291504,22.53494071960449,0.8020700812339783,145.0,145.0,34.055789947509766,276.1761169433594,31.7734375,24.765625,6.478329657536156,-2829.88134765625
1.0210656738281614,28.218076705932617,14.777565956115724,17.30289649963379,22.616458892822266,0.9965725541114808,145.0,145.0,34.15763854980469,276.2122497558594,31.7734375,24.765625,6.236018220705116,-2814.60888671875
1.0427270507811954,28.2483024597168,14.73773956298828,17.17513084411621,22.6329345703125,0.6479411721229553,145.0,145.0,34.23390579223633,276.1740417480469,34.6328125,24.765625,5.863997744250127,-2708.267333984375
1.06069873046863,28.03719711303711,14.580915451049805,17.108985900878906,22.539356231689453,0.9942815899848938,145.0,145.0,34.327396392822266,276.3688659667969,34.6328125,24.703125,5.787028741399082,-2730.2333984375
1.0842631835939756,27.644426345825195,14.432816505432127,16.95699691772461,22.31527137756348,0.9942815899848938,145.0,145.0,34.339962005615234,276.0813903808594,34.6328125,24.703125,5.493403599045935,-2760.4482421875
1.104730957031279,27.946401596069336,14.38271141052246,16.9501895904541,22.285654067993164,0.8680824041366577,145.0,145.0,34.31861877441406,276.1390686035156,34.6328125,24.703125,6.173301642337213,-2697.284423828125
1.1222761230469587,28.28289031982422,14.39869785308838,16.98500633239746,22.21718978881836,0.9369139671325684,145.0,145.0,34.295108795166016,275.9590148925781,34.6328125,24.703125,5.945244185421445,-2727.028076171875
1.149939941406501,28.2091121673584,14.416062355041504,16.979230880737305,22.23441505432129,0.702038049697876,145.0,145.0,34.3802604675293,276.0377502441406,37.0703125,24.703125,6.228891230747483,-2679.41943359375
1.1678874511721915,28.277437210083008,14.552712440490724,17.138586044311523,22.299266815185547,0.8627651333808899,145.0,145.0,34.39802551269531,275.86102294921875,37.0703125,24.75,6.143368906688006,-2752.43505859375
1.186126220703045,28.28571510314941,14.60545253753662,17.2206974029541,22.417837142944336,0.7546719908714294,145.0,145.0,34.47298049926758,275.6936950683594,37.0703125,24.75,6.270226839242482,-2776.9462890625
1.2102917480469841,28.28427505493164,14.664563179016112,17.2265625,22.449546813964844,0.8237050771713257,145.0,145.0,34.495635986328125,275.772216796875,37.0703125,24.75,6.053570699740379,-2800.56201171875
1.225500000000011,28.214008331298828,14.700392723083496,17.25420570373535,22.46317672729492,1.0934138298034668,145.0,145.0,34.617958068847656,275.1895751953125,39.1875,24.75,6.196107388028797,-2778.501953125
1.24471972656238,28.219736099243164,14.69847297668457,17.284711837768555,22.61473274230957,0.7282809615135193,145.0,145.0,34.6230354309082,275.7481384277344,39.1875,24.7734375,5.822662135755128,-2805.181396484375
1.2681442871094077,28.029268264770508,14.825035095214844,17.20209312438965,22.65508079528809,0.8109728693962097,145.0,145.0,34.678672790527344,275.9566650390625,39.1875,24.7734375,6.040743051075911,-2779.0673828125
1.2882851562499127,28.163801193237305,14.82931137084961,17.314102172851562,22.65920066833496,0.8498321771621704,145.0,145.0,34.79867172241211,275.1064147949219,39.1875,24.7734375,5.983728686846967,-2801.693359375
1.3076811523437755,28.146196365356445,14.803778648376465,17.398290634155273,22.732393264770508,0.7312679886817932,145.0,145.0,34.74518203735352,275.57733154296875,40.984375,24.7734375,5.704357524409085,-2811.120849609375
1.32803466796895,27.933565139770508,14.851929664611816,17.32986068725586,22.720962524414062,0.7312679886817932,145.0,145.0,34.846683502197266,275.79327392578125,40.984375,24.7734375,5.664446691732766,-2786.986572265625
1.3490529785158287,28.2476806640625,14.867740631103516,17.372949600219727,22.71251678466797,0.7144139409065247,145.0,145.0,34.77354431152344,275.2220153808594,40.984375,24.75,5.687252437424344,-2836.6220703125
1.3727551269530522,27.96962547302246,14.86747932434082,17.398691177368164,22.724365234375,0.7391502857208252,145.0,145.0,34.92755889892578,275.2318725585937,40.984375,24.75,5.893930479899337,-2818.050048828125
1.392248535156341,28.045879364013672,14.888718605041504,17.32377052307129,22.777996063232425,0.9437488317489624,145.0,145.0,35.037227630615234,274.8448181152344,42.6796875,24.703125,5.829789125712761,-2846.9921875
1.4123088378905777,27.96758460998535,14.879101753234863,17.286527633666992,22.838537216186523,0.7759340405464172,145.0,145.0,35.125343322753906,274.95977783203125,42.6796875,24.703125,5.912460342702758,-2829.2685546875
1.433118408203427,28.359886169433597,14.93308162689209,17.3929500579834,22.855308532714844,0.7621093988418579,145.0,145.0,35.24171447753906,275.3475952148437,42.6796875,24.703125,5.805558604202504,-2868.203857421875
1.456708007812722,28.43098258972168,14.94552516937256,17.456092834472656,22.86864280700684,0.9924803376197816,145.0,145.0,35.282936096191406,275.3753662109375,42.6796875,24.703125,5.637365063153032,-2802.30615234375
1.473290771484244,28.238136291503903,14.946677207946776,17.447959899902344,22.89726448059082,0.883499026298523,145.0,145.0,35.38944625854492,275.73779296875,42.6796875,24.765625,5.687252437424344,-2841.147216796875
1.494012939453114,28.11567687988281,14.993815422058104,17.48103141784668,22.95862579345703,0.7311346530914307,145.0,145.0,35.3871955871582,275.2254333496094,44.1484375,24.765625,5.727163270100663,-2806.124267578125
1.5165444335939355,28.055479049682617,15.07200050354004,17.655168533325195,23.104717254638672,0.9943678379058838,145.0,145.0,35.518592834472656,275.5293884277344,44.1484375,24.765625,5.821237359936449,-2869.052490234375
1.5366979980467477,28.1037654876709,15.09624195098877,17.64365005493164,23.1431827545166,0.6789417266845703,145.0,145.0,35.67176818847656,275.7408447265625,44.1484375,24.765625,5.650192711817501,-2878.385498046875
1.554846191406341,28.120880126953125,15.078388214111328,17.613422393798828,23.16126251220703,0.8162835240364075,145.0,145.0,35.825157165527344,275.5762023925781,44.1484375,24.7421875,5.578925923105409,-2865.611328125
1.5763212890624345,27.979398727416992,15.048614501953123,17.51956558227539,23.125469207763672,0.7214288711547852,145.0,145.0,35.87822723388672,275.6104736328125,45.4140625,24.7421875,5.289576663640418,-2867.1669921875
1.5968813476565629,28.015851974487305,15.144287109375,17.6102294921875,23.21199607849121,0.7214288711547852,145.0,145.0,35.87541580200195,275.1342163085937,45.4140625,24.7421875,5.771349985665137,-2911.098876953125
1.61981250000008,28.076311111450195,15.19753360748291,17.73321533203125,23.29316520690918,0.7754091620445251,145.0,145.0,35.89674377441406,275.2938232421875,46.6484375,24.7421875,5.661597140095406,-2898.51318359375
1.641370117187762,28.101518630981445,15.220465660095217,17.732097625732422,23.328208923339844,0.7507913708686829,145.0,145.0,35.96810531616211,275.4040222167969,46.6484375,24.75,5.604581220434346,-2896.721923828125
1.6654870605470933,28.283491134643555,15.285178184509276,17.8054141998291,23.332275390625,0.6253476738929749,145.0,145.0,36.18210220336914,275.4076538085937,46.6484375,24.75,5.754244898680396,-2953.28662109375
1.6833383789062282,28.397506713867188,15.334881782531738,17.806407928466797,23.46597671508789,0.8389847874641418,145.0,145.0,36.09091567993164,274.77374267578125,46.6484375,24.75,5.684402885786984,-2930.3779296875
1.7050612792968423,28.518373489379883,15.305597305297852,17.822114944458008,23.39477157592773,0.8441141843795776,145.0,145.0,36.16721725463867,275.14776611328125,47.9609375,24.75,5.436389234816991,-2889.462890625
1.7231652832033433,28.42691421508789,15.29845905303955,17.839515686035156,23.508787155151367,0.895785927772522,145.0,145.0,36.2353515625,275.4134521484375,47.9609375,24.75,5.155591741128313,-2949.185546875
1.7439624023436409,28.37380599975586,15.319454193115234,17.837909698486328,23.5048942565918,0.8179969787597656,145.0,145.0,36.29484558105469,275.2577514648437,47.9609375,24.7421875,5.436389234816991,-2908.7890625
1.7658537597658324,28.225244522094727,15.357359886169434,17.81834602355957,23.595802307128903,0.747624397277832,145.0,145.0,36.19538497924805,275.0523681640625,47.9609375,24.7421875,5.390777743433836,-2944.990478515625
1.7860439453124854,28.216289520263672,15.399123191833496,17.841033935546875,23.53447723388672,0.8969932794570923,145.0,145.0,36.20236587524414,274.9237060546875,49.140625,24.7421875,5.550417963274879,-2949.09130859375
1.8078105468753165,28.093076705932617,15.404358863830566,17.909969329833984,23.58890914916992,0.697600781917572,145.0,145.0,36.28217315673828,274.8330078125,49.140625,24.7421875,5.644492053110665,-2945.3203125
1.8299758300781832,28.31063842773437,15.359838485717772,17.911487579345703,23.615785598754883,0.7275962233543396,145.0,145.0,36.29665756225586,274.8164978027344,49.140625,24.7109375,5.440665117705148,-2943.529052734375
1.8475119628906214,28.407684326171875,15.482823371887209,18.013809204101562,23.637792587280277,0.7275962233543396,145.0,145.0,36.42282104492188,274.7790222167969,49.140625,24.7109375,5.534739207540934,-2960.451416015625
1.869268554687551,28.41231918334961,15.457098960876465,17.872692108154297,23.70908546447754,0.7371739745140076,145.0,145.0,36.42728805541992,274.7787170410156,49.140625,24.7109375,5.11710723970279,-2924.391357421875
1.885858398437449,28.40607070922852,15.485441207885742,17.967578887939453,23.738666534423828,0.7460995316505432,145.0,145.0,36.37276840209961,274.9195861816406,50.109375,24.7109375,5.380799646406728,-2943.90625
1.9099335937498836,28.370336532592773,15.489420890808104,18.062292098999023,23.729923248291016,0.7045943140983582,145.0,145.0,36.46229934692383,274.8008117675781,50.109375,24.7109375,5.53759031461041,-2988.215087890625
1.9332319335940156,28.51139259338379,15.690277099609377,18.085939407348636,23.77175521850586,0.6941604614257812,145.0,145.0,36.475685119628906,274.6649169921875,50.109375,24.7109375,5.4549190976204125,-2956.63330078125
1.9548798828127474,28.13703346252441,15.59617519378662,17.92520523071289,23.773780822753903,0.8043214678764343,145.0,145.0,36.54195022583008,274.60357666015625,50.109375,24.7109375,5.248241055145419,-2975.58251953125
1.977051025390665,28.348358154296875,15.606821060180664,18.066951751708984,23.800952911376957,0.8615210652351379,145.0,145.0,36.675052642822266,274.63824462890625,51.078125,24.7109375,5.188375583846999,-2991.279052734375
1.9962976074220933,28.46538543701172,15.706438064575195,18.152118682861328,23.853466033935547,0.6737533211708069,145.0,145.0,36.65311813354492,274.5919494628906,51.078125,24.7109375,5.127085336729899,-3004.76025390625
2.0145051269532814,28.477088928222656,15.710626602172852,18.02037239074707,23.94453239440918,0.7512834668159485,145.0,145.0,36.74201965332031,274.57666015625,51.078125,24.7109375,5.3437399207998855,-2983.50146484375
2.035643798828005,28.29972076416016,15.70624542236328,17.982553482055664,23.94550895690918,0.9467850923538208,145.0,145.0,36.7226448059082,275.0224914550781,51.078125,24.7109375,5.424986361971203,-2969.64306640625
2.0607446289063773,28.382923126220703,15.68956184387207,18.069482803344727,23.90807342529297,0.7345356345176697,145.0,145.0,36.77891159057617,274.9271240234375,52.125,24.7109375,5.147039975352,-3013.2451171875
2.0774128417970132,28.482858657836918,15.720940589904783,18.12014579772949,23.941320419311523,1.0111907720565796,145.0,145.0,36.81608581542969,274.9722900390625,52.125,24.7109375,5.129936443799376,-3007.682861328125
2.0990517578125036,28.427011489868164,15.676786422729492,18.164386749267575,23.970203399658203,0.7641053795814514,145.0,145.0,36.77680206298828,274.86865234375,52.125,24.7109375,5.500530589003567,-3009.23828125
2.1166545410155777,28.5280704498291,15.745077133178713,18.053285598754883,23.992420196533203,0.9823620915412904,145.0,145.0,36.86922836303711,274.9739990234375,52.125,24.6875,5.080047514095948,-3003.110595703125
2.1360026855468277,28.4764347076416,15.780678749084473,18.233619689941406,23.992176055908203,0.9823620915412904,145.0,145.0,36.864166259765625,274.517822265625,53.140625,24.6875,5.075771631207791,-3050.624755859375
2.161487548828063,28.70841789245605,15.883977890014648,18.190704345703125,24.166418075561523,0.9537930488586426,145.0,145.0,36.87882614135742,274.7731628417969,53.140625,24.6875,5.015906159909371,-3023.28515625
2.1852927246095533,28.698949813842773,15.857887268066406,18.17501449584961,24.070850372314453,0.7811518311500549,145.0,145.0,36.73762130737305,273.9362487792969,53.140625,24.6875,5.348015803688042,-3028.564697265625
2.2077314453126746,28.77933883666992,15.803506851196287,18.20506858825684,23.963048934936523,0.7971610426902771,145.0,145.0,36.90357208251953,274.63671875,53.140625,24.6875,4.928959060031218,-3013.810791015625
2.2253149414063955,28.43833351135254,15.755111694335938,18.15566062927246,23.98221015930176,0.7971610426902771,145.0,145.0,36.89448165893555,274.66717529296875,53.984375,24.6875,5.3722478806304155,-2979.44775390625
2.2432709960939974,28.229476928710938,15.753732681274414,18.164386749267575,24.09859848022461,0.6795300245285034,145.0,145.0,36.887325286865234,274.8221435546875,53.984375,24.6875,5.08717450405358,-3012.2080078125
2.2649074707032923,28.45626640319824,15.754989624023438,18.17693519592285,24.02025604248047,0.8556212186813354,145.0,145.0,36.898475646972656,274.1807861328125,54.8828125,24.6875,4.853414832998853,-3012.349365234375
2.2879016113283797,28.546112060546875,15.75116729736328,18.183374404907227,24.179611206054688,0.7228475213050842,145.0,145.0,36.86159896850586,273.8362731933594,54.8828125,24.796875,4.951764805722795,-3019.65576171875
2.3039958496096915,28.599254608154297,15.880104064941406,18.17304229736328,24.038057327270508,0.7973458170890808,145.0,145.0,36.84460067749024,273.7384033203125,54.8828125,24.796875,4.914706635548069,-3001.696533203125
2.326179199219041,28.485292434692383,15.807746887207031,18.20255470275879,24.12013435363769,0.8524604439735413,145.0,145.0,36.83658981323242,273.698486328125,54.8828125,24.796875,4.870519919983594,-3023.8037109375
2.3490893554690047,28.370750427246094,15.805792808532717,18.140268325805664,24.05739402770996,0.6797802448272705,145.0,145.0,36.85871887207031,274.6113586425781,55.8125,24.796875,4.920407294254906,-2997.97265625
2.368787109375262,28.61041259765625,15.835077285766602,18.187301635742188,24.027551651000977,0.7682368159294128,145.0,145.0,36.8695068359375,274.54986572265625,55.8125,24.7734375,4.941788264127803,-3037.04931640625
2.3889396972658687,28.71059799194336,15.77523422241211,18.15040779113769,24.0679874420166,0.6958763599395752,145.0,145.0,36.85400772094727,274.5852966308594,55.8125,24.7734375,4.988824531329638,-2985.43408203125
2.4119035644530413,28.744367599487305,15.766962051391602,18.10918617248535,24.05681800842285,0.7488945126533508,145.0,145.0,36.91854476928711,274.1982727050781,55.8125,24.7734375,4.9560422440430685,-3001.22509765625
2.4280063476562646,28.377349853515625,15.767485618591309,18.11798095703125,24.08612060546875,0.6740581393241882,145.0,145.0,36.84362411499024,274.1302185058594,55.8125,24.7734375,4.7664677331207,-3022.059814453125
2.452137695312558,28.43291282653809,15.783384323120115,18.12255477905273,24.087831497192383,0.6740581393241882,145.0,145.0,36.839942932128906,273.9555969238281,56.8046875,24.7734375,5.061517651292527,-3005.09033203125
2.4706384277346842,28.71095848083496,15.77738094329834,18.19576644897461,24.10261344909668,0.7708503603935242,145.0,145.0,36.818580627441406,274.3082580566406,56.8046875,24.7734375,4.9831238726228015,-3039.641845703125
2.4910017089846406,28.867656707763672,15.763890266418455,18.237110137939453,24.11919212341309,0.9421564340591432,145.0,145.0,36.76268005371094,274.42791748046875,56.8046875,24.7734375,4.843438291403861,-3049.35205078125
2.5120400390624127,28.81537628173828,15.784937858581545,18.125415802001957,24.01255989074707,0.681083083152771,145.0,145.0,36.74645233154297,274.2733764648437,56.8046875,24.7734375,4.767894064371496,-2995.992919921875
2.529529296874898,28.553855895996094,15.745757102966309,18.085485458374023,23.934410095214844,0.9400731325149536,145.0,145.0,36.81793594360352,274.29833984375,57.8203125,24.7734375,4.720856241737544,-2969.501708984375
2.5527851562501382,28.71573638916016,15.72132396697998,18.106830596923828,23.94449615478516,0.7274554371833801,145.0,145.0,36.74791717529297,274.1134948730469,57.8203125,24.7109375,4.9973762971059505,-3001.93212890625
2.57586767578141,28.70455551147461,15.732738494873049,18.17206573486328,23.98495101928711,0.8242776989936829,145.0,145.0,36.73550796508789,274.32330322265625,57.8203125,24.7109375,4.55266425612019,-3023.52099609375
2.5950832519533833,28.5650577545166,15.730871200561523,18.12318229675293,23.98310089111328,0.8716030716896057,145.0,145.0,36.72470474243164,274.1820983886719,57.8203125,24.7109375,5.047265226809378,-2986.84814453125
2.6154809570311954,28.57815933227539,15.593365669250488,18.114316940307617,23.99898147583008,0.7352554202079773,145.0,145.0,36.64543914794922,274.2738037109375,58.6953125,24.7109375,4.495648336459129,-3033.561279296875
2.6358137207030268,28.668418884277344,15.687850952148438,18.120285034179688,23.98126792907715,0.6959367394447327,145.0,145.0,36.64432144165039,274.1047668457031,58.6953125,24.65625,4.977421658483849,-3002.922119140625
2.6589575195312136,28.58681869506836,15.68526840209961,18.07421112060547,23.94877243041992,0.8774229288101196,145.0,145.0,36.47758483886719,274.2705993652344,58.6953125,24.65625,4.777870605966488,-3020.73974609375
2.680310058593932,28.595186233520508,15.63486671447754,18.08707427978516,23.89130210876465,0.7627832293510437,145.0,145.0,36.47201919555664,274.0541381835937,58.6953125,24.7421875,4.879071685759906,-2979.5419921875
2.699591064453216,28.611011505126957,15.632335662841797,18.045886993408203,23.85247230529785,0.7627832293510437,145.0,145.0,36.47430419921875,274.2069702148437,58.6953125,24.7421875,4.6196551619441255,-2949.751220703125
2.719562988281268,28.63364601135254,15.68675136566162,18.107685089111328,23.95128631591797,0.7267350554466248,145.0,145.0,36.48810958862305,274.0277404785156,59.5859375,24.7421875,4.435784420592826,-3036.577880859375
2.738994140624982,28.836265563964844,15.645023345947266,18.130111694335938,23.82128524780273,0.7635963559150696,145.0,145.0,36.62711334228516,274.1143493652344,59.5859375,24.7421875,4.40300057787414,-2995.992919921875
2.7606967773440374,28.570785522460938,15.64525032043457,18.030948638916016,23.88299560546875,0.9869612455368042,145.0,145.0,36.64271545410156,273.9840393066406,59.5859375,24.796875,4.670968867466233,-2999.99951171875
2.7799091796873654,28.388891220092773,15.64619255065918,18.06459617614746,23.899417877197266,0.7815069556236267,145.0,145.0,36.73899841308594,273.4325256347656,59.5859375,24.796875,4.752213753205434,-2974.54541015625
2.802904541015778,28.44658088684082,15.66779899597168,18.135608673095703,23.86404228210449,0.709661602973938,145.0,145.0,36.64695739746094,273.6067199707031,60.5,24.796875,4.414403450719928,-2984.349853515625
2.8213520507811154,28.62994766235352,15.62167263031006,17.953792572021484,23.8120174407959,0.7814714312553406,145.0,145.0,36.72658920288086,273.65155029296875,60.5,24.796875,4.646738345955976,-2961.959716796875
2.8435390624999854,28.446264266967773,15.650067329406738,18.07152366638184,23.81657218933105,0.8256829380989075,145.0,145.0,36.61358642578125,273.2583923339844,61.3203125,24.796875,4.133607512463366,-3009.615478515625
2.8665571289061518,28.57771110534668,15.538565635681152,18.042325973510746,23.878528594970703,0.8186843395233154,145.0,145.0,36.61075973510742,272.6210327148437,61.3203125,24.8125,4.555513807757549,-2983.265869140625
2.883125000000291,28.48831367492676,15.658863067626951,18.012676239013672,23.810325622558597,0.9276655912399292,145.0,145.0,36.63477325439453,273.5950927734375,61.3203125,24.8125,4.186345993804154,-2957.717529296875
2.9046611328126346,28.315580368041992,15.495302200317385,18.013025283813477,23.81196594238281,0.9281467199325562,145.0,145.0,36.61168670654297,273.5217590332031,61.3203125,24.8125,4.437209196411506,-2951.63671875
2.926427490234346,28.436567306518555,15.669875144958496,18.04354858398437,23.828388214111328,0.7530934810638428,145.0,145.0,36.664337158203125,273.2003479003906,62.0,24.8125,4.733685445834129,-2971.71728515625
2.9459399414063228,28.648033142089844,15.515249252319336,18.005939483642578,23.78727149963379,0.8168949484825134,145.0,145.0,36.54386901855469,272.9056701660156,62.0,24.7734375,4.234807036824669,-2996.13427734375
2.966650146484426,28.568592071533203,15.522649765014648,18.001070022583008,23.77887535095215,0.7979750037193298,145.0,145.0,36.53151321411133,273.0509948730469,62.0,24.7734375,4.605402737460977,-2952.108154296875
2.9889682617190374,28.728355407714844,15.519281387329102,17.9853458404541,23.77821350097656,0.7976047992706299,145.0,145.0,36.50056838989258,273.007080078125,62.0,24.7734375,4.1749415655262485,-2993.918701171875
3.011590332031119,28.369365692138672,15.508896827697754,17.97576332092285,23.761178970336918,1.1460018157958984,145.0,145.0,36.523902893066406,273.22723388671875,62.40625,24.7734375,4.739386104540966,-2950.694091796875
3.029772216797028,28.636972427368164,15.521777153015137,17.985258102416992,23.761999130249023,0.8325099945068359,145.0,145.0,36.476173400878906,272.8257751464844,62.40625,24.6796875,4.19062187669231,-2964.316650390625
3.0514372558595824,28.48819351196289,15.515581130981444,17.979480743408203,23.7289981842041,0.7293733358383179,145.0,145.0,36.49432373046875,273.2702331542969,62.40625,24.6796875,4.491372453570973,-3004.100341796875
3.0702502441408797,28.259841918945312,15.467622756958008,18.03829574584961,23.80882453918457,0.8186843395233154,145.0,145.0,36.479766845703125,272.8143005371094,62.40625,24.6796875,4.146435161127835,-3007.871337890625
3.0933132324221333,28.48387336730957,15.4740629196167,17.922639846801758,23.7883358001709,0.7570754289627075,145.0,145.0,36.51496887207031,272.6471252441406,62.8359375,24.6796875,4.618230386125446,-2963.84521484375
3.113287109375051,28.433120727539062,15.452544212341309,17.902324676513672,23.74114418029785,0.893875002861023,145.0,145.0,36.35088348388672,272.5333251953125,62.8359375,24.6640625,4.3417103307570395,-2888.190185546875
3.1334829101565447,28.52290153503418,15.482980728149414,17.984594345092773,23.769365310668945,0.7493188381195068,145.0,145.0,36.34730529785156,272.6164855957031,62.8359375,24.6640625,4.169240906819413,-2983.360107421875
3.1574255371092477,28.355960845947266,15.450048446655272,17.83201026916504,23.676013946533203,0.7977237701416016,145.0,145.0,36.25851058959961,272.4342346191406,62.8359375,24.6640625,4.576894777630447,-2968.276123046875
3.175755615234266,28.538476943969727,15.44912338256836,17.94340705871582,23.69044685363769,0.6863222122192383,145.0,145.0,36.35798645019531,272.2804260253906,62.8359375,24.6640625,4.033831208488627,-3010.039794921875
3.200587402343899,28.551403045654297,15.448286056518556,17.952972412109375,23.624216079711918,0.65754634141922,145.0,145.0,36.411128997802734,272.6994934082031,63.2734375,24.7265625,4.136457064100726,-2987.225341796875
3.2202124023438046,28.473228454589844,15.450485229492188,17.926862716674805,23.61145782470703,0.65754634141922,145.0,145.0,36.39603042602539,272.5850830078125,63.2734375,24.7265625,4.290396625234933,-2961.01708984375
3.2383762207032305,28.546918869018555,15.388006210327148,17.949831008911133,23.64121437072754,0.8500553965568542,145.0,145.0,36.46173858642578,272.7286376953125,63.2734375,24.7265625,4.029555325600471,-2949.7041015625
3.26101708984379,28.53207397460937,15.42369556427002,17.87026596069336,23.599573135375977,0.725843071937561,145.0,145.0,36.423221588134766,272.56256103515625,63.2734375,24.7265625,4.137883395351523,-2943.90625
3.2821274414063737,28.509746551513672,15.370623588562012,17.889446258544922,23.58433723449707,0.7514148354530334,145.0,145.0,36.458126068115234,272.3764038085937,63.8046875,24.7265625,4.035255984307307,-2938.249755859375
3.3010295410158506,28.26411819458008,15.350763320922852,17.779619216918945,23.535505294799805,0.7293401956558228,145.0,145.0,36.35889434814453,272.3622436523437,63.8046875,24.7265625,4.196322535399146,-2952.815185546875
3.3208481445312827,28.15373420715332,15.398669242858888,17.833581924438477,23.512678146362305,0.7973273396492004,145.0,145.0,36.39592742919922,272.3676452636719,63.8046875,24.7265625,4.43293331352335,-2963.5625
3.344996337890734,28.48579406738281,15.413189888000488,17.8502140045166,23.49187660217285,0.8967983722686768,145.0,145.0,36.403587341308594,272.1226806640625,63.8046875,24.7890625,4.026704218530995,-2896.6748046875
3.365412597656359,28.534223556518555,15.373642921447754,17.767473220825195,23.46243476867676,0.8859494924545288,145.0,145.0,36.40364074707031,272.4531555175781,64.25,24.7890625,4.096547786856524,-2931.69775390625
3.3855061035155813,28.429967880249023,15.383381843566896,17.761993408203125,23.48749542236328,0.8510826826095581,145.0,145.0,36.41491317749024,272.0098571777344,64.25,24.7890625,4.073742041164946,-2928.162353515625
3.4068374023436263,28.419715881347656,15.310693740844728,17.76173210144043,23.5043888092041,0.9995274543762208,145.0,145.0,36.39353561401367,272.1278076171875,64.6015625,24.7890625,4.0936966797870475,-2928.256591796875
3.4257585449217913,28.19805145263672,15.349629402160645,17.709253311157227,23.502731323242188,0.7357228398323059,145.0,145.0,36.40259552001953,272.1644592285156,64.6015625,24.765625,3.841407145928899,-2923.920166015625
3.450177001953307,28.28158187866211,15.329174995422363,17.727420806884766,23.48922348022461,0.9411023855209352,145.0,145.0,36.35880661010742,272.1405029296875,64.6015625,24.765625,4.358813862309665,-2879.516845703125
3.471948486328074,28.58209609985352,15.372316360473633,17.793581008911133,23.400583267211918,0.6885309219360352,145.0,145.0,36.34187698364258,272.0800170898437,64.6015625,24.765625,3.9525863227494265,-2936.27001953125
3.4909277343749636,28.468318939208984,15.352334022521973,17.754453659057617,23.430776596069336,0.7778096795082092,145.0,145.0,36.37198257446289,272.0928039550781,64.8359375,24.765625,4.089420796898891,-2893.1865234375
3.5099155273437646,28.319246292114254,15.324811935424805,17.795623779296875,23.37822723388672,0.7778096795082092,145.0,145.0,36.42837142944336,271.9097900390625,64.8359375,24.6875,3.9112507142544275,-2934.903076171875
3.5318740234374673,28.272703170776367,15.305231094360352,17.694400787353516,23.3302001953125,0.6697922945022583,145.0,145.0,36.37283706665039,272.05242919921875,64.8359375,24.6875,4.029555325600471,-2873.341796875
3.5521821289062245,28.449831008911133,15.254794120788574,17.738590240478516,23.43972969055176,0.7815069556236267,145.0,145.0,36.266693115234375,271.6407165527344,64.8359375,24.6875,3.9198024800307403,-2939.899658203125
3.574335205078114,28.33474540710449,15.369891166687012,17.658065795898438,23.378419876098636,0.6773983836174011,145.0,145.0,36.2954216003418,271.6360778808594,64.8359375,24.6875,3.995346707063105,-2907.422119140625
3.5935041503907996,28.15325355529785,15.321321487426758,17.687891006469727,23.33072280883789,0.8856675624847412,145.0,145.0,36.24042892456055,271.91241455078125,65.140625,24.6875,3.9639891955952153,-2926.559814453125
3.6156403808595314,28.092891693115234,15.268040657043455,17.507488250732422,23.321542739868164,0.7474944591522217,145.0,145.0,36.25690460205078,271.867431640625,65.140625,24.6875,3.969689854302051,-2874.28466796875
3.63699414062512,28.117870330810547,15.198860168457031,17.497053146362305,23.31999015808105,0.8335316181182861,145.0,145.0,36.20379638671875,271.6678771972656,65.140625,24.6875,3.495043522234964,-2910.674560546875
3.6636333007813846,28.385541915893555,15.20800495147705,17.697612762451172,23.285783767700195,0.8971493244171143,145.0,145.0,36.08444213867188,271.5204772949219,65.5546875,24.6875,4.126480522505734,-2884.796142578125
3.678279541015854,28.03847312927246,15.26168727874756,17.714733123779297,23.31047821044922,0.7523190975189209,145.0,145.0,36.129539489746094,271.4921569824219,65.5546875,24.6875,3.906973275934155,-2901.718505859375
3.7050883789065665,28.043142318725582,15.268720626831056,17.703598022460938,23.29922103881836,0.8787683844566345,145.0,145.0,36.16716384887695,271.7471008300781,65.5546875,24.6875,3.7687140259660104,-2907.704833984375
3.719293945312529,28.308467864990234,15.28322410583496,17.67289924621582,23.280792236328125,0.7058292031288147,145.0,145.0,36.06932830810547,271.8092956542969,65.5546875,24.6875,4.018152452754682,-2911.6171875
3.738673095703234,28.24665641784668,15.23948860168457,17.631240844726562,23.248750686645508,0.6279171705245972,145.0,145.0,36.12639617919922,271.70819091796875,65.5546875,24.6875,3.720251427513379,-2940.276611328125
3.763057617187769,28.25579643249512,15.305283546447754,17.68829345703125,23.197877883911133,0.847012996673584,145.0,145.0,36.18166732788086,271.7326965332031,66.046875,24.6875,3.6318795518165454,-2917.2265625
3.7827131347657996,28.24085235595703,15.269471168518066,17.685325622558594,23.197546005249023,0.9758033752441406,145.0,145.0,36.245872497558594,271.5983581542969,66.046875,24.7421875,3.7786905675610027,-2913.502685546875
3.8034155273439865,28.0010929107666,15.207935333251951,17.579652786254883,23.222694396972656,0.9758033752441406,145.0,145.0,36.139102935791016,271.4134216308594,66.046875,24.7421875,3.7102733304862703,-2849.01904296875
3.8254360351561445,28.082124710083008,15.202786445617676,17.552183151245117,23.198017120361328,0.9622218012809752,145.0,145.0,36.14535140991211,271.1512756347656,66.046875,24.7421875,3.9012726172273187,-2887.860107421875
3.8446394042971406,28.26071548461914,15.19393825531006,17.553632736206055,23.243846893310547,0.946743905544281,145.0,145.0,36.25114440917969,271.25323486328125,66.2578125,24.7421875,3.5734388563368054,-2873.341796875
3.865260253906399,28.19376373291016,15.252962112426758,17.612760543823242,23.203758239746094,0.9257311820983888,145.0,145.0,36.11477279663086,271.4455871582031,66.2578125,24.65625,3.734505407428644,-2904.028076171875
3.886639404297057,28.18303108215332,15.20776081085205,17.517541885375977,23.193775177001957,0.9492199420928956,145.0,145.0,36.13576889038086,270.77392578125,66.2578125,24.65625,3.634729103453905,-2861.180419921875
3.9063249511718823,28.07485008239746,15.162158012390137,17.562044143676758,23.173757553100582,0.843127965927124,145.0,145.0,36.10356903076172,270.7119445800781,66.2578125,24.703125,3.4537079137399656,-2893.893798828125
3.9251992187500946,28.066614151000977,15.182437896728516,17.56597137451172,23.13164710998535,0.8514174222946167,145.0,145.0,36.13264465332031,270.50048828125,66.4765625,24.703125,3.6361554347047016,-2927.50244140625
3.948212158203205,28.21334457397461,15.13941764831543,17.45248031616211,23.18850517272949,0.6959065198898315,145.0,145.0,36.199310302734375,271.1624450683594,66.4765625,24.703125,3.89129452020021,-2881.166748046875
3.9703876953126382,28.070018768310547,15.184776306152344,17.58225440979004,23.098278045654297,0.8773483037948608,145.0,145.0,36.176307678222656,271.2452087402344,66.4765625,24.703125,3.700296788891278,-2909.6845703125
3.991718261718688,27.960418701171875,15.173083305358888,17.579408645629883,23.162187576293945,0.78480464220047,145.0,145.0,36.09105682373047,271.2452087402344,66.4765625,24.65625,3.473664107794183,-2880.45947265625
4.010909423828252,28.11674690246582,15.13357162475586,17.464433670043945,23.04393196105957,0.78480464220047,145.0,145.0,36.15065383911133,270.9716186523437,66.640625,24.65625,3.600520484916539,-2864.527099609375
4.029112792969045,28.20675468444824,15.065421104431152,17.347610473632812,23.226009368896484,0.8462037444114685,145.0,145.0,36.04660415649414,270.76324462890625,66.640625,24.65625,3.2712619482073455,-2868.109619140625
4.049666015625007,27.764812469482425,15.145666122436523,17.48176383972168,23.224876403808597,0.7418155670166016,145.0,145.0,36.02409362792969,270.9306945800781,66.640625,24.65625,3.4266262851602316,-2915.2939453125
4.071217285156308,27.71894645690918,15.145874977111816,17.462724685668945,23.0752067565918,0.8133106827735901,145.0,145.0,36.06887435913086,271.0060729980469,66.640625,24.7421875,3.4522831379212855,-2837.09326171875
4.091751464844037,27.85951232910156,15.13831901550293,17.39466094970703,22.93004035949707,0.7815424799919128,145.0,145.0,36.0732536315918,271.3045959472656,66.8046875,24.7421875,3.1458303469036695,-2879.4697265625
4.114997558594041,27.86853408813477,15.05440902709961,17.29778480529785,22.916147232055664,0.6569495797157288,145.0,145.0,36.03147506713867,271.1309509277344,66.8046875,24.7421875,3.4921939705976044,-2899.550048828125
4.129993408203063,28.072811126708984,15.082087516784668,17.428728103637695,22.95372200012207,0.6851230263710022,145.0,145.0,35.97068786621094,271.2288513183594,66.8046875,24.7421875,3.341103961100758,-2865.51708984375
4.160205322265938,28.19513893127441,15.064809799194336,17.43398094177246,23.026411056518555,0.8269165754318237,145.0,145.0,35.973182678222656,270.96661376953125,66.8046875,24.7109375,3.4850669806399717,-2855.52392578125
4.178818847656203,27.96455192565918,15.050935745239258,17.38553237915039,22.92234230041504,0.811511218547821,145.0,145.0,35.95316696166992,271.0869445800781,66.9921875,24.7109375,3.4237751780907555,-2850.76318359375
4.2006320800783215,28.24985122680664,15.080360412597656,17.412723541259766,22.9182243347168,0.7841446399688721,145.0,145.0,36.01548767089844,270.9913635253906,66.9921875,24.7109375,3.1572332197494584,-2881.779541015625
4.218446044922075,28.172014236450195,15.10777759552002,17.42448616027832,22.884105682373047,0.8338930010795593,145.0,145.0,35.94074249267578,270.8487243652344,66.9921875,24.7109375,3.343955068170234,-2880.6953125
4.2373991699219005,28.128189086914062,15.044879913330078,17.398134231567383,22.86813735961914,0.7205520272254944,145.0,145.0,35.94239807128906,270.6492614746094,67.125,24.7109375,3.4522831379212855,-2855.194091796875
4.257640869140687,27.996076583862305,15.077707290649414,17.414485931396484,22.8652400970459,0.7155575752258301,145.0,145.0,35.971927642822266,270.5057067871094,67.125,24.7109375,3.395268773692342,-2849.254638671875
4.280016845703358,28.010047912597656,15.030865669250488,17.342111587524414,22.86785697937012,0.6496574282646179,145.0,145.0,35.93463134765625,270.5165405273437,67.125,24.7109375,3.3525083893786634,-2823.6591796875
4.298431396484375,27.98494911193848,15.039976119995115,17.291152954101562,22.88593864440918,0.6974794864654541,145.0,145.0,35.89810562133789,270.8197937011719,67.125,24.7109375,3.1415544640155133,-2874.001708984375
4.320617919921915,27.771860122680664,15.045927047729492,17.370943069458008,22.88494300842285,0.8256433606147766,145.0,145.0,35.93159484863281,270.3011169433594,67.1328125,24.7109375,3.2798137139836583,-2888.00146484375
4.3396330566406505,27.971271514892575,15.011476516723633,17.39682388305664,22.87726402282715,0.8184894919395447,145.0,145.0,35.93648147583008,270.32183837890625,67.1328125,24.7421875,3.627602113496273,-2881.119384765625
4.362127929687631,27.95831298828125,15.00627613067627,17.339319229125977,22.842430114746094,0.6551034450531006,145.0,145.0,35.950862884521484,270.3056030273437,67.1328125,24.7421875,3.262710182431033,-2847.8876953125
4.385634765625127,27.95051383972168,15.041755676269531,17.337942123413086,22.867298126220703,0.8186843395233154,145.0,145.0,35.94093322753906,270.38433837890625,67.1328125,24.7421875,3.402395763649974,-2859.53076171875
4.403397216796748,27.98646545410156,14.969364166259766,17.36750602722168,22.79975891113281,0.8119183778762817,145.0,145.0,35.91042709350586,270.1649475097656,67.2265625,24.7421875,3.219948242685238,-2808.5283203125
4.423325439453038,27.668325424194336,14.977776527404783,17.246788024902344,22.880353927612305,0.8119183778762817,145.0,145.0,35.92625427246094,270.0780334472656,67.2265625,24.7421875,3.2669860653191893,-2841.854248046875
4.441666015625287,27.87816429138184,14.9944429397583,17.301815032958984,22.84417533874512,0.723554253578186,145.0,145.0,35.94461441040039,270.0917053222656,67.2265625,24.7421875,3.138703356946037,-2821.773681640625
4.464672119140687,27.972034454345703,14.919363975524902,17.273944854736328,22.73415756225586,0.6182916164398193,145.0,145.0,35.84323501586914,270.26708984375,67.2265625,24.7421875,3.1486798985410296,-2829.787109375
4.486110351562729,27.955760955810547,14.963831901550291,17.347591400146484,22.74748992919922,0.9517089128494264,145.0,145.0,35.826446533203125,270.4295959472656,67.2265625,24.7421875,3.2798137139836583,-2851.89453125
4.506632812499902,27.966068267822266,14.958526611328123,17.359006881713867,22.710317611694336,0.7297050356864929,145.0,145.0,35.80019760131836,270.3701171875,67.2265625,24.7265625,3.061732798662876,-2894.695068359375
4.523850341796788,27.92923355102539,15.013850212097168,17.32253074645996,22.740264892578125,0.782752275466919,145.0,145.0,35.9151725769043,269.7027587890625,67.2265625,24.7265625,2.8821379401997325,-2846.0966796875
4.545299072265607,27.82461929321289,14.998631477355955,17.312374114990234,22.77012634277344,0.8837394714355469,145.0,145.0,35.84053039550781,270.1594543457031,67.2265625,24.7265625,3.0717108956899843,-2821.302490234375
4.565869140625182,27.885854721069336,14.951476097106934,17.348167419433594,22.72956657409668,0.8242776989936829,145.0,145.0,35.84938049316406,270.1343078613281,67.2734375,24.7265625,3.215672359797082,-2869.2880859375
4.586258789062413,27.807811737060547,14.912750244140623,17.24443244934082,22.687349319458008,0.6797780394554138,145.0,145.0,35.781192779541016,270.15106201171875,67.2734375,24.7265625,3.295492469717603,-2829.36279296875
4.608695068359339,27.75286865234375,14.917706489562988,17.29458999633789,22.656965255737305,0.7301610112190247,144.81982612811123,144.8798840854075,35.780460357666016,269.5858764648437,67.2734375,24.7265625,3.0574569157747193,-2854.015625
4.628789306640556,27.97416305541992,14.903151512145996,17.26153564453125,22.64846611022949,0.763664186000824,144.34088704922104,144.56059136614735,35.772029876708984,269.92791748046875,67.2734375,24.7265625,3.1158976112544594,-2822.5751953125
4.649257080078314,27.849729537963867,14.874267578125,17.286544799804688,22.6995849609375,0.763664186000824,143.8530448916889,144.23536326112594,35.768856048583984,269.507568359375,67.2734375,24.7265625,3.0546073641373597,-2806.265625
4.672349853515698,27.862424850463867,14.89067268371582,17.260820388793945,22.64300346374512,0.9206867814064026,143.3026367854261,143.8684245236174,35.74616622924805,269.4801025390625,67.296875,24.6328125,2.9662339330084095,-2840.204345703125
4.691357177734517,27.751768112182617,14.82728672027588,17.185707092285156,22.598466873168945,0.7965308427810669,142.8496039196822,143.56640261312148,35.81045913696289,269.8542175292969,67.296875,24.6328125,2.72392249617737,-2846.8037109375
4.713881835937627,27.83585357666016,14.888683319091797,17.26174545288086,22.62626838684082,0.6761994361877441,142.31273663956304,143.20849109304203,35.71199417114258,269.86834716796875,67.296875,24.75,3.178612634190239,-2811.544921875
4.732945068359641,27.983041763305664,14.87233066558838,17.304990768432617,22.598413467407227,0.90185546875,141.58331161605113,142.72220774403408,35.73896026611328,269.9586486816406,67.296875,24.75,2.937727528609996,-2831.766845703125
4.755957519531421,27.70772361755371,14.943535804748535,17.27727699279785,22.53675651550293,0.8927237391471863,139.96957931880652,141.6463862125377,35.65660095214844,269.7864074707031,67.4609375,24.75,2.979063137104995,-2805.46435546875
4.773710937500255,27.60750389099121,14.882539749145508,17.212932586669922,22.617122650146484,0.7011672854423523,138.72463310474706,140.81642206983136,35.475433349609375,269.9555053710937,67.4609375,24.75,2.742452358980791,-2832.096923828125
4.797022216796904,27.840391159057617,14.857880592346191,17.273927688598633,22.576074600219727,0.7700088024139404,137.08994569094247,139.72663046062831,35.40040588378906,269.6759338378906,67.4609375,24.75,3.094516641381562,-2828.75
4.817419677734506,27.719350814819336,14.879154205322266,17.24385643005371,22.582305908203125,0.7792752981185913,135.65958778379098,138.77305852252732,35.51996994018555,269.52880859375,67.4609375,24.765625,3.013271755642361,-2815.363037109375
4.8364904785157705,27.79150390625,14.819973945617676,17.17275619506836,22.56195640563965,1.0445733070373535,134.3222610068576,137.88150733790505,35.62227249145508,269.1940612792969,67.7265625,24.765625,2.9462792943863083,-2808.99951171875
4.862669433593965,27.68197059631348,14.843046188354492,17.226318359375,22.55939102172852,0.8789134621620178,132.5503706313099,136.60657430239618,35.703914642333984,269.37518310546875,67.7265625,24.765625,3.0260994043068297,-2839.7802734375
4.878188964843957,27.87840461730957,14.834232330322266,17.203262329101562,22.57668685913086,0.7705782055854797,131.5974771587681,135.7727925139221,35.769012451171875,269.41192626953125,67.6640625,24.765625,2.7937645090707823,-2815.363037109375
4.8972209472658506,27.893903732299805,14.818403244018556,17.286823272705078,22.47686004638672,0.7276204228401184,130.42892048478126,134.7503054241836,35.57281494140625,269.5955505371094,67.6640625,24.7734375,2.6697592390179024,-2818.47412109375
4.916743164062609,27.699018478393555,14.821178436279297,17.17162322998047,22.50078773498535,0.7276204228401184,129.23026360168188,133.70148065147166,35.47124481201172,269.4934387207031,67.6640625,24.7734375,2.8707350673539436,-2779.114501953125
4.9410400390625,27.74312973022461,14.832417488098145,17.2734375,22.456493377685547,0.8698025345802307,127.73844447275916,132.39613891366426,35.566497802734375,269.3896789550781,67.6640625,24.7734375,2.817996586013156,-2816.494384765625
4.958702880859619,27.94515991210937,14.841265678405762,17.20985984802246,22.491554260253903,0.7929831743240356,126.65395252621401,131.44720846043725,35.466148376464844,269.3088073730469,67.75,24.7734375,2.5172444537023764,-2870.41943359375
4.982751708984324,27.56828117370605,14.810235977172852,17.206003189086914,22.488588333129883,0.777794599533081,125.1773633835753,130.1551929606284,35.502220153808594,268.80816650390625,67.75,24.75,3.1486798985410296,-2817.295654296875
5.010145996093797,27.75929450988769,14.770793914794922,17.146997451782227,22.476232528686523,0.6814257502555847,123.61602992389027,128.81373993476308,35.40256881713867,269.0382995605469,67.75,24.75,2.7082437404434248,-2829.551513671875
5.027647949219045,27.52524948120117,14.784110069274902,17.14841079711914,22.375532150268555,0.855900764465332,122.62759608263343,127.96651092797151,35.38243103027344,268.8694763183594,67.75,24.75,2.929174207401567,-2801.834716796875
5.049296874999982,27.812969207763672,14.655662536621094,16.9492130279541,22.248010635375977,0.7130065560340881,121.40495934510959,126.91853658152252,35.365901947021484,269.1327209472656,67.75,24.75,2.713944399150261,-2771.05419921875
5.069562500000302,27.536375045776367,14.551490783691406,16.83483123779297,21.961061477661133,0.8381795287132263,120.26044539165787,125.93752462142103,35.408084869384766,269.15484619140625,67.75,24.7734375,3.080262661466297,-2727.310791015625
5.092631347656152,27.506324768066406,14.359691619873049,16.60830307006836,21.685754776000977,0.8333801031112671,118.95761767069538,124.82081514631034,35.41511917114258,268.8965759277344,67.75,24.7734375,2.388961745329224,-2661.365966796875
5.106546142578281,27.547447204589844,14.156601905822754,16.56214141845703,21.506452560424805,0.729472815990448,118.17177085138904,124.14723215833347,35.44139862060547,269.11383056640625,67.75,24.7734375,2.954831060162621,-2631.009521484375
5.128760498047086,27.38458633422852,13.974383354187012,16.375160217285156,21.20163345336914,0.7292738556861877,116.92585876743914,123.23275626245652,35.30492401123047,268.90777587890625,67.75,24.7734375,2.835100117565781,-2601.690185546875
5.149093994140912,27.47219467163086,13.73436450958252,16.223955154418945,20.93833351135254,0.7956668734550476,115.78669350111376,122.41906678650983,35.45133209228516,268.9756164550781,67.7578125,24.7109375,2.3704318825258026,-2542.438720703125
5.170414550781516,27.33039665222168,13.543752670288086,16.016815185546875,20.610809326171875,0.7597830295562744,114.59222908280901,121.56587791629215,35.3889045715332,269.104248046875,67.7578125,24.7109375,2.39323762821738,-2473.429931640625
5.190041259765621,27.220001220703125,13.334641456604004,15.923952102661133,20.406967163085938,0.7904878854751587,113.49266090898433,120.78047207784594,35.37286758422852,268.9922180175781,67.7578125,24.7109375,2.893540813045521,-2481.961669921875
5.212150146484419,27.274320602416992,13.184326171875,15.638662338256836,20.157909393310547,0.8946548700332642,112.25403102895775,119.89573644925554,35.29813766479492,268.49957275390625,67.7578125,24.7109375,2.2777841239408128,-2413.282958984375
5.231458496093637,26.96928024291992,12.934324264526367,15.359253883361816,19.804555892944336,0.8434564471244812,111.17229864394857,119.12307045996326,35.26951599121094,268.63848876953125,67.7578125,24.6796875,2.518670784953173,-2326.69189453125
5.253847167968615,26.87486457824707,12.740518569946287,15.2230224609375,19.42291259765625,0.7553291916847229,110.08387955993051,118.2365662999421,35.21710586547852,268.6564636230469,67.7578125,24.6796875,2.307716859590023,-2307.8369140625
5.27395654296879,27.034704208374023,12.48850917816162,15.125011444091797,19.102054595947266,0.7025676965713501,109.12999420961205,117.44166184134338,35.30426025390625,268.9874572753906,67.7578125,24.6796875,2.518670784953173,-2263.48095703125
5.294905761718837,26.694202423095703,12.276396751403809,14.897086143493652,18.76351928710937,0.74222731590271,108.13627099015633,116.61355915846362,35.27668762207031,268.7834167480469,67.7578125,24.6796875,2.0468740045234455,-2213.421142578125
5.3161894531249345,26.896100997924805,12.046866416931152,14.727818489074709,18.597461700439453,0.8081780076026917,107.12668210770121,115.772235089751,35.339847564697266,268.857666015625,67.640625,24.703125,2.33194738110028,-2155.819580078125
5.338221923828314,26.650821685791016,11.85735321044922,14.518829345703123,18.269466400146484,0.8081780076026917,106.08157498552403,114.90131248793669,35.27735137939453,268.6675720214844,67.640625,24.703125,2.8222724689013123,-2106.843994140625
5.35741967773447,26.6600284576416,11.642692565917969,14.5325288772583,18.022884368896484,0.9684888124465942,105.17093225246091,114.14244354371743,35.172935485839844,268.8633728027344,67.640625,24.703125,2.5657070521550076,-2061.07373046875
5.3780007324221515,26.842937469482425,11.435064315795898,14.2098388671875,17.799060821533203,0.8263576626777649,104.45076404534316,113.72538202267158,35.13996887207031,268.7148132324219,67.640625,24.703125,3.1771878583715596,-1983.0145263671875
5.3994716796873945,26.887439727783203,11.237000465393066,14.07004737854004,17.432706832885742,0.7282148003578186,103.75616300950342,113.37808150475172,35.19635391235352,268.88067626953125,67.4140625,24.703125,2.420319256797114,-1970.3818359375
5.422490478515556,26.717477798461918,11.061030387878418,13.759434700012209,17.133052825927734,0.8469761610031128,103.01148782996906,113.00574391498454,35.14581298828125,268.6543884277344,67.4140625,24.703125,2.6968408675976363,-1874.6461181640625
5.441395996093888,26.799470901489254,10.867852210998535,13.619346618652344,16.926176071166992,0.7814714312553406,102.3998803433317,112.69994017166586,35.28963851928711,268.7376403808594,66.796875,24.703125,1.5993108564682084,-1879.1241455078125
5.46343774414072,26.719017028808597,10.714518547058104,13.37458038330078,16.662578582763672,0.8971883654594421,101.68681347973833,112.34340673986917,35.185813903808594,268.6906433105469,66.796875,24.6875,2.96480915718973,-1815.9132080078125
5.481924072265883,26.72769927978516,10.429612159729004,13.075835227966309,16.39383316040039,0.8864331245422363,101.08876708217412,112.04438354108706,35.11033248901367,268.4004211425781,66.796875,24.6875,2.621296640565271,-1799.65087890625
5.504857177734266,26.796297073364254,10.260169982910156,12.986462593078612,16.087390899658203,0.8247324228286743,101.15876779525972,112.0,35.09223556518555,268.1596069335937,66.796875,24.6875,2.75528000764526,-1761.0926513671875
5.5229289550784415,26.96187400817871,10.151809692382812,12.648658752441406,16.01826286315918,0.8129165172576904,101.30088412322047,112.0,35.19914627075195,268.3624267578125,66.796875,24.6875,2.6754598977247386,-1709.05322265625
5.54495092773459,27.18406105041504,10.06430435180664,12.469111442565918,15.799274444580078,0.7695656418800354,101.47406475890602,112.0,35.10710525512695,267.7568664550781,65.7734375,24.6875,2.5500282964210625,-1673.0875244140625
5.563802490234593,27.5155086517334,9.983430862426758,12.35740089416504,15.72335720062256,0.7093913555145264,101.62231331176623,112.0,35.170021057128906,267.6369323730469,65.7734375,24.6875,2.2364485154458142,-1740.446533203125
5.585979003906232,27.4990177154541,9.987707138061523,12.378377914428713,15.683653831481934,0.7236825227737427,101.79670925689491,112.0,35.142147064208984,268.32379150390625,65.7734375,24.6875,2.5172444537023764,-1702.3597412109375
5.608840087890712,27.83026885986328,9.98583984375,12.17907428741455,15.707283973693848,0.7822269797325134,101.97648865807183,112.0,35.22214889526367,268.38946533203125,65.7734375,24.6875,1.837346410411092,-1644.1923828125
5.627514160156352,27.71596908569336,9.98751449584961,12.17165756225586,15.612763404846191,0.8826030492782593,102.0,112.12494724415114,35.243404388427734,268.25665283203125,64.6484375,24.7109375,1.0533961802569125,-1660.2662353515625
5.64779638671871,27.62745475769043,9.94685173034668,12.135671615600586,15.606009483337402,0.8826030492782593,102.0,112.28652309296115,35.218658447265625,268.328857421875,64.6484375,24.7109375,1.7717802804058358,-1734.742919921875
5.671696289062766,27.75326156616211,9.91849136352539,12.128987312316896,15.641227722167969,0.7430040836334229,102.0,112.47691870834232,35.218360900878906,267.46142578125,64.6484375,24.7109375,2.217918652642393,-1675.0672607421875
5.694898681640552,27.96699523925781,9.820672988891602,12.04127311706543,15.610511779785156,0.8460200428962708,102.0,112.6617576984641,35.20260238647461,267.26629638671875,63.4375,24.7109375,1.6164143880208333,-1642.919677734375
5.716516601562489,27.962425231933597,9.80793285369873,11.986141204833984,15.587632179260254,0.8460200428962708,102.0,112.83397418318387,35.15211486816406,267.2274169921875,63.4375,24.7421875,2.30201464545107,-1668.185302734375
5.734326660156512,28.03417587280273,9.774860382080078,11.968619346618652,15.605398178100586,0.6823619604110718,102.0,112.97585581170101,35.117069244384766,267.2038879394531,63.4375,24.7421875,1.7076389262192595,-1662.670166015625
5.755598144531177,27.946718215942383,9.793586730957031,12.029422760009766,15.592100143432615,0.7762143015861511,102.0,113.0,35.04290008544922,267.2569274902344,63.4375,24.7421875,2.897816695933677,-1720.8846435546875
5.7731364746096006,28.013408660888672,9.790794372558594,11.947920799255373,15.617423057556152,0.7933948636054993,102.0,113.0,34.95427703857422,267.8583068847656,63.4375,24.7421875,1.9299957244281982,-1668.7037353515625
5.79681542968774,28.028339385986328,9.775873184204102,11.961551666259766,15.580930709838867,0.8472339510917664,102.0,113.0,34.957313537597656,267.8871765136719,62.203125,24.7109375,1.4510735094729548,-1686.5687255859375
5.819331054687609,28.21634292602539,9.799433708190918,11.992598533630373,15.571768760681152,0.7511849999427795,102.0,113.0,35.01710510253906,268.0160522460937,62.203125,24.7109375,1.3384695568337475,-1724.278564453125
5.838797119140509,27.99081802368164,9.776204109191896,11.909666061401367,15.558260917663574,0.5968019366264343,102.0,113.0,35.00923156738281,267.9608459472656,62.203125,24.7109375,2.8393775558860535,-1689.91552734375
5.860404785156334,27.71605682373047,9.792400360107422,11.859787940979004,15.488189697265623,0.68564772605896,102.0,113.0,34.98347473144531,267.5083312988281,62.203125,24.7109375,2.004113620209767,-1673.1346435546875
5.882582275390632,27.614965438842773,9.811562538146973,11.793557167053224,15.571663856506348,0.7807615995407104,102.0,112.84584301066803,34.867889404296875,267.5666809082031,61.1796875,24.75,2.1095905828913417,-1647.397705078125
5.899887939453038,27.662412643432617,9.795960426330566,11.880066871643066,15.56564235687256,0.7807615995407104,102.0,112.70632405621383,34.93876266479492,267.4368591308594,61.1796875,24.75,2.7638317734215723,-1666.346923828125
5.923150146484659,27.793184280395508,9.801650047302246,11.897886276245115,15.558661460876465,0.7464234828948975,102.0,112.51878321458095,34.93431091308594,267.5755920410156,61.1796875,24.75,1.747548203463462,-1706.649169921875
5.940841796875247,28.15506362915039,9.831632614135742,11.785144805908203,15.531454086303713,0.6488440036773682,102.0,112.37615242294217,34.89797592163086,267.28955078125,61.1796875,24.75,2.0126653859860792,-1662.623046875
5.962568359374927,28.232519149780277,9.761631965637209,11.73345184326172,15.550912857055664,0.652771532535553,102.0,112.20099200881786,34.87204360961914,267.7403869628906,60.234375,24.7734375,2.7823616362249934,-1688.030029296875
5.984747314453216,28.182497024536133,9.802417755126951,11.915355682373049,15.556358337402344,0.6251048445701599,102.0,112.02218438767075,34.802215576171875,267.38287353515625,60.234375,24.7734375,2.316268625366335,-1729.5107421875
6.003202636718925,28.150484085083008,9.80070686340332,11.839263916015623,15.555031776428224,0.7784636616706848,102.0,112.0,34.85439682006836,267.43408203125,60.234375,24.7734375,1.590759090691896,-1682.939208984375
6.025765136718746,28.230064392089844,9.823290824890137,11.876646995544434,15.52049446105957,0.6285485029220581,102.0,112.0,34.90933609008789,267.1344909667969,60.234375,24.7734375,2.621296640565271,-1664.0372314453125
6.045208496093892,28.065601348876957,9.800567626953123,11.770013809204102,15.585922241210938,0.7293733358383179,102.0,112.0,34.925758361816406,267.2969665527344,59.390625,24.7734375,3.1144712800036634,-1653.6669921875
6.066673828125204,28.09939193725586,9.822120666503906,11.85090446472168,15.553757667541504,0.7019033432006836,102.0,112.0,34.91970443725586,267.4036560058594,59.390625,24.640625,1.5536993650850535,-1675.208740234375
6.086570556640709,27.748703002929688,9.748019218444824,11.79610538482666,15.495258331298828,0.6055299639701843,102.0,112.0,34.8033332824707,267.53302001953125,59.390625,24.640625,1.8615769319213493,-1713.059814453125
6.111715332031508,27.729713439941406,9.816431999206545,11.835983276367188,15.512622833251951,0.7342098355293274,102.0,112.0,34.712791442871094,267.4137878417969,59.390625,24.6640625,1.091880681682435,-1652.300048828125
6.125423583984684,27.863046646118164,9.80948543548584,11.860363960266112,15.57876682281494,0.7012286186218262,102.0,112.0,34.68031311035156,267.3783264160156,59.390625,24.6640625,2.507267912107384,-1708.34619140625
6.146689697265629,27.74567031860352,9.88425064086914,11.731532096862791,15.54937744140625,0.6978434920310974,102.0,112.0,34.692405700683594,266.95635986328125,58.796875,24.6640625,1.9684802258537206,-1669.693603515625
6.169570556640792,27.95845603942871,9.815803527832031,11.832406044006348,15.53347873687744,0.6087950468063354,102.0,112.0,34.833770751953125,267.2687683105469,58.796875,24.6640625,2.589937573665265,-1685.7203369140625
6.192818359374996,28.00458335876465,9.830864906311035,11.88169002532959,15.571436882019045,0.7158374786376953,102.0,112.0,34.746002197265625,266.5236511230469,58.375,24.7109375,1.855876273214513,-1668.4208984375
6.211322753906188,28.152816772460938,9.82576847076416,11.854621887207031,15.57541561126709,0.7610611915588379,102.0,112.0,34.66029739379883,267.2782592773437,58.375,24.7109375,1.7803320461821481,-1696.891845703125
6.231597412109295,27.82843780517578,9.900464057922363,11.881708145141602,15.571314811706545,0.7610611915588379,102.0,112.0,34.80399703979492,267.1442565917969,58.375,24.7109375,1.7404212135058295,-1701.6998291015625
6.254206787109524,27.84389305114746,9.89219093322754,11.738775253295898,15.522553443908691,0.6421329975128174,102.0,112.0,34.765289306640625,266.7809143066406,58.375,24.7109375,1.5722292278884746,-1641.1285400390625
6.271460937500251,27.859697341918945,9.76498317718506,11.859211921691896,15.539446830749512,0.9355968236923218,102.0,112.0,34.710418701171875,266.7937316894531,58.0546875,24.7734375,1.7945860260974134,-1702.076904296875
6.29281689453137,27.943937301635746,9.805891036987305,11.798723220825195,15.504193305969238,0.646703839302063,102.0,112.0,34.69420623779297,266.9998474121094,58.0546875,24.7734375,1.9699050016724005,-1689.5855712890625
6.314106689453183,27.817649841308597,9.782713890075684,11.739490509033203,15.479324340820312,0.7833585739135742,102.0,112.0,34.70626449584961,267.2321472167969,58.0546875,24.7734375,1.9385474902045106,-1662.4345703125
6.333461669922144,28.08761215209961,9.826327323913574,11.816384315490724,15.5377197265625,0.6258884072303772,102.0,112.0,34.710086822509766,266.9803161621094,58.0546875,24.7734375,1.5594000237918895,-1656.73095703125
6.353804931640752,27.95761489868164,9.806204795837402,11.728495597839355,15.520703315734863,0.8780445456504822,102.0,112.0,34.61329650878906,266.7632751464844,57.7265625,24.7734375,1.9884348644758219,-1686.94580078125
6.379931152343943,27.705245971679688,9.803255081176758,11.772719383239746,15.557388305664062,0.6186633110046387,102.0,112.0,34.59307098388672,266.40234375,57.7265625,24.7734375,1.7532504176024146,-1709.807373046875
6.397510009765938,27.73219871520996,9.848368644714355,11.748391151428224,15.519429206848145,0.6627745628356934,102.0,112.0,34.53629684448242,266.597900390625,57.7265625,24.7734375,1.6377953578937308,-1681.3836669921875
6.41927954101584,27.876310348510746,9.843639373779297,11.745109558105469,15.486515045166016,0.600004255771637,102.0,112.0,34.4588623046875,266.712158203125,57.7265625,24.7734375,1.9642043429655645,-1685.4375
6.436715576171991,27.95144271850586,9.779834747314451,11.809979438781738,15.4703369140625,0.6267154216766357,102.0,112.0,34.51544189453125,266.8851623535156,57.7265625,24.7734375,1.3969086968813709,-1689.39697265625
6.457472656250047,28.264347076416016,9.745367050170898,11.743783950805664,15.547283172607422,0.6235615015029907,102.0,112.0,34.48526763916016,266.4759521484375,57.375,24.7109375,1.6449223478513633,-1674.7373046875
6.479700439453154,28.24103736877441,9.808717727661133,11.883645057678224,15.5689058303833,0.622261643409729,102.0,112.0,34.54758834838867,265.83160400390625,57.375,24.7109375,2.0012625131402904,-1680.1580810546875
6.502582031250313,28.19117927551269,9.857443809509276,11.765877723693848,15.460458755493164,0.6051787734031677,102.0,112.0,34.28266525268555,266.3157043457031,57.375,24.7109375,2.0696813056471393,-1686.4744873046875
6.519401611328249,27.947917938232425,9.815768241882324,11.805389404296877,15.51120948791504,0.7007833123207092,102.0,112.0,34.455318450927734,266.1134033203125,57.375,24.7109375,1.2800288613540074,-1665.828369140625
6.540798339844059,28.352872848510746,9.825332641601562,11.810921669006348,15.453320503234863,0.7007833123207092,102.0,112.0,34.31362533569336,266.8179016113281,57.1953125,24.765625,1.8501740590755607,-1706.3663330078125
6.56216333007842,28.0888671875,9.830864906311035,11.78554630279541,15.49782371520996,0.7550448775291443,102.0,112.0,34.31476211547852,266.3189392089844,57.1953125,24.765625,1.9328452760655581,-1681.2894287109375
6.582653076171937,27.892955780029297,9.79534912109375,11.739978790283203,15.547876358032228,0.7639598846435547,102.0,112.0,34.32320785522461,266.6205749511719,57.1953125,24.765625,1.6834068492768857,-1707.6390380859375
6.604995117187627,28.02478408813477,9.82400608062744,11.77219581604004,15.476078033447266,0.6550722122192383,102.0,112.0,34.41603469848633,266.5260925292969,57.1953125,24.765625,1.4182896667542686,-1700.9927978515625
6.6269570312501855,28.22149085998535,9.890167236328123,11.843853950500488,15.499062538146973,0.5999400019645691,101.92968827323206,112.0,34.46954345703125,266.64862060546875,57.1015625,24.7265625,2.220769759711869,-1672.71044921875
6.644635009765807,28.128908157348636,9.792330741882324,11.86134147644043,15.503320693969728,0.6541997790336609,101.78343139809445,112.0,34.40228271484375,266.4688415527344,57.1015625,24.7265625,2.427446246754746,-1667.3839111328125
6.664026855468819,28.257442474365234,9.761631965637209,11.785476684570312,15.567300796508787,0.6709922552108765,101.62299502505651,112.0,34.38795471191406,266.5855712890625,57.1015625,24.7265625,2.0311952487895004,-1671.343505859375
6.685674804687551,28.233665466308597,9.758333206176758,11.8366117477417,15.531000137329102,0.6370494365692139,101.4438930195261,112.0,34.42901992797852,266.43310546875,57.1015625,24.7265625,1.3997598039508472,-1657.62646484375
6.7087736816406505,28.227632522583008,9.800061225891112,11.794673919677734,15.516375541687012,0.5938363075256348,101.2527869176963,112.0,34.367919921875,265.9342956542969,56.9609375,24.703125,1.4353931983068935,-1705.7064208984375
6.724748779296988,28.291431427001957,9.780061721801758,11.84481430053711,15.54105281829834,0.6720515489578247,101.12061864624172,112.0,34.218563079833984,265.96734619140625,56.9609375,24.703125,1.532318395212156,-1678.7440185546875
6.746616943359641,28.07802391052246,9.819851875305176,11.84600067138672,15.509272575378418,0.7330251336097717,101.0,112.0,34.225685119628906,265.8440856933594,56.9609375,24.75,1.2814551926048037,-1661.30322265625
6.766647705078412,27.93600845336914,9.774005889892578,11.824237823486328,15.504472732543944,1.0794296264648438,101.0,112.0,34.12322235107422,266.2195129394531,56.9609375,24.75,1.6292435921174184,-1650.980224609375
6.787410156250189,27.97250366210937,9.817408561706545,11.802754402160645,15.425048828125,0.7969807982444763,101.0,112.0,34.09636306762695,266.2354736328125,56.9609375,24.75,1.0405685315924438,-1684.4476318359375
6.811531982421911,28.239990234375,9.820847511291504,11.754115104675291,15.464420318603516,0.8219501376152039,101.0,112.0,34.05568313598633,266.2587890625,56.9609375,24.75,2.0311952487895004,-1675.1143798828125
6.832727294921824,28.42449188232422,9.799503326416016,11.825860977172852,15.43613052368164,0.6339662075042725,101.0,112.0,33.88053512573242,265.86328125,56.9609375,24.75,1.2386932528590087,-1642.731201171875
6.851910156250142,28.29570770263672,9.791422843933104,11.852754592895508,15.40414047241211,0.5956599712371826,101.0,112.0,33.866695404052734,265.9998474121094,56.9375,24.7734375,1.5636759066800459,-1667.3367919921875
6.872876220703347,28.16490364074707,9.73746109008789,11.729473114013672,15.513129234313965,0.717994213104248,101.0,112.0,33.888458251953125,265.71563720703125,56.9375,24.7734375,2.128120445694763,-1706.41357421875
6.894117431640552,28.20737648010254,9.71227741241455,11.803400039672852,15.403599739074709,0.717994213104248,101.0,112.0,33.82976531982422,265.725830078125,56.9375,24.7734375,2.33194738110028,-1675.35009765625
6.915709472656545,28.2429256439209,9.768909454345703,11.776925086975098,15.401610374450684,0.6522524356842041,101.0,112.0,33.910762786865234,265.8939514160156,56.9375,24.7734375,1.230141487082696,-1699.06005859375
6.933569580078256,28.308523178100582,9.748769760131836,11.758094787597656,15.386933326721191,0.8334558606147766,101.0,112.0,33.935386657714844,266.1235656738281,56.828125,24.7421875,1.215887507167431,-1664.8856201171875
6.953747314453267,28.38334846496582,9.739782333374023,11.852161407470703,15.40298843383789,0.5942562222480774,101.0,112.0,33.83969497680664,266.11346435546875,56.828125,24.7421875,1.5479971509461008,-1629.95703125
6.993760253906203,28.336021423339844,9.732242584228516,11.780869483947754,15.425676345825195,0.6772752404212952,101.0,112.0,33.78767013549805,266.04962158203125,56.828125,24.7421875,1.5736540037071547,-1693.875
7.001216796875269,28.263050079345703,9.713900566101074,11.711095809936523,15.402901649475098,0.6772752404212952,101.0,112.0,33.865577697753906,266.0198974609375,56.828125,24.7421875,1.8886601159331995,-1649.18896484375
7.0211523437501455,28.230676651000977,9.725646018981934,11.731392860412598,15.388172149658203,0.7812938690185547,101.0,112.0,33.86407852172852,265.9092102050781,56.8125,24.765625,1.337043225582951,-1627.7415771484375
7.0426025390625,28.288354873657227,9.731736183166504,11.775145530700684,15.415135383605955,0.7295722961425781,101.0,112.0,33.7056999206543,265.87420654296875,56.8125,24.765625,1.28715585131164,-1668.6566162109375
7.061152099609444,28.19398307800293,9.74349880218506,11.792265892028809,15.371853828430176,1.041961908340454,101.0,112.0,33.68191146850586,265.8576965332031,56.8125,24.765625,1.1602994741892838,-1674.784423828125
7.082421142578369,28.277557373046875,9.810410499572754,11.76771068572998,15.40187168121338,0.8198555707931519,101.0,112.0,33.606781005859375,265.6463317871094,56.8125,24.765625,1.626392485047942,-1715.0867919921875
7.104270751953209,28.361108779907227,9.755733489990234,11.681445121765137,15.413966178894045,0.6595960259437561,101.0,112.0,33.609310150146484,265.8538513183594,56.7578125,24.75,1.9713297774910805,-1689.962646484375
7.122231201171871,27.956687927246094,9.71758270263672,11.752562522888184,15.413390159606934,0.8186843395233154,101.0,112.0,33.51482391357422,265.5924072265625,56.7578125,24.75,2.3105664112273825,-1651.4515380859375
7.146362548828165,28.165645599365234,9.754476547241213,11.756244659423828,15.388555526733398,0.7751994132995605,101.0,112.0,33.45264434814453,265.6830444335937,56.7578125,24.75,1.8458981761874043,-1654.0911865234375
7.164355468750273,27.86470413208008,9.731247901916504,11.707884788513184,15.37051010131836,0.6055008769035339,101.0,112.0,33.371334075927734,265.4949951171875,56.7578125,24.75,1.7903085877771405,-1612.5162353515625
7.187361572265672,27.96932983398437,9.71512222290039,11.65322494506836,15.386810302734377,0.9277980923652648,101.0,112.0,33.33641052246094,265.7513732910156,56.7421875,24.7421875,0.7469433892392966,-1636.8861083984375
7.209801757812784,27.8562068939209,9.724563598632812,11.715301513671877,15.398311614990234,0.8932194113731384,101.0,112.0,33.44710922241211,265.54119873046875,56.7421875,24.7421875,1.0049335818042813,-1688.2657470703125
7.229762939453394,27.953842163085938,9.68800163269043,11.645493507385254,15.334611892700195,0.6439995169639587,101.0,112.0,33.37126541137695,265.55975341796875,56.7421875,24.7421875,1.5280425123239996,-1660.643310546875
7.2502849121096915,27.98692512512207,9.68754768371582,11.67819881439209,15.39462947845459,0.6001113057136536,101.0,112.0,33.371734619140625,265.6352233886719,56.7421875,24.7421875,1.6392201337124108,-1631.98388671875
7.272109130859462,28.08700180053711,9.72091579437256,11.688844680786133,15.326234817504885,0.6551034450531006,101.0,112.0,33.26377487182617,265.59393310546875,56.8125,24.7109375,1.5251914052545235,-1639.1015625
7.288677490234477,28.02958297729492,9.69908332824707,11.69257926940918,15.385432243347168,0.7641781568527222,101.0,112.0,33.23765182495117,265.49713134765625,56.8125,24.7109375,2.0597032086200304,-1702.878173828125
7.311842041015552,27.692615509033203,9.68527889251709,11.599943161010742,15.401592254638672,0.7704894542694092,101.0,112.0,33.211124420166016,265.2193603515625,56.8125,24.7109375,0.9023077261921827,-1613.8831787109375
7.333180664062638,28.19659996032715,9.663673400878906,11.652334213256836,15.283459663391112,0.9278422594070436,101.0,112.0,33.18543243408203,265.0682983398437,56.8125,24.75,1.1132616515553324,-1636.4619140625
7.3533664550782305,27.990524291992188,9.68173599243164,11.64275360107422,15.33400058746338,0.8186843395233154,101.0,112.0,33.11770248413086,265.4226989746094,56.8125,24.75,1.0448444144806002,-1698.5887451171875
7.376272216797133,28.07945251464844,9.743725776672363,11.739280700683594,15.387386322021484,0.5667596459388733,101.0,112.0,33.0752067565918,264.7319641113281,56.8125,24.75,1.6777061905700497,-1650.367431640625
7.396820068359375,27.95768165588379,9.729589462280272,11.649314880371094,15.33845043182373,0.6492398381233215,101.0,111.8604325229206,33.07597351074219,264.4555053710937,56.8125,24.75,0.9992329230974452,-1625.0546875
7.415531738281516,28.24222755432129,9.696099281311035,11.631094932556152,15.303267478942873,0.6701279282569885,101.0,111.71124326007825,32.957420349121094,265.2919616699219,56.7890625,24.7421875,1.7062125949684632,-1653.525634765625
7.438704833984502,28.08660888671875,9.740741729736328,11.610379219055176,15.301312446594238,0.6008430123329163,101.0,111.52648278278473,32.94185256958008,265.0260314941406,56.7890625,24.7421875,1.2230144971250636,-1647.5391845703125
7.460318359374924,28.0042781829834,9.685994148254396,11.720013618469238,15.312935829162598,0.7193353772163391,101.0,111.35415685282152,32.96988296508789,265.1374816894531,56.7890625,24.7421875,0.622936563754299,-1660.737548828125
7.480052978515687,28.2904052734375,9.684738159179688,11.723173141479492,15.37785816192627,0.6341416239738464,101.0,111.19681155470772,33.00564193725586,265.06072998046875,56.7890625,24.7421875,1.409737900977956,-1647.77490234375
7.501713867187391,28.28486442565918,9.697582244873049,11.769560813903809,15.3506498336792,0.7428802251815796,101.0,111.0241079944718,32.897178649902344,264.9172668457031,56.7421875,24.703125,1.4197144425729484,-1691.32958984375
7.521004150390581,28.23586845397949,9.686273574829102,11.66879177093506,15.300981521606444,0.7428802251815796,101.0,111.0,32.8081169128418,264.8740234375,56.7421875,24.703125,1.9356963831350342,-1602.5703125
7.542552734375022,28.33759117126465,9.695855140686035,11.656086921691896,15.310649871826172,0.8205158710479736,101.0,111.0,32.79345703125,264.9292297363281,56.7421875,24.703125,1.5251914052545235,-1611.8563232421875
7.562609863281523,28.39202117919922,9.667792320251465,11.721043586730955,15.319881439208984,0.8336073756217957,101.0,111.0,32.75345993041992,264.43359375,56.7421875,24.703125,0.8167854021327089,-1686.710205078125
7.5814001464846115,28.2150993347168,9.651002883911133,11.745511054992676,15.306495666503906,0.690783679485321,101.0,111.0,32.78700256347656,264.84674072265625,56.7890625,24.765625,1.0434196386619201,-1673.0404052734375
7.6055024414063155,28.142030715942383,9.685837745666504,11.786262512207031,15.299375534057615,0.625319242477417,101.0,111.0,32.6461296081543,264.1241455078125,56.7890625,24.765625,1.0320167658161314,-1643.532470703125
7.625993164062493,28.473522186279297,9.705698013305664,11.676506042480469,15.372063636779783,0.6976614594459534,101.0,111.0,32.715675354003906,264.3949279785156,56.7890625,24.765625,1.6192654950903096,-1646.4549560546875
7.646581542968761,28.241779327392575,9.703935623168944,11.746209144592283,15.345885276794434,0.7475919127464294,101.0,111.0,32.570682525634766,264.5780639648437,56.7890625,24.765625,0.846718137781919,-1657.0609130859375
7.668689697265563,28.0339469909668,9.687076568603516,11.691200256347656,15.350353240966797,0.646395206451416,101.0,111.0,32.546600341796875,264.71337890625,56.78125,24.7109375,1.2358437012216488,-1650.7445068359375
7.690669921875269,28.235179901123047,9.69965934753418,11.723085403442385,15.361417770385742,0.646816074848175,101.0,111.0,32.5810661315918,264.3839416503906,56.78125,24.7109375,1.4225655496424248,-1639.71435546875
7.710276855468692,28.39377784729004,9.644842147827148,11.724237442016602,15.326251983642578,0.7339325547218323,101.0,111.0,32.61406707763672,264.6509094238281,56.78125,24.7109375,1.2643501056200623,-1626.4217529296875
7.730720458984251,28.451400756835938,9.716570854187012,11.629349708557127,15.28604221343994,0.618618905544281,101.0,111.0,32.78546524047852,264.4570007324219,56.78125,24.7109375,1.180254112811385,-1659.2763671875
7.751885009765829,28.33679580688477,9.67946720123291,11.72031021118164,15.281487464904783,0.7673345804214478,101.0,111.0,32.86064910888672,264.0650329589844,56.6484375,24.703125,0.9764271774058677,-1667.9495849609375
7.771419433594019,28.468265533447266,9.66150951385498,11.764796257019045,15.286565780639648,0.7673345804214478,101.0,111.0,32.96772003173828,263.84088134765625,56.6484375,24.703125,1.150321377162175,-1682.0435791015625
7.790273193359553,28.247974395751957,9.672643661499023,11.670676231384276,15.295536041259766,0.8318302035331726,101.0,111.0,32.95289993286133,264.0071716308594,56.6484375,24.703125,1.2600742227319062,-1613.3175048828125
7.815016113281217,28.341289520263672,9.690078735351562,11.703015327453612,15.22096347808838,0.7155501842498779,101.0,111.0,33.07218551635742,263.7585144042969,56.6484375,24.703125,1.1759782299232289,-1687.417236328125
7.831416992187769,28.39386367797852,9.653934478759766,11.66146183013916,15.26630401611328,0.5776521563529968,101.0,111.0,33.12700271606445,263.96356201171875,56.5703125,24.765625,1.426841432530581,-1693.9693603515625
7.853009521484637,28.41803550720215,9.69475555419922,11.734743118286133,15.309480667114258,0.6221511960029602,101.0,111.0,33.154823303222656,264.1032409667969,56.5703125,24.765625,1.5779298865953109,-1641.3641357421875
7.876335937500244,28.2340145111084,9.693603515625,11.689420700073242,15.325448989868164,0.7511849999427795,101.0,111.0,33.22178649902344,264.1572265625,56.5703125,24.765625,1.3698270683016374,-1671.626220703125
7.895213623046857,28.215557098388672,9.665820121765137,11.63730812072754,15.293668746948242,0.715488851070404,101.0,111.0,33.22333908081055,264.03387451171875,56.5703125,24.765625,1.2073357413911188,-1626.2802734375
7.9182102050781396,28.2107048034668,9.691492080688477,11.66917610168457,15.27281379699707,0.6549162864685059,101.0,111.0,33.235782623291016,263.9603271484375,56.6171875,24.7421875,1.0576720631450687,-1583.1497802734375
7.93801855468746,28.362951278686523,9.645819664001465,11.599000930786133,15.296303749084473,0.7018396258354187,101.0,111.0,33.255470275878906,263.9081115722656,56.6171875,24.7421875,0.8766508734311289,-1643.7210693359375
7.9568142089842695,28.494279861450195,9.62964153289795,11.65837287902832,15.267229080200195,0.699425220489502,101.0,111.0,33.27435302734375,263.8876037597656,56.6171875,24.7421875,0.25661830143826453,-1676.528564453125
7.9786782226565265,28.41283226013184,9.630200386047363,11.66228199005127,15.237926483154297,0.8923376202583313,101.0,111.0,33.2719612121582,263.95635986328125,56.6171875,24.7421875,1.01491167883139,-1604.7386474609375
7.997879638671748,28.56415367126465,9.624109268188477,11.679908752441406,15.265518188476562,0.7369527816772461,101.0,111.0,33.238067626953125,263.7898864746094,56.6171875,24.7421875,1.2087605172097986,-1629.391357421875
8.021540039062529,28.41261482238769,9.657495498657228,11.619786262512209,15.218642234802246,0.6854134202003479,101.0,111.0,33.295921325683594,263.8858947753906,56.640625,24.8125,1.4296925396000573,-1664.97998046875
8.03906616210952,28.704326629638672,9.642398834228516,11.585352897644045,15.265605926513672,0.6854134202003479,101.0,111.0,33.27360153198242,263.8185729980469,56.640625,24.8125,0.7170106535900881,-1662.1988525390625
8.062145263671937,28.533143997192383,9.658507347106934,11.642333984375,15.252098083496094,0.8216186761856079,101.0,111.0,33.272029876708984,263.8211364746094,56.640625,24.75,1.7503993105329383,-1647.3505859375
8.083004150390934,28.356090545654297,9.676815032958984,11.642840385437012,15.242778778076172,0.8173707127571106,101.0,111.0,33.21461486816406,263.8520202636719,56.640625,24.75,1.9470992559808231,-1640.5628662109375
8.101152343750073,28.49615478515625,9.629240036010742,11.521827697753906,15.200980186462402,0.8112288117408752,101.0,111.0,33.24995422363281,263.8381042480469,56.7890625,24.75,1.1446191630232225,-1665.9698486328125
8.122977539062504,28.361818313598636,9.64501667022705,11.702666282653809,15.237350463867188,0.6741539835929871,101.0,111.0,33.2477912902832,263.4597473144531,56.7890625,24.75,0.8395927032564029,-1604.2672119140625
8.144367187499938,28.521602630615234,9.652992248535156,11.712456703186035,15.217228889465332,0.6605780720710754,100.86740953280864,111.0,33.26524353027344,263.1473083496094,56.7890625,24.796875,1.627817260866622,-1629.4384765625
8.166069580078329,28.34270668029785,9.638647079467772,11.626208305358888,15.238485336303713,0.6494120359420776,100.69668667872767,111.0,33.262290954589844,263.54913330078125,56.7890625,24.796875,1.3113879282540137,-1634.1993408203125
8.188127929687653,28.6004638671875,9.631072998046877,11.608233451843262,15.223249435424805,0.7660460472106934,100.52316367253968,111.0,33.25444030761719,263.639404296875,56.7578125,24.796875,1.4382443053763696,-1651.02734375
8.210012207031468,28.580841064453125,9.643254280090332,11.62161922454834,15.211573600769045,0.5917690396308899,100.35101001371268,111.0,33.269290924072266,263.53533935546875,56.7578125,24.796875,0.8495692448513952,-1610.20654296875
8.227609130859491,28.43634986877441,9.64072322845459,11.688321113586426,15.171538352966309,0.7191419005393982,100.21258301548342,111.0,33.2440185546875,263.5739440917969,56.71875,24.7734375,1.3427454397219036,-1662.670166015625
8.250423583984684,28.243885040283203,9.645401000976562,11.652107238769531,15.176023483276367,0.5980475544929504,100.0331120867471,111.0,33.223270416259766,263.6021728515625,56.71875,24.7734375,0.8823530875700815,-1639.8558349609375
8.26888574218765,28.301815032958984,9.629624366760254,11.578773498535156,15.181241989135742,0.6054136753082275,100.0,111.0,33.3988037109375,263.51153564453125,56.71875,24.7734375,0.6115336909085117,-1622.0379638671875
8.291662353515676,28.293100357055664,9.61719799041748,11.545283317565918,15.252533912658691,0.600339949131012,100.0,111.0,33.33710861206055,263.683349609375,56.71875,24.7734375,1.1617242500079636,-1618.8326416015625
8.308712158203434,28.3123836517334,9.629362106323242,11.591915130615234,15.24560546875,0.7235193848609924,100.0,111.0,33.301856994628906,263.476806640625,56.640625,24.7890625,0.5887279452169342,-1633.869384765625
8.33053125000015,27.975635528564453,9.63369083404541,11.582473754882812,15.21635627746582,0.7235193848609924,100.0,111.0,33.293006896972656,263.39678955078125,56.640625,24.7890625,0.7113092171671922,-1671.9090576171875
8.35129296874993,28.0681095123291,9.58459758758545,11.584776878356934,15.229898452758787,0.5789408087730408,100.0,111.0,33.326255798339844,263.470458984375,56.640625,24.7890625,1.872979804767138,-1630.05126953125
8.372807128906516,28.081493377685547,9.635749816894531,11.668268203735352,15.132131576538086,0.7127257585525513,100.0,111.0,33.26365280151367,263.40350341796875,56.640625,24.7890625,1.4197144425729484,-1646.502197265625
8.395542480468976,28.08150291442871,9.580705642700195,11.538983345031738,15.120264053344728,0.6753413081169128,100.55947769162644,111.33568661497587,33.30948257446289,263.3321228027344,56.640625,24.7734375,1.211611624279275,-1620.8594970703125
8.411658935547166,28.25400733947754,9.62927532196045,11.470518112182615,15.160107612609863,0.737490177154541,101.19911747093603,111.71947048256162,33.3249626159668,263.3640441894531,56.640625,24.7734375,0.4875268654235141,-1611.9034423828125
8.435174804687449,28.16003799438477,9.591246604919434,11.619681358337402,15.131277084350586,0.7907446622848511,102.13242974553164,112.27945784731898,33.337284088134766,263.37469482421875,56.640625,24.7734375,0.9450681105058614,-1641.505615234375
8.455419433593761,28.11067008972168,9.62943172454834,11.529523849487305,15.236250877380373,0.6283761262893677,102.93591102618713,112.76154661571228,33.30607986450195,263.4186706542969,56.640625,24.7734375,1.1389185043163863,-1596.206787109375
8.474725585937449,28.097068786621094,9.6329927444458,11.592700958251951,15.179776191711426,0.7898727655410767,103.70214547195151,113.22128728317091,33.306636810302734,263.3569030761719,56.640625,24.7734375,0.9664490803787589,-1597.66796875
8.497898925781556,28.02710723876953,9.61646556854248,11.545527458190918,15.11459255218506,0.6479434967041016,104.62186323318805,113.77311793991284,33.29976272583008,263.1663513183594,56.6015625,24.8515625,0.920837588995604,-1615.91015625
8.514639160156548,27.643705368041992,9.575261116027832,11.486713409423828,15.124174118041992,0.5839551687240601,105.45810913489122,114.40084549302982,33.35667419433594,263.1932678222656,56.6015625,24.8515625,0.4191096283487831,-1634.1051025390625
8.53713891601592,28.251771926879883,9.581788063049316,11.524113655090332,15.110264778137209,0.9083346724510192,106.88717455690117,115.65127773728852,33.29435348510742,263.1679992675781,56.6015625,24.8515625,0.7754505713537699,-1629.297119140625
8.558981201172173,28.298269271850582,9.63012981414795,11.666959762573242,15.164401054382324,0.6790345311164856,108.27448091922653,116.86517080432321,33.302833557128906,263.0571594238281,56.6015625,24.8515625,1.3498724296795361,-1626.4688720703125
8.578169921875087,28.042356491088867,9.596273422241213,11.541705131530762,15.177507400512695,0.9359788298606871,109.4932469103258,117.93159104653506,33.2577018737793,262.9550476074219,56.6171875,24.7734375,1.0633742772840213,-1626.6573486328125
8.597438720703394,28.18281364440918,9.62988567352295,11.544183731079102,15.153738021850586,0.9359788298606871,110.71709904014638,119.00246166012809,33.3392219543457,262.9815673828125,56.6171875,24.7734375,-0.01847697811146152,-1660.8790283203125
8.619434326171813,28.32034683227539,9.629624366760254,11.55587673187256,15.1631441116333,0.6764845252037048,112.11414349734063,120.22487556017305,33.2804069519043,262.57342529296875,56.6171875,24.7734375,0.27087228135352953,-1649.4246826171875
8.642281249999996,28.00765991210937,9.590531349182127,11.584114074707031,15.197193145751951,0.623533308506012,113.57385852678475,121.43039389508856,33.30641174316406,262.38580322265625,56.6171875,24.7734375,0.5302880274532524,-1633.91650390625
8.665758544922028,28.1721134185791,9.618454933166504,11.594829559326172,15.136791229248049,0.7305023074150085,115.087697100049,122.56577282503675,33.305870056152344,263.0029602050781,56.625,24.6796875,0.4918035260277314,-1667.053955078125
8.683604736328107,28.20841407775879,9.607163429260254,11.57030963897705,15.180509567260742,0.8330705165863037,116.2384366987353,123.42882752405147,33.26498031616211,262.8491516113281,56.625,24.6796875,0.7797264542419247,-1634.7650146484375
8.709094238281523,28.22493934631348,9.628786087036133,11.577656745910645,15.163284301757812,0.6301034092903137,117.88202431810713,124.66151823858034,33.27782440185547,262.9647521972656,56.625,24.765625,0.7184362071248233,-1607.614013671875
8.722612792968903,28.093830108642575,9.620671272277832,11.525440216064451,15.131451606750488,0.7963117957115173,118.75371373585396,125.31528530189047,33.326011657714844,262.23583984375,56.625,24.765625,0.5602207631024624,-1647.6805419921875
8.74310034179689,28.07733726501465,9.648908615112305,11.585615158081056,15.15618133544922,0.7872978448867798,120.07477060338738,126.30607795254053,33.313899993896484,262.4038391113281,56.625,24.765625,1.1232397485824412,-1661.7274169921875
8.765897949218925,28.14885902404785,9.595155715942385,11.52381706237793,15.154976844787598,0.6526167392730713,121.4465323246623,127.31895166047308,33.29915237426758,262.5197448730469,56.6015625,24.765625,1.1431943872045425,-1626.4688720703125
8.787790771484651,27.808748245239254,9.611980438232422,11.695039749145508,15.281085968017578,0.6517103910446167,122.60361182386598,128.14543701704713,33.348175048828125,262.3055114746094,56.6015625,24.765625,0.8210628404529816,-1696.986083984375
8.805565673828369,28.313867568969727,9.688786506652832,11.76687240600586,15.470040321350098,0.627086877822876,123.54305100867103,128.8164650061936,33.30449295043945,262.734130859375,56.578125,24.7421875,0.6357649901348273,-1698.16455078125
8.825978759765803,28.12771987915039,9.94461727142334,11.880590438842772,15.703706741333008,0.6145345568656921,124.62192347962012,129.58708819972867,33.25578308105469,262.7030029296875,56.578125,24.7421875,0.9080099403311352,-1716.9722900390625
8.849097167968921,28.22294235229492,10.14606761932373,12.183035850524902,16.097583770751953,0.7341117262840271,125.84377764997346,130.45984117855247,33.29547119140625,262.7272644042969,56.578125,24.7421875,0.3578193812316818,-1803.0919189453125
8.86996313476584,28.26646423339844,10.435423851013184,12.483230590820312,16.436450958251953,0.8334937691688538,126.94658578127765,131.2475612723412,33.28730010986328,262.5914001464844,56.578125,24.7421875,0.6956304614332472,-1873.7506103515625
8.886944824218972,28.397735595703125,10.608601570129396,12.642865180969238,16.64029312133789,0.8334937691688538,127.84410207632867,131.88864434023478,33.246273040771484,262.19305419921875,56.625,24.7890625,0.7497937185927133,-1904.81396484375
8.909250732422151,28.330698013305664,10.810487747192385,12.681626319885254,16.91668128967285,0.5984899401664734,128.99412550234166,132.82843791861805,33.24354934692383,262.5440673828125,56.625,24.7890625,0.7269879729011371,-1884.96923828125
8.930255615234273,28.366344451904297,11.045567512512209,12.993582725524902,17.332199096679688,0.6313181519508362,130.0729265280277,133.7274387733564,33.281944274902344,261.7767639160156,56.625,24.7890625,0.6200862344008824,-2019.9229736328125
8.952231445312464,28.196033477783203,11.28703498840332,13.098487854003906,17.534154891967773,0.8333801031112671,131.20159495432688,134.6679957952724,33.27066802978516,261.7809143066406,56.625,24.7890625,1.1731271228537525,-2001.72802734375
8.975047119140527,28.27737045288086,11.461644172668455,13.33962345123291,17.979639053344727,0.5726105570793152,132.3733973655668,135.644497804639,33.16447448730469,261.5760192871094,56.6484375,24.828125,0.614384797977988,-2116.082763671875
8.991437988281177,28.478124618530277,11.653879165649414,13.548385620117188,18.164630889892575,0.6254045963287354,133.2152247920102,136.3460206600085,33.22693634033203,261.71893310546875,56.6484375,24.828125,0.707033334279036,-2167.697998046875
9.017670654297035,28.40231704711914,11.874229431152344,13.51337718963623,18.499101638793945,0.7561835050582886,134.5656792369561,137.4040565978258,33.12953567504883,261.55908203125,56.6484375,24.828125,0.6129592444432499,-2153.1328125
9.034858154297126,28.552764892578125,12.162853240966797,13.861547470092772,18.77638053894043,0.6478566527366638,135.45337524430553,138.03812517450396,33.190704345703125,261.48699951171875,56.6484375,24.828125,0.9165617061074477,-2235.76416015625
9.053705810546944,28.548358917236328,12.3206205368042,14.05678367614746,18.93622398376465,0.5482340455055237,136.42681461600122,138.73343901142945,33.20733642578125,261.4575500488281,56.6484375,24.828125,0.622936563754299,-2264.70654296875
9.07803735351581,28.620141983032227,12.516101837158203,14.189908981323242,19.220327377319336,0.8473814129829407,137.68348449504182,139.6310603536013,33.145469665527344,261.7010803222656,56.7890625,24.828125,0.6272124466424567,-2319.385498046875
9.095529296875156,28.55250358581543,12.608929634094238,14.358304023742676,19.47975349426269,0.8635043501853943,138.58690432229417,140.27636023021012,33.08318328857422,262.08941650390625,56.7890625,24.828125,0.5972804887093048,-2362.563232421875
9.118648925781144,28.58152961730957,12.819122314453123,14.525757789611816,19.771936416625977,0.52257239818573,139.780981545362,141.12927253240144,33.182064056396484,262.1717834472656,56.7890625,24.828125,0.7212865364782428,-2369.068115234375
9.139016113281286,28.424579620361328,12.91324234008789,14.63321018218994,19.844730377197266,0.7249249815940857,140.8329013140711,141.88064379576508,33.07265853881836,261.769287109375,56.7890625,24.828125,0.7383908457469259,-2424.12451171875
9.161968750000142,28.396329879760746,13.030328750610352,14.702495574951172,20.09984588623047,0.6717788577079773,141.63645623388163,142.47734217541122,33.052467346191406,261.7520751953125,56.8125,24.796875,0.4390650446869425,-2441.847900390625
9.182671874999869,28.709583282470703,13.215391159057615,14.930070877075195,20.33061408996582,0.8182946443557739,142.30473449139336,142.97855086854503,33.06117630004883,261.60467529296875,56.8125,24.796875,0.6799509279832441,-2485.8740234375
9.20834326171871,28.41730499267578,13.368672370910645,15.109932899475098,20.59126281738281,0.5572440028190613,143.13338376942824,143.6000378270712,33.05183792114258,261.9461975097656,56.8125,24.796875,0.662846618714561,-2485.07275390625
9.22292895507826,28.580242156982425,13.484694480895996,15.265850067138672,20.78016471862793,0.5572440028190613,143.604196834741,143.95314762605577,32.96939468383789,261.8944396972656,56.8125,24.796875,0.5431164538337793,-2543.145751953125
9.24475512695335,28.85055351257324,13.639337539672852,15.420720100402832,20.92267799377441,0.5769868493080139,144.30872603546683,144.48154452660012,33.023685455322266,261.89630126953125,57.15625,24.765625,0.4590196833090437,-2590.4716796875
9.263052978515589,28.47011947631836,13.80162525177002,15.60068702697754,21.089380264282227,0.6736315488815308,144.89936422938177,144.92452317203634,32.998435974121094,261.8883056640625,57.15625,24.765625,0.4775495461124649,-2637.98583984375
9.284991210937733,28.367151260375977,13.969096183776855,15.81370735168457,21.22512435913086,0.6139335036277771,145.0,145.0,32.98466491699219,261.7611999511719,57.15625,24.8125,0.7383908457469259,-2669.991943359375
9.32269775390614,28.44382095336914,14.074506759643556,15.965523719787598,21.43458366394043,0.6932515501976013,145.0,145.0,32.929969787597656,261.81304931640625,57.15625,24.8125,0.5602207631024624,-2649.864501953125
9.328416503906283,28.378156661987305,14.217561721801758,16.082626342773438,21.532560348510746,0.6925128102302551,145.0,145.0,32.89921951293945,261.8016662597656,57.8203125,24.8125,0.8139350727792909,-2680.503662109375
9.345955810546911,28.283042907714844,14.236549377441406,16.194931030273438,21.56545829772949,0.597813606262207,145.0,145.0,32.943321228027344,261.4559631347656,57.8203125,24.8125,0.5260121445650962,-2684.0859375
9.367387939453238,28.07747840881348,14.319883346557615,16.267898559570312,21.55948829650879,0.6481102705001831,145.0,145.0,32.83572769165039,261.70379638671875,58.9375,24.7734375,0.3592441570503631,-2703.03515625
9.390123291015698,27.922983169555664,14.358715057373049,16.3427677154541,21.63496971130371,0.5979695320129395,145.0,145.0,32.85898971557617,261.6379089355469,58.9375,24.7734375,0.3777740198537844,-2711.237060546875
9.411262207031541,28.146841049194336,14.338330268859863,16.385683059692383,21.7243766784668,0.6436864733695984,145.0,145.0,32.80354690551758,261.7153625488281,58.9375,24.7734375,0.7255631970824573,-2731.081787109375
9.430379394531428,27.76471519470215,14.394037246704102,16.42070960998535,21.74195098876953,0.6291722059249878,145.0,145.0,32.833702087402344,261.5459899902344,58.9375,24.7734375,0.6129592444432499,-2741.640625
9.450143798828321,27.73590850830078,14.380791664123535,16.35325813293457,21.734952926635746,0.6291722059249878,145.0,145.0,32.718238830566406,261.5778503417969,60.4609375,24.75,0.6542948529382485,-2708.880126953125
9.471731445312798,27.936466217041016,14.413339614868164,16.340848922729492,21.685544967651367,0.692333459854126,145.0,145.0,32.752742767333984,261.4369506835937,60.4609375,24.75,0.6828020350527219,-2699.876953125
9.489792968749953,28.006393432617188,14.402868270874023,16.434024810791016,21.668773651123047,0.6995776295661926,145.0,145.0,32.71155548095703,261.4153137207031,60.4609375,24.75,0.4832509825353593,-2692.146484375
9.511754638671846,28.09847640991211,14.397127151489258,16.372961044311523,21.648460388183597,0.9188723564147948,145.0,145.0,32.63248062133789,261.4174499511719,60.4609375,24.75,0.3079312292443138,-2721.18310546875
9.532837646484495,27.92119598388672,14.411001205444336,16.448074340820312,21.66908836364746,0.7344028353691101,145.0,145.0,32.671504974365234,261.1667175292969,60.4609375,24.8125,0.4518934710674694,-2677.81689453125
9.553253173828125,28.18462371826172,14.36972713470459,16.436626434326172,21.699892044067383,0.7147215604782104,145.0,145.0,32.69850158691406,261.26220703125,62.1875,24.8125,0.5459667831871974,-2786.84521484375
9.57251293945319,27.94833374023437,14.42464828491211,16.49706268310547,21.66860008239746,0.8472708463668823,145.0,145.0,32.67684555053711,261.1634521484375,62.1875,24.8125,0.23666288510010655,-2746.778564453125
9.59378564453118,28.04445075988769,14.394264221191406,16.454898834228516,21.659996032714844,0.6054427623748779,145.0,145.0,32.61494064331055,261.2535095214844,62.1875,24.8125,0.6756750450950865,-2711.048583984375
9.616916503906396,28.118492126464844,14.402466773986816,16.486276626586914,21.634010314941406,0.6549162864685059,145.0,145.0,32.55672073364258,260.7805480957031,62.1875,24.8125,0.141164019445639,-2736.691162109375
9.636133544921904,28.246034622192383,14.402310371398926,16.42131996154785,21.5958251953125,0.7234215140342712,145.0,145.0,32.54649353027344,260.6299133300781,64.0234375,24.703125,0.6414664265577202,-2688.0927734375
9.658458984375102,28.041418075561523,14.383217811584473,16.47344970703125,21.5813045501709,0.7157294154167175,145.0,145.0,32.5660400390625,260.643310546875,64.0234375,24.703125,0.2765737177764239,-2713.782470703125
9.679552490234528,28.2320613861084,14.366829872131348,16.392122268676758,21.664655685424805,0.7197398543357849,145.0,145.0,32.571067810058594,260.5247802734375,64.0234375,24.703125,0.06847012176669069,-2699.452880859375
9.700979736328009,28.398685455322266,14.374893188476562,16.48507308959961,21.614131927490234,0.7783378958702087,145.0,145.0,32.49937438964844,260.6899719238281,64.0234375,24.703125,0.22383523643563646,-2743.808837890625
9.72042382812515,27.97149085998535,14.340476989746094,16.423030853271484,21.6342887878418,0.9280632138252258,145.0,145.0,32.53113555908203,260.45220947265625,65.71875,24.7734375,0.32075965562483927,-2679.372314453125
9.742376953125131,28.13623809814453,14.39906406402588,16.502595901489258,21.572385787963867,0.7838988304138184,145.0,145.0,32.47835922241211,260.750732421875,65.71875,24.7734375,0.35496827416220544,-2713.970947265625
9.761943115234317,28.338180541992188,14.374578475952148,16.374671936035156,21.54020500183105,0.6480820775032043,145.0,145.0,32.391849517822266,260.8404541015625,65.71875,24.7734375,0.25661830143826453,-2685.453125
9.784356689453034,27.43189239501953,14.31494426727295,16.34318733215332,21.618127822875977,0.6052102446556091,145.0,145.0,32.537437438964844,260.837890625,65.71875,24.7734375,0.015731640425904688,-2709.917236328125
9.80151635742186,27.852651596069336,14.324892044067385,16.3271484375,21.54214096069336,0.6052102446556091,145.0,145.0,32.43138122558594,260.73046875,67.21875,24.7890625,0.4305125011945733,-2695.964599609375
9.825631347656326,28.1114559173584,14.344613075256348,16.33365821838379,21.529541015625,0.683614194393158,145.0,145.0,32.49666976928711,260.6510925292969,67.21875,24.7890625,0.22383523643563646,-2672.631591796875
9.843864501953249,28.137699127197266,14.319761276245115,16.40131950378418,21.52863311767578,0.6847991347312927,145.0,145.0,32.46905899047852,260.145751953125,67.21875,24.7890625,0.008605428184330402,-2712.3212890625
9.863759521484553,28.06160926818848,14.309779167175291,16.396224975585938,21.51011657714844,0.7547464966773987,145.0,145.0,32.44523620605469,259.7884521484375,67.21875,24.7890625,0.5003552918040424,-2687.57421875
9.883661865234444,28.035419464111328,14.213373184204102,16.369802474975586,21.664026260375977,0.7192708253860474,145.0,145.0,32.387977600097656,259.758056640625,68.328125,24.75,0.16396976513721648,-2721.512939453125
9.906366943359444,28.01738929748535,14.291908264160156,16.30840492248535,21.55952453613281,0.7027620673179626,145.0,145.0,32.392356872558594,260.30828857421875,68.328125,24.75,0.3150582192019463,-2681.635009765625
9.927691162109568,27.85480117797852,14.271453857421877,16.335908889770508,21.429540634155277,0.6658945083618164,145.0,145.0,32.36448669433594,260.4643859863281,68.328125,24.765625,0.024284183918275356,-2670.79345703125
9.945593750000171,27.9603214263916,14.243599891662598,16.265316009521484,21.39999389648437,0.6769675612449646,145.0,145.0,32.326107025146484,260.427001953125,68.328125,24.765625,0.16682009449063454,-2705.439208984375
9.967093750000004,27.944766998291016,14.220965385437012,16.28493309020996,21.47910499572754,0.8320944309234619,145.0,145.0,32.3193359375,260.349365234375,68.328125,24.765625,0.16111865806773873,-2721.418701171875
9.987962890625113,27.758323669433597,14.308120727539062,16.361825942993164,21.435176849365234,0.6835201382637024,145.0,145.0,32.33047103881836,260.3788146972656,69.3125,24.765625,0.021433076848799058,-2651.561279296875
10.009500244140781,28.06618881225586,14.24031925201416,16.35477638244629,21.43531608581543,0.810884416103363,145.0,145.0,32.31783676147461,259.9619445800781,69.3125,24.7109375,0.1069554009082728,-2688.139892578125
10.034463134765701,28.05080986022949,14.206741333007812,16.2899227142334,21.38512420654297,0.5988025665283203,145.0,145.0,32.242774963378906,259.8328857421875,70.0546875,24.7109375,0.10267874030405691,-2687.66845703125
10.052078369140872,28.02784919738769,14.193041801452637,16.21995735168457,21.361181259155277,0.7246957421302795,145.0,145.0,32.121707916259766,259.8771667480469,70.0546875,24.7109375,-0.26363952201197755,-2633.649169921875
10.07418310546882,27.73562431335449,14.17339038848877,16.382368087768555,21.33226203918457,0.736668586730957,145.0,145.0,32.06781768798828,260.14923095703125,70.0546875,24.7109375,-0.05268559664882772,-2685.73583984375
10.09707226562523,27.88397789001465,14.200947761535645,16.220394134521484,21.28386688232422,0.736668586730957,145.0,145.0,32.04886245727539,260.0908203125,70.0546875,24.7265625,0.2038798200974756,-2695.39892578125
10.116643554687471,27.91525077819824,14.210144996643066,16.310813903808594,21.34308242797852,0.5872212648391724,145.0,145.0,31.988601684570312,260.130126953125,70.5,24.7265625,0.09270142099300777,-2642.322509765625
10.138104003906392,27.543062210083008,14.235921859741213,16.230831146240234,21.301284790039062,0.8972273468971252,145.0,145.0,32.097503662109375,259.97906494140625,70.5,24.7265625,-0.025603968069092587,-2675.4599609375
10.160907226562813,27.73139190673828,14.214664459228516,16.19685173034668,21.32667732238769,0.7839658856391907,145.0,145.0,32.09434509277344,259.9635314941406,70.5,24.7265625,0.14829100940327153,-2665.749755859375
10.181456054687715,27.94129753112793,14.183180809020996,16.257654190063477,21.25981903076172,0.8847827911376953,145.0,145.0,31.99659538269043,260.0239562988281,70.5,24.75,-0.23655711571618565,-2677.722412109375
10.204064941406159,27.82105255126953,14.206043243408203,16.239086151123047,21.1774959564209,0.8368026614189148,145.0,145.0,31.910903930664062,259.6000366210937,70.8515625,24.75,-0.021327307464881033,-2621.81787109375
10.221387939453052,27.6543083190918,14.144716262817385,16.08379554748535,21.230113983154297,0.8142133951187134,145.0,145.0,31.926454544067383,259.68463134765625,70.8515625,24.75,-0.028454297422512105,-2618.2353515625
10.240699951171791,27.870288848876957,14.136496543884276,16.116310119628906,21.193832397460938,0.8972502946853638,145.0,145.0,31.958444595336918,259.80615234375,70.8515625,24.75,0.03996293965222031,-2632.80078125
10.262587890625127,27.94659805297852,14.175554275512695,16.14702606201172,21.1088924407959,0.6251771450042725,145.0,145.0,31.97008514404297,259.81591796875,70.8515625,24.75,-0.027028743887773952,-2701.4326171875
10.284621093750047,27.806882858276367,14.197771072387695,16.244617462158203,21.15166664123535,1.019497632980347,145.0,145.0,31.94010162353516,259.7641906738281,71.171875,24.7734375,-0.027028743887773952,-2643.1708984375
10.30483911132842,27.70808219909668,14.216008186340332,16.219696044921875,21.121946334838867,0.6966549158096313,145.0,145.0,31.86652374267578,259.75372314453125,71.171875,24.7734375,-0.41187686900723114,-2635.299072265625
10.325301757812667,27.844711303710938,14.137980461120604,16.141998291015625,21.175594329833984,0.996789276599884,145.0,145.0,31.947343826293945,259.5950927734375,71.171875,24.7734375,-0.03985717026830229,-2667.446533203125
10.347378417968685,27.29858016967773,14.163512229919434,16.183483123779297,21.185089111328125,0.6251771450042725,145.0,145.0,31.920032501220703,259.6924743652344,71.171875,24.7734375,0.055641695386165264,-2644.962158203125
10.371017333984582,27.378705978393555,14.159323692321776,16.12749671936035,21.17527961730957,0.6974188685417175,145.0,145.0,31.87516212463379,259.52252197265625,71.421875,24.828125,-0.17241576152961088,-2663.392822265625
10.386325683593896,27.55611801147461,14.127299308776855,16.04976463317871,21.13789749145508,0.6974188685417175,145.0,145.0,31.82060813903809,259.651611328125,71.421875,24.828125,-0.28787082123829316,-2658.726318359375
10.4083527832031,27.105079650878903,14.115816116333008,16.021875381469727,21.09897994995117,0.6260790228843689,145.0,145.0,31.823888778686523,258.7971496582031,71.421875,24.828125,-0.33205675908670995,-2645.905029296875
10.43121215820338,27.525489807128903,14.090667724609377,16.101667404174805,21.09248733520508,0.7305355668067932,145.0,145.0,31.77367782592773,258.8131103515625,71.421875,24.828125,-0.1125510679472477,-2644.7265625
10.453379150390901,27.38554573059082,14.062307357788086,15.982940673828123,21.04060173034668,0.67678302526474,145.0,145.0,31.77378273010254,259.0121154785156,71.421875,24.828125,-0.1809683050219801,-2612.107421875
10.470874267578438,27.60447120666504,14.13906192779541,16.035541534423828,21.12929344177246,0.8830186128616333,145.0,145.0,31.79746627807617,259.3715515136719,71.65625,24.828125,-0.13963269652697993,-2605.885498046875
10.492232421875087,27.25326919555664,14.175938606262209,16.11206817626953,21.0643367767334,0.7459052801132202,145.0,145.0,31.68776130676269,259.2208557128906,71.65625,24.828125,-0.6014506022135416,-2661.17724609375
10.511276123047082,27.24328994750977,14.141505241394045,16.059589385986328,21.09203338623047,0.7840731143951416,145.0,145.0,31.73715209960937,259.0491638183594,71.84375,24.828125,-0.4973991930667049,-2683.143310546875
10.532874999999876,27.31518173217773,14.10373878479004,15.958385467529297,21.0629940032959,0.6010267734527588,145.0,145.0,31.719594955444336,259.08282470703125,71.84375,24.765625,0.01288131107248662,-2579.111572265625
10.55440820312515,27.324583053588867,14.022568702697754,16.051563262939453,21.115175247192383,1.0766091346740725,145.0,145.0,31.73394012451172,258.96923828125,71.84375,24.765625,-0.19664706075592506,-2666.26806640625
10.57332910156265,27.28680992126465,14.065570831298828,16.109783172607422,21.02718162536621,0.7814714312553406,145.0,145.0,31.69106101989746,258.8779602050781,71.84375,24.828125,-0.1125510679472477,-2664.901123046875
10.593327880859306,27.221702575683597,14.050090789794922,16.014616012573242,21.04552459716797,0.6858430504798889,145.0,145.0,31.70997810363769,259.3039855957031,72.0,24.828125,-0.5059509588430173,-2621.252197265625
10.614857177734393,27.24836158752441,14.07663631439209,16.056222915649414,21.038612365722656,0.6842734813690186,145.0,145.0,31.661006927490234,259.244140625,72.0,24.828125,-0.699800574937484,-2639.3056640625
10.634927734375196,26.9786376953125,14.057491302490234,16.031509399414062,21.036500930786133,0.6234048008918762,145.0,145.0,31.69296264648437,259.18017578125,72.0,24.828125,-0.2579380855890832,-2637.79736328125
10.65755761718765,27.09535026550293,14.075204849243164,15.965523719787598,20.90309715270996,0.7300989627838135,145.0,145.0,31.561372756958008,259.2218933105469,72.0,24.828125,-0.2892955970569731,-2590.56591796875
10.679247558593943,27.04813003540039,14.041784286499023,16.00444221496582,20.931421279907227,0.8924148082733154,145.0,145.0,31.57079696655273,259.1883239746094,72.1875,24.828125,-0.5430106844498598,-2595.892333984375
10.699899169921991,27.30672836303711,13.982324600219728,15.883271217346191,20.890548706054688,0.6051521301269531,145.0,145.0,31.568756103515625,259.1235046386719,72.1875,24.828125,-0.1125510679472477,-2673.904296875
10.721326416015927,27.06743621826172,14.026495933532717,15.921491622924805,20.955156326293945,0.6097937226295471,145.0,145.0,31.50896453857422,259.1082458496094,72.1875,24.828125,0.002903991761434586,-2634.21484375
10.740792236328161,27.2843017578125,14.042656898498535,16.00432014465332,20.938438415527344,0.6097937226295471,145.0,145.0,31.516033172607425,259.05145263671875,72.1875,24.828125,-0.5016750759548625,-2630.44384765625
10.760064453124869,27.01956367492676,13.977944374084473,15.94252109527588,20.95075798034668,0.770915150642395,145.0,145.0,31.527830123901367,258.7279663085937,72.359375,24.703125,-0.45321247750222987,-2638.645751953125
10.782250732421744,27.243715286254883,13.983563423156738,15.94775676727295,20.89896011352539,0.825539231300354,145.0,145.0,31.44304847717285,258.5047302246094,72.359375,24.703125,-0.7625163755893206,-2628.935546875
10.802399658203285,27.152080535888672,14.008223533630373,16.00702476501465,20.908315658569336,0.5981515645980835,145.0,145.0,31.46266365051269,258.3911437988281,72.359375,24.703125,-0.5344581409574877,-2643.123779296875
10.822105224609459,27.32236862182617,13.974557876586914,15.977216720581056,20.89838409423828,0.7197074294090271,145.0,145.0,31.499244689941406,258.51885986328125,72.359375,24.703125,-0.2964225870146056,-2607.818115234375
10.84353125000007,27.42654800415039,13.95604133605957,15.90737247467041,20.865800857543945,0.677737295627594,145.0,145.0,31.499645233154297,258.079833984375,72.359375,24.7265625,-0.49882396888538477,-2617.10400390625
10.866159667968986,26.8973331451416,13.938920974731444,15.88009548187256,20.879186630249023,0.8873212337493896,145.0,145.0,31.44149398803711,258.55615234375,72.484375,24.7265625,-0.48029488379802177,-2590.66015625
10.887614013672192,27.15790367126465,13.91181755065918,15.907809257507324,20.854528427124023,0.5954911708831787,145.0,145.0,31.48388671875,258.7154846191406,72.484375,24.7265625,-0.6755692757111684,-2626.76708984375
10.905326660156334,26.637121200561523,13.95431423187256,15.912399291992188,20.87290382385254,0.547248899936676,145.0,145.0,31.36421585083008,258.36767578125,72.484375,24.7265625,-0.484570766686178,-2609.609375
10.925583740234288,27.16744804382324,13.942341804504396,15.847983360290527,20.868715286254883,0.8244259357452393,145.0,145.0,31.476137161254883,258.4959716796875,72.484375,24.7265625,-0.4888466495743342,-2559.266845703125
10.947806640625004,27.29518699645996,13.980003356933594,15.998700141906738,20.867860794067383,0.7357273697853088,145.0,145.0,31.37922477722168,258.6761169433594,72.53125,24.7265625,-0.5814951858753822,-2608.7607421875
10.970439697265647,27.360971450805664,14.030387878417969,16.048995971679688,20.9504451751709,0.7795225977897644,145.0,145.0,31.333709716796875,258.2455749511719,72.53125,24.7265625,-0.37624269693512674,-2662.73291015625
10.98721655273448,27.36421012878418,14.132797241210938,16.042068481445312,21.086990356445312,0.7795225977897644,145.0,145.0,31.364356994628903,258.1517944335937,72.53125,24.7265625,-0.5230552681117004,-2651.6083984375
11.007459228515927,27.240562438964844,14.026007652282717,15.91091537475586,21.1234130859375,0.6957094669342041,145.0,145.0,31.26527976989746,258.3358154296875,72.53125,24.765625,-0.5316078116040711,-2567.138671875
11.034751708984459,27.016084671020508,13.599703788757324,15.266199111938477,20.83321952819824,0.7891612648963928,145.0,145.0,31.235122680664062,258.3941955566406,72.6171875,24.765625,-0.7582404927011659,-2410.831787109375
11.052206787109299,26.59641456604004,13.036994934082031,14.53821849822998,20.311033248901367,0.7046157121658325,145.0,145.0,31.182836532592773,258.37860107421875,72.6171875,24.765625,-0.7781959090393252,-2209.555908203125
11.074382324218732,26.73066520690918,12.01602840423584,13.781773567199709,19.808500289916992,0.670448899269104,145.0,145.0,31.085662841796875,258.32452392578125,72.6171875,24.765625,-0.37481792111644685,-2070.1240234375
11.090700195312365,26.420093536376957,11.28110122680664,13.014037132263184,19.46683883666992,0.6252055764198303,145.0,145.0,30.96442413330078,258.30889892578125,72.6171875,24.765625,-0.394772559738548,-1799.1795654296875
11.11450146484367,25.892711639404297,10.456802368164062,11.786820411682127,18.97107696533203,0.7293069958686829,145.0,145.0,30.79599380493164,258.0889587402344,72.6875,24.828125,-0.6727189463577489,-1440.748291015625
11.136150146484397,25.618572235107425,8.955134391784668,10.72316551208496,18.508716583251957,0.8472708463668823,145.0,145.0,30.661699295043945,258.1040954589844,72.6875,24.828125,-0.6969494678680077,-1122.3836669921875
11.15579663085964,25.53599166870117,8.030799865722656,9.599213600158691,18.08775520324707,0.7253246903419495,145.0,145.0,30.52932357788086,258.0375671386719,72.734375,24.828125,-1.0276343358279976,-1008.6416625976562
11.18032910156262,25.911375045776367,7.409730911254883,9.063538551330566,17.59173011779785,0.9448037147521972,145.0,145.0,30.2622013092041,258.0726318359375,72.734375,24.828125,-1.0618429543653638,-687.1188354492188
11.201288085937449,24.682844161987305,6.87656831741333,7.954088687896728,17.640369415283203,1.0175694227218628,145.0,145.0,30.07954788208008,257.8270874023437,72.734375,24.828125,-0.9834476202635225,-861.0079345703125
11.21844628906274,25.582250595092773,6.384191513061523,8.011663436889648,17.175443649291992,0.8391383290290833,145.0,145.0,29.836055755615234,257.7687683105469,72.734375,24.828125,-1.341214116803246,-574.319580078125
11.23828222656266,25.46265983581543,5.741097927093506,7.685500621795654,16.90507698059082,0.7889914512634277,145.0,145.0,29.661413192749023,257.73931884765625,72.734375,24.7890625,-1.9484190401316417,-724.4986572265625
11.261709228515883,25.594575881958008,5.432858467102051,7.366562843322754,16.82390594482422,0.7318015694618225,145.0,145.0,29.37434196472168,257.7077331542969,72.6953125,24.7890625,-1.666196770624283,-496.3074951171875
11.281174072265912,24.521127700805664,5.009103298187256,7.292914867401123,16.82905387878418,0.9346755146980286,145.0,145.0,29.164270401000977,257.54541015625,72.6953125,24.7890625,-0.9164559367235268,-807.7901000976562
11.300925537109379,23.65288543701172,4.831545352935791,7.503754138946533,16.51273536682129,0.9346755146980286,145.0,145.0,28.97823143005371,257.3548583984375,72.6953125,24.7890625,-1.86004638671875,-694.5194091796875
11.320198242187416,25.14721298217773,4.621456623077393,7.638676643371582,16.51158332824707,0.8969612121582031,145.0,145.0,28.69107437133789,257.137451171875,72.6953125,24.7890625,-0.5558391108303867,-557.3030395507812
11.341727050781174,24.48780632019043,4.480478286743164,7.583562850952148,16.306293487548828,0.8365758061408997,145.0,145.0,28.43508720397949,257.3642578125,72.03125,24.7890625,-0.28787082123829316,-518.4619750976562
11.360633056640836,24.27799797058105,3.9228827953338623,5.435991287231445,16.460674285888672,0.8360015153884888,145.0,145.0,28.22344398498535,257.396484375,72.03125,24.7890625,-2.874905180858182,-159.08802795410156
11.383280273437776,24.617942810058597,3.2489514350891118,5.450528621673584,16.13547134399414,0.9446494579315186,145.0,145.0,27.987823486328125,257.3993530273437,72.03125,24.7890625,-0.19664706075592506,-170.5423583984375
11.403976562500247,24.448734283447266,2.424669981002808,5.47639274597168,15.789814949035645,0.799099326133728,145.0,145.0,27.83454132080078,257.3038635253906,72.03125,24.8125,-1.5977795335495508,-118.36148834228516
11.426988769531363,24.72733497619629,1.866934895515442,5.458626747131348,16.160167694091797,1.0345369577407837,145.0,145.0,27.68522071838379,257.2764587402344,70.203125,24.8125,-0.6541890835543277,-120.4355239868164
11.444959716796802,24.58751106262207,1.6506332159042358,5.399638175964356,15.741455078125,0.8993785977363586,145.0,145.0,27.514190673828125,257.11102294921875,70.203125,24.8125,-0.9349857995269495,-151.45179748535156
11.468383544921835,24.91542625427246,1.6205631494522097,5.381226539611816,15.98744297027588,0.9912718534469604,145.0,145.0,27.30315971374512,256.87066650390625,70.203125,24.8125,-0.6727189463577489,-130.61715698242188
11.484864013671995,24.90952491760254,1.5877008438110352,5.380056858062744,15.571855545043944,1.1021232604980469,145.0,145.0,27.07317543029785,256.970458984375,70.203125,24.8125,-0.8893735304277364,-140.3745574951172
11.508128417968692,24.41174697875977,1.5612608194351196,5.368521213531494,15.429986953735352,0.8254451155662537,145.0,145.0,26.891481399536133,256.91082763671875,67.7734375,24.796875,-1.0276343358279976,-137.02781677246094
11.527427001953129,24.46835708618164,1.5298470258712769,5.352465152740479,15.293075561523438,0.9598841071128844,145.0,145.0,26.645999908447266,256.3085632324219,67.7734375,24.796875,-0.7953002183080083,-129.34445190429688
11.546367187499982,24.06377410888672,1.544559121131897,5.311173439025879,15.044469833374023,0.9598841071128844,145.0,145.0,26.509750366210938,256.2278137207031,67.7734375,24.796875,-0.9079033932311575,-126.37481689453124
11.570700683593714,23.830711364746094,1.5259552001953125,5.266513347625732,14.97806453704834,1.0618832111358645,145.0,145.0,26.43515968322754,256.1629333496094,67.7734375,24.796875,-0.6385095501043259,-128.30743408203125
11.588061279297108,24.068866729736328,1.5093058347702026,5.269218444824219,14.870192527770996,1.0374259948730469,145.0,145.0,26.336938858032227,256.64044189453125,65.1640625,24.8125,-1.0262087822932593,-123.59371948242188
11.60907250976561,24.048023223876957,1.4900212287902832,5.243197441101074,14.811169624328612,1.2087619304656982,145.0,145.0,26.03610038757324,256.8272399902344,65.1640625,24.8125,-0.8081278669724771,-121.80250549316406
11.63058374023467,24.24358558654785,1.485378980636597,5.251871109008789,14.786736488342283,0.9120336771011353,145.0,145.0,25.92629051208496,256.9026794433594,65.1640625,24.8125,-0.9748958544872086,-127.27042388916016
11.650758544922155,24.257503509521484,1.483843207359314,5.289934158325195,14.627032279968262,0.91461580991745,145.0,145.0,25.750844955444336,256.8649597167969,65.1640625,24.8125,-0.8651430089174804,-117.89012145996094
11.669600341796922,24.44133949279785,1.4800212383270264,5.27750825881958,14.68500804901123,0.848377525806427,145.0,145.0,25.525711059570312,256.5224914550781,65.1640625,24.828125,-1.3098558276192993,-117.70156860351562
11.695560546875186,24.090147018432617,1.4567575454711914,5.254174709320068,14.355093002319336,0.8726815581321716,145.0,145.0,25.3441219329834,255.8038787841797,62.1875,24.828125,-1.074671380745892,-122.36815643310548
11.715208496093965,24.131563186645508,1.4586074352264404,5.245361328125,14.54258155822754,0.9195228219032288,145.0,145.0,25.19087600708008,255.7572479248047,62.1875,24.828125,-0.9962760466440493,-116.66455078125
11.733650146484251,23.99065971374512,1.4667401313781738,5.212813377380371,14.488287925720217,1.0051233768463137,145.0,145.0,24.93841361999512,256.1517333984375,62.1875,24.828125,-1.0247832287585212,-112.28079223632812
11.752676269531548,24.299671173095703,1.4844366312026978,5.209392547607422,14.128337860107422,0.8765608072280884,145.0,145.0,24.74814987182617,256.36590576171875,62.1875,24.765625,-0.9948504931093113,-121.94391632080078
11.774922851562678,24.0466365814209,1.4602130651474,5.21729850769043,13.919732093811035,0.9492199420928956,145.0,145.0,24.6453914642334,256.47808837890625,59.0625,24.765625,-1.2157817377835103,-107.89703369140624
11.798539550781243,24.06681632995605,1.4364955425262451,5.22162675857544,13.800063133239746,1.096172571182251,145.0,145.0,24.438217163085938,256.0015869140625,59.0625,24.765625,-0.8993516274548465,-112.09224700927734
11.818711669921868,24.31087303161621,1.4383280277252195,5.194907188415527,13.824304580688477,1.0961202383041382,145.0,145.0,24.35020637512207,255.58441162109372,56.0703125,24.765625,-1.0005519295322056,-116.99451446533205
11.837853759765494,24.392549514770508,1.4269492626190186,5.226565361022949,13.639398574829102,0.906367301940918,145.0,145.0,24.18144416809082,256.13311767578125,56.0703125,24.7109375,-1.1402375107511482,-109.1226043701172
11.85674999999992,24.68943214416504,1.4412076473236084,5.23893928527832,13.62650203704834,1.0420092344284058,145.0,145.0,24.043119430541992,256.2556457519531,56.0703125,24.7109375,-0.9364105753456294,-115.81608581542967
11.879316162109262,24.946218490600582,1.4400209188461304,5.317473888397217,13.574668884277344,0.8472339510917664,145.0,145.0,23.908126831054688,255.77896118164065,56.0703125,24.7734375,-1.2072299720071993,-102.28771209716795
11.902296142578052,25.144746780395508,1.3599156141281128,5.314663887023926,13.554424285888672,0.9443217515945436,145.0,145.0,23.750883102416992,255.4192657470703,53.28125,24.7734375,-1.2542670169250922,-108.17985534667967
11.919419433593703,25.069801330566406,1.4212249517440796,5.366531848907471,13.499467849731444,0.8358110189437866,145.0,145.0,23.66945075988769,255.3292694091797,53.28125,24.7734375,-1.0176562388008887,-118.78572845458984
11.943306152343666,25.193897247314453,1.4223244190216064,5.382430553436279,13.43836784362793,0.8358110189437866,145.0,145.0,23.49328994750977,255.1807098388672,53.28125,24.7734375,-1.0433130915619424,-110.81954193115234
11.9601774902344,25.305164337158203,1.3898634910583496,5.384908676147461,13.308978080749512,0.7876419425010681,145.0,145.0,23.3612117767334,255.89366149902344,53.28125,24.7734375,-0.9748958544872086,-109.1226043701172
11.982546875000025,25.706695556640625,1.436897039413452,5.468015670776367,13.507094383239746,0.8257251381874084,145.0,145.0,23.19339179992676,255.9798126220703,50.921875,24.7421875,-0.8252321762411601,-107.4728012084961
12.00131152343738,26.233552932739254,1.4023417234420776,6.3991217613220215,13.092117309570312,0.9967025518417358,145.0,145.0,23.04237937927246,255.8366851806641,50.921875,24.7421875,-1.0276343358279976,-99.17665100097656
12.024726562500291,26.65907859802246,1.3705439567565918,7.138411521911621,12.922290802001951,0.98972886800766,145.0,145.0,22.982221603393555,255.91905212402344,50.921875,24.7421875,-1.1801483434274656,-109.2640151977539
12.045075439453285,27.21529960632324,1.3613990545272827,8.07265853881836,12.833215713500977,0.8731524348258972,145.0,145.0,22.83904457092285,255.97239685058597,50.921875,24.7421875,-1.2699457726590373,-109.2640151977539
12.065201416015498,27.49751281738281,1.3894097805023191,8.854373931884766,12.970982551574709,0.981476664543152,145.0,145.0,22.74801445007324,256.0111083984375,50.921875,24.765625,-1.1402375107511482,-116.61741638183594
12.08489868164088,27.72689819335937,1.398310303688049,9.62307071685791,12.77197551727295,0.7901269197463989,145.0,145.0,22.542200088500977,256.0458068847656,48.7890625,24.765625,-1.0846487000569411,-123.45230865478516
12.105097167968779,27.697742462158203,1.39122474193573,10.623043060302734,12.790510177612305,1.0635223388671875,145.0,145.0,22.343402862548828,255.38731384277344,48.7890625,24.765625,-1.225759834810622,-106.05868530273438
12.129204101562664,27.811595916748047,1.3891829252243042,11.351738929748535,12.4754638671875,0.8386011719703674,145.0,145.0,22.205968856811523,255.7470703125,48.7890625,24.765625,-1.1245587550172031,-111.33805084228516
12.145789794922166,27.845746994018555,1.4275774955749512,11.752596855163574,12.339879035949709,0.9379788637161256,145.0,145.0,22.12430953979492,255.49752807617188,48.7890625,24.828125,-1.3155572640421922,-115.53325653076172
12.172957275390672,27.809654235839844,1.381556272506714,12.394869804382324,12.410263061523438,0.9091532230377196,145.0,145.0,21.87491798400879,255.5242919921875,46.9296875,24.828125,-1.220058398387726,-100.35508728027344
12.18960498046863,27.655519485473636,1.3941742181777954,12.690596580505373,12.613492965698242,1.086920976638794,145.0,145.0,21.7471866607666,255.64459228515625,46.9296875,24.828125,-1.0946260193679918,-99.60089111328124
12.214526611328438,27.70967483520508,1.313859462738037,13.250460624694824,12.049370765686035,0.9386616945266724,145.0,145.0,21.642980575561523,255.5310211181641,46.9296875,24.828125,-1.232886824768253,-84.28130340576172
12.233566162109582,27.765544891357425,1.3091822862625122,13.508228302001951,11.997136116027832,0.9555298686027528,145.0,145.0,21.374252319335938,254.9541473388672,46.9296875,24.7890625,-1.1274098620866795,-89.13642883300781
12.251697265624898,27.849346160888672,1.316547155380249,13.71507167816162,11.920032501220703,1.0827112197875977,145.0,145.0,21.28199958801269,255.16448974609372,45.1953125,24.7890625,-1.0760961565645706,-89.37211608886719
12.270825683594012,27.807395935058597,1.2784490585327148,13.728474617004396,11.889892578125,1.0827112197875977,145.0,145.0,21.170534133911133,255.2242431640625,45.1953125,24.7890625,-1.0119548023779943,-91.39901733398438
12.293535156250073,27.726123809814453,1.2945051193237305,14.069174766540527,12.022616386413574,1.1576846837997437,145.0,145.0,21.092086791992188,255.26712036132807,45.1953125,24.7890625,-1.1687454705816753,-94.9814453125
12.315359863281174,27.67948341369629,1.260647892951965,14.447571754455566,11.620641708374023,1.0918266773223877,145.0,145.0,20.88784408569336,254.89797973632807,45.1953125,24.7421875,-1.268520219124299,-83.47996520996094
12.336770507812616,27.53644180297852,1.2787283658981323,14.875777244567873,11.64943790435791,1.1578468084335327,145.0,145.0,20.727371215820312,255.44683837890625,43.7265625,24.7421875,-1.2100803013606174,-81.87730407714844
12.355537841796831,27.57780265808105,1.2382044792175293,15.137768745422363,11.50859832763672,1.4187151193618774,145.0,145.0,20.652711868286133,255.15179443359372,43.7265625,24.7421875,-1.0889245829450975,-82.06584930419922
12.379156494140716,27.48770523071289,1.2206476926803589,15.242830276489258,11.471146583557127,1.397884964942932,145.0,145.0,20.56148910522461,255.43655395507807,43.7265625,24.7421875,-1.1530659371316736,-84.8469467163086
12.396548339843775,27.333288192749023,1.2666339874267578,15.327909469604492,11.349888801574709,1.5734562873840332,145.0,145.0,20.387386322021484,255.08026123046875,43.7265625,24.7421875,-1.1958270991614104,-81.0288314819336
12.420480224609491,27.278564453125,1.2748888731002808,15.313581466674805,11.411861419677734,1.641986846923828,145.0,145.0,20.19083976745605,254.94876098632807,42.6171875,24.8125,-1.1117303286366749,-79.09620666503906
12.439377929687453,26.989501953125,1.1931780576705933,15.262691497802734,11.19924259185791,1.9377586841583248,145.0,145.0,20.15101432800293,254.18209838867188,42.6171875,24.8125,-1.1687454705816753,-80.74600982666016
12.461197753906163,26.87747001647949,1.1812058687210083,15.202569007873535,11.246869087219238,1.8758724927902224,145.0,145.0,20.05218315124512,254.2073211669922,41.796875,24.8125,-1.316982817576929,-81.87730407714844
12.48141113281281,26.756221771240234,1.2212235927581787,14.976336479187012,11.581130027770996,1.980447769165039,145.0,145.0,19.90546417236328,254.4342041015625,41.796875,24.8125,-1.295602625420091,-71.17716217041016
12.50261962890636,26.682933807373047,1.2398275136947632,14.807923316955566,11.362088203430176,2.241703510284424,145.0,145.0,19.8028621673584,254.6769256591797,41.796875,24.859375,-1.2784983161514094,-76.73934936523438
12.525321289062504,26.506874084472656,1.195551514625549,14.695182800292969,11.019537925720217,2.2013983726501465,145.0,145.0,19.73160552978516,254.54067993164065,41.796875,24.859375,-1.2599684533479882,-76.1265640258789
12.544078124999942,26.31047248840332,1.1427762508392334,14.600540161132812,10.91067123413086,2.074000358581543,145.0,145.0,19.63249397277832,254.55593872070312,41.1015625,24.859375,-1.248565580502198,-64.86077880859375
12.563365966796937,26.16621971130371,1.1363364458084106,14.559405326843262,10.861072540283203,2.4560530185699463,145.0,145.0,19.49731063842773,254.7185821533203,41.1015625,24.859375,-1.3369382339150913,-65.23787689208984
12.587631591797162,26.037303924560547,1.1838586330413818,14.188931465148926,10.731001853942873,2.533003091812134,145.0,145.0,19.36460494995117,254.5844268798828,41.1015625,24.859375,-1.182998672780885,-69.15026092529297
12.60836962890653,25.82391929626465,1.1171391010284424,13.997097969055176,10.599726676940918,2.542144060134888,145.0,145.0,19.262771606445312,254.4590606689453,41.1015625,24.859375,-1.2229087277411441,-67.78328704833984
12.627219726562544,25.675018310546875,1.1436837911605835,13.802419662475586,10.689849853515623,2.656278371810913,145.0,145.0,19.15718650817871,254.4567108154297,41.1015625,24.7890625,-1.2827741990395642,-66.18061828613281
12.648795654296919,25.5626277923584,1.0964409112930298,13.927498817443848,10.427875518798828,2.693334579467773,145.0,145.0,19.13837242126465,253.80116271972656,40.5234375,24.7890625,-1.3982284810321897,-67.02909088134766
12.673843750000287,25.35795783996582,1.165045142173767,13.663604736328123,10.356566429138184,2.7324509620666504,145.0,145.0,18.996557235717773,254.0071258544922,40.5234375,24.7890625,-1.3055799447311416,-66.934814453125
12.693614990234437,25.187767028808597,1.0964583158493042,13.35484218597412,10.401296615600586,3.0060155391693115,145.0,145.0,18.738893508911133,253.5636749267578,40.5234375,24.7890625,-1.1715957999350948,-65.37928771972656
12.716246093750215,24.97141456604004,1.089756727218628,13.30374240875244,10.266827583312988,2.8234219551086426,145.0,145.0,18.71898078918457,254.07167053222656,40.5234375,24.796875,-1.2015285355843064,-58.87435531616211
12.731868408203354,24.833816528320312,1.1018685102462769,13.184212684631348,10.219392776489258,2.8234219551086426,145.0,145.0,18.59735679626465,253.98472595214844,40.0234375,24.796875,-1.2613940068827234,-64.0594482421875
12.752936035156381,24.72802352905273,1.0654109716415403,13.095084190368652,10.30832862854004,2.40789532661438,145.0,145.0,18.5101318359375,254.19276428222656,40.0234375,24.796875,-1.3141324882235124,-66.0392074584961
12.774449951171846,24.58426094055176,1.0633342266082764,12.98983097076416,10.101591110229492,2.937809705734253,145.0,145.0,18.398820877075195,254.04771423339844,40.0234375,24.796875,-1.3141324882235124,-59.3457260131836
12.79596264648444,24.43971443176269,1.0878195762634275,12.915711402893066,10.141940116882324,2.6411468982696533,145.0,145.0,18.293760299682617,253.9022521972656,40.0234375,24.796875,-1.2186328448529866,-60.14705657958984
12.816013671875226,24.335405349731445,1.0406289100646973,12.864925384521484,10.049670219421388,3.110704183578491,145.0,145.0,18.240966796875,253.7967834472656,39.546875,24.796875,-1.3611695331414069,-60.665565490722656
12.836260498047068,24.18768310546875,1.0509954690933228,12.768921852111816,9.923089981079102,3.0225138664245605,145.0,145.0,18.07073783874512,253.38998413085935,39.546875,24.796875,-1.446691079484821,-61.04266357421875
12.856212646484437,24.06643486022949,1.090803861618042,12.74321460723877,9.869093894958496,3.0329535007476807,145.0,145.0,17.942501068115234,253.3475799560547,39.546875,24.796875,-1.232886824768253,-59.25144958496094
12.879698730469045,23.89865493774414,1.047452688217163,12.596511840820312,9.908587455749512,3.2383251190185547,145.0,145.0,17.779306411743164,253.2294158935547,39.546875,24.7734375,-1.2442896976140432,-61.32548904418945
12.896422363281545,23.740079879760746,1.0674703121185305,12.56645965576172,9.80621337890625,3.1165361404418945,145.0,145.0,17.692340850830078,253.1571350097656,39.1953125,24.7734375,-1.3369382339150913,-52.08659744262695
12.917423828125266,23.575124740600582,1.062252163887024,12.469966888427734,9.729424476623535,3.040480613708496,145.0,145.0,17.631032943725586,253.44044494628903,39.1953125,24.7734375,-1.2856245283929821,-51.379539489746094
12.938492919921828,23.482421875,1.0491631031036377,12.407086372375488,9.675932884216309,2.951570510864258,145.0,145.0,17.490909576416016,253.49224853515625,39.1953125,24.7734375,-1.2129314084300935,-45.67594146728516
12.960409667968634,23.234546661376957,1.0414491891860962,12.25082015991211,9.674519538879396,3.296284437179565,145.0,145.0,17.3544864654541,253.55470275878903,39.1953125,24.7734375,-1.248565580502198,-42.84770965576172
12.980809326171766,23.201147079467773,1.0546430349349976,12.14601993560791,9.555706024169922,2.8064088821411133,145.0,145.0,17.428464889526367,253.48216247558597,39.046875,24.8125,-1.2998785083082474,-49.30550384521485
13.001540527343877,23.009653091430664,1.0481683015823364,12.125496864318848,9.597468376159668,2.8064088821411133,145.0,145.0,17.30718994140625,253.45335388183597,39.046875,24.8125,-1.3041543911964035,-58.544395446777344
13.0301220703127,22.94343376159668,1.0681859254837036,11.929491996765137,9.530801773071287,3.0706233978271484,145.0,145.0,17.15961456298828,253.5408477783203,39.046875,24.8125,-1.3055799447311416,-52.13373565673828
13.047160644531232,22.73033332824707,1.0417808294296265,11.831201553344728,9.45237159729004,3.177841663360596,145.0,145.0,17.09891700744629,253.2013092041016,39.046875,24.7734375,-1.344064446156664,-43.884727478027344
13.064900146484433,22.64831924438477,1.043613314628601,11.75641918182373,9.516228675842283,2.9104561805725098,145.0,145.0,17.017101287841797,253.2110595703125,38.9140625,24.7734375,-1.2129314084300935,-51.52095031738281
13.087078857422057,22.543354034423828,1.0408906936645508,11.69006633758545,9.376699447631836,3.3536741733551025,145.0,145.0,16.922143936157227,253.39276123046875,38.9140625,24.7734375,-1.311281381154036,-53.924949645996094
13.108483154297119,22.473588943481445,1.0558123588562012,11.631514549255373,9.397432327270508,3.038294792175293,145.0,145.0,16.903522491455078,252.8326873779297,38.9140625,24.7734375,-1.1958270991614104,-39.123870849609375
13.125019531250018,22.400224685668945,1.0408209562301636,11.536417007446287,9.341306686401367,3.1951212882995605,145.0,145.0,16.717222213745117,253.0726318359375,38.78125,24.7734375,-1.221483174206406,-37.615478515625
13.147692871094023,22.29286193847656,1.084189534187317,11.507638931274414,9.303906440734863,3.354097843170166,145.0,145.0,16.624183654785156,252.99810791015625,38.78125,24.7421875,-1.1644688099774623,-41.66927719116211
13.172532958984448,22.13962173461914,1.0690759420394895,11.414514541625977,9.231201171875,3.141252040863037,145.0,145.0,16.51313591003418,252.59103393554688,38.78125,24.7421875,-1.2856245283929821,-31.01627349853516
13.186684326171871,22.054521560668945,1.074869990348816,11.375211715698242,9.335598945617676,3.359497547149658,145.0,145.0,16.489559173583984,252.40060424804688,38.78125,24.7421875,-1.2599684533479882,-39.783790588378906
13.21105468750011,21.90851211547852,1.05584716796875,11.262540817260742,9.114184379577637,3.282180070877075,145.0,145.0,16.39325714111328,252.11334228515625,38.765625,24.7421875,-1.371146852452456,-38.558223724365234
13.228323974609339,21.768360137939453,1.0419204235076904,11.174774169921877,9.057744026184082,3.168370723724365,145.0,145.0,16.270708084106445,252.2450408935547,38.765625,24.828125,-1.3611695331414069,-41.66927719116211
13.251817138671868,21.647951126098636,1.0919556617736816,11.075507164001465,8.992106437683105,3.413031816482544,145.0,145.0,16.157148361206055,252.4395446777344,38.765625,24.828125,-1.3397885632685078,-36.86128616333008
13.272030273437394,21.54065322875977,1.080559492111206,11.058438301086426,9.00589370727539,3.039942979812622,145.0,145.0,16.064617156982422,252.83615112304688,38.765625,24.828125,-1.3298112439574572,-35.777130126953125
13.290080322265567,21.402606964111328,1.0600183010101318,11.002731323242188,8.987080574035645,2.881671190261841,145.0,145.0,15.96782684326172,252.8401031494141,38.8203125,24.828125,-1.325535361069301,-36.24850082397461
13.312976562499898,21.280792236328125,1.090803861618042,10.892102241516112,8.87015151977539,3.166923999786377,145.0,145.0,15.881107330322266,252.4064178466797,38.8203125,24.796875,-1.4210342267237672,-35.070072174072266
13.330649658203129,21.19434928894043,1.052129864692688,10.856063842773438,8.793466567993164,3.166923999786377,145.0,145.0,15.772223472595217,252.37120056152344,38.8203125,24.796875,-1.1758716828232512,-39.64237976074219
13.353317871093623,21.10368537902832,1.0551142692565918,10.78485870361328,8.612767219543457,2.7345821857452397,145.0,145.0,15.661175727844238,252.22103881835935,38.8203125,24.765625,-1.2827741990395642,-36.719871520996094
13.374342041015552,20.97387313842773,1.0360215902328491,10.72836685180664,8.801372528076172,3.1044368743896484,145.0,145.0,15.566428184509276,252.38038635253903,38.84375,24.765625,-1.1017530093256243,-35.40003204345703
13.392166748046748,20.83313369750977,1.0392502546310425,10.635783195495604,8.594006538391113,2.8629226684570312,145.0,145.0,15.460650444030762,252.156494140625,38.84375,24.765625,-1.2471400269674597,-26.962474822998047
13.413325927734604,20.728158950805664,1.0443637371063232,10.575713157653809,8.184282302856445,2.8880088329315186,145.0,145.0,15.372185707092283,252.45880126953125,38.84375,24.765625,-1.2927515183506133,-26.396827697753903
13.434158935546748,20.664852142333984,1.0406289100646973,10.507841110229492,8.001715660095215,2.7908132076263428,145.0,145.0,15.16084098815918,252.36251831054688,38.84375,24.7421875,-1.3383630097337698,-26.679651260375977
13.45336474609394,20.560945510864254,1.04991352558136,10.544490814208984,7.939306735992432,2.916936159133911,145.0,145.0,15.103754997253418,252.3972930908203,38.84375,24.7421875,-1.3055799447311416,-21.30601119995117
13.477242431640661,20.48932647705078,1.0402624607086182,10.475345611572266,7.86063289642334,3.136435508728028,145.0,145.0,14.972357749938965,252.55059814453125,38.78125,24.7421875,-1.2856245283929821,-34.4572868347168
13.49401953125016,20.40592765808105,1.0675052404403689,10.392709732055664,7.995293617248535,2.9364893436431885,145.0,145.0,14.916528701782228,252.33428955078125,38.78125,24.7421875,-1.3540425431837715,-30.73344993591309
13.51562109375027,20.327720642089844,1.018604397773743,10.320806503295898,7.625360488891602,3.0896434783935547,145.0,145.0,14.739808082580566,252.02708435058597,38.78125,24.765625,-1.3198339246464053,-35.070072174072266
13.535438720703041,20.261205673217773,1.036143779754639,10.30989933013916,7.663947105407715,3.089777708053589,145.0,145.0,14.64293098449707,252.1063537597656,38.78125,24.765625,-1.2713713261937754,-26.302553176879883
13.557689941406352,20.21216583251953,1.0402624607086182,10.190998077392578,7.494696617126465,2.961648941040039,129.29054512937768,129.29054512937768,14.43971824645996,252.39739990234372,38.7109375,24.765625,-1.311281381154036,-23.238636016845703
13.577617431640647,20.140077590942383,1.0411700010299685,10.18106746673584,7.541153907775879,2.961648941040039,106.96292607097851,106.96292607097851,14.36800765991211,252.4585876464844,38.7109375,24.765625,-1.3369382339150913,-22.908676147460938
13.600635253906148,20.02683448791504,1.0191104412078855,10.074714660644531,7.66471529006958,2.876117706298828,81.1727657920751,81.1727657920751,14.248303413391112,251.91452026367188,38.7109375,24.765625,-1.2457144734327217,-25.689769744873047
13.618444335937511,19.873987197875977,0.9879933595657348,10.033684730529783,7.283228874206543,3.1155476570129395,61.21870260113644,61.21870260113644,14.098634719848633,252.3436737060547,38.7109375,24.7734375,-1.2528414633903542,-21.49456024169922
13.637798828125142,19.86653709411621,1.0363357067108154,10.00073528289795,7.268377304077148,3.141939878463745,39.53309525426543,39.53309525426543,14.03201961517334,251.8828887939453,38.5546875,24.7734375,-1.341214116803246,-28.9893741607666
13.660423828125204,19.784772872924805,1.0402798652648926,9.97073459625244,7.216404914855957,3.0328218936920166,14.183069974871529,14.183069974871529,13.922385215759276,251.38064575195312,38.5546875,24.7734375,-1.2770727626166682,-26.302553176879883
13.686683837890541,19.68239402770996,1.036824345588684,9.92811679840088,7.148585796356201,3.2191522121429443,0.0,0.0,13.880168914794922,251.9451446533203,38.5546875,24.7734375,-1.4082058003432416,-21.400285720825195
13.706001464843666,19.580005645751957,1.0282728672027588,9.90281105041504,7.252810001373291,3.278982639312744,0.0,0.0,13.71077823638916,251.93495178222656,38.5546875,24.8125,-1.2271853883453572,-29.41360855102539
13.721887939453154,19.567842483520508,1.0396865606307983,9.82129192352295,7.046682834625244,3.2057647705078125,0.0,0.0,13.628352165222168,251.74317932128903,38.46875,24.8125,-1.2471400269674597,-24.275653839111328
13.743956054687715,19.84185218811035,1.0055850744247437,9.242020606994627,7.020260334014893,3.376319169998169,0.0,0.0,13.503795623779297,251.6396942138672,38.46875,24.8125,-1.3283856904227191,-20.22185516357422
13.762026367187445,20.20561981201172,1.0391979217529297,8.464388847351074,7.003471374511719,2.741051197052002,0.0,0.0,13.385907173156738,251.2988128662109,38.46875,24.8125,-1.3469155532261403,-25.02985000610352
13.784424560546995,20.469202041625977,1.052950143814087,7.495499134063721,6.97504186630249,2.741051197052002,0.0,0.0,13.300129890441896,251.81466674804688,38.46875,24.7734375,-1.258542899813247,-27.38670921325684
13.806447998047133,20.704042434692383,1.0400530099868774,6.488197326660156,6.684568881988525,2.218526124954224,0.0,0.0,13.232135772705078,251.66156005859372,38.3046875,24.7734375,-1.279923091970088,-21.400285720825195
13.825970458984557,20.883625030517575,1.0326184034347534,5.168100833892822,6.201982498168945,2.2900261878967285,0.0,0.0,13.199430465698242,251.73458862304688,38.3046875,24.7734375,-1.2428641440793022,-23.992830276489254
13.845187988281396,20.97279357910156,1.0412397384643557,4.351707935333252,5.934319019317627,1.908801794052124,0.0,0.0,13.178034782409668,251.5981903076172,37.9921875,24.7734375,-1.235737154121671,-21.164600372314453
13.868763671875058,21.081586837768555,1.0138399600982666,3.3556973934173584,5.377648830413818,1.2460408210754397,0.0,0.0,13.063915252685549,251.5751953125,37.9921875,24.7890625,-1.1772972363579892,-17.44076156616211
13.887719238281534,21.16270637512207,1.001239538192749,2.325742721557617,4.936214447021484,1.146058440208435,0.0,0.0,13.044211387634276,251.31776428222656,37.9921875,24.7890625,-1.1929759920919343,-15.74382209777832
13.90835424804709,21.230430603027344,1.0409082174301147,1.6344637870788574,4.540452480316162,1.0456643104553225,0.0,0.0,13.021157264709473,251.46397399902344,37.9921875,24.7890625,-1.1972526526961487,-18.336368560791016
13.928030029297133,21.29779624938965,1.0302449464797974,1.2191903591156006,4.16315507888794,1.059687614440918,0.0,0.0,13.028626441955566,251.3025054931641,37.9921875,24.7890625,-1.2613940068827234,-15.460999488830566
13.950248291015669,21.392234802246094,0.9876443147659302,1.1294167041778564,3.760255098342896,0.9043296575546264,0.0,0.0,12.987526893615724,251.4630126953125,37.96875,24.8125,-1.2913267425319348,-16.969388961791992
13.970236083984673,21.480388641357425,0.9999131560325624,1.0587530136108398,3.3506886959075928,0.8347837924957275,0.0,0.0,12.925886154174805,251.21954345703125,37.96875,24.8125,-1.268520219124299,-15.602411270141602
13.990467529296893,21.54833221435547,1.0137351751327517,1.104983687400818,3.0455729961395264,1.0442602634429932,0.0,0.0,12.98817253112793,251.15809631347656,37.96875,24.8125,-1.173021353469833,-17.063663482666016
14.010138916015876,21.632463455200195,1.0269465446472168,1.0806554555892944,2.721015930175781,0.7639598846435547,0.0,0.0,12.959935188293455,251.16925048828125,37.96875,24.8125,-1.2613940068827234,-14.282569885253906
14.030783447265549,21.689455032348636,1.0400705337524414,1.043813943862915,2.37813401222229,0.6926323175430298,0.0,0.0,12.983565330505373,251.20291137695312,38.5390625,24.8125,-1.2670954433056192,-16.262331008911133
14.05423168945299,21.754507064819336,1.0371559858322144,1.0435696840286257,2.1467535495758057,0.711615264415741,0.0,0.0,13.04187297821045,251.0116729736328,38.5390625,24.8125,-1.2556925704598305,-16.215194702148438
14.07369482421882,21.831329345703125,1.0277667045593262,1.0322606563568115,1.870137333869934,0.5615169405937195,0.0,0.0,13.062204360961914,251.16343688964844,38.5390625,24.8125,-1.2556925704598305,-13.764060020446776
14.093575195312496,21.91958236694336,1.029930830001831,1.0647914409637451,1.7302759885787964,0.5197524428367615,0.0,0.0,13.140756607055664,250.8377685546875,38.5390625,24.8125,-1.2927515183506133,-13.10413932800293
14.111595947265869,21.974796295166016,1.0282902717590332,1.017810344696045,1.5180929899215698,0.5197524428367615,0.0,0.0,13.233846664428713,251.2490997314453,39.6875,24.8125,-1.2784983161514094,-16.120920181274414
14.135395996093848,22.02916145324707,1.040454387664795,1.0908474922180176,1.3778128623962402,0.5741077065467834,0.0,0.0,13.253462791442873,250.8132781982422,39.6875,24.8125,-1.2029540891190416,-15.932371139526367
14.15442358398468,22.10493469238281,1.0497214794158936,1.0426795482635498,1.3452820777893066,0.5482102036476135,0.0,0.0,13.31370735168457,250.8686981201172,39.6875,24.8125,-1.2343116005869315,-13.999746322631836
14.174598144531501,22.21009635925293,1.0292850732803345,1.001213312149048,1.2473232746124268,0.4404065608978271,0.0,0.0,13.433323860168455,250.7440948486328,39.6875,24.765625,-1.268520219124299,-17.15793800354004
14.198470214843837,22.247072219848636,1.0025484561920166,1.0467458963394165,1.2147401571273804,0.5431771278381348,0.0,0.0,13.456482887268066,250.8609619140625,40.78125,24.765625,-1.2841997525743023,-14.423980712890623
14.218871093750295,22.310325622558597,1.0028975009918213,1.0154542922973633,1.176746845245361,0.4896948933601379,0.0,0.0,13.53093433380127,250.82400512695312,40.78125,24.765625,-1.257117346278512,-13.905471801757812
14.236856445312696,22.372520446777344,1.028080940246582,0.9995379447937012,1.1294341087341309,0.5208625793457031,0.0,0.0,13.656745910644531,250.48696899414065,40.78125,24.765625,-1.2556925704598305,-15.696684837341309
14.261331298828281,22.44562339782715,1.0407686233520508,1.0118765830993652,1.1287535429000854,0.5214312672615051,0.0,0.0,13.763047218322754,250.5408477783203,40.78125,24.828125,-1.2642443362361429,-14.09402084350586
14.278764648437573,22.52621841430664,1.0134385824203491,1.0602887868881226,1.1724536418914795,0.3298613131046295,0.0,0.0,13.77782917022705,250.19859313964844,41.640625,24.828125,-1.2784983161514094,-14.895353317260742
14.30172314453148,22.587465286254883,1.0213967561721802,0.9985955357551576,1.1281251907348633,0.3274737298488617,0.0,0.0,13.92135524749756,250.29151916503903,41.640625,24.828125,-1.2556925704598305,-13.198413848876951
14.322006591797162,22.66502952575684,1.021309494972229,1.0107247829437256,1.1086137294769287,0.3249668478965759,0.0,0.0,13.966242790222168,250.27828979492188,41.640625,24.828125,-1.2157817377835103,-14.753941535949709
14.340720947265709,22.72024345397949,1.0405068397521973,1.0219464302062988,1.12489652633667,0.3128160834312439,0.0,0.0,14.057394981384276,250.1627960205078,41.640625,24.8125,-1.2400130370098272,-16.498018264770508
14.36227587890653,22.813949584960938,1.0136654376983645,1.0219813585281372,1.127671480178833,0.2198442667722702,0.0,0.0,14.217517852783203,250.40838623046875,42.265625,24.8125,-1.2428641440793022,-13.905471801757812
14.383250976562522,22.882078170776367,1.0246951580047607,1.0349308252334597,1.1546001434326172,0.2728947699069977,0.0,0.0,14.202735900878906,250.44322204589844,42.265625,24.8125,-1.2827741990395642,-14.80107879638672
14.403958007812435,22.937620162963867,1.04694664478302,0.9993284940719604,1.084617018699646,0.2709081172943115,0.0,0.0,14.386018753051758,250.65724182128903,42.265625,24.8125,-1.2970281789548292,-14.98962688446045
14.42349414062528,23.0181941986084,1.0071208477020264,1.0546168088912964,1.138718605041504,0.2199286371469497,0.0,0.0,14.41331386566162,250.48654174804688,42.265625,24.8125,-1.2628187827014048,-14.56539249420166
14.444623535156552,23.072938919067383,1.039354920387268,1.043150782585144,1.1084392070770264,0.2183158248662948,0.0,0.0,14.665985107421877,250.0621337890625,42.265625,24.765625,-1.2243342812758824,-14.895353317260742
14.467142333984611,23.137327194213867,1.0297387838363647,1.0462747812271118,1.1142857074737549,0.1637368649244308,0.0,0.0,14.768202781677246,250.2202911376953,42.828125,24.765625,-1.2229087277411441,-13.62264919281006
14.486527343749913,23.202489852905277,1.0415713787078855,1.0617198944091797,1.0894862413406372,0.3274737298488617,0.0,0.0,14.85389232635498,250.30105590820312,42.828125,24.765625,-1.231461271233515,-13.8583345413208
14.508892822265807,23.279245376586918,1.0399657487869265,1.0938667058944702,1.1084741353988647,0.1551728099584579,0.0,0.0,14.984155654907228,250.38780212402344,42.828125,24.765625,-1.2157817377835103,-15.319587707519531
14.529957031249978,23.33175468444824,1.037662148475647,1.0293810367584229,1.1827329397201538,0.1649860441684723,0.0,0.0,14.97712230682373,250.22787475585935,42.828125,24.8515625,-1.2343116005869315,-13.15127658843994
14.550457519531392,23.41056251525879,1.0302972793579102,1.0519815683364868,1.1133781671524048,0.1067385077476501,0.0,0.0,15.040176391601562,250.2420654296875,43.1953125,24.8515625,-1.1958270991614104,-15.508136749267578
14.569205078124924,23.4527530670166,1.0107684135437012,1.0039533376693726,1.17575204372406,0.1597432792186737,0.0,0.0,15.180055618286133,250.16476440429688,43.1953125,24.8515625,-1.2015285355843064,-13.198413848876951
14.587673095703394,23.536806106567383,1.0227056741714478,1.015419363975525,1.1119121313095093,0.1033878847956657,0.0,0.0,15.26637363433838,250.118896484375,43.1953125,24.8515625,-1.1929759920919343,-13.481237411499023
14.60940307617193,23.588180541992188,1.0187439918518066,1.0436220169067385,1.166327953338623,0.1033878847956657,0.0,0.0,15.452203750610352,249.98776245117188,43.1953125,24.75,-1.1701702464003567,-14.423980712890623
14.633194824218663,23.637287139892575,1.0341891050338743,1.1253328323364258,1.1333085298538208,0.1443645358085632,0.0,0.0,15.496113777160645,250.2415771484375,43.5234375,24.75,-1.2471400269674597,-13.8583345413208
14.65054614257815,23.70527458190918,1.0285346508026123,1.067374348640442,1.113849401473999,0.0997917428612709,0.0,0.0,15.577353477478027,250.24110412597656,43.5234375,24.75,-1.1217084256637837,-13.764060020446776
14.675306152343637,23.79022216796875,1.0279064178466797,1.061353325843811,1.141336441040039,0.1031738296151161,0.0,0.0,15.694911003112791,249.98846435546875,43.7734375,24.75,-1.1416630642858834,-11.784297943115234
14.693409423828143,23.842676162719727,1.021536350250244,1.0435870885849,1.119922757148743,0.0969184935092926,0.0,0.0,15.686446189880373,250.1364898681641,43.7734375,24.7890625,-1.09605157290273,-14.56539249420166
14.719323730468659,23.933427810668945,1.0271384716033936,1.058037519454956,1.1151233911514282,0.1002938523888588,0.0,0.0,15.785783767700195,249.95181274414065,43.7734375,24.7890625,-1.1373871813977288,-15.27245044708252
14.735498046874909,23.94851303100586,0.9994943141937256,1.003464698791504,1.1544604301452637,0.0537698455154895,0.0,0.0,15.827284812927246,249.9886779785156,43.7734375,24.8359375,-1.128834637905358,-13.009864807128906
14.758835205078412,24.02591323852539,1.0006810426712036,1.0384386777877808,1.2129250764846802,0.0515729859471321,0.0,0.0,15.885924339294434,250.01844787597656,43.9140625,24.8359375,-1.1801483434274656,-16.87511444091797
14.784039306640807,24.08091926574707,0.986527383327484,1.0245119333267212,1.1415632963180542,0.0,0.0,0.0,15.99672794342041,249.8596343994141,43.9140625,24.8359375,-1.1644688099774623,-13.669785499572754
14.800193115234379,24.161352157592773,1.0115537643432615,1.0135345458984375,1.0885088443756104,0.0486175194382667,0.0,0.0,16.099258422851562,249.8278961181641,43.9140625,24.8359375,-1.1388127349324668,-14.235432624816896
14.816330078125247,24.206859588623047,0.9876791834831238,1.031614899635315,1.1256818771362305,0.0,0.0,0.0,16.230621337890625,249.5989990234375,43.9140625,24.828125,-1.1388127349324668,-13.481237411499023
14.839072998046959,24.275270462036133,1.0276097059249878,1.0192413330078125,1.1181600093841553,0.0498502999544143,0.0,0.0,16.27997589111328,249.52398681640625,44.0625,24.828125,-1.1331112985095724,-11.737160682678224
14.857569580078234,24.338796615600582,0.9754976034164428,1.0447040796279907,1.129154920578003,0.0498502999544143,0.0,0.0,16.346118927001953,249.50473022460935,44.0625,24.828125,-1.106028892213782,-13.434100151062012
14.880392822265549,24.40539932250977,1.018394947052002,1.015227437019348,1.1129941940307615,0.0,0.0,0.0,16.377986907958984,249.2266540527344,44.0625,24.828125,-1.1088799992832583,-15.03676414489746
14.901039306640541,24.445255279541016,1.0000702142715454,1.1043728590011597,1.1378984451293943,0.0,0.0,0.0,16.481809616088867,249.37222290039065,44.0625,24.828125,-1.174446907004571,-14.09402084350586
14.923956054687551,24.516077041625977,0.9990754723548888,0.9949305653572084,1.132209062576294,0.0532279759645462,0.0,0.0,16.60906982421875,249.22462463378903,44.1875,24.8359375,-1.1259843085519385,-13.764060020446776
14.94223193359403,24.57721519470215,1.035794734954834,1.034285068511963,1.143343448638916,0.0,0.0,0.0,16.644794464111328,249.5585021972656,44.1875,24.8359375,-1.1573418200198284,-13.528374671936035
14.96509008789053,24.638843536376957,0.9722166061401368,1.0229238271713257,1.111755132675171,0.0,0.0,0.0,16.760189056396484,249.3376007080078,44.1875,24.8359375,-1.1274098620866795,-13.999746322631836
14.98486596679686,24.704843521118164,0.9701223373413086,1.0796606540679932,1.1327674388885498,0.0,0.0,0.0,16.869543075561523,249.44461059570312,44.1875,24.8359375,-1.1473645007087792,-14.329706192016602
