Time(s),P_Fuel_Tank(bar),P_Chamber(bar),P_Fuel_Injector(bar),P_Ox_Injector(bar),Fuel_Flow_Rate(L/s),Ox_Valve_Angle(deg),Fuel_Valve_Angle(deg),P_Ox_Tank(bar),P_N2_Tank(bar),T_Fuel_Post_Channels(C),T_Fuel_Pre_Channels(C),Ox_Mass(kg),Thrust(N)
-1.4864230957045947,46.91964721679688,0.9694766402244568,0.9847559928894044,1.1484918594360352,0.0,0.0,0.0,47.02821350097656,224.99464416503903,16.2265625,23.4296875,6.402785430503791,13.434100151062012
-1.465662353515654,46.92697525024414,1.0077840089797974,0.9341273307800292,1.163134217262268,0.0,0.0,0.0,46.944862365722656,224.9784240722656,16.2265625,23.4296875,6.462650901802211,13.952609062194824
-1.448523193359506,46.94327163696289,1.009913206100464,0.9871469140052797,1.1612842082977295,0.0,0.0,0.0,47.02589416503906,224.990966796875,16.2265625,23.4296875,6.452672804775099,13.952609062194824
-1.425317138671744,46.93083953857422,0.997138261795044,0.9492409229278564,1.1685792207717896,0.0,0.0,0.0,47.0195426940918,224.97560119628903,16.171875,23.34375,6.446972146068266,15.083901405334473
-1.4043308105483447,46.92105484008789,0.9993197917938232,0.9920509457588196,1.161545991897583,0.0,0.0,0.0,47.01763916015625,224.96636962890625,16.171875,23.34375,6.439845156110633,14.518255233764648
-1.3835488281256403,46.917266845703125,0.9920597076416016,0.9623997807502748,1.1520171165466309,0.0,0.0,0.0,46.98191452026367,224.9866485595703,16.171875,23.34375,6.427015952014048,12.67990493774414
-1.3599235839847097,46.93283462524414,1.0259342193603516,0.9763440489768982,1.121039628982544,0.0,0.0,0.0,47.01069259643555,224.9551239013672,16.25,23.4140625,6.444121038998784,13.434100151062012
-1.3418461914061481,46.93782806396485,0.9624608755111694,0.99089914560318,1.116694092750549,0.0,0.0,0.0,47.020782470703125,224.94189453125,16.25,23.4140625,6.462650901802211,9.56885051727295
-1.320400878907094,46.93159103393555,1.018778920173645,0.961771547794342,1.1370606422424316,0.0,0.0,0.0,47.0192985534668,224.93185424804688,16.25,23.4140625,6.498284296158257,13.905471801757812
-1.2997768554687354,46.93418502807617,1.0136479139328003,0.9580367803573608,1.1189279556274414,0.0,0.0,0.0,46.98062515258789,224.9220428466797,16.25,23.4140625,6.486881423312468,17.8649959564209
-1.2779143066418328,46.919525146484375,1.006946325302124,0.9790666103363036,1.1146347522735596,0.0,0.0,0.0,47.0572395324707,224.97164916992188,16.25,23.4140625,6.455523911844578,11.360063552856444
-1.259133056641076,46.93587875366211,1.0135955810546875,0.9680717587471008,1.1929423809051514,0.0,0.0,0.0,47.001914978027344,224.98329162597656,16.234375,23.4765625,6.448396921886943,16.356605529785156
-1.2370170898448123,46.921173095703125,0.9892150163650512,0.9835866689682008,1.1399577856063845,0.0,0.0,0.0,47.011356353759766,224.98008728027344,16.234375,23.4765625,6.495433189088778,15.319587707519531
-1.2172502441408142,46.952239990234375,0.9991103410720824,0.9618064165115356,1.151441216468811,0.0,0.0,0.0,47.05463790893555,224.99496459960935,16.234375,23.4765625,6.462650901802211,10.605868339538574
-1.1941447753906687,46.9305419921875,1.0240494012832642,0.98428475856781,1.113081455230713,0.0,0.0,0.0,47.03605270385742,225.0767974853516,16.234375,23.4765625,6.464075677620888,13.292688369750977
-1.1763320312511496,46.93922424316406,0.9961260557174684,0.9451221823692322,1.1669038534164429,0.0,0.0,0.0,46.98458480834961,225.0645751953125,16.25,23.34375,6.49258363745142,13.62264919281006
-1.1539338378916,46.92057418823242,1.0171209573745728,0.9789793491363524,1.137392282485962,0.0,0.0,0.0,46.99481201171875,224.96519470214844,16.25,23.34375,6.501135403227735,14.188295364379885
-1.13519384765641,46.94351196289063,1.0393201112747192,0.9182633757591248,1.140812873840332,0.0,0.0,0.0,46.98018646240234,224.9115295410156,16.25,23.34375,6.469777891759846,13.009864807128906
-1.112812988281803,46.91977691650391,1.045323610305786,0.938647449016571,1.1406906843185425,0.0,0.0,0.0,46.93184280395508,224.95362854003903,16.25,23.34375,6.485456647493791,15.885233879089355
-1.0909594726563228,46.797142028808594,0.9902970194816588,0.9197468161582948,1.1358565092086792,0.0,0.0,0.0,46.9287223815918,224.89537048339844,16.28125,23.34375,6.478329657536156,13.764060020446776
-1.0720346679700015,46.9202995300293,1.0107508897781372,0.954476535320282,1.097933053970337,0.0547929108142852,0.0,0.0,46.96397399902344,224.9556579589844,16.28125,23.34375,6.501135403227735,12.444218635559082
-1.0519289550793474,46.8406982421875,1.0463184118270874,0.9671293497085572,1.1427675485610962,0.0539851188659668,0.0,0.0,46.98542404174805,225.0755157470703,16.28125,23.34375,6.505411286115889,13.386962890625
-1.0320500488287507,46.818336486816406,0.922443151473999,0.8596591353416443,1.189713716506958,0.1000181585550308,0.0,0.0,46.8349494934082,225.47352600097656,16.28125,23.34375,5.938117195463812,14.895353317260742
-1.010628417969201,46.90015411376953,0.9990928769111632,0.95782732963562,1.097479224205017,6.077654838562012,0.0,0.0,47.03716659545898,224.9897918701172,16.28125,23.3671875,6.579530737329574,13.434100151062012
-0.9890317382814828,46.85636138916016,1.0002098083496094,0.9782986640930176,1.1069034337997437,0.0544751919806003,0.0,0.0,47.05006408691406,224.75833129882807,16.28125,23.3671875,6.52394114891931,13.62264919281006
-0.9679858398449142,46.98357772827149,0.9802445769309998,0.9668675661087036,1.12980055809021,0.0,0.0,0.0,47.0455436706543,225.17703247070312,16.28125,23.3671875,6.533919245946422,15.131038665771484
-0.9467797851575597,47.11911392211914,0.8926174640655518,0.8347898125648499,0.994616448879242,27.29465675354004,0.0,0.0,47.010135650634766,222.9321746826172,16.28125,23.3671875,4.7864239271749165,13.009864807128906
-0.9276877441407123,46.855224609375,1.000558853149414,0.9163610935211182,1.060847282409668,22.10521697998047,0.0,0.0,46.987831115722656,224.96722412109372,16.296875,23.40625,6.508262393185365,14.612529754638672
-0.9073139648444339,46.93131637573242,1.0193198919296265,0.9246333837509156,1.0889451503753662,0.678085446357727,0.0,0.0,46.99013519287109,225.0004119873047,16.296875,23.40625,6.4883077545632615,15.790959358215332
-0.888481445314028,46.60650253295898,0.9217450618743896,0.8923818469047546,1.07049822807312,0.678085446357727,0.0,0.0,46.95149612426758,225.0028076171875,16.296875,23.4140625,6.3714279190359004,13.716922760009766
-0.8673933105474134,46.90695190429688,1.0441542863845823,0.9055233001708984,1.1582649946212769,3.498853206634521,0.0,0.0,47.01765823364258,224.8473663330078,16.296875,23.4140625,6.569552640302465,12.868453979492188
-0.8421169433604518,46.91062545776367,1.0165973901748655,0.9698693156242372,1.1278809309005735,0.0,0.0,0.0,46.9926986694336,225.06298828125,16.2578125,23.4140625,6.509687169004045,15.366724967956545
-0.8231230468754802,46.97841644287109,0.9874523282051086,0.9470942616462708,1.128037929534912,0.0,0.0,0.0,46.87261199951172,224.93479919433597,16.2578125,23.4140625,6.54532211879221,13.575511932373049
-0.797747314454682,46.92734909057617,1.0080807209014893,0.9211953282356262,1.0894862413406372,0.0,0.0,0.0,46.98898315429688,224.8923797607422,16.2578125,23.3671875,6.593784717244839,13.62264919281006
-0.781115234376557,46.92985534667969,0.9991103410720824,0.9867280721664428,1.1426104307174685,0.0,0.0,0.0,46.9854736328125,225.0762634277344,16.2578125,23.3671875,6.506837617366686,17.01652717590332
-0.7597148437507713,46.950721740722656,1.0112744569778442,0.9202529191970824,1.1179157495498655,0.0,0.0,0.0,46.98512649536133,224.9952850341797,16.2265625,23.3671875,6.556724991637997,14.753941535949709
-0.7393835449220205,46.9292221069336,0.9976094961166382,0.971946120262146,1.139102578163147,0.0,0.0,0.0,47.03568649291992,224.94168090820312,16.2265625,23.3671875,6.52536592473799,14.84821605682373
-0.7196081542970205,46.94819259643555,1.0448873043060305,0.9592933058738708,1.1114758253097534,0.0,0.0,0.0,46.96559524536133,224.9154357910156,16.2265625,23.3671875,6.5396199046532555,14.09402084350586
-0.6953225097659015,46.93166732788086,1.015881896018982,0.9347206950187684,1.0990499258041382,0.0,0.0,0.0,47.00552749633789,224.9268951416016,16.2265625,23.40625,6.531068138876943,16.16805648803711
-0.6778969726565265,46.90818405151367,1.0386394262313845,0.9863266944885254,1.1022611856460571,0.0,0.0,0.0,46.9753532409668,224.8484344482422,16.2265625,23.40625,6.532492914695625,15.03676414489746
-0.6565976562505966,46.92471694946289,1.011344313621521,0.9788746237754822,1.1272176504135132,0.0,0.0,0.0,47.01481246948242,224.91793823242188,16.2265625,23.40625,6.559574543275357,15.413862228393556
-0.6355878906251746,46.930606842041016,0.9846076369285583,0.9323297739028932,1.08166766166687,0.0,0.0,0.0,46.99093627929688,224.97384643554688,16.2265625,23.40625,6.551022777499041,14.56539249420166
-0.6147514648437209,46.90998077392578,0.9848519563674928,0.9900614023208618,1.1739195585250854,0.0,0.0,0.0,47.000919342041016,224.97613525390625,16.2578125,23.4296875,6.505411286115889,14.471117973327637
-0.5892329101570795,46.92956161499024,1.0448873043060305,0.9372512698173524,1.0964845418930054,0.0,0.0,0.0,47.02610397338867,224.968505859375,16.2578125,23.4296875,6.506837617366686,16.02664566040039
-0.5722145996096515,46.91074752807617,1.006143569946289,0.9569023847579956,1.1065194606781006,0.0,0.0,0.0,47.00962829589844,224.92306518554688,16.2578125,23.4296875,6.484030316242989,16.02664566040039
-0.5526972656261933,46.92622375488281,0.9734731912612916,0.9929410219192504,1.1038143634796145,0.0,0.0,0.0,47.01011657714844,224.9644470214844,16.2578125,23.4296875,6.513963051892201,16.262331008911133
-0.5311330566419201,46.92939758300781,1.0307161808013916,0.9792236685752868,1.1216330528259275,0.0,0.0,0.0,47.00175857543945,224.9546356201172,16.2265625,23.296875,6.549598001680367,16.16805648803711
-0.5110627441408724,46.922733306884766,0.9982901215553284,0.9475131034851074,1.0639362335205078,0.0,0.0,0.0,47.014461517333984,225.00665283203125,16.2265625,23.296875,6.5125382760735215,14.518255233764648
-0.4892419433599571,46.9279899597168,1.044049620628357,0.9783685207366944,1.1507083177566528,0.0,0.0,0.0,46.992454528808594,224.95762634277344,16.2265625,23.296875,6.486881423312468,14.141158103942873
-0.4686523437503638,46.90888977050781,1.009092926979065,0.9372861981391908,1.1386139392852783,0.0,4.873514241282891,5.685766614830039,47.03252410888672,224.90631103515625,16.2265625,23.296875,6.471202667578523,16.498018264770508
-0.45104931640707946,46.91131210327149,0.95595121383667,0.9440401792526244,1.1156818866729736,0.0,17.075831282119747,19.92180316247304,46.920169830322266,224.9865875244141,16.2734375,23.3828125,6.465502008871686,14.706804275512695
-0.430558837892022,46.89658737182617,1.002059817314148,0.9585254192352296,1.112470626831055,0.0,31.279712823830057,36.4929982944684,47.000953674316406,224.95021057128903,16.2734375,23.3828125,6.55387388456852,14.329706192016602
-0.4112580566416,46.9261360168457,1.0444859266281128,0.9469372034072876,1.129154920578003,0.0,44.65890308180346,52.102053595437376,47.02270126342773,224.9185791015625,16.2734375,23.3828125,6.471202667578523,15.178175926208496
-0.3883430175792455,46.9292221069336,1.0082203149795532,0.9986478686332704,1.1303939819335938,0.0,60.54347601255361,70.63405534797923,47.03943634033203,224.9595489501953,16.2734375,23.3828125,6.506837617366686,14.706804275512695
-0.36909765625023283,46.920692443847656,1.0060389041900637,0.9760124683380128,1.1377413272857666,0.0,73.88424950028111,86.19829108366132,47.002471923828125,224.9757080078125,16.2734375,23.3671875,6.461224570551411,13.999746322631836
-0.3487951660172257,46.90005493164063,0.9568063616752625,0.9614399075508118,1.1252107620239258,0.0,87.95781864952735,102.61745509111526,47.02074432373047,224.8935546875,16.2734375,23.3671875,6.521090041849834,14.56539249420166
-0.32518286132835783,46.902587890625,1.0068416595458984,0.9596598148345948,1.081039309501648,0.0,90.0,105.0,47.06336212158203,224.9630126953125,16.2734375,23.3671875,6.499710627409053,16.356605529785156
-0.30633544921875,46.92853546142578,1.020646333694458,0.9759950041770936,1.120097279548645,0.0,90.0,105.0,47.01388549804688,224.94471740722656,16.2734375,23.3671875,6.438418824859837,14.895353317260742
-0.2853706054702343,46.92865753173828,1.0225311517715454,0.9616493582725524,1.130428910255432,0.0,90.0,105.0,47.04254531860352,224.95623779296875,16.3671875,23.3828125,6.445545814817466,15.460999488830566
-0.2654052734378638,46.921607971191406,0.9911521673202516,0.9539878964424132,1.115332841873169,0.0,90.0,105.0,46.96235275268555,224.9517059326172,16.3671875,23.3828125,6.4883077545632615,14.895353317260742
-0.24414575195442012,46.9312744140625,0.9873127341270448,0.9527487754821776,1.1110221147537231,0.0,90.0,105.0,47.00312042236328,224.92588806152344,16.3671875,23.3828125,6.481180764605631,15.602411270141602
-0.226467773438344,46.89958572387695,0.9812568426132202,0.9899916052818298,1.1320693492889404,0.0,90.0,105.0,46.97222900390625,224.9520721435547,16.3671875,23.3828125,6.5552986603872005,16.30946922302246
-0.2032355957035179,46.93052291870117,1.0389710664749146,0.9489267468452454,1.160498857498169,0.0,90.0,105.0,47.01027297973633,224.99789428710935,16.3671875,23.4375,6.501135403227735,15.413862228393556
-0.18101220703283616,46.91347122192383,1.044712781906128,0.9539006352424622,1.1116503477096558,0.0,90.0,105.0,47.00479507446289,224.94610595703125,16.40625,23.4375,6.478329657536156,14.895353317260742
-0.16244775390623545,46.91762924194336,1.0074001550674438,0.9363961219787598,1.1172001361846924,0.0,90.0,105.0,46.93886184692383,224.90994262695312,16.40625,23.4375,6.508262393185365,14.659667015075684
-0.1416884765640134,46.9089469909668,1.0337703227996826,0.9759950041770936,1.100149393081665,0.0,90.0,105.0,47.009037017822266,224.952392578125,16.40625,23.4375,6.521090041849834,16.45088005065918
-0.11784545898444776,46.922645568847656,0.9919549822807312,0.9330278635025024,1.1231164932250977,0.0,90.0,105.0,47.031986236572266,224.9422149658203,16.40625,23.4765625,6.489732530381944,15.03676414489746
-0.09725366211023356,46.90155029296875,1.0239970684051514,0.9749478697776794,1.120219349861145,0.0,90.0,105.0,47.01097106933594,224.88731384277344,16.453125,23.4765625,6.531068138876943,14.706804275512695
-0.07754736328206491,46.67707443237305,0.9801747798919678,0.962574303150177,1.119277000427246,0.0,90.0,105.0,46.96535110473633,224.82655334472656,16.453125,23.46875,6.511113500254842,15.97950839996338
-0.058510253906206344,46.002906799316406,1.0260564088821411,0.934197187423706,1.1190849542617798,0.0,90.0,105.0,47.0499267578125,224.8748321533203,16.453125,23.46875,6.482605540424312,13.764060020446776
-0.03809765625010186,44.93183898925781,1.0008729696273804,0.9722777009010316,1.1116503477096558,0.0514942072331905,90.0,105.0,47.01711654663086,224.8501434326172,16.453125,23.46875,6.454099136025901,14.423980712890623
-0.0178962402351317,44.364776611328125,1.0107508897781372,0.9625219702720642,1.1313538551330566,0.1568360775709152,90.0,105.0,47.02500534057617,224.78558349609372,16.515625,23.46875,6.424166400376688,14.84821605682373
0.004787597656104481,44.09831237792969,0.96837717294693,0.9897996187210084,1.0847392082214355,0.1499225795269012,90.0,105.0,46.95414733886719,224.66380310058597,16.515625,23.4375,6.338644076317214,15.27245044708252
0.02447045898406941,43.719459533691406,1.0022168159484863,1.0020509958267212,1.149067759513855,0.2474114149808883,90.0,105.0,46.85871887207031,224.5426025390625,16.6015625,23.4375,6.273077946311958,-38.13398742675781
0.04417846679643844,43.58222198486328,1.097994089126587,1.6841849088668823,1.1515634059906006,0.209909439086914,96.6304309692911,108.13438554911943,46.854270935058594,224.10720825195312,16.6015625,23.4375,6.335792969247738,-191.3769989013672
0.06636694335793436,43.440555572509766,1.4234763383865356,2.125392198562622,1.3642524480819702,0.209909439086914,106.37288627805627,112.73990987689933,46.62538528442383,223.7816925048828,16.6015625,23.4375,6.321538989332476,-198.2118988037109
0.08719213867152575,43.33023452758789,1.7207907438278198,2.409669876098633,1.844412922859192,0.2411238402128219,115.51675580225931,117.06246637924986,46.40868377685547,223.45867919921875,16.6015625,23.4375,6.459799794732728,-262.6955871582031
0.10505419921719295,43.15462112426758,2.0028345584869385,2.618170499801636,2.31862211227417,0.2580739557743072,123.35958025711591,120.76998339427297,46.0297966003418,223.0727386474609,16.7734375,23.390625,5.892505704080657,-250.43991088867188
0.1265671386718168,42.97550964355469,2.145174264907837,2.649043321609497,3.001558780670166,0.2080991417169571,132.80542258846643,125.23529067818413,45.79983139038086,222.7036895751953,16.7734375,23.390625,6.107735512331963,-291.35498046875
0.15120141601437354,42.98662567138672,2.200637102127075,2.856374502182007,3.947219848632813,0.2598408758640289,143.62177338250083,130.3484746899095,45.45162582397461,222.245361328125,16.7734375,23.390625,6.087779318277746,-377.6160583496094
0.17020507812412689,42.49898910522461,2.404600143432617,2.994211435317993,4.823945045471191,0.3125033378601074,145.0,131.0,45.13776397705078,221.8431396484375,16.7734375,23.390625,6.528217031807467,-82.16012573242188
0.189500488280828,41.7340087890625,2.41994047164917,2.6547675132751465,5.863620758056641,0.3648193180561065,145.0,131.0,44.71950912475586,221.4303131103516,16.7734375,23.390625,5.603156444615666,-231.01937866210935
0.21143994140584255,40.08271026611328,2.2616846561431885,2.291937828063965,6.851986885070801,0.4298809468746185,145.0,131.0,44.34341430664063,221.0685272216797,18.5625,23.390625,6.144795237938806,-359.9867553710937
0.23327392577994033,38.36126327514648,2.143079996109009,2.194467782974243,7.867648601531982,0.7254493236541748,145.0,131.0,43.92103958129883,220.63121032714844,18.5625,23.390625,5.852594871404339,-229.98236083984372
0.25503442382796493,36.34964370727539,2.1245458126068115,2.564452886581421,9.487555503845217,0.6590587496757507,145.0,131.0,43.43595504760742,220.0627593994141,18.5625,23.390625,6.853199685628501,-315.58349609375
0.27703662109342986,35.505245208740234,2.146029233932495,3.361247301101685,10.535468101501465,0.8851847648620605,145.0,131.0,42.81841278076172,219.5191345214844,18.5625,23.40625,5.53759031461041,-547.8756103515625
0.2932060546863795,35.196189880371094,2.2236390113830566,6.086536884307861,11.741393089294434,0.8333801031112671,145.0,131.0,42.15854644775391,219.00445556640625,22.046875,23.40625,4.631058034789914,-1128.3701171875
0.31668579101460637,35.3588981628418,2.4955430030822754,10.98671054840088,12.99412441253662,0.7402926683425903,145.0,131.0,41.61156463623047,218.48974609375,22.046875,23.40625,7.222369055014016,-1683.8348388671875
0.33341552734236757,35.053672790527344,2.88270115852356,12.587419509887695,14.639615058898926,0.6680141091346741,145.0,131.0,40.978660583496094,217.95111083984372,22.046875,23.40625,2.8008914990284146,-1830.19580078125
0.35821484374901047,35.09445571899414,3.1347622871398926,13.643587112426758,16.605125427246094,0.6680141091346741,145.0,131.0,40.42092514038086,217.4215087890625,22.046875,23.3828125,6.942997892576134,-2141.30126953125
0.37828637695201905,34.88432312011719,3.534590482711792,14.749598503112791,18.49334144592285,0.6742672920227051,145.0,131.0,39.703224182128906,216.8627777099609,23.90625,23.3828125,6.179003856476172,-2375.620361328125
0.40316503906251455,34.37085723876953,3.733265399932861,15.525781631469728,20.381732940673828,0.7350196242332458,145.0,131.0,38.86635971069336,216.35574340820312,23.90625,23.3828125,6.337219300498537,-2563.17919921875
0.4225244140616269,34.48272705078125,3.845517635345459,15.800740242004396,21.43412971496582,0.6440760493278503,145.0,131.0,38.45892333984375,216.04335021972656,23.90625,23.3828125,7.196712202252965,-2623.467529296875
0.44258227538921346,34.129188537597656,4.1379804611206055,16.037670135498047,22.34017562866211,0.7440330386161804,145.0,131.0,38.03911209106445,215.9485626220703,23.90625,23.3828125,5.881102831234869,-2717.7890625
0.46643579101510113,33.7722053527832,4.570723533630371,16.40889549255371,22.882902145385746,0.8337211012840271,145.0,131.0,37.62546157836914,215.80538940429688,23.7578125,23.3828125,7.370606402009266,-2746.82568359375
0.48662841796794964,33.735557556152344,5.016189098358154,16.64226531982422,23.01136589050293,0.6605464220046997,145.0,131.0,37.360050201416016,215.7245635986328,23.7578125,23.3828125,6.352898056232482,-2847.08642578125
0.506666503904853,33.45068359375,5.559403896331787,16.83851432800293,23.234317779541016,0.6117292046546936,145.0,131.0,37.09744644165039,215.7192840576172,23.7578125,23.3828125,6.502560179046413,-2954.323486328125
0.528906494140756,33.202491760253906,6.449985980987549,17.13205909729004,23.39796638488769,0.5992841124534607,145.0,131.0,36.77708053588867,215.72462463378903,23.7578125,23.390625,6.364300929078268,-2935.421630859375
0.5465988769519754,33.378604888916016,9.431699752807615,17.050365447998047,23.501300811767575,0.569779098033905,142.78065043047758,129.30906699464958,36.63376235961914,215.74078369140625,23.4921875,23.390625,6.3044354577798485,-2936.552734375
0.5685065917969041,32.98159408569336,12.312191009521484,17.10333251953125,23.643604278564453,0.5357881784439087,139.12495877580633,126.52377811490007,36.40719985961914,215.84048461914065,23.4921875,23.390625,6.91449148817772,-2959.697265625
0.587273925781119,33.01984405517578,14.522520065307615,16.93792152404785,23.78674697875977,0.5483055710792542,135.9932954911402,124.13774894563062,36.15704345703125,215.73678588867188,23.4921875,23.390625,6.131966033842221,-2908.836181640625
0.6093115234361903,32.75004577636719,14.979207992553713,16.942214965820312,23.846363067626957,0.9355493783950806,132.31593058039783,121.33594710887455,36.01169967651367,215.7485198974609,23.4921875,23.390625,6.476904881717475,-2911.4287109375
0.6293098144524265,32.68832015991211,15.138545036315918,16.92900276184082,23.767637252807617,0.9278422594070436,128.97886023349383,118.7934173207572,35.871978759765625,215.7038726806641,24.25,23.34375,6.806163418426666,-2922.883056640625
0.6539396972657414,32.46858596801758,15.085264205932615,16.7160701751709,23.668630599975582,0.6495960354804993,124.86892646379837,115.66203921051304,35.51267623901367,215.75054931640625,24.25,23.34375,6.213212475013538,-2857.07958984375
0.6708124999986467,32.415565490722656,14.98393726348877,16.56505584716797,23.51491355895996,0.6251357793807983,124.09412019619045,115.09412019619045,35.52262115478516,215.73806762695312,26.140625,23.34375,6.6351203257398375,-2843.881103515625
0.6951601562486758,32.1618766784668,14.822976112365724,16.46845817565918,23.306516647338867,0.7106431722640991,124.2905627671519,115.2905627671519,35.45975875854492,215.73838806152344,26.140625,23.34375,6.280203380837471,-2839.0732421875
0.7129414062492287,31.89103126525879,14.769834518432615,16.451581954956055,23.086986541748047,0.6143423318862915,124.43402604053814,115.43402604053814,35.385711669921875,215.8149871826172,26.140625,23.28125,6.399934323434317,-2786.609375
0.7348698730456817,31.93846702575684,14.72072410583496,16.409488677978516,22.94215202331543,0.7469956278800964,124.61095002659208,115.61095002659208,35.30026626586914,215.76852416992188,26.140625,23.28125,6.791909438511404,-2805.181396484375
0.7554108886706672,31.692380905151367,14.68313217163086,16.32036018371582,22.85286521911621,0.6251487135887146,124.77667973289735,115.77667973289735,35.19593811035156,215.7890625,26.140625,23.34375,6.378554908993533,-2792.4072265625
0.7790698242188228,31.71576690673828,14.626133918762209,16.284059524536133,22.73187065124512,0.6478003263473511,124.96756554454666,115.96756554454666,35.16850280761719,215.73033142089844,28.875,23.34375,6.321538989332476,-2794.1513671875
0.7959958496085164,31.768320083618164,14.593899726867676,16.148141860961914,22.66145133972168,0.5482340455055237,125.20230653096137,116.10115326548068,34.93281173706055,215.59323120117188,28.875,23.34375,6.233167113635637,-2737.398193359375
0.8173066406234284,31.441486358642575,14.484928131103516,15.991317749023438,22.52384185791016,0.5462056994438171,125.53636125318836,116.26818062659419,34.74348831176758,215.7745513916016,28.875,23.34375,6.536768797583779,-2698.6513671875
0.8399360351559153,31.499425888061523,14.246566772460938,15.798663139343262,22.35628318786621,0.5499798655509949,125.89108558504256,116.44554279252128,34.4891242980957,215.64407348632807,28.875,23.3828125,6.278778605018797,-2676.685546875
0.8596516113266262,31.52188491821289,14.15113925933838,15.70053005218506,22.169092178344727,0.7035296559333801,126.20013471028678,116.6000673551434,34.14524841308594,215.6705322265625,32.2421875,23.3828125,6.310136116486687,-2623.75048828125
0.8800351562495052,31.38471221923828,14.015640258789062,15.580546379089355,22.05875968933105,0.7035296559333801,126.51965449873039,116.7598272493652,33.98133850097656,215.7584381103516,32.2421875,23.3828125,6.0963326394861745,-2628.60546875
0.9022717285151884,31.3381462097168,14.105449676513672,15.611577033996582,21.937572479248047,0.674919605255127,126.86822119276009,116.93411059638004,33.80046463012695,215.61541748046875,32.2421875,23.3828125,6.5039865102972065,-2680.927734375
0.9223549804682989,31.388408660888672,14.124698638916016,15.80278205871582,21.961620330810547,0.5997687578201294,126.90669340726015,117.0,33.7307243347168,215.69053649902344,32.2421875,23.328125,6.119138385177752,-2678.71240234375
0.943792968750131,31.30607795715332,14.156583786010742,15.793357849121094,22.02359390258789,0.6005687117576599,126.73538322873156,117.0,33.661354064941406,215.62261962890625,35.9609375,23.328125,6.049294816852223,-2689.742431640625
0.9616970214829053,31.07237243652344,14.216619491577148,15.715957641601562,22.06678771972656,0.625319242477417,126.5923125996188,117.0,33.65833282470703,215.67816162109372,35.9609375,23.328125,5.985153462665647,-2659.621826171875
0.9831936035152467,31.092323303222656,14.177282333374023,15.801787376403809,22.048776626586918,0.4861408472061157,126.42053420058177,117.0,33.586639404296875,215.70590209960935,35.9609375,23.328125,6.419888962056415,-2686.44287109375
1.0047687988280813,30.989574432373047,14.25969123840332,15.68417739868164,22.05992889404297,0.6004543304443359,126.2481276056959,117.0,33.78046417236328,215.65794372558597,35.9609375,23.34375,6.375703801924057,-2684.981689453125
1.0275883789054205,31.211227416992188,14.217544555664062,15.757476806640623,22.02565193176269,0.5731312036514282,126.06577717776187,117.0,33.77412796020508,215.71176147460935,39.6875,23.34375,6.156198110784595,-2651.184326171875
1.0465375976564246,31.070955276489254,14.1610689163208,15.589570045471191,21.99095726013184,0.5451523661613464,126.0,117.0,33.57974624633789,215.65794372558597,39.6875,23.34375,5.911035566884078,-2648.68603515625
1.0683906249996653,31.05682945251465,14.138468742370604,15.549080848693848,22.048044204711918,0.5512061715126038,126.0,117.0,33.46941375732422,215.7836151123047,39.6875,23.34375,5.883952382872228,-2667.82373046875
1.0912873535144172,30.84607315063477,14.149970054626465,15.639412879943848,22.015077590942383,0.5980475544929504,126.0,117.0,33.3635139465332,215.6239013671875,39.6875,23.3046875,5.9694747069317025,-2662.072998046875
1.1093818359368015,30.77353858947754,14.13572883605957,15.609237670898438,21.98210906982422,0.6959971189498901,126.0,117.0,33.32826232910156,215.69720458984372,43.0078125,23.3046875,6.54532211879221,-2626.39013671875
1.1306906738282123,30.9582576751709,14.13564109802246,15.584875106811523,21.98125457763672,0.530472457408905,126.0,117.0,33.337615966796875,215.55615234375,43.0078125,23.3046875,6.043594158145387,-2674.375732421875
1.1518181152332545,30.88218879699707,14.084786415100098,15.57101821899414,21.99605369567871,0.743614673614502,126.0,117.0,33.383636474609375,215.65628051757807,43.0078125,23.3046875,5.943817854170648,-2639.82421875
1.1739963378895482,30.862096786499023,14.139725685119627,15.551629066467283,21.958967208862305,0.6392130255699158,126.12935865146864,117.12935865146864,33.26353073120117,215.67784118652344,43.0078125,23.328125,6.060697689698012,-2666.645263671875
1.1937416992186627,30.769197463989254,14.136880874633787,15.5162353515625,21.97561836242676,0.6392130255699158,126.28414005863846,117.28414005863846,33.301666259765625,215.5763702392578,45.8046875,23.328125,5.968049931113022,-2635.581787109375
1.2161025390614668,30.635099411010746,14.091941833496094,15.41457748413086,21.90060806274414,0.559771716594696,126.45942387335319,117.45942387335319,33.294246673583984,215.55625915527344,45.8046875,23.328125,5.824088467005925,-2578.498779296875
1.2341987304680515,30.825851440429688,13.946250915527344,15.401732444763184,21.78842544555664,0.4820741713047027,126.60127764466321,117.60127764466321,33.26393508911133,215.6239013671875,45.8046875,23.328125,5.891079372829861,-2573.36083984375
1.2568161621093168,30.69928932189941,13.81757640838623,15.22780418395996,21.72870445251465,0.6023429036140442,126.77857285024228,117.77857285024228,33.248661041259766,215.6716461181641,45.8046875,23.328125,6.297308467822218,-2568.45849609375
1.2770507812492724,30.70127487182617,13.746459007263184,15.171975135803224,21.56765556335449,0.5455769896507263,126.93718948794697,117.93718948794697,33.25009536743164,215.6004943847656,48.203125,23.3828125,5.956647058267233,-2556.4384765625
1.2986169433588657,30.723886489868164,13.677522659301758,15.17537784576416,21.533153533935547,0.6221317648887634,127.0,118.0,33.26717758178711,215.5557861328125,48.203125,23.3828125,5.812685594160136,-2531.361572265625
1.3177707519516844,30.72470474243164,13.659390449523926,15.216407775878906,21.522682189941406,0.5357471704483032,127.0,118.0,33.31346130371094,215.63772583007807,48.203125,23.3828125,5.858297085543291,-2538.667724609375
1.3390869140621362,30.534650802612305,13.70808219909668,15.291295051574709,21.46781349182129,0.587798535823822,127.0,118.0,33.36482238769531,215.6187896728516,48.203125,23.3828125,5.801282721314347,-2587.831787109375
1.3639541015618306,30.449562072753903,13.754836082458496,15.284332275390623,21.515159606933597,0.6477721929550171,127.0,118.0,33.35135269165039,215.56399536132807,48.203125,23.4140625,6.043594158145387,-2625.211669921875
1.3790812988281687,30.5382080078125,13.85145092010498,15.240910530090332,21.55479431152344,0.5979435443878174,127.0,118.0,33.36547088623047,215.55519104003903,50.2734375,23.4140625,5.892505704080657,-2594.289794921875
1.4031037597651448,30.615705490112305,13.878188133239746,15.318398475646973,21.60285758972168,0.5979435443878174,127.0,118.0,33.56611633300781,215.51097106933597,50.2734375,23.3203125,5.784177634329606,-2532.257080078125
1.427298828124549,30.86956787109375,13.859670639038086,15.33653163909912,21.64386940002441,0.6259475350379944,127.0,118.0,33.51093292236328,215.4640350341797,52.0703125,23.3203125,6.057848138060652,-2589.1044921875
1.4450002441390097,30.647130966186523,13.911905288696287,15.320423126220703,21.643346786499023,0.5694723725318909,127.0,118.0,33.5345458984375,215.4401397705078,52.0703125,23.3203125,5.966623599862226,-2592.9697265625
1.467514648436918,30.48192405700684,13.92677402496338,15.276007652282717,21.57671356201172,0.5999518632888794,127.0,118.0,33.57850646972656,215.32928466796875,52.0703125,23.3203125,5.96234771697407,-2581.98681640625
1.4823823242186336,30.508548736572266,13.90930461883545,15.305937767028809,21.60257911682129,0.5136037468910217,127.0,118.0,33.61344528198242,215.4825439453125,52.0703125,23.3046875,5.851170095585658,-2557.616943359375
1.507029541015072,30.44671440124512,13.906774520874023,15.256303787231444,21.59128761291504,0.550075888633728,127.0,118.0,33.61313247680664,215.3833770751953,53.6640625,23.3046875,5.7456931329040835,-2598.9091796875
1.5281669921860157,30.60703468322754,13.835308074951172,15.289549827575684,21.601844787597656,0.5748034715652466,127.0,118.0,33.5942497253418,215.45379638671875,53.6640625,23.3046875,5.7328639288074985,-2600.558837890625
1.5466621093746653,30.590978622436523,13.912428855895996,15.287508010864258,21.569854736328125,0.6604341864585876,127.0,118.0,33.57426834106445,215.34112548828125,53.6640625,23.3046875,5.687252437424344,-2591.46142578125
1.5659587402333273,30.54438018798828,13.89365005493164,15.2382230758667,21.58791923522949,0.641416609287262,127.0,118.0,33.60262680053711,215.3357391357422,53.6640625,23.359375,5.581775474742768,-2568.27001953125
1.5881430664048821,30.5968017578125,13.877612113952637,15.277316093444824,21.520553588867188,0.6790964603424072,127.0,118.0,33.64496612548828,215.3550567626953,55.171875,23.359375,5.630238073195399,-2601.784423828125
1.6073105468749418,30.347227096557617,13.906808853149414,15.22508144378662,21.470535278320312,0.695755660533905,127.0,118.0,33.60716247558594,215.26324462890625,55.171875,23.359375,5.825513242824605,-2546.634033203125
1.6274338378898392,30.3687801361084,13.868396759033203,15.20249843597412,21.48369407653809,0.695755660533905,127.0,118.0,33.619171142578125,215.35595703125,55.171875,23.359375,5.650192711817501,-2563.132080078125
1.6499240722641844,30.38969993591309,13.86001968383789,15.275064468383787,21.48296165466309,0.5550158023834229,127.0,118.0,33.66917037963867,215.26377868652344,55.171875,23.359375,5.797005282994075,-2606.073974609375
1.6696445312500146,30.407958984375,13.897908210754396,15.278851509094238,21.484025955200195,0.5971387624740601,127.0,118.0,33.63789749145508,215.22879028320312,56.6171875,23.34375,5.772774761483817,-2553.233154296875
1.6919582519531104,30.312572479248047,13.846477508544922,15.225814819335938,21.490238189697266,0.6196565628051758,127.0,118.0,33.79561233520508,215.19400024414065,56.6171875,23.34375,5.574648484785136,-2591.27294921875
1.717592529295871,30.363969802856445,13.798134803771973,15.269375801086426,21.467079162597656,0.5956599712371826,127.0,118.0,33.665523529052734,215.1538848876953,56.6171875,23.34375,5.704357524409085,-2572.41796875
1.7338918457026011,30.379568099975582,13.83637237548828,15.151905059814451,21.48341560363769,0.6798378229141235,127.0,118.0,33.7053337097168,215.19032287597656,56.6171875,23.34375,5.680125447466711,-2552.384765625
1.7518376464831817,30.397968292236328,13.77487087249756,15.186145782470703,21.454776763916016,0.5385575294494629,127.0,118.0,33.732154846191406,215.13548278808597,56.6171875,23.3828125,5.664446691732766,-2551.819091796875
1.7744133300766407,30.23471450805664,13.82371997833252,15.276041984558104,21.452733993530277,0.5495723485946655,127.0,118.0,33.775840759277344,215.14486694335935,57.984375,23.3828125,5.444941000593304,-2589.85888671875
1.7955234374985594,30.506357192993164,13.83528995513916,15.184889793395996,21.42959213256836,0.544622540473938,127.0,118.0,33.788108825683594,215.15847778320312,57.984375,23.3828125,5.596029454658034,-2561.76513671875
1.8224946289046784,30.24222946166992,13.801240921020508,15.174610137939451,21.47585868835449,0.6800262331962585,127.0,118.0,33.744075775146484,215.1338348388672,57.984375,23.3828125,5.382224422225407,-2574.209228515625
1.8447336425779213,30.22042655944824,13.78225326538086,15.171468734741213,21.44947052001953,0.5702279210090637,127.0,118.0,33.75121307373047,215.13575744628903,57.984375,23.25,5.38792663636436,-2584.108154296875
1.8621906738280813,30.12523460388184,13.79535961151123,15.241347312927246,21.407724380493164,0.5751968026161194,127.0,118.0,33.72357177734375,215.06651306152344,59.015625,23.25,5.487701384906982,-2571.61669921875
1.8853337402342731,30.58959197998047,13.797821044921877,15.188467025756836,21.410919189453125,0.4933484494686126,127.0,118.0,33.80575180053711,215.00575256347656,59.015625,23.25,5.661597140095406,-2548.189453125
1.9059555664061918,30.66245460510254,13.802340507507324,15.18366813659668,21.419557571411133,0.656730055809021,127.0,118.0,33.84130096435547,214.96568298339844,59.015625,23.25,5.165569838155421,-2552.243408203125
1.924858398437209,30.57863044738769,13.79239273071289,15.239165306091309,21.4310245513916,0.566283643245697,127.0,118.0,33.96173858642578,215.0078887939453,59.015625,23.3046875,5.6787006716480315,-2556.86279296875
1.9414233398438228,30.231616973876957,13.81757640838623,15.141311645507812,21.4385986328125,0.5503399968147278,127.0,118.0,33.98810958862305,214.88113403320312,60.0234375,23.3046875,5.353718017826994,-2552.714599609375
1.9657385253904067,30.31570243835449,13.816686630249023,15.15848445892334,21.46440887451172,0.6444939374923706,127.0,118.0,34.04067611694336,214.90167236328125,60.0234375,23.3046875,5.432113351928835,-2574.96337890625
1.9834360351560463,30.51803970336914,13.826319694519045,15.16635513305664,21.429855346679688,0.7011672854423523,127.0,118.0,34.135929107666016,214.9315948486328,60.0234375,23.3046875,5.380799646406728,-2570.20263671875
2.0039265136711037,30.510316848754883,13.797122955322266,15.132184028625488,21.468074798583984,0.7011672854423523,127.0,118.0,34.077392578125,215.0237274169922,60.0234375,23.390625,4.928959060031218,-2580.949951171875
2.025166259765683,30.32913017272949,13.832114219665527,15.225675582885742,21.48379898071289,0.5508449077606201,127.0,118.0,34.21163558959961,214.9331512451172,60.953125,23.390625,5.434962903566195,-2576.047607421875
2.045142822264097,30.392099380493164,13.88384246826172,15.187297821044922,21.471040725708008,0.8384477496147156,127.0,118.0,34.24214172363281,214.88694763183597,60.953125,23.3671875,5.503381696073044,-2546.539794921875
2.066617675780435,30.24418258666992,13.876739501953123,15.172900199890137,21.43254280090332,0.4897413551807403,127.0,118.0,34.25725555419922,214.89239501953125,62.015625,23.3671875,5.503381696073044,-2592.451416015625
2.085848144530246,30.130470275878903,13.858484268188477,15.213091850280762,21.48343276977539,0.6013707518577576,127.0,118.0,34.31523132324219,214.77621459960935,62.015625,23.3671875,5.486276609088303,-2580.9970703125
2.1061113281248254,30.02634620666504,13.844103813171388,15.152690887451172,21.47123336791992,0.6173480749130249,127.0,118.0,34.30046844482422,214.84197998046875,62.015625,23.3671875,5.420710479083047,-2552.9033203125
2.1279072265624563,30.165069580078125,13.799426078796388,15.251068115234377,21.448352813720703,0.6321305632591248,127.0,118.0,34.351375579833984,214.80393981933597,62.015625,23.3671875,5.202629563762264,-2554.883056640625
2.1479521484361612,30.19697380065918,13.784242630004885,15.175395965576172,21.486713409423828,0.4857516884803772,127.0,118.0,34.40085220336914,214.9315948486328,62.8515625,23.34375,5.239689289369107,-2548.849365234375
2.168978027342746,30.501863479614254,13.843894004821776,15.30717658996582,21.491914749145508,0.6480438709259033,127.0,118.0,34.49325942993164,214.75950622558597,62.8515625,23.34375,5.209756553719896,-2593.39404296875
2.189050048827994,30.409595489501957,13.84703540802002,15.292133331298828,21.548511505126957,0.6772752404212952,127.0,118.0,34.46652603149414,214.64749145507807,62.8515625,23.34375,5.3993295092101485,-2589.85888671875
2.212147705076859,30.35847282409668,13.843544960021973,15.290440559387209,21.531810760498047,0.6248363256454468,127.0,118.0,34.500732421875,214.72227478027344,62.8515625,23.34375,5.109980249745158,-2559.031005859375
2.230146728514228,30.477354049682617,13.849356651306152,15.258833885192873,21.54010009765625,0.5208389163017273,127.0,118.0,34.52471160888672,214.67852783203125,62.8515625,23.328125,5.288151887821738,-2581.751220703125
2.250905029295609,30.366586685180664,13.872620582580566,15.230072975158691,21.538249969482425,0.668343722820282,127.0,118.0,34.49303436279297,214.7704925537109,63.40625,23.328125,5.124234229660423,-2564.357666015625
2.2735537109365396,29.87805938720703,13.923406600952148,15.14698314666748,21.51139068603516,0.5764855742454529,127.0,118.0,34.63045120239258,214.7405242919922,63.40625,23.328125,5.239689289369107,-2531.550048828125
2.294323974609142,30.298545837402344,13.865273475646973,15.235552787780762,21.510343551635746,0.5182952284812927,127.0,118.0,34.675636291503906,214.71566772460935,63.40625,23.328125,5.204054339580944,-2594.80810546875
2.3143950195299112,30.104402542114254,13.873196601867676,15.277700424194336,21.56383514404297,0.5237424969673157,127.0,118.0,34.71954727172852,214.6716461181641,63.40625,23.3046875,5.340890369162525,-2561.670654296875
2.3353454589832836,30.194345474243164,13.850683212280272,15.16372013092041,21.548999786376957,0.6252340078353882,127.0,118.0,34.77291488647461,214.71885681152344,63.921875,23.3046875,5.151315858240157,-2569.35400390625
2.356760986327572,30.227100372314453,13.898222923278809,15.249881744384766,21.62032699584961,0.5718314051628113,127.0,118.0,34.753700256347656,214.6566619873047,63.921875,23.3046875,5.302404312304886,-2594.1953125
2.3787006835937063,30.414405822753903,13.93923568725586,15.325972557067873,21.654340744018555,0.5718314051628113,127.0,118.0,34.78717422485352,214.67523193359372,63.921875,23.3046875,4.943213039946483,-2574.822021484375
2.3976206054685463,30.383275985717773,13.94602394104004,15.265692710876465,21.6868896484375,0.5790627002716064,127.0,118.0,34.75328063964844,214.6723480224609,63.921875,23.34375,5.139912985394368,-2564.828857421875
2.4260544433582254,30.349483489990234,14.046862602233888,15.335518836975098,21.730466842651367,0.6422160863876343,127.0,118.0,34.68986129760742,214.64781188964844,64.375,23.34375,4.946064147015959,-2615.972900390625
2.4382084960925567,30.38242530822754,14.013930320739746,15.33363437652588,21.67064094543457,0.548162579536438,127.0,117.92257804963329,34.73453521728516,214.5615997314453,64.375,23.34375,4.843438291403861,-2606.875244140625
2.46190795898292,30.18445205688477,14.028676986694336,15.37740421295166,21.712316513061523,0.5504553318023682,127.0,117.71811139054937,34.79706954956055,214.47950744628903,64.375,23.34375,5.031586471075433,-2601.878662109375
2.4783935546875,30.419696807861328,14.01440143585205,15.302813529968262,21.721567153930664,0.5456855893135071,127.0,117.57588223151811,34.849632263183594,214.5615997314453,64.375,23.34375,4.99595152128727,-2578.97021484375
2.501934082030857,30.395360946655277,14.074542045593262,15.403389930725098,21.691898345947266,0.6189037561416626,127.0,117.37278678580005,34.83013916015625,214.66668701171875,64.9296875,23.2578125,5.124234229660423,-2652.881103515625
2.5213735351553623,30.272933959960938,14.129183769226074,15.408206939697266,21.738948822021484,0.7309348583221436,127.0,117.20507327882181,34.8926887512207,214.59957885742188,64.9296875,23.2578125,4.99452674546859,-2650.5244140625
2.542379394530144,30.531455993652344,14.117630958557127,15.442954063415527,21.742055892944336,0.6055590510368347,127.0,117.02384563212726,35.05298614501953,214.5349273681641,64.9296875,23.2578125,4.940361932877007,-2651.891357421875
2.559575439452601,30.588359832763672,14.096776008605955,15.459970474243164,21.756261825561523,0.7094588279724121,126.88561709571059,117.0,35.09651184082031,214.5272521972656,64.9296875,23.2578125,4.87479580287175,-2628.558349609375
2.5816816406240832,30.67459487915039,14.103564262390137,15.49159336090088,21.84504127502441,0.6722031235694885,126.71041276450829,117.0,35.01335144042969,214.538818359375,64.9296875,23.2734375,4.961742902749904,-2633.885009765625
2.6035815429677314,30.43241500854492,14.150214195251465,15.472744941711426,21.860240936279297,0.5730009078979492,126.53684346991533,117.0,35.08837890625,214.47576904296875,65.484375,23.2734375,4.7735947230783315,-2611.871826171875
2.62377490234212,30.43846893310547,14.147561073303224,15.46131420135498,21.909788131713867,0.5730790495872498,126.37679950774756,117.0,35.07952880859375,214.35153198242188,65.484375,23.2109375,4.745088318679918,-2657.736328125
2.6453076171874272,30.42679786682129,14.1376314163208,15.460772514343262,21.95085334777832,0.4952433109283447,126.20614038482377,117.0,35.13433074951172,214.4811553955078,65.90625,23.2109375,4.793549361700433,-2627.8984375
2.6668273925770336,30.49542808532715,14.147997856140137,15.451854705810549,21.91275405883789,0.6002541780471802,126.03558381449204,117.0,35.16888427734375,214.39041137695312,65.90625,23.2109375,5.008779169951739,-2643.40673828125
2.689577148436001,30.52862930297852,14.16543197631836,15.51892375946045,21.93947410583496,0.7037290930747986,126.0,117.0,35.09935760498047,214.22836303710935,65.90625,23.2109375,4.870519919983594,-2624.8818359375
2.714827880858138,30.371091842651367,14.160964965820312,15.476567268371582,21.93146324157715,0.5616169571876526,126.0,117.0,35.14169692993164,214.261962890625,65.90625,23.2578125,4.832035418558072,-2655.615234375
2.7326899414056243,30.598711013793945,14.183250427246094,15.543304443359377,21.97596740722656,0.5083417296409607,126.0,117.0,35.13174819946289,214.27674865722656,66.3359375,23.2578125,4.655290111732288,-2630.821044921875
2.7528383789049258,30.576231002807617,14.178539276123049,15.518434524536133,21.964937210083008,0.67742919921875,126.0,117.0,35.12523651123047,214.2322540283203,66.3359375,23.2578125,4.727983231695177,-2628.794189453125
2.7729868164060463,30.65380477905273,14.205536842346191,15.569307327270508,22.05015563964844,0.67742919921875,126.0,117.0,35.141170501708984,214.1276397705078,66.3359375,23.2578125,4.921832070073585,-2641.803955078125
2.7934553222657996,30.56963157653809,14.176775932312012,15.529778480529783,22.03010368347168,0.5300487279891968,126.0,117.0,35.1949577331543,214.1581573486328,66.3359375,23.296875,4.638185024747547,-2674.611572265625
2.8137272949206817,30.478565216064453,14.233687400817873,15.522518157958984,22.000154495239254,0.7031952738761902,126.0,117.0,35.14781951904297,214.0828399658203,67.0078125,23.296875,4.842011960153064,-2626.2958984375
2.8357497558590694,30.44286346435547,14.224559783935549,15.462779998779297,22.039142608642575,0.6959715485572815,126.0,117.0,35.170631408691406,214.1788482666016,67.0078125,23.296875,4.612528171986493,-2638.88134765625
2.8534426269525284,30.43678855895996,14.21881866455078,15.539568901062012,22.02052116394043,0.5731832981109619,126.0,117.0,35.2225341796875,214.150634765625,67.0078125,23.296875,4.893325665675172,-2658.34912109375
2.8739565429677896,30.44609260559082,14.237963676452637,15.544403076171877,21.9877986907959,0.6478285193443298,126.0,117.0,35.3293571472168,214.1277008056641,67.0078125,23.296875,4.599700523322024,-2660.61181640625
2.8968459472653194,30.726482391357425,14.264490127563477,15.51005744934082,22.023418426513672,0.6754331588745117,126.0,117.0,35.32892227172852,214.10870361328125,67.3671875,23.25,4.909004421409117,-2647.884765625
2.9201401367172366,30.577682495117188,14.23970890045166,15.534263610839844,22.078462600708008,0.6269747018814087,126.0,117.0,35.36677551269531,213.99038696289065,67.3671875,23.25,4.5369839449541285,-2644.537841796875
2.9399091796876746,30.479480743408203,14.260616302490234,15.622187614440918,22.060871124267575,0.6252340078353882,126.0,117.0,35.42393112182617,214.06613159179688,67.3671875,23.25,4.562640797715182,-2713.358154296875
2.9606235351548094,30.3553409576416,14.289917945861816,15.6359224319458,22.09490203857422,0.6164626479148865,126.0,117.0,35.45996856689453,213.92755126953125,67.3671875,23.25,4.75364008445623,-2646.56494140625
2.980761474607789,30.386743545532227,14.308486938476562,15.64742374420166,22.11916160583496,0.5731050968170166,126.0,117.0,35.40810012817383,213.9288330078125,67.7890625,23.28125,4.408701236580976,-2701.149658203125
3.002508544921511,30.564985275268555,14.293269157409668,15.652170181274414,22.111831665039062,0.5241496562957764,126.0,117.0,35.54770278930664,213.98329162597656,67.7890625,23.28125,4.591148757545712,-2685.123046875
3.0220078124984866,30.71588134765625,14.338086128234863,15.620721817016602,22.18174362182617,0.5210993885993958,126.0,117.0,35.49684524536133,213.85157775878903,67.7890625,23.28125,4.55266425612019,-2693.79638671875
3.0441992187497817,30.79912757873535,14.361716270446776,15.551139831542969,22.12251281738281,0.7365690469741821,126.0,117.0,35.46403503417969,213.8738250732422,67.7890625,23.28125,4.688072399018858,-2683.143310546875
3.06402490234359,30.793073654174805,14.362187385559082,15.637371063232422,22.17731094360352,0.6325085163116455,126.0,117.0,35.49647903442383,213.81771850585935,67.7890625,23.296875,4.3573890864909846,-2680.45654296875
3.0821328124984575,30.68592834472656,14.355521202087402,15.67651653289795,22.12734603881836,0.6325085163116455,126.0,117.0,35.509010314941406,213.8511657714844,68.4140625,23.296875,4.528432179177816,-2689.5068359375
3.104729980468619,30.791622161865234,14.363723754882812,15.61415958404541,22.15410041809082,0.5221439003944397,126.0,117.0,35.50834655761719,213.8931884765625,68.4140625,23.328125,4.6481631217746555,-2696.577392578125
3.1230129394516553,30.93834114074707,14.33724880218506,15.655328750610352,22.136823654174805,0.5976057648658752,126.0,117.0,35.48482131958008,213.8012237548828,68.4140625,23.328125,4.54411093491176,-2659.150390625
3.1449980468751164,30.49681282043457,14.378819465637209,15.66238021850586,22.12013816833496,0.5193520784378052,126.0,117.0,35.48286819458008,213.7923126220703,68.4140625,23.328125,4.430082206453873,-2642.36962890625
3.1672707519519463,30.627660751342773,14.333758354187012,15.49122714996338,22.151535034179688,0.5165433287620544,126.0,117.0,35.49860763549805,213.76409912109372,68.8828125,23.328125,4.452887952145451,-2687.85693359375
3.1863652343745343,30.82184791564941,14.35072135925293,15.721281051635742,22.14132499694824,0.4893928468227386,126.0,117.0,35.56061553955078,213.79177856445312,68.8828125,23.34375,4.559789690645705,-2705.344970703125
3.2097795410154504,30.620996475219727,14.359413146972656,15.575764656066896,22.1452693939209,0.5390226244926453,126.0,117.0,35.60419464111328,213.70269775390625,68.8828125,23.34375,4.345986213645196,-2652.833984375
3.226709960936205,30.74000740051269,14.377999305725098,15.590843200683594,22.11753845214844,0.5481864213943481,126.0,117.0,35.643898010253906,213.66429138183597,68.8828125,23.34375,4.435784420592826,-2652.6455078125
3.2499311523424694,30.827377319335938,14.326620101928713,15.671123504638672,22.16898727416992,0.6480256915092468,126.0,117.0,35.63276290893555,213.70867919921875,69.3046875,23.34375,4.365940852267297,-2684.274658203125
3.2674335937499563,30.64665031433105,14.40360164642334,15.700128555297852,22.113523483276367,0.7816846370697021,126.0,117.0,35.567176818847656,213.66525268554688,69.3046875,23.34375,4.482820687794661,-2692.617919921875
3.289064453123501,30.53157615661621,14.387877464294434,15.652956008911133,22.130748748779297,0.6601976156234741,126.0,117.0,35.56632232666016,213.5544586181641,69.5703125,23.2734375,4.367365628085977,-2693.46630859375
3.313804687499214,30.74529838562012,14.405503273010254,15.639744758605955,22.182844161987305,0.6723320484161377,125.87984831202097,117.0,35.567962646484375,213.58251953125,69.5703125,23.2734375,4.350262096533352,-2684.84033203125
3.3319169921869616,30.85367584228516,14.435539245605469,15.677982330322266,22.174903869628903,0.6055517792701721,125.73138620399831,117.0,35.58860778808594,213.5836334228516,69.5703125,23.2734375,4.383045939252039,-2712.462646484375
3.3521164550766116,30.93201446533203,14.431838989257812,15.69283390045166,22.18870735168457,0.5482102036476135,125.56581617338055,117.0,35.53763198852539,213.6309509277344,69.5703125,23.2734375,4.340283999506243,-2681.917724609375
3.372842529295667,30.64945411682129,14.422414779663086,15.74508571624756,22.264625549316406,0.5482102036476135,125.39592963919073,117.0,35.530250549316406,213.57781982421875,69.7265625,23.2578125,4.197748866649943,-2672.537353515625
3.393206542967164,30.83659553527832,14.422816276550291,15.73454475402832,22.25143051147461,0.6361066102981567,125.22901082627924,117.0,35.522518157958984,213.5426177978516,69.7265625,23.2578125,4.370216735155453,-2688.139892578125
3.4161225585921784,30.80333709716797,14.464771270751951,15.889467239379885,22.27115249633789,0.5419443249702454,125.04117388085089,117.0,35.65410614013672,213.53903198242188,69.7265625,23.2578125,4.288971849416252,-2738.95361328125
3.4372404785153776,30.80787467956543,14.512834548950195,15.789082527160645,22.28399658203125,0.5936965346336365,125.0,116.87947110919343,35.68398666381836,213.4997711181641,69.7265625,23.2578125,4.3559627552401885,-2700.536865234375
3.4566242675773537,30.787433624267575,14.48609733581543,15.807459831237791,22.278812408447266,0.7971193790435791,125.0,116.73431135228428,35.75506591796875,213.44387817382807,69.859375,23.28125,4.381619608001242,-2722.1728515625
3.479259521483982,30.579044342041016,14.523863792419434,15.736342430114746,22.340681076049805,0.5731312036514282,125.0,116.56480228756975,35.7789421081543,213.46371459960935,69.859375,23.28125,4.146435161127835,-2699.59423828125
3.49828588867058,30.949018478393555,14.557808876037598,15.767075538635254,22.33427619934082,0.5482579469680786,125.0,116.42231916278458,35.794403076171875,213.45860290527344,69.859375,23.28125,4.239082919712825,-2711.9912109375
3.5188857421871944,30.74842834472656,14.490199089050291,15.828680992126465,22.373979568481445,0.6353967785835266,125.0,116.26805264043178,35.74894332885742,213.4617919921875,69.859375,23.28125,4.194897759580466,-2707.466064453125
3.5391135253903485,30.815465927124023,14.473026275634766,15.78349781036377,22.352619171142575,0.481354296207428,125.0,116.1165724482408,35.76813888549805,213.3482818603516,69.859375,23.234375,4.204874301175458,-2690.968017578125
3.5628918457023246,30.759674072265625,14.546621322631836,15.862852096557615,22.34380531311035,0.5094538927078247,125.0,116.0,35.76890563964844,213.38113403320312,70.34375,23.234375,4.196322535399146,-2716.940673828125
3.583053955077048,30.601438522338867,14.481856346130373,15.849013328552246,22.375707626342773,0.6849340200424194,125.0,116.0,35.814178466796875,213.2991485595703,70.34375,23.234375,4.3417103307570395,-2725.23681640625
3.6047612304682843,30.537574768066406,14.49192714691162,15.779117584228516,22.32891845703125,0.5700216293334961,125.0,116.0,35.69395065307617,213.36561584472656,70.34375,23.234375,4.092271903968368,-2706.61767578125
3.626633056639548,30.653226852416992,14.46957015991211,15.769588470458984,22.340261459350582,0.7437111735343933,125.0,116.0,35.62799835205078,213.1822662353516,70.34375,23.3046875,4.234807036824669,-2722.832763671875
3.6479189453111758,30.664419174194336,14.457406044006348,15.8314208984375,22.32781791687012,0.6011055707931519,125.0,116.0,35.78676223754883,213.17230224609372,70.96875,23.3046875,4.0780179240531025,-2702.705322265625
3.669730468749549,30.68953895568848,14.456080436706545,15.72848892211914,22.339111328125,0.6053555011749268,125.0,116.0,35.746307373046875,213.19081115722656,70.96875,23.3046875,3.915526597142584,-2722.5029296875
3.6875236816395045,30.849782943725582,14.447092056274414,15.70079231262207,22.347522735595703,0.4911404550075531,125.0,116.0,35.668540954589844,213.2208404541016,70.96875,23.3046875,4.038107091376784,-2737.9638671875
3.713633544921322,30.56205177307129,14.53292179107666,15.71723175048828,22.32811546325684,0.7879541516304016,125.0,116.0,35.677127838134766,213.1298370361328,71.46875,23.2734375,4.157838033973624,-2701.1025390625
3.7346650390609284,30.75198554992676,14.490809440612791,15.77971076965332,22.359251022338867,0.7513679265975952,125.0,116.0,35.58600997924805,212.99156188964844,71.46875,23.2734375,3.9725409613715277,-2707.277587890625
3.7530363769528776,30.782787322998047,14.472031593322754,15.776394844055176,22.293210983276367,0.4972918033599853,125.0,116.0,35.63410568237305,213.0355224609375,71.46875,23.328125,3.965413971413895,-2694.7861328125
3.7710268554674258,30.7235164642334,14.457947731018066,15.651768684387209,22.30041885375977,0.6751183271408081,125.0,116.0,35.816795349121094,213.019775390625,71.46875,23.328125,3.9525863227494265,-2686.3486328125
3.791965820311816,30.844491958618164,14.44114112854004,15.677685737609863,22.271465301513672,0.6751183271408081,125.0,116.0,35.68497848510742,212.8832244873047,71.46875,23.328125,4.046658857153096,-2725.802490234375
3.8163364257798094,30.90111351013184,14.423165321350098,15.64887237548828,22.306264877319336,0.686762809753418,125.0,116.0,35.7811393737793,212.9420623779297,72.0078125,23.328125,3.824303614376274,-2687.0556640625
3.835043212890014,30.574790954589844,14.469134330749512,15.689779281616213,22.263473510742188,0.6546309590339661,125.0,116.0,35.59928894042969,212.7708282470703,72.0078125,23.296875,3.9126754900731076,-2680.97509765625
3.858216552733211,30.69882202148437,14.42237949371338,15.660931587219238,22.219161987304688,0.496989905834198,125.0,116.0,35.79779052734375,212.755615234375,72.0078125,23.296875,3.8357064872220628,-2682.530517578125
3.8747700195308425,30.657983779907227,14.433113098144531,15.718994140625,22.251588821411133,0.5178269147872925,125.0,116.0,35.648155212402344,212.78591918945312,72.0078125,23.296875,3.948308884429154,-2674.469970703125
3.898875488281192,30.755224227905277,14.455957412719728,15.694438934326172,22.243927001953125,0.5515437722206116,125.0,116.0,35.51683044433594,212.7169952392578,72.2578125,23.296875,3.904123724296795,-2678.476806640625
3.918065429686976,30.882232666015625,14.436254501342772,15.775731086730955,22.272897720336918,0.5980475544929504,125.0,116.0,35.63426208496094,212.68414306640625,72.2578125,23.296875,3.929780577057849,-2691.156494140625
3.9366721191399847,31.03263664245605,14.395956993103027,15.686725616455078,22.252582550048828,0.5529952645301819,125.0,116.0610304519681,35.7418212890625,212.6898956298828,72.53125,23.2265625,3.85851223291364,-2706.052001953125
3.9576977539054496,30.83980178833008,14.438592910766602,15.69192600250244,22.28584671020508,0.5679417252540588,125.0,116.22611631018606,35.7191162109375,212.59397888183597,72.53125,23.2265625,3.7929445474762677,-2688.18701171875
3.9768542480469478,30.71917533874512,14.381123542785645,15.625468254089355,22.234241485595703,0.5197759866714478,125.0,116.37652633637099,35.55300521850586,212.57568359375,72.53125,23.2265625,3.8200261760560013,-2668.86083984375
4.000663085937049,30.6341495513916,14.387423515319824,15.405414581298828,22.18821907043457,0.6220018863677979,125.0,116.56346492253783,35.59663772583008,212.55381774902344,72.53125,23.2265625,3.810049634461009,-2636.100341796875
4.020841308592935,30.950305938720703,14.329936027526855,15.591262817382812,22.138427734375,0.6220018863677979,125.0,116.72189720016715,35.63096618652344,212.6275329589844,72.7421875,23.25,3.579141070475758,-2681.16357421875
4.041925537108909,30.559476852416992,14.323373794555664,15.646410942077637,22.098846435546875,0.8681188821792603,125.0,116.88744311581563,35.60602569580078,212.4919891357422,72.7421875,23.25,3.720251427513379,-2656.93505859375
4.063747314452485,30.65799331665039,14.261104583740234,15.52658462524414,22.100486755371094,0.5918964147567749,125.06200948423171,117.0,35.591732025146484,212.50457763671875,72.7421875,23.25,3.795795654545744,-2667.30517578125
4.0865505371093604,30.57860946655273,14.265101432800291,15.488189697265623,22.099876403808597,0.6253170371055603,125.2508892731115,117.0,35.77974319458008,212.48985290527344,72.7421875,23.25,3.590543943321547,-2647.97900390625
4.105646484375029,30.73838233947754,14.31944751739502,15.619342803955078,22.10434341430664,0.5198467373847961,125.40906158683937,117.0,35.65266036987305,212.3823699951172,72.953125,23.359375,3.5848417291825942,-2715.903564453125
4.124733642576757,30.66159439086914,14.31169891357422,15.562029838562012,22.09943962097168,0.6563852429389954,125.56716110049443,117.0,35.555519104003906,212.3982696533203,72.953125,23.359375,3.4993194051231202,-2603.434326171875
4.148297119139897,30.904199600219727,14.28178596496582,15.576445579528809,22.064186096191406,0.5469972491264343,125.76233809567142,117.0,35.52696990966797,212.2904052734375,72.953125,23.359375,3.7459082802744326,-2682.294921875
4.168484619140145,30.94053268432617,14.271820068359377,15.517824172973633,22.050138473510746,0.5665889978408813,125.92955177399622,117.0,35.4633903503418,212.3017120361328,72.953125,23.359375,3.718826651694699,-2650.99560546875
4.190688720702383,30.729875564575195,14.281314849853516,15.589778900146484,22.077136993408203,0.6572586894035339,126.0,117.0,35.491783142089844,212.21897888183597,72.984375,23.3203125,3.646131976299694,-2695.72900390625
4.214435546873574,30.81154060363769,14.341751098632812,15.534770011901855,22.098812103271484,0.5162641406059265,126.0,117.0,35.53818893432617,212.2308654785156,72.984375,23.3203125,3.3781636867076004,-2630.96240234375
4.2315090332031104,30.63858985900879,14.296375274658203,15.548155784606934,22.08914375305176,0.7439042329788208,126.0,117.0,35.47051239013672,212.1535797119141,72.984375,23.3203125,3.616199240650484,-2654.15380859375
4.252610107421788,30.67190170288086,14.252274513244627,15.551017761230469,22.002824783325195,0.6284910440444946,126.0,117.0,35.43998718261719,212.08213806152344,72.984375,23.3203125,3.660385956214959,-2669.614990234375
4.272210205077499,30.838165283203125,14.34215259552002,15.67510223388672,22.0097713470459,0.5469022989273071,126.0,117.0,35.465187072753906,212.13650512695312,72.984375,23.2578125,3.4921939705976044,-2674.894287109375
4.293435546875116,31.08221244812012,14.294717788696287,15.638906478881836,22.072738647460938,0.5469022989273071,126.0,117.0,35.55180358886719,212.04112243652344,72.96875,23.2578125,3.6831917019065363,-2650.383056640625
4.316930664061147,31.003143310546875,14.25255298614502,15.508155822753906,22.043052673339844,0.5316356420516968,126.0,117.0,35.386985778808594,211.98681640625,72.96875,23.2578125,3.6261773376775928,-2686.678466796875
4.334301757811772,30.902400970458984,14.257038116455078,15.58754539489746,22.022615432739254,0.5663344860076904,126.0,117.0,35.50345993041992,211.8836975097656,72.96875,23.2578125,3.487916532277332,-2637.844482421875
4.355542236327892,30.513622283935547,14.258381843566896,15.577614784240724,22.015460968017575,0.573731005191803,126.0,117.0,35.556026458740234,211.87042236328125,72.96875,23.25,3.4636860107670744,-2662.92138671875
4.376255859373487,30.95439720153809,14.284717559814451,15.471872329711914,22.0842227935791,0.5953294634819031,126.0,117.0,35.48291778564453,211.8446044921875,73.1953125,23.25,3.5591848764215404,-2650.9013671875
4.397426513671235,30.850719451904297,14.258068084716797,15.561663627624512,22.02994537353516,0.5276750326156616,126.0,117.0,35.510231018066406,211.8002166748047,73.1953125,23.25,3.4579837966281217,-2663.487060546875
4.420704345702688,30.647937774658203,14.252693176269531,15.543391227722168,22.038061141967773,0.4958503544330597,126.0,117.0,35.432498931884766,211.7388153076172,73.1953125,23.25,3.5819906221131177,-2654.625244140625
4.442980957030159,30.81232452392578,14.255799293518066,15.51443862915039,21.98676872253418,0.6344498991966248,125.8090603292132,116.8090603292132,35.35976028442383,211.71951293945312,73.1953125,23.25,3.4180745193839193,-2642.322509765625
4.459335449217178,30.58279800415039,14.256113052368164,15.508661270141602,21.961952209472656,0.6416352987289429,125.54239366254653,116.54239366254653,35.409217834472656,211.68606567382807,73.3671875,23.25,3.5762899634062815,-2639.72998046875
4.483970458983094,30.62643814086914,14.260250091552734,15.485886573791504,21.96680450439453,0.6479411721229553,125.14070977886587,116.14070977886587,35.49647903442383,211.6285095214844,73.3671875,23.25,3.4622612349483943,-2657.5478515625
4.501997314451728,30.603052139282227,14.211034774780272,15.495293617248535,21.96083641052246,0.5203187465667725,124.84677454668498,115.84677454668498,35.43911361694336,211.62242126464844,73.3671875,23.234375,3.4080964223568104,-2647.790283203125
4.524499999999534,30.62265396118164,14.225083351135254,15.497876167297363,21.93137550354004,0.5203187465667725,124.47985907923807,115.47985907923807,35.4736328125,211.5702972412109,73.3671875,23.234375,3.2969188009683994,-2644.30224609375
4.539704833983706,30.633506774902344,14.218591690063477,15.511366844177246,21.930957794189453,0.6737838387489319,124.23193805855774,115.23193805855774,35.37035369873047,211.54672241210935,73.484375,23.234375,3.2983435767870795,-2652.692626953125
4.563827880858298,30.75008773803711,14.150056838989258,15.502762794494627,21.90052032470703,0.7602534294128418,123.29649787443246,114.45283168011413,35.3672981262207,211.4427032470703,73.484375,23.234375,3.4266262851602316,-2645.574951171875
4.583905273437267,30.54446792602539,14.21716022491455,15.454193115234377,21.873050689697266,0.5730009078979492,121.86955666734146,113.34298851904335,35.412410736083984,211.4818115234375,73.484375,23.296875,3.4423050408941767,-2642.228271484375
4.602700195311627,30.763580322265625,14.19618320465088,15.476689338684082,21.879125595092773,0.4784075319766998,120.53376326672257,112.30403809633978,35.330196380615234,211.37799072265625,73.484375,23.296875,3.0660102369831486,-2645.19775390625
4.624331542967411,30.39236259460449,14.233931541442873,15.42457675933838,21.83359146118164,0.6245046257972717,118.99637930535874,111.10829501527903,35.317264556884766,211.3777313232422,73.7421875,23.296875,3.3753141350702407,-2601.171630859375
4.644295410154882,30.493093490600582,14.17656707763672,15.448172569274902,21.817081451416016,0.697600781917572,117.57750657913763,110.00472733932926,35.22496032714844,211.33612060546875,73.7421875,23.296875,3.188590731217348,-2609.562255859375
4.6655268554677605,30.59700965881348,14.14878273010254,15.303895950317385,21.7175350189209,0.6587115526199341,116.06854449232193,108.83109016069483,35.24317932128906,211.2422332763672,74.09375,23.34375,3.522125150814698,-2598.626220703125
4.691222412107891,30.34779357910156,14.01291847229004,15.147699356079102,21.587411880493164,0.5571447014808655,114.33058030196474,107.74896761323679,35.332393646240234,211.21961975097656,74.09375,23.34375,3.2370533296699793,-2570.72119140625
4.709017089842746,30.35200309753418,13.929235458374023,14.917540550231934,21.422122955322266,0.6366955041885376,113.21321493382186,107.3299556001832,35.274417877197266,211.1742248535156,74.09375,23.34375,3.2099717010902458,-2501.146484375
4.73480053710955,30.15607070922852,13.590681076049805,14.776090621948242,21.105506896972656,0.5273571610450745,111.59421786762071,106.72283170035777,35.23630142211914,211.0888671875,74.09375,23.34375,3.366760813861812,-2471.167236328125
4.749595458983094,30.507850646972656,13.437539100646973,14.635950088500977,20.85032081604004,0.5927753448486328,110.66521350045703,106.37445506267139,35.20515060424805,211.12039184570312,74.40625,23.296875,3.321149322478657,-2416.6767578125
4.772602539062063,30.46644592285156,13.337660789489746,14.472982406616213,20.495851516723636,0.7492862343788147,109.22055038909723,105.83270639591146,35.2309455871582,211.0265045166016,74.40625,23.296875,3.3282763124362895,-2380.805419921875
4.794352539061947,30.14659309387207,13.266508102416992,14.260485649108888,20.19782066345215,0.5455297827720642,107.8548219887362,105.32055824577608,35.29298782348633,211.01194763183597,74.40625,23.296875,3.2170986910478785,-2348.233642578125
4.8146923828117,30.284868240356445,13.026576042175291,14.112298965454102,19.95078659057617,0.5078461766242981,106.5949938350891,105.0,35.25846862792969,210.9109039306641,74.40625,23.296875,3.1814637412597158,-2284.55126953125
4.832357666015014,30.30058479309082,12.95032787322998,13.88514232635498,19.64579391479492,0.5078461766242981,105.53132895633847,105.0,35.273529052734375,210.86642456054688,74.40625,23.3203125,3.0916655343120856,-2258.154296875
4.855905761718532,30.26963996887207,12.9599609375,13.655158042907717,19.33886337280273,0.6440482139587402,104.11344722340131,105.0,35.29295349121094,210.73599243164065,74.453125,23.3203125,3.1415544640155133,-2168.16943359375
4.8734304199206235,30.093843460083008,12.838337898254396,13.50946807861328,19.11435890197754,0.5987504720687866,103.05824967981052,105.0,35.27387619018555,210.7985076904297,74.453125,23.3203125,2.953406284343941,-2143.23388671875
4.897268798828009,30.329687118530277,12.736626625061035,13.356743812561035,18.750900268554688,0.754299521446228,101.62288936787154,105.0,35.31769943237305,210.71795654296875,74.453125,23.3203125,3.1016436313391944,-2107.50390625
4.915844970702892,29.98956680297852,12.617393493652344,13.15314769744873,18.43067169189453,0.6332095861434937,100.50437791363245,105.0,35.24845123291016,210.68653869628903,74.453125,23.359375,3.100218855520515,-2059.612548828125
4.937856445310899,30.086305618286133,12.12053108215332,12.935171127319336,18.15541648864746,0.7125000357627869,99.17901945759809,105.0,35.317596435546875,210.66563415527344,74.4921875,23.359375,3.1486798985410296,-1989.8494873046875
4.957408447264243,29.995325088500977,11.463196754455566,12.726058959960938,17.877334594726562,0.6263443827629089,98.59962619908141,105.0,35.299251556396484,210.5697784423828,74.4921875,23.359375,2.8664591844657874,-1928.8538818359373
4.977349609374869,30.08238983154297,11.189128875732422,12.502655029296877,17.517820358276367,0.8688867092132568,98.11805387685796,105.0,35.285499572753906,210.58273315429688,74.4921875,23.359375,3.2099717010902458,-1873.56201171875
4.998907958983182,29.975736618041992,10.891395568847656,12.31108283996582,17.17673683166504,0.5977356433868408,97.59742702333013,105.0,35.26968765258789,210.5078887939453,74.4921875,23.359375,2.8621833015776312,-1861.2120361328125
5.019599853514592,30.019540786743164,10.645773887634276,12.080906867980955,16.91914176940918,0.5984307527542114,97.09772476696402,105.0,35.250545501708984,210.4327850341797,74.3828125,23.328125,2.8707350673539436,-1775.5166015625
5.0424536132813955,29.684852600097656,10.499699592590332,11.96200466156006,16.644411087036133,0.7497763633728027,96.54581419618063,105.0,35.29169464111328,210.427978515625,74.3828125,23.328125,2.8465029904115697,-1769.4359130859375
5.062058105468168,29.92609596252441,10.373764991760254,11.78291130065918,16.436609268188477,0.6023692488670349,96.07237233873202,105.0,35.18604278564453,210.3546295166016,74.3828125,23.328125,2.8122943718742035,-1746.62158203125
5.081636962890116,29.636009216308597,10.31934928894043,11.706034660339355,16.266746520996094,0.6023692488670349,95.19987748418485,105.0,35.16471481323242,210.3355407714844,74.3828125,23.328125,2.8222724689013123,-1711.551513671875
5.10204370117026,29.795455932617188,10.181861877441406,11.604917526245115,16.03369140625,0.5948917269706726,94.21520374144451,105.0,35.17792510986328,210.26495361328125,74.0234375,23.328125,2.78378796747579,-1733.47021484375
5.124404541014883,29.913759231567383,10.046991348266602,11.461268424987791,15.763724327087402,0.6703583598136902,93.1362399425118,105.0,35.15776824951172,210.3065185546875,74.0234375,23.328125,2.9006678030031536,-1650.8387451171875
5.145891845702863,29.90991973876953,9.758996963500977,11.361791610717772,15.59335708618164,0.7474944591522217,92.09942629613487,105.0,35.242149353027344,210.2362060546875,74.0234375,23.3046875,2.853629980369202,-1644.145263671875
5.163624267577688,29.726476669311523,9.632347106933594,11.201336860656738,15.400126457214355,0.5980735421180725,91.24379469176671,105.0,35.33989715576172,210.2709808349609,74.0234375,23.3046875,2.8821379401997325,-1542.80029296875
5.186418457031323,29.60348129272461,9.489169120788574,11.020742416381836,15.211015701293944,0.7475919127464294,90.1439207416919,105.0,35.248905181884766,210.23182678222656,73.2734375,23.3046875,2.7110948475129013,-1541.9046630859375
5.207609130859055,29.849611282348636,9.394177436828612,10.806011199951172,14.976598739624023,0.6548539400100708,88.7036203683138,105.0,35.214210510253906,210.2471466064453,73.2734375,23.3046875,2.9177713345557783,-1494.0604248046875
5.228885742186321,29.90559959411621,9.417668342590332,10.627633094787598,14.751221656799316,0.8612397313117981,87.1887613106332,105.0,35.23234176635742,210.28224182128903,73.2734375,23.2578125,2.7267736032468464,-1434.6204833984375
5.246512207029809,29.434982299804688,9.352606773376465,10.417805671691896,14.492511749267578,0.6658647656440735,85.93378656340232,105.0,35.16733169555664,210.18814086914065,73.2734375,23.2578125,2.5557289551278988,-1365.517333984375
5.268558837889941,29.698257446289062,9.348313331604004,10.13783836364746,14.248303413391112,0.7935665249824524,84.36410340598535,105.0,35.218360900878906,210.17149353027344,72.140625,23.2578125,2.817996586013156,-1295.471435546875
5.287419433592731,29.57596206665039,9.2650146484375,9.914922714233398,13.727706909179688,0.6510270237922668,83.02126061050863,105.0,35.25165939331055,210.1856842041016,72.140625,23.2578125,3.155806888498662,-1276.4752197265625
5.313523681639708,29.327072143554688,9.182744979858398,9.706579208374023,13.451997756958008,0.6779326796531677,81.16268191167808,105.0,35.218223571777344,210.1925201416016,72.140625,23.359375,2.789488626182626,-1197.944580078125
5.338471435547035,29.251264572143555,8.509947776794434,9.400556564331056,13.123497009277344,0.6918352246284485,80.63647649239192,105.0,35.17433166503906,210.0511016845703,72.140625,23.359375,3.3282763124362895,-1116.5386962890625
5.355276855467309,29.326723098754883,7.9795427322387695,9.276453971862791,12.954438209533691,0.7002893090248108,80.36690901045021,105.0,35.18914794921875,210.0970916748047,70.484375,23.359375,2.910644344598146,-1071.098388671875
5.373092773435928,29.435657501220703,7.458090782165527,8.97770881652832,12.754523277282717,0.5505563020706177,80.08113262594794,105.0,35.23386001586914,210.0896759033203,70.484375,23.359375,2.768109211741845,-1049.5096435546875
5.394262451171016,29.39322662353516,7.19805383682251,8.81796932220459,12.293298721313477,0.5505563020706177,79.74156022925082,105.0,35.28087615966797,210.1298370361328,70.484375,23.4296875,2.853629980369202,-995.3018188476562
5.42089916992154,29.094633102416992,6.864700794219971,8.594250679016113,10.94154453277588,0.7011672854423523,79.31429371439984,105.0,35.26530838012695,210.1715545654297,70.484375,23.4296875,3.8471093600678516,-968.0093994140624
5.437412353514446,29.027517318725582,6.686375141143799,8.434475898742676,10.739413261413574,0.7011672854423523,79.04941385177803,105.0,35.24235916137695,210.03163146972656,70.484375,23.4296875,2.006964727279243,-892.49560546875
5.458270263670784,29.21461677551269,6.54782247543335,8.257511138916016,10.518486976623535,0.6454710960388184,79.28039099788406,105.0,35.251766204833984,210.07003784179688,68.765625,23.4296875,2.788063850363946,-904.2799072265624
5.480363281249083,29.28085708618164,6.458746910095215,8.305103302001953,10.39867877960205,0.6963595747947693,79.62885043772587,105.0,35.344539642333984,210.06881713867188,68.765625,23.359375,2.7495793489384237,-905.3640747070312
5.502445312498821,29.03609085083008,6.374941825866699,8.216708183288574,10.35991668701172,0.8337969183921814,79.97713659703999,105.0,35.26274490356445,210.06044006347656,66.875,23.359375,3.1757630825528795,-841.1160888671875
5.521572998046395,28.912595748901367,6.403982162475586,8.222537994384766,10.359655380249023,0.7277502417564392,80.27882569711718,105.0,35.3078727722168,210.068603515625,66.875,23.359375,2.052576218662398,-839.1834716796875
5.544239257811569,28.73187828063965,6.355482578277588,8.195661544799805,10.30907917022705,0.7445347309112549,80.63632652982639,105.0,35.32356262207031,209.99151611328125,66.875,23.359375,2.9363011973591995,-912.906005859375
5.5640864257802605,28.870296478271484,6.334138870239258,8.232659339904785,10.308032035827637,0.6772752404212952,80.94936357912856,105.0,35.31925201416016,210.06219482421875,66.875,23.28125,2.4616548652921124,-872.792236328125
5.584924560545915,29.008102416992188,6.326425075531006,8.202973365783691,10.305466651916504,0.7293733358383179,81.14134420189848,105.0,35.30448913574219,210.05413818359372,64.7890625,23.28125,2.0967629342268728,-862.0921020507812
5.604899169920827,29.50421142578125,6.288117408752441,8.178977012634277,10.232324600219728,0.6054717302322388,81.3015067605529,105.0,35.36972427368164,210.0135955810547,64.7890625,23.28125,1.8644280389908257,-887.0748291015625
5.628700683593706,29.012704849243164,6.30080509185791,8.144614219665527,10.2756929397583,0.6452382206916809,81.49235461434408,105.0,35.33600616455078,210.0053253173828,64.7890625,23.28125,2.0853600613810843,-890.2330322265625
5.647082763671278,29.00797271728516,6.267733573913574,8.216045379638672,10.286687850952148,0.6815815567970276,81.63974778351353,105.0,35.36808395385742,209.97161865234372,64.7890625,23.328125,2.5400501993939537,-861.9978637695312
5.667337646484157,29.05967330932617,6.268623352050781,8.144963264465332,10.256373405456545,0.7294396162033081,81.80215766075277,105.0,35.24003601074219,210.0492401123047,62.7578125,23.328125,2.0953366029760767,-850.8734741210938
5.688994384765465,29.037771224975582,6.319688320159912,8.211316108703613,10.31426239013672,0.6635518074035645,81.97580804610527,105.0,35.321258544921875,209.9948272705078,62.7578125,23.328125,2.9975914444762997,-849.0350952148438
5.709552001952034,28.622039794921875,6.3011016845703125,8.18499755859375,10.26127815246582,0.6470290422439575,82.0,105.0,35.31427764892578,209.9195556640625,62.7578125,23.328125,2.0867848371997644,-845.3583984375
5.728686035155988,28.940771102905277,6.282358169555664,8.153095245361328,10.24145221710205,0.8225768804550171,82.0,105.0,35.30942916870117,209.92611694335935,62.7578125,23.328125,2.8365264488165773,-832.3013916015625
5.753858154295813,28.877485275268555,6.30649471282959,8.092100143432617,10.236600875854492,0.9359089136123656,82.0,105.0,35.41518783569336,209.93801879882807,60.8046875,23.296875,2.5357743165057975,-865.1560668945312
5.770219482421453,28.97991752624512,6.274487495422363,8.170931816101074,10.215099334716797,0.6548227667808533,82.0,105.0,35.343406677246094,209.8690948486328,60.8046875,23.296875,1.4040356868390036,-856.4356689453125
5.791428955077208,28.941205978393555,6.2728118896484375,8.166707992553711,10.206564903259276,0.7037622928619385,82.0,105.0,35.330020904541016,209.8365020751953,60.8046875,23.296875,2.926324655764207,-860.630859375
5.816016601562296,28.969697952270508,6.269146919250488,8.193340301513672,10.222935676574709,0.6799435019493103,82.0,105.0,35.329795837402344,209.78704833984372,60.8046875,23.296875,2.548601965170266,-836.40234375
5.832920898435987,28.91394805908203,6.247541427612305,8.141420364379883,10.285884857177734,0.8223260641098022,82.0,105.0,35.306373596191406,209.7428741455078,58.96875,23.3203125,3.125874152849452,-867.2301025390625
5.8532067871092295,28.870677947998047,6.288414001464844,8.151071548461914,10.250632286071776,0.8223260641098022,82.0,105.0,35.31153869628906,209.75701904296875,58.96875,23.3203125,2.6669081319484262,-884.3880004882812
5.875989990234302,28.99222183227539,6.271817207336426,8.257476806640625,10.243249893188477,0.6580424308776855,82.0,105.0,35.423301696777344,209.70713806152344,58.96875,23.3203125,1.9756072158113531,-883.0210571289062
5.893543457030319,29.14131736755371,6.286040782928467,8.229012489318848,10.236862182617188,0.729738175868988,82.0,105.0,35.386077880859375,209.7517852783203,58.96875,23.3203125,2.2150675455729165,-858.651123046875
5.916890136717484,28.95484161376953,6.280543327331543,8.146429061889648,10.259428024291992,0.7683741450309753,82.0,105.0,35.36131286621094,209.63864135742188,57.2421875,23.359375,2.8522052045505224,-866.2401733398438
5.937831054687194,29.24300765991211,6.272515296936035,8.120023727416992,10.251749038696287,0.6322423815727234,82.0,105.0,35.31605911254883,209.6398162841797,57.2421875,23.359375,2.7510041247571038,-866.381591796875
5.957533935546962,29.126428604125977,6.274975776672363,8.114770889282227,10.204017639160156,0.7009222507476807,82.0,105.0,35.340702056884766,209.5279541015625,57.2421875,23.359375,3.038927052971298,-892.2127685546875
5.979320800781352,28.821386337280277,6.248134613037109,8.087301254272461,10.23464584350586,0.6653295755386353,82.0,105.0,35.41813659667969,209.58465576171875,57.2421875,23.359375,1.8915096675705594,-830.8401489257812
5.996736816405246,29.34362030029297,6.28951358795166,8.043880462646484,10.20431423187256,0.6461709141731262,82.0,105.0,35.39126205444336,209.5567626953125,55.8203125,23.359375,2.2492761641102827,-841.3046264648438
6.0185532226551,29.031259536743164,6.261607646942139,8.062030792236328,10.223615646362305,0.7269282341003418,82.0,105.0,35.355587005615234,209.54449462890625,55.8203125,23.359375,2.0924870513387166,-843.42578125
6.040638916014359,29.25857353210449,6.260700225830078,8.172223091125488,10.24206256866455,0.6276305913925171,82.0,105.0,35.36122512817383,209.54661560058597,55.8203125,23.359375,2.0825089543116078,-873.4993286132812
6.0577082519521355,28.966196060180664,6.300508499145508,8.210250854492188,10.24061393737793,0.5992200374603271,82.0,105.0,35.42611312866211,209.4738006591797,55.8203125,23.359375,1.902912540416348,-883.3981323242188
6.080181884764897,29.05366325378418,6.25349235534668,8.18105411529541,10.273249626159668,0.5992200374603271,82.0,105.0,35.34635543823242,209.53846740722656,55.8203125,23.359375,2.2450002812221266,-860.1594848632812
6.1037666015618015,29.087127685546875,6.251171112060547,8.157546043395996,10.269986152648926,0.7675915360450745,82.0,105.0,35.3143310546875,209.43870544433597,54.5703125,23.359375,3.3624849309736558,-868.927001953125
6.124030517577921,28.826404571533203,6.239966869354248,8.104578971862793,10.238607406616213,0.6744853258132935,82.0,105.0,35.39160919189453,209.4744415283203,54.5703125,23.34375,2.507267912107384,-843.42578125
6.142187744140756,29.05265998840332,6.29408597946167,8.14503288269043,10.259096145629885,0.6061704754829407,82.0,105.0,35.296531677246094,209.47364807128903,54.5703125,23.34375,2.2592542611373916,-865.6273803710938
6.164766113281075,29.034215927124023,6.301887035369873,8.219256401062012,10.278101921081545,0.6908431053161621,82.0,105.0,35.319095611572266,209.3397979736328,54.5703125,23.34375,1.1104105444858563,-835.6010131835938
6.183574462889737,29.159358978271484,6.26396369934082,8.10810375213623,10.216408729553224,0.6944909691810608,82.0,105.0,35.29490661621094,209.3449859619141,53.328125,23.34375,2.3675807754563265,-835.4124755859375
6.205464599608604,29.15438461303711,6.286406993865967,8.152868270874023,10.214104652404783,0.780661940574646,82.0,105.0,35.39579772949219,209.2494964599609,53.328125,23.34375,2.407491608132645,-832.63134765625
6.227080322265465,29.097490310668945,6.246180057525635,8.15538215637207,10.23585033416748,0.7232910990715027,82.0,105.0,35.318641662597656,209.3222503662109,53.328125,23.328125,1.7789057149313519,-882.5025024414062
6.244177490234506,29.03042984008789,6.241816997528076,8.114508628845215,10.222795486450195,0.8113548755645752,82.0,105.0,35.295413970947266,209.233642578125,53.328125,23.328125,2.5457524135329064,-841.4931640625
6.265423095703227,28.81180953979492,6.299601078033447,8.197615623474121,10.26354694366455,0.6385828852653503,82.0,105.0,35.320350646972656,209.2263946533203,52.296875,23.328125,1.1531724842316513,-855.1629638671875
6.287965332030581,28.93424797058105,6.2902116775512695,8.079168319702148,10.25068473815918,0.7517104744911194,82.0,105.0,35.295955657958984,209.1982879638672,52.296875,23.328125,2.5215203365905325,-871.1424560546875
6.309652099607774,29.230802536010746,6.275482177734375,8.0459566116333,10.24118995666504,0.7517104744911194,82.0,105.0,35.2834587097168,209.16632080078125,51.484375,23.359375,3.152957336861302,-895.9837646484375
6.333843749998778,29.205551147460938,6.289949893951416,8.105311393737793,10.256757736206056,0.6155821681022644,82.0,105.0,35.26551818847656,209.14862060546875,51.484375,23.359375,2.8721598431726236,-893.4383544921875
6.351573486326743,29.42293930053711,6.306511878967285,8.050895690917969,10.288433074951172,0.6155821681022644,82.0,105.0,35.24794387817383,209.1358184814453,51.484375,23.359375,1.9342716073163544,-863.129150390625
6.371800537108356,29.427934646606445,6.273509979248047,8.156638145446777,10.242953300476074,0.7633928656578064,82.0,105.0,35.20038604736328,209.0531311035156,51.484375,23.359375,2.2564031540679155,-881.5126342773438
6.3895773925778485,29.00082778930664,6.275429725646973,8.055747985839844,10.236199378967283,0.6627548933029175,82.0,105.0,35.24356460571289,209.07318115234372,50.8046875,23.3046875,2.7153707304010575,-861.95068359375
6.4132927246082545,28.89493751525879,6.253876209259033,8.127772331237793,10.252010345458984,0.9171195030212402,82.0,105.0,35.295204162597656,209.0271453857422,50.8046875,23.3046875,1.230141487082696,-869.1155395507812
6.434331542968721,28.895078659057617,6.304051399230957,8.098365783691406,10.223493576049805,0.62156081199646,82.0,105.0,35.21565628051758,208.966552734375,50.8046875,23.3046875,1.6933849463039945,-821.8840942382812
6.458727539062238,28.81622695922852,6.297855854034424,8.014787673950195,10.198275566101074,0.7295390963554382,82.0,105.0,35.24635696411133,208.91305541992188,50.8046875,23.3046875,2.297738762562914,-880.8527221679688
6.473788330076786,29.021224975585938,6.268134593963623,8.03511905670166,10.28017807006836,0.7448803782463074,82.0,105.0,35.27024841308594,208.9287872314453,50.1484375,23.3203125,2.890689705976045,-850.6849365234375
6.493994628905057,29.116567611694336,6.274120807647705,8.083653450012207,10.243144989013672,0.8186843395233154,82.0,105.0,35.2622184753418,208.92942810058597,50.1484375,23.3203125,2.8750109502420997,-850.5906372070312
6.516205810547035,29.19939994812012,6.279984951019287,8.041559219360352,10.223337173461914,0.6230043768882751,82.0,105.0,35.251800537109375,208.8290863037109,50.1484375,23.3203125,2.1409480943592314,-860.4423217773438
6.5353115234374854,29.1029109954834,6.266494274139404,8.011384010314941,10.206774711608888,0.7314346432685852,82.0,105.0,35.296321868896484,208.8351593017578,50.1484375,23.3203125,2.890689705976045,-902.064453125
6.557573242187573,29.162477493286133,6.239251613616943,8.116951942443848,10.241731643676758,0.6461709141731262,82.0,105.0,35.23133087158203,208.8082275390625,49.640625,23.3046875,1.8630032631721456,-873.35791015625
6.576993652342935,29.636138916015625,6.253788948059082,8.084857940673828,10.234261512756348,0.6330482363700867,82.0,105.0,35.242706298828125,208.71380615234372,49.640625,23.3046875,2.418894480978434,-881.5126342773438
6.596808837890421,29.53443717956543,6.2928643226623535,8.013216972351074,10.209636688232422,0.53416508436203,82.0,105.0,35.26951599121094,208.7270355224609,49.640625,23.3046875,2.8393775558860535,-878.401611328125
6.618539794921162,29.369176864624023,6.24035120010376,8.038260459899902,10.22373867034912,0.6269439458847046,82.0,105.0,35.286582946777344,208.64376831054688,49.640625,23.3046875,3.034651170083142,-858.132568359375
6.638849609375029,29.040149688720703,6.288082599639893,8.035991668701172,10.223337173461914,0.6754944324493408,82.0,105.0,35.33979415893555,208.6792449951172,49.640625,23.34375,3.232777446781823,-841.2575073242188
6.6626896972647955,29.24833106994629,6.261363506317139,8.115922927856445,10.308765411376951,0.6754944324493408,82.0,105.0,35.251068115234375,208.64157104492188,49.1875,23.34375,2.438849119600535,-883.9166259765625
6.683682373046395,28.996213912963867,6.251502990722656,7.941907405853271,10.228659629821776,0.6282966136932373,82.0,105.0,35.276546478271484,208.6629638671875,49.1875,23.34375,3.656110073326803,-906.3068237304688
6.6996906738277175,28.98960304260254,6.206511497497559,7.93497896194458,10.251486778259276,0.5710543990135193,82.0,105.0,35.23617935180664,208.4827117919922,49.1875,23.328125,2.9733609229660423,-891.6471557617188
6.7275996093740105,29.013437271118164,6.253806591033936,7.989796161651611,10.262307167053224,0.5415602326393127,82.0,105.0,35.2966194152832,208.5535125732422,49.1875,23.328125,2.8664591844657874,-875.3848266601562
6.741402099609331,29.020198822021484,6.244975566864014,7.9809651374816895,10.241539001464844,0.6740454435348511,82.0,105.0,35.252864837646484,208.5068817138672,48.7578125,23.328125,2.297738762562914,-864.5903930664062
6.764689697265567,28.94637680053711,6.290840148925781,8.026497840881348,10.24021339416504,0.5887064933776855,82.0,105.0,35.20232391357422,208.52101135253903,48.7578125,23.328125,2.052576218662398,-896.0308837890625
6.783458496092862,29.28306007385254,6.259775161743164,8.025398254394531,10.24108600616455,0.773316502571106,82.0,105.0,35.254940032958984,208.50218200683597,48.7578125,23.2578125,2.283484782647649,-900.74462890625
6.806646972656381,29.16047096252441,6.317838668823242,8.040022850036621,10.246827125549316,0.6994556784629822,82.0,105.0,35.25583267211914,208.4437713623047,48.7578125,23.2578125,1.867279146060302,-853.1831665039062
6.82952880859375,29.362184524536133,6.210211277008057,7.990267276763916,10.237333297729492,0.5633610486984253,82.0,105.0,35.163475036621094,208.4310760498047,48.5,23.2578125,0.32503553851299694,-878.0716552734375
6.847509033203096,29.40782165527344,6.259531021118164,8.055031776428223,10.239898681640623,0.5869525074958801,82.0,105.0,35.219757080078125,208.3191680908203,48.5,23.2578125,2.598490894873694,-872.13232421875
6.868109619139432,29.41558837890625,6.284487247467041,7.985066413879394,10.23654842376709,0.6478214263916016,82.0,105.0,35.22858810424805,208.3133544921875,48.5,23.3203125,3.502170512192597,-890.610107421875
6.887597167968124,29.44744873046875,6.247872829437256,8.069395065307617,10.234261512756348,0.5495004653930664,82.0,105.0,35.21270751953125,208.2556304931641,48.5,23.3203125,2.809444820236844,-826.173583984375
6.912935058593575,29.31838035583496,6.238466262817383,8.051349639892578,10.22862434387207,0.6762849688529968,82.0,105.0,35.20944595336914,208.2777099609375,48.1796875,23.3203125,1.9599269046452916,-840.88037109375
6.936243652342455,29.555248260498047,6.267942905426025,8.041698455810547,10.221102714538574,0.7685244083404541,82.0,105.0,35.1931266784668,208.1580047607422,48.1796875,23.3203125,2.8564810874386786,-892.9669799804688
6.954436523436016,29.4663200378418,6.253352642059326,8.050721168518066,10.26712417602539,0.6276305913925171,82.0,105.0,35.23448944091797,208.2173309326172,47.9765625,23.328125,1.4653259339561033,-899.6604614257812
6.975089355468299,29.521249771118164,6.244609355926514,8.191752433776855,10.286460876464844,0.7131649851799011,82.0,105.0,35.23157501220703,208.1681365966797,47.9765625,23.328125,2.2335974083763377,-831.1229858398438
6.999859130859477,29.34014129638672,6.260839939117432,7.977143287658691,10.192970275878906,0.7131649851799011,82.0,105.0,35.18537902832031,208.1726226806641,47.9765625,23.328125,2.3547531267918576,-866.6173095703125
7.014578369140509,29.119829177856445,6.237436294555664,8.106551170349121,10.2527437210083,0.6714458465576172,82.0,105.0,35.25932312011719,208.1104736328125,47.9765625,23.328125,2.7125196233315814,-862.3278198242188
7.035107666015392,29.135820388793945,6.2652201652526855,8.079046249389648,10.246024131774902,0.5557938814163208,82.0,105.0,35.22645950317383,208.12823486328125,47.9765625,23.2734375,2.025494590082664,-894.9467163085938
7.05193945312385,28.76335906982422,6.260490894317627,7.967963218688965,10.269497871398926,0.5889540314674377,82.0,105.0,35.16492462158203,208.1061553955078,47.78125,23.2734375,1.9371211589537143,-884.812255859375
7.076007080077034,29.355693817138672,6.280124187469482,8.018609046936035,10.232080459594728,0.7614222764968872,82.0,105.0,35.20551681518555,208.04022216796875,47.78125,23.2734375,1.3897817069237384,-823.2039184570312
7.093048828124665,29.06080818176269,6.293370723724365,7.9705986976623535,10.22380828857422,0.7774428725242615,82.0,105.0,35.20767974853516,207.9721527099609,47.78125,23.2734375,2.3618801167494903,-862.516357421875
7.113205322264548,29.12919807434082,6.269304275512695,8.027091026306152,10.232324600219728,0.6511692404747009,82.0,105.0,35.21401596069336,208.0134429931641,47.78125,23.2734375,3.2513073095852443,-881.8897705078125
7.135031738280304,29.16919708251953,6.282043933868408,8.005223274230957,10.234349250793455,0.7293733358383179,82.0,105.0,35.15731430053711,207.96783447265625,47.6484375,23.328125,2.6797357806128947,-889.2431640625
7.1582014160158,29.266721725463867,6.239181518554688,8.050285339355469,10.256513595581056,0.6773368120193481,82.0,105.0,35.21373748779297,207.84999084472656,47.6484375,23.328125,1.1317915143587538,-873.2636108398438
7.176262939452499,29.105812072753903,6.238483428955078,8.05712604522705,10.267979621887209,0.6772136688232422,82.0,105.0,35.184715270996094,207.90093994140625,47.6484375,23.328125,3.399544656580498,-855.8699951171875
7.196819335937107,29.017963409423828,6.246267318725586,7.987178325653076,10.241435050964355,0.58021080493927,82.0,105.0,35.1934928894043,207.7254943847656,47.6484375,23.328125,2.083933730130288,-880.2870483398438
7.220805419921817,29.492889404296875,6.260682582855225,8.067963600158691,10.278485298156738,0.84690260887146,82.0,105.0,35.20930480957031,207.81207275390625,47.453125,23.3046875,2.162329064232129,-883.9166259765625
7.23986401367074,29.43798065185547,6.239617824554443,8.057493209838867,10.270440101623535,0.6741191744804382,82.0,105.0,35.26396560668945,207.72879028320312,47.453125,23.3046875,2.0454492287047654,-873.310791015625
7.2586296386707545,29.36585998535156,6.239478588104248,8.021821022033691,10.273791313171388,0.6741191744804382,82.0,105.0,35.172203063964844,207.6861267089844,47.453125,23.2578125,1.4197144425729484,-838.287841796875
7.282089843749418,29.421859741210938,6.26478385925293,7.978574275970459,10.252098083496094,0.6441038250923157,82.0,105.0,35.19234085083008,207.6779022216797,47.453125,23.2578125,2.588512797846585,-881.60693359375
7.301072509764708,29.417573928833008,6.243771553039551,7.955258369445801,10.277944564819336,0.5983076691627502,82.0,105.0,35.226322174072266,207.74058532714844,47.2890625,23.2578125,3.503596843443393,-918.2796630859376
7.325267822265232,29.246641159057617,6.259775161743164,8.00457763671875,10.223057746887209,0.7508241534233093,82.0,105.0,35.26918411254883,207.70431518554688,47.2890625,23.2578125,0.7084588878137742,-830.6044921875
7.347586914062049,29.04926872253418,6.241311073303223,8.004595756530762,10.307473182678224,0.5295255780220032,82.0,105.0,35.16869354248047,207.63011169433597,47.2890625,23.3203125,2.6811621118636912,-851.3448486328125
7.3644877929673385,28.96520233154297,6.253230571746826,7.971506118774414,10.258049011230469,0.6333979964256287,82.0,105.0,35.18640899658203,207.6919403076172,47.2890625,23.3203125,2.9405770802473556,-828.2476196289062
7.385786376951728,29.13686752319336,6.2871575355529785,8.047423362731934,10.3054838180542,0.6478566527366638,82.0,105.0,35.285606384277344,207.6553955078125,47.265625,23.3203125,2.239298067083174,-862.1864013671875
7.407561035155595,28.98941802978516,6.269391536712647,8.038487434387207,10.2906494140625,0.5731312036514282,82.0,105.0,35.19415664672852,207.62632751464844,47.265625,23.3203125,1.7646532904482033,-833.9512329101562
7.428278320312529,29.046180725097656,6.295534610748291,7.952116966247559,10.277856826782228,0.6604512333869934,82.0,105.0,35.1461296081543,207.5962371826172,47.265625,23.3046875,1.4482224024034784,-858.651123046875
7.448401123047006,29.02839088439941,6.254330158233643,7.940947532653809,10.270126342773438,0.5457895398139954,82.0,105.0,35.196807861328125,207.581298828125,47.265625,23.3046875,2.879286833130256,-834.0454711914062
7.467902832029722,28.93436813354492,6.299967288970947,8.00243091583252,10.267420768737791,0.5456855893135071,82.0,105.0,35.23380661010742,207.58450317382807,47.0859375,23.3046875,2.0853600613810843,-888.4889526367188
7.48882910156135,29.24237632751465,6.318536281585693,8.015677452087402,10.31319808959961,0.6202433705329895,82.0,105.0,35.25757598876953,207.52171325683597,47.0859375,23.3046875,1.9855837574063455,-896.6907958984375
7.508778320312558,28.83749771118164,6.293091297149658,7.955921173095703,10.224488258361816,0.5730790495872498,82.0,105.0,35.227420806884766,207.44985961914065,47.0859375,23.3046875,2.7125196233315814,-852.0990600585938
7.528578124998603,29.21985244750977,6.2596354484558105,8.056463241577148,10.336915016174316,0.7814714312553406,82.0,105.0,35.22794342041016,207.4971160888672,47.0859375,23.328125,2.0768067401726555,-822.8739624023438
7.548776611327412,29.228315353393555,6.282812118530273,7.966392517089844,10.359987258911133,0.6605780720710754,82.0,105.0,35.20433044433594,207.4730682373047,47.0859375,23.328125,1.6192654950903096,-897.539306640625
7.572891601561423,29.24291038513184,6.258309364318848,8.000651359558105,10.33393096923828,0.6002541780471802,82.0,105.0,35.227054595947266,207.40008544921875,47.0390625,23.328125,2.1053147000031855,-856.718505859375
7.590073974608458,29.16493225097656,6.271468162536621,8.008818626403809,10.310213088989258,0.6496267318725586,82.0,105.0,35.21112060546875,207.3523406982422,47.0390625,23.328125,2.313417518296859,-894.9467163085938
7.612070800780202,29.471445083618164,6.274155616760254,7.999866008758545,10.292656898498535,0.6496267318725586,82.0,105.0,35.1954460144043,207.33132934570312,47.0390625,23.3203125,2.528647326548165,-866.2401733398438
7.633405761718677,29.235504150390625,6.253090858459473,8.089116096496582,10.29906177520752,0.7227329611778259,82.0,105.0,35.17036819458008,207.32455444335935,47.0390625,23.3203125,2.160904288413449,-870.4825439453125
7.653769287107934,29.403404235839844,6.2534050941467285,8.115242004394531,10.315675735473633,0.572792649269104,82.0,105.0,35.19967269897461,207.35655212402344,46.9921875,23.3203125,2.5514530722397426,-856.0585327148438
7.672759277342266,29.323604583740234,6.26305627822876,8.009831428527832,10.25628662109375,0.6709922552108765,82.0,105.0,35.14899063110352,207.23855590820312,46.9921875,23.3203125,1.7746298320431957,-867.56005859375
7.699051025389053,29.52878761291504,6.292061805725098,8.047894477844238,10.32497787475586,0.8472708463668823,82.0,105.0,35.16529083251953,207.224853515625,46.9921875,23.328125,1.7831831532516245,-872.4151611328125
7.72265234374936,29.499303817749023,6.254923343658447,7.991105079650879,10.243040084838867,0.7628170251846313,82.0,105.0,35.220088958740234,207.0972442626953,46.9921875,23.328125,1.6663033177242608,-860.4894409179688
7.739532470703125,29.70709228515625,6.295726776123047,8.067248344421387,10.309602737426758,0.5864610075950623,82.0,105.0,35.138309478759766,207.14041137695312,46.9921875,23.328125,1.7418475447566257,-874.2535400390625
7.758489257812471,29.46415901184082,6.276058197021484,8.065049171447754,10.309253692626951,0.6262018084526062,82.0,105.0,35.21270751953125,207.0075836181641,46.9921875,23.328125,1.8344953033416156,-881.1355590820312
7.779303222656381,29.61707305908203,6.291415691375732,8.003600120544434,10.29131317138672,0.7438399195671082,82.0,105.0,35.12590026855469,207.0079040527344,46.9140625,23.296875,2.1552020742744964,-856.3413696289062
7.798788330077514,29.813365936279297,6.329758167266846,7.999359607696533,10.284139633178713,0.7677522301673889,82.0,105.0,35.11824035644531,206.9560546875,46.9140625,23.296875,2.0340463558589765,-887.7818603515625
7.821541748046002,29.83422088623047,6.364941596984863,8.007649421691895,10.288485527038574,0.7111421823501587,82.0,105.0,35.22883224487305,206.9119873046875,46.9140625,23.296875,1.1132616515553324,-883.7280883789062
7.843478515624156,29.41041755676269,6.308623790740967,7.980232238769531,10.298380851745604,0.641685962677002,82.0,105.0,35.209373474121094,206.91790771484372,46.9140625,23.296875,2.786639074545266,-865.9573974609375
7.861859130858647,29.06691551208496,6.248082160949707,8.035642623901367,10.276827812194824,0.5978915095329285,82.0,105.0,35.195709228515625,206.8199157714844,47.0,23.40625,1.4924091179679535,-891.1286010742188
7.884339843749331,29.47226333618164,6.251747131347656,8.042693138122559,10.2672119140625,0.8257226347923279,82.0,105.0,35.21450424194336,206.9344482421875,47.0,23.40625,1.515214863659531,-870.19970703125
7.905098144530712,29.401233673095703,6.294696807861328,8.036881446838379,10.305519104003906,0.7641053795814514,82.0,105.0,35.18033218383789,206.85597229003903,47.0,23.40625,1.8330705275229358,-879.67431640625
7.927395751952645,29.27857780456543,6.24035120010376,7.975502490997314,10.291818618774414,1.0728645324707031,82.0,105.0,35.18787384033203,206.83197021484372,47.0,23.40625,2.192261799881339,-851.2977294921875
7.950769287108415,29.33481788635254,6.289566040039063,8.048277854919434,10.305065155029297,0.6013420820236206,82.0,105.0,35.13584899902344,206.845947265625,46.9765625,23.34375,1.2885821825624362,-880.994140625
7.968341064452034,29.34492874145508,6.321293830871582,7.985136032104492,10.355100631713867,0.6013420820236206,82.0,105.0,35.194190979003906,206.7574920654297,46.9765625,23.34375,1.636370582075051,-827.6819458007812
7.986476562498865,29.461498260498047,6.298431873321533,7.999272346496582,10.310632705688477,0.5783808827400208,82.0,105.0,35.11418914794922,206.7632598876953,46.9765625,23.3828125,1.3470213226100598,-843.991455078125
8.00743847656122,29.51727867126465,6.312236309051514,7.907090187072754,10.294384002685549,0.7218593955039978,82.0,105.0,35.22642517089844,206.6522979736328,46.9765625,23.3828125,0.9222623648142838,-897.7278442382812
8.030541992186045,29.34360885620117,6.313614845275879,8.028312683105469,10.296147346496582,0.7295059561729431,82.0,105.0,35.16604232788086,206.6734313964844,46.8828125,23.3828125,2.5685581592244837,-871.472412109375
8.048246337890305,29.24472045898437,6.280612945556641,7.991418838500977,10.307857513427734,0.7453879117965698,82.0,105.0,35.174503326416016,206.58518981933597,46.8828125,23.3828125,1.823092430495827,-847.6209716796875
8.070869873046831,29.311813354492188,6.2929863929748535,7.970284461975098,10.292534828186035,0.786910355091095,82.0,105.0,35.16686248779297,206.62008666992188,46.8828125,23.3203125,2.0796578472421317,-881.3712158203125
8.09319848632731,29.69776725769043,6.341869831085205,8.06599235534668,10.295483589172363,0.6297283172607422,82.0,105.0,35.10789108276367,206.5951690673828,46.8828125,23.3203125,1.31566381114217,-880.8527221679688
8.11346215820231,29.37709617614746,6.329810619354248,7.934717178344727,10.257298469543455,0.7020049691200256,82.0,105.0,35.1956901550293,206.5558013916016,46.859375,23.3203125,2.4317221296429024,-897.3978881835938
8.134797607421206,29.31314468383789,6.326948642730713,8.040983200073242,10.31105136871338,0.6498061418533325,82.0,105.0,35.125221252441406,206.5520172119141,46.859375,23.3203125,1.518064415296891,-882.266845703125
8.152958251952441,29.611347198486328,6.284557342529297,8.038993835449219,10.312307357788086,0.5727666616439819,82.0,105.0,35.22476577758789,206.485595703125,46.859375,23.3203125,1.805988898943202,-869.6812133789062
8.172993408203183,29.42046356201172,6.327070713043213,8.069255828857422,10.294837951660156,0.6168220043182373,82.0,105.0,35.20476531982422,206.4825592041016,46.859375,23.34375,2.769533987560525,-871.8023681640625
8.19329956054571,29.29271507263184,6.310962200164795,8.059691429138184,10.307647705078123,0.6168220043182373,82.0,105.0,35.183284759521484,206.4039306640625,46.859375,23.34375,2.006964727279243,-876.2332763671875
8.215643066405391,29.469690322875977,6.257628440856934,8.01051139831543,10.237682342529297,0.5816338658332825,82.0,105.0,35.20710372924805,206.4264373779297,46.8671875,23.34375,2.8465029904115697,-875.29052734375
8.236859619139068,29.39437294006348,6.324801921844482,8.006322860717773,10.283493995666504,0.6255183219909668,82.0,105.0,35.11485290527344,206.4248962402344,46.8671875,23.34375,1.6848331805276822,-859.1224975585938
8.257304687498618,29.34758949279785,6.273038864135742,8.091367721557617,10.313616752624512,0.6268011331558228,82.0,105.0,35.150386810302734,206.33351135253903,46.8671875,23.3203125,1.9513751388689793,-845.2169799804688
8.279267578123836,29.44330406188965,6.293004035949707,8.042937278747559,10.316304206848145,0.5903974175453186,82.0,105.0,35.206356048583984,206.22650146484372,46.8671875,23.3203125,1.0476955215500765,-874.1121215820312
8.298988281248967,29.826324462890625,6.341014862060547,8.042030334472656,10.300492286682127,0.5700732469558716,82.0,105.0,35.215797424316406,206.2719573974609,46.8671875,23.3203125,1.9428233730926667,-854.8330078125
8.322841796874854,29.36793327331543,6.312847137451172,8.072868347167969,10.335291862487791,0.7333735823631287,82.0,105.0,35.2008056640625,206.26112365722656,46.8671875,23.3203125,2.39323762821738,-896.4551391601562
8.343728515625116,29.56755256652832,6.32075309753418,7.961453914642334,10.327875137329102,0.8232046365737915,82.1891976516634,105.0,35.14160919189453,206.16441345214844,46.8671875,23.3828125,1.887233784682403,-882.2197265625
8.362212646483385,29.8580322265625,6.281642913818359,7.944071292877197,10.32370376586914,0.6331490874290466,82.48552250489237,105.0,35.13129425048828,206.17236328125,46.8671875,23.3828125,2.021218707194508,-860.4423217773438
8.379596435546773,29.56326484680176,6.276686191558838,8.036462783813477,10.30681037902832,0.6054717302322388,82.76420743639922,105.0,35.193790435791016,206.1368408203125,46.8359375,23.3828125,1.5294672881426796,-871.51953125
8.403266845702092,29.79636001586914,6.299950122833252,8.050668716430664,10.328520774841309,0.6549474596977234,83.14367514677103,105.0,35.204593658447266,206.08946228027344,46.8359375,23.3828125,1.3099615970032172,-897.3507690429688
8.425944335936947,29.5810661315918,6.307855606079102,8.14660358428955,10.345781326293944,0.5655216574668884,83.50722504892367,105.0,35.21030044555664,206.1415863037109,46.8359375,23.3828125,2.9149217829184186,-910.6434326171876
8.443556640624593,29.67230796813965,6.287419319152832,8.069761276245117,10.338607788085938,0.7857933044433594,83.7895733855186,105.0,35.128273010253906,206.00897216796875,46.8359375,23.3828125,1.590759090691896,-882.1254272460938
8.469100341795638,29.708097457885746,6.304470062255859,8.134177207946777,10.283930778503418,0.8312646150588989,84.89937758113254,105.0,35.194923400878906,206.0752716064453,46.84375,23.3828125,2.90636846170999,-869.0684204101562
8.485734863281323,29.813453674316406,6.335395336151123,8.032221794128418,10.304925918579102,0.8497465252876282,86.10416478382339,105.0,35.117923736572266,206.1045684814453,46.84375,23.3828125,1.210186848460595,-925.020263671875
8.507414550780595,29.988006591796875,6.3335280418396,8.079412460327148,10.342639923095703,0.7279350757598877,87.67435783583703,105.0,35.10934066772461,206.02865600585935,46.9140625,23.328125,0.662846618714561,-879.108642578125
8.531661132812587,29.679595947265625,6.319828033447266,8.079656600952148,10.356444358825684,0.7499982714653015,89.4304631597974,105.0,35.18024826049805,205.9720001220703,46.9140625,23.328125,1.0334415416348113,-885.3778686523438
8.549058837890698,29.77021598815918,6.286686420440674,8.053915023803711,10.322551727294922,0.5966984033584595,90.69052540168414,105.0,35.16059494018555,205.9679412841797,46.9140625,23.328125,1.6677280935429408,-825.7965087890625
8.572549316406366,29.84078788757324,6.382184505462647,8.113322257995605,10.341854095458984,0.5966984033584595,92.39186847472013,105.0,35.22157287597656,206.04641723632807,46.9140625,23.328125,1.0633742772840213,-865.4860229492188
8.593980957029999,30.0210018157959,6.327053070068359,8.024613380432129,10.320160865783691,0.5799172520637512,94.03150821756107,105.0,35.23237609863281,205.9817047119141,46.890625,23.3203125,1.9371211589537143,-906.7781982421876
8.61657788085904,29.85308074951172,6.361486434936523,8.042850494384766,10.310056686401367,0.6250066757202148,95.81966573353348,105.0,35.20518493652344,205.8610382080078,46.890625,23.3203125,0.920837588995604,-857.37841796875
8.637273925780391,29.835824966430664,6.332795143127441,8.086515426635742,10.359655380249023,0.7811163663864136,97.45740140762078,105.0,35.153404235839844,205.7825164794922,46.890625,23.3203125,1.0077846888737576,-876.1389770507812
8.653469970702645,30.027557373046875,6.307035446166992,8.121455192565918,10.311208724975586,0.6551346778869629,98.73903954900494,105.0,35.17701721191406,205.8958740234375,46.890625,23.3203125,0.6984807907866668,-926.3872680664062
8.675245849608473,29.752708435058597,6.362637996673584,8.003076553344727,10.3431978225708,0.6480351090431213,100.46222549366223,105.0,35.21335220336914,205.80258178710935,46.890625,23.3203125,1.6933849463039945,-845.924072265625
8.693802734374913,29.544700622558597,6.349199771881104,8.042989730834961,10.298572540283203,0.6251771450042725,101.93068346692786,105.0,35.17626953125,205.77659606933597,46.8359375,23.3046875,1.6335194750055746,-867.1829223632812
8.716340332030086,30.068090438842773,6.347489833831787,7.984926700592041,10.367840766906738,0.564999520778656,103.63550507452764,105.07061167494751,35.19307327270508,205.57501220703125,46.8359375,23.3046875,2.2407243983339704,-885.8021240234375
8.739994140623821,30.056560516357425,6.354191303253174,8.145363807678223,10.528975486755373,0.7450878620147705,105.30117651104018,105.25568627900446,35.127925872802734,205.6696929931641,46.8359375,23.359375,1.5793562178461071,-913.6602172851562
8.75762695312369,29.99896812438965,6.3286237716674805,8.473062515258789,10.8385591506958,0.7095264196395874,106.54285697912309,105.39365077545813,35.105865478515625,205.6254730224609,46.8359375,23.359375,1.8159654405381944,-981.3492431640624
8.777434814452135,30.03618621826172,6.365395545959473,8.637322425842285,11.245193481445312,0.7355145812034607,107.93770164872005,105.54863351652445,35.15208053588867,205.6763153076172,46.7734375,23.359375,1.2372684770403286,-1018.4933471679688
8.79747680663968,29.99942779541016,6.397053718566895,8.892106056213379,11.567377090454102,0.5500998497009277,109.34903351881673,105.70544816875741,35.194454193115234,205.59474182128903,46.7734375,23.359375,1.0220386687890226,-1055.77880859375
8.820220458983385,30.2380313873291,6.475902557373047,9.136069297790527,11.968131065368652,0.6446333527565002,110.95061289749512,105.88340143305501,35.14633560180664,205.60247802734372,46.7734375,23.28125,1.5038119908137422,-1139.4002685546875
8.843595214842935,29.833740234375,6.522656440734863,9.447711944580078,12.492724418640137,0.728909432888031,112.27179759287142,106.20384819465356,35.15740203857422,205.5823211669922,46.7734375,23.28125,1.337043225582951,-1212.3214111328125
8.861110839843604,30.170610427856445,6.676392555236816,9.82628345489502,12.9486083984375,0.7335076928138733,112.83368805226998,106.62526603920249,35.093475341796875,205.53643798828125,46.7890625,23.28125,1.711914809107416,-1286.6568603515625
8.883690429685885,30.121461868286133,6.794211864471436,9.989774703979492,13.26166534423828,0.7156950235366821,113.55802738417138,107.16852053812853,35.0880126953125,205.48634338378903,46.7890625,23.28125,1.3912080381745349,-1296.1785888671875
8.906421142577528,29.99595832824707,7.469242572784424,10.197699546813965,13.707008361816406,0.7343184351921082,114.28721465031632,107.71541098773723,35.05657958984375,205.51158142089844,46.7890625,23.3671875,1.8131158889008345,-1383.5709228515625
8.926217285155872,30.1109676361084,8.503717422485352,10.606951713562012,14.09280490875244,0.6010792851448059,114.92226270869514,108.19169703152136,35.050872802734375,205.41395568847656,46.7890625,23.3671875,2.206515779796604,-1456.3035888671875
8.947355712889475,29.91563606262207,8.878205299377441,10.754352569580078,14.361236572265623,0.6476876735687256,115.60037044796401,108.700277835973,35.059478759765625,205.36227416992188,46.84375,23.3671875,2.4117674910208016,-1496.040283203125
8.970062255859375,30.250585556030277,9.136618614196776,10.997024536132812,14.820280075073242,0.5043156147003174,116.49079419885466,109.40899516571221,35.05630111694336,205.3358154296875,46.84375,23.3671875,1.7432723205753058,-1602.9473876953125
8.98644970703026,30.272781372070312,9.144367218017578,11.131790161132812,15.012235641479492,0.5699185729026794,117.27553881557026,110.06294901297522,35.026092529296875,205.4169006347656,46.84375,23.34375,1.337043225582951,-1601.25048828125
9.007860351561249,30.312768936157227,9.171610832214355,11.28561305999756,15.25021266937256,0.5699185729026794,118.30082870721284,110.9173572560107,34.957401275634766,205.3330841064453,46.84375,23.34375,1.5365942781003121,-1640.75146484375
9.025529541015203,30.181257247924805,9.307056427001951,11.332541465759276,15.395257949829102,0.5457187294960022,119.14695182664373,111.62245985553643,35.004974365234375,205.2388916015625,46.84375,23.34375,1.3627000783440049,-1640.7042236328125
9.048360839842644,30.394041061401367,9.363601684570312,11.370604515075684,15.482221603393556,0.628692090511322,120.24027248158158,112.53356040131798,34.94890213012695,205.28097534179688,46.84375,23.34375,1.552273033834257,-1689.0198974609375
9.070792480468299,30.474245071411133,9.37281608581543,11.508337020874023,15.628644943237305,0.6680440902709961,121.31445473481564,113.42871227901303,34.923805236816406,205.2387237548828,46.84375,23.4296875,1.6035867393563645,-1691.6595458984375
9.094986083982803,30.265735626220703,9.408976554870604,11.767029762268066,15.838140487670898,0.548162579536438,122.6666953511067,114.51854082863855,34.86684036254883,205.2156219482422,46.84375,23.4296875,1.9870100886571418,-1752.560791015625
9.109635742186583,30.43857765197754,9.478575706481934,11.874971389770508,16.170516967773438,0.5206023454666138,123.65547546290279,115.28759202670216,34.856353759765625,205.15753173828125,46.9609375,23.4296875,1.640646464963207,-1791.21337890625
9.132372802732789,30.18952369689941,9.552398681640623,11.935181617736816,16.466434478759766,0.7344476580619812,125.19011558608719,116.48120101140115,34.83209609985352,205.15673828125,46.9609375,23.4296875,1.4325436466695336,-1821.42822265625
9.152685302733516,30.58934211730957,9.615121841430664,12.379215240478516,16.681461334228516,0.520980954170227,126.56110975826341,117.54752981198266,34.824100494384766,205.1218414306641,46.9609375,23.390625,1.5936086423292557,-1889.9656982421875
9.17015820312372,30.3929500579834,9.631683349609377,12.46631908416748,17.04315757751465,0.6549474596977234,127.74044487735571,118.46479046016555,34.780853271484375,205.02395629882807,47.1640625,23.390625,2.142374425610028,-1910.61181640625
9.190749755858633,30.38210868835449,9.668123245239258,12.628798484802246,17.31439781188965,0.5730790495872498,129.13027374110402,119.54576846530311,34.7355842590332,205.0086975097656,47.1640625,23.390625,1.686257956346362,-1953.5067138671875
9.215613525389927,30.3655948638916,9.910429000854492,12.818398475646973,17.645797729492188,0.5664795637130737,130.80845629498344,120.85102156276491,34.780853271484375,205.011474609375,47.1640625,23.390625,1.7347205547989932,-2027.70068359375
9.234956542968575,30.3444881439209,10.369454383850098,13.183374404907228,18.14127922058105,0.5728967189788818,131.78654822777963,121.65545685648301,34.68254852294922,204.97349548339844,47.1640625,23.390625,1.5722292278884746,-2106.419677734375
9.254020263671919,30.0267391204834,10.320955276489258,13.299135208129885,18.41632652282715,0.6281179189682007,132.69502568308872,122.41252140257393,34.66141128540039,204.92677307128903,47.5234375,23.390625,1.703361487898987,-2149.078857421875
9.276741943358502,30.279216766357425,10.491393089294434,13.517303466796877,18.768230438232425,0.6289795637130737,133.77782237657283,123.31485198047736,34.65460586547852,204.8964080810547,47.5234375,23.390625,1.5551241409037333,-2205.784912109375
9.294627929686612,30.3450984954834,10.52854824066162,13.735665321350098,19.1348819732666,0.5731832981109619,134.6301751569199,124.0251459640999,34.67219924926758,204.84130859375,47.5234375,23.390625,1.6477734549208396,-2256.410400390625
9.315583740233706,30.49224281311035,10.73176097869873,13.867445945739746,19.39640235900879,0.4910936951637268,135.62881974136576,124.85734978447148,34.623802185058594,204.79063415527344,47.5234375,23.390625,1.3555730883863724,-2320.18701171875
9.341389404296933,30.44587516784668,10.848777770996094,14.035091400146484,19.624414443969727,0.5822898149490356,136.8585830381087,125.88215253175726,34.589317321777344,204.8130340576172,48.046875,23.390625,1.8615769319213493,-2321.318115234375
9.35723876953125,30.554012298583984,10.941204071044922,14.207221031188965,19.875253677368164,0.5822898149490356,136.8941633804173,125.7883267608346,34.56978988647461,204.68890380859372,48.046875,23.390625,1.902912540416348,-2351.768798828125
9.377367431639868,30.64533042907715,10.939109802246094,14.277012825012209,20.150474548339844,0.6443545818328857,136.7287871433099,125.45757428661979,34.5379753112793,204.64718627929688,48.046875,23.390625,1.6919586150531982,-2377.60009765625
9.399769531250058,30.33913230895996,10.991500854492188,14.485041618347168,20.433757781982425,0.5156370401382446,136.54473243979444,125.08946487958889,34.54335021972656,204.5950164794922,48.046875,23.390625,1.5636759066800459,-2457.21484375
9.422615478515581,30.32179069519043,11.042373657226562,14.509474754333496,20.40274429321289,0.5501911044120789,136.35703110269546,124.71406220539092,34.47134017944336,204.55490112304688,48.7109375,23.390625,1.5779298865953109,-2451.416748046875
9.441376464843415,30.473819732666016,11.18144989013672,14.569161415100098,20.43143653869629,0.4874272644519806,136.2028916319989,124.40578326399782,34.48322677612305,204.4515686035156,48.7109375,23.390625,1.6948097221226746,-2459.288818359375
9.462042724608182,30.61591339111328,11.208273887634276,14.604920387268066,20.43256950378418,0.5730269551277161,136.03309851527052,124.06619703054106,34.384517669677734,204.42857360839844,48.7109375,23.3671875,1.590759090691896,-2427.65966796875
9.485673095701713,30.542722702026367,11.248151779174805,14.571831703186035,20.451208114624023,0.5869525074958801,135.84298621296568,124.0,34.315860748291016,204.3622131347656,48.7109375,23.3671875,1.5095126495205784,-2443.403564453125
9.503833007811409,30.68047523498535,11.29487133026123,14.592093467712402,20.438556671142575,0.8093979358673096,135.69752224503765,124.0,34.2901725769043,204.3041229248047,49.6171875,23.3671875,1.7104884778566194,-2435.72021484375
9.525428222656046,30.43978881835937,11.32923412322998,14.539300918579102,20.43117332458496,0.5764174461364746,135.52454092109122,124.0,34.37455368041992,204.3255157470703,49.6171875,23.3671875,1.6349442508242544,-2403.289794921875
9.547662109374869,30.461057662963867,11.36422634124756,14.566560745239258,20.44614791870117,0.5979955196380615,135.34644372738828,124.0,34.29838943481445,204.26144409179688,49.6171875,23.3671875,1.7931596948466169,-2419.269287109375
9.56506298828026,30.50689125061035,11.412969589233398,14.46163845062256,20.40115547180176,0.5210756659507751,135.2070597438154,124.0,34.2494010925293,204.18069458007807,49.6171875,23.3671875,1.5765051107766308,-2415.686767578125
9.588064453124389,30.60807037353516,11.440439224243164,14.517589569091797,20.424734115600582,0.5848739743232727,135.02281411948763,124.0,34.24739456176758,204.1717834472656,50.7265625,23.3671875,1.3356184497642711,-2439.019775390625
9.610207031249956,30.603008270263672,11.473057746887209,14.559859275817873,20.411348342895508,0.4800550639629364,135.0,124.0,34.24249267578125,204.0313262939453,50.7265625,23.3671875,1.530893619393476,-2442.55517578125
9.626188720701975,30.25823211669922,11.502306938171388,14.490504264831545,20.360143661499023,0.5469022989273071,135.0,124.0,34.23692321777344,204.08642578125,50.7265625,23.3828125,1.582205769483467,-2432.326171875
9.649446289062325,30.32632827758789,11.530125617980955,14.541866302490234,20.384349822998047,0.5469022989273071,135.0,124.0,34.20055389404297,204.03504943847656,50.7265625,23.3828125,1.5594000237918895,-2412.057373046875
9.673294921874913,30.37631607055664,11.591540336608888,14.443697929382324,20.320125579833984,0.6281112432479858,135.0,124.0,34.08601760864258,204.0037384033203,50.7265625,23.3828125,1.3983350281321674,-2411.16162109375
9.689435302732818,30.311744689941406,11.58866024017334,14.477153778076172,20.315937042236328,0.5710285305976868,135.0,124.0,34.12078094482422,203.8775787353516,52.2890625,23.3828125,1.22586560419454,-2420.5419921875
9.710417236326975,30.3911075592041,11.60984706878662,14.44491958618164,20.373756408691406,0.5692495703697205,135.0,124.0,34.078250885009766,203.9413299560547,52.2890625,23.3828125,1.3299162356253185,-2430.346435546875
9.73175219726545,30.43167304992676,11.656810760498049,14.386210441589355,20.297752380371094,0.7396272420883179,134.7327598157761,123.73275981577609,34.1511116027832,203.9152984619141,52.2890625,23.3671875,1.4368195295576898,-2440.38671875
9.75018115234343,30.289012908935547,11.665240287780762,14.378636360168455,20.35206413269043,0.645662248134613,134.4420796044423,123.44207960444233,34.08350372314453,203.8672332763672,52.2890625,23.3671875,1.244395466997961,-2395.794921875
9.772264160155828,30.30986785888672,11.89754581451416,14.491219520568848,20.35246467590332,0.5959743857383728,134.0937639592736,123.09376395927357,33.976051330566406,203.8358154296875,54.2109375,23.3671875,1.2130364000979548,-2425.585693359375
9.79388696289061,30.354337692260746,12.006185531616213,14.338164329528809,20.376968383789062,0.6757723093032837,133.75270713636573,122.75270713636574,33.95241928100586,203.77708435058597,54.2109375,23.3671875,1.426841432530581,-2406.259521484375
9.813299316405391,30.32378578186035,12.140392303466797,14.355355262756348,20.337560653686523,0.4673745036125183,133.44651576531476,122.44651576531477,34.0444450378418,203.72747802734372,56.203125,23.390625,1.3384695568337475,-2399.000244140625
9.839237548827441,30.335369110107425,12.355576515197754,14.377606391906738,20.2827091217041,0.5540645718574524,133.03739159902034,122.03739159902035,33.98728942871094,203.7279052734375,56.203125,23.390625,1.319939694030326,-2415.498291015625
9.855919189452834,30.11517906188965,12.584932327270508,14.32973575592041,20.25181770324707,0.5394700765609741,132.7737547304899,121.88687736524496,34.06318664550781,203.57122802734372,56.203125,23.390625,1.2843047442421636,-2391.31689453125
9.877351806639126,30.505788803100582,12.753851890563965,14.336262702941896,20.248083114624023,0.6273443102836609,132.43492331829998,121.71746165914999,34.02018737792969,203.6413726806641,56.203125,23.390625,1.299985055408225,-2411.7744140625
9.89678295898375,30.22441864013672,12.82400894165039,14.306663513183594,20.203615188598636,0.6833118796348572,132.127733359579,121.5638666797895,34.011985778808594,203.58872985839844,58.0234375,23.328125,1.3584241954558485,-2393.390869140625
9.917119140623981,30.347925186157227,12.835493087768556,14.28282356262207,20.18829345703125,0.6833118796348572,131.80623565896857,121.40311782948429,33.96109390258789,203.517822265625,58.0234375,23.328125,1.3099615970032172,-2383.869140625
9.937296386717207,30.482404708862305,12.874533653259276,14.23753547668457,20.19806671142578,0.4882046580314636,131.48725059390443,121.24362529695222,33.94411087036133,203.4898223876953,58.0234375,23.3203125,1.2985587241574286,-2366.56982421875
9.959562011717935,30.523317337036133,12.823485374450684,14.257797241210938,20.30834579467773,0.5428520441055298,131.1352500381141,121.06762501905705,33.976173400878906,203.4275665283203,58.0234375,23.3203125,1.291431734199796,-2406.636474609375
9.978666748045725,30.349767684936523,12.867133140563965,14.302248001098633,20.171993255615234,0.6444381475448608,131.0,121.0,33.9163818359375,203.43765258789065,58.0234375,23.3203125,1.185954771518221,-2392.73095703125
10.001752685546307,30.67582893371582,12.853608131408691,14.286908149719238,20.18729782104492,0.5511338710784912,131.0,121.0,33.96268081665039,203.38430786132807,59.8984375,23.3203125,1.1032835545282238,-2371.80224609375
10.018779296873618,30.61162567138672,12.841130256652832,14.335651397705078,20.162691116333008,0.5980995297431946,131.0,121.0,33.89393615722656,203.40830993652344,59.8984375,23.3203125,1.211611624279275,-2424.171630859375
10.041339111327034,30.55661964416504,12.828022956848145,14.288199424743652,20.15021133422852,0.6480820775032043,131.0,121.0,33.91306686401367,203.3357086181641,59.8984375,23.328125,1.22444082837586,-2389.00732421875
10.061569824218168,30.386734008789062,12.808494567871094,14.2471342086792,20.17392921447754,0.5730530023574829,131.0,121.0,33.95060348510742,203.1990966796875,59.8984375,23.328125,1.3256403527371623,-2395.087890625
10.080816162108022,30.26003074645996,12.82352066040039,14.259350776672363,20.22340583801269,0.7472670078277588,131.0,121.0,33.87002944946289,203.2245941162109,61.5546875,23.328125,1.0562472873263888,-2360.112060546875
10.103518554686161,30.478172302246094,12.80959415435791,14.332405090332031,20.20935821533203,0.5208389163017273,131.0,121.0,33.79353713989258,203.0780029296875,61.5546875,23.328125,1.3213644698490061,-2436.42724609375
10.122097167968604,30.49716186523437,12.834114074707031,14.338042259216309,20.185935974121094,0.5208389163017273,131.0,121.0,33.80643081665039,203.06124877929688,61.5546875,23.4140625,1.091880681682435,-2423.3701171875
10.143894775390436,30.09039688110352,12.80414867401123,14.352213859558104,20.12803077697754,0.5837457180023193,131.0,121.0,33.69953918457031,203.01638793945312,61.5546875,23.4140625,1.0876047987942787,-2389.57275390625
10.165562499998487,30.39591789245605,12.814497947692873,14.329002380371094,20.146459579467773,0.4686485230922699,131.0,121.0,33.70458221435547,202.9195709228516,63.1171875,23.4140625,1.0277393274958588,-2371.142333984375
10.1870051269525,30.335981369018555,12.791077613830566,14.2313232421875,20.18379020690918,0.6502717137336731,131.0,121.0,33.7236213684082,202.9872589111328,63.1171875,23.4140625,1.2843047442421636,-2379.39111328125
10.206768066405857,30.288129806518555,12.818547248840332,14.22097396850586,20.144365310668945,0.6250919103622437,131.0,121.0,33.80351638793945,202.90452575683597,63.1171875,23.4140625,1.2942828412692724,-2371.094970703125
10.227787109373821,30.430200576782227,12.813886642456056,14.365704536437988,20.12694931030273,0.618486225605011,131.0,121.0,33.786502838134766,202.91162109375,63.1171875,23.4140625,0.9108594919684951,-2401.451416015625
10.250210937500015,30.296342849731445,12.786696434020996,14.33343505859375,20.160106658935547,0.6345219016075134,131.0,121.0,33.73782730102539,202.90830993652344,64.625,23.4140625,0.9464944417566576,-2396.973388671875
10.26787646484263,30.37020874023437,12.81580638885498,14.27268409729004,20.204593658447266,0.564786970615387,131.0,121.0,33.65004348754883,202.84376525878903,64.625,23.4140625,1.1431943872045425,-2397.11474609375
10.288621093748588,30.3391227722168,12.81341552734375,14.281445503234863,20.116180419921875,0.5980735421180725,131.0,121.0,33.53852462768555,202.7563934326172,64.625,23.3671875,1.0476955215500765,-2391.552734375
10.30914453124933,30.281639099121094,12.82270050048828,14.246122360229492,20.170055389404297,0.6054717302322388,131.0,121.0,33.56037521362305,202.7591552734375,64.625,23.3671875,1.100434002890864,-2413.377197265625
10.330836669920245,30.486013412475582,12.810361862182615,14.306751251220703,20.127315521240234,0.4912106096744537,131.0,121.0,33.5343017578125,202.7992248535156,64.625,23.3671875,1.0776282571992863,-2394.5693359375
10.35223730468715,30.433080673217773,12.809907913208008,14.326786041259766,20.129880905151367,0.5571742653846741,131.0,121.0,33.55746078491211,202.6377410888672,65.90625,23.3671875,1.0519714044382327,-2372.226318359375
10.370632324218604,30.723308563232425,12.823363304138184,14.322160720825195,20.10354423522949,0.5320821404457092,131.0,121.0,33.572139739990234,202.64654541015625,65.90625,23.3671875,1.1161127586248087,-2373.357666015625
10.392229736327863,30.658626556396484,12.823224067687988,14.31109619140625,20.112096786499023,0.5733396410942078,131.0,121.0,33.54972839355469,202.6483154296875,67.03125,23.359375,1.0562472873263888,-2385.660400390625
10.41155786132731,30.612661361694336,12.821636199951172,14.32032871246338,20.100561141967773,0.4949581623077392,131.0,121.0,33.48561096191406,202.6253662109375,67.03125,23.359375,0.9365163447295489,-2371.80224609375
10.43267041015497,30.60847282409668,12.824079513549805,14.25106143951416,20.14213180541992,0.484314888715744,131.0,121.0,33.497127532958984,202.63758850097656,67.03125,23.359375,0.9507703246448139,-2385.70751953125
10.456936523436525,30.715717315673828,12.82306671142578,14.317763328552246,20.0815372467041,0.5281590819358826,131.0,121.0,33.480899810791016,202.53021240234372,67.03125,23.359375,0.9693001874482352,-2359.122314453125
10.473841796874694,30.77008056640625,12.811391830444336,14.284883499145508,20.039793014526367,0.5153588652610779,131.0,121.0,33.37421417236328,202.6299591064453,68.0,23.3671875,0.9664490803787589,-2384.90625
10.496378417967207,30.87995338439941,12.811513900756836,14.330904960632324,20.130054473876957,0.5153588652610779,131.0,121.0,33.425052642822266,202.51959228515625,68.0,23.3671875,1.0434196386619201,-2406.636474609375
10.514047119140741,30.72740936279297,12.823800086975098,14.28481388092041,20.039146423339844,0.4641067683696747,131.0,121.0,33.3857307434082,202.5603485107422,68.0,23.3671875,0.9778519532245477,-2358.509521484375
10.53369580078106,30.537628173828125,12.824481010437012,14.321637153625488,20.05837821960449,0.6473031044006348,131.0,121.0,33.40805435180664,202.5649871826172,68.0,23.3671875,0.8039577534682403,-2350.873291015625
10.556347167968852,30.7235050201416,12.824811935424805,14.29477882385254,20.054452896118164,0.6734183430671692,131.0,121.0,33.29840087890625,202.5652008056641,68.90625,23.3671875,0.9906811573211327,-2393.626708984375
10.578868652342862,30.72969055175781,12.804689407348633,14.26783275604248,20.123178482055664,0.67742919921875,131.0,121.0,33.31878662109375,202.52459716796875,68.90625,23.3671875,0.8909048533463939,-2385.660400390625
10.59594653320164,30.43400764465332,12.816783905029297,14.27161979675293,20.087297439575195,0.6770598292350769,131.0,121.0,33.23114013671875,202.45962524414065,68.90625,23.4296875,0.6585707358264062,-2399.188720703125
10.618183837890683,30.64470863342285,12.80339813232422,14.247081756591797,20.126407623291016,0.5734178423881531,131.0,121.0,33.24155807495117,202.4792022705078,68.90625,23.4296875,0.8395927032564029,-2361.10205078125
10.639432373045565,30.71676445007324,12.800763130187988,14.272649765014648,20.07392883300781,0.4623469412326813,131.0,121.0,33.10416030883789,202.42495727539065,69.7734375,23.4296875,0.8039577534682403,-2373.640380859375
10.658345703124724,30.791034698486328,12.776470184326172,14.36994457244873,20.04701805114746,0.6251771450042725,131.0,121.0,33.13312911987305,202.43728637695312,69.7734375,23.4296875,0.9992329230974452,-2386.367431640625
10.680703124999127,30.45761108398437,12.75453281402588,14.215685844421388,20.01841354370117,0.5513026118278503,131.0,121.0,32.94025039672852,202.34109497070312,69.7734375,23.4296875,0.8253387233411378,-2371.094970703125
10.702371582030537,30.6354923248291,12.800396919250488,14.26011848449707,19.99031639099121,0.5482579469680786,131.0,121.0,32.8669319152832,202.36280822753903,69.7734375,23.4296875,0.7540703791969291,-2376.138671875
10.722559570311205,30.466196060180664,12.79854679107666,14.228094100952148,20.05307388305664,0.6780328750610352,131.0,121.0,32.74220275878906,202.35064697265625,70.3671875,23.4296875,0.9878300502516564,-2351.29736328125
10.748685058593765,30.540258407592773,12.78025722503662,14.268478393554688,19.9896183013916,0.638468861579895,131.0,121.0,32.627960205078125,202.3610992431641,70.3671875,23.4296875,0.79255488062245,-2396.92626953125
10.764993164062616,30.29251289367676,12.79310131072998,14.245441436767578,20.012985229492188,0.5954067707061768,131.0,121.0,32.62434768676758,202.2977294921875,70.3671875,23.4765625,0.8966070674853466,-2374.2060546875
10.784947998046846,30.359792709350582,12.780047416687012,14.245424270629885,20.035587310791016,0.4983729422092438,131.0,121.0,32.51335144042969,202.21788024902344,70.3671875,23.4765625,0.970724963266915,-2383.256591796875
10.805901855468619,30.332992553710938,12.774601936340332,14.246820449829102,20.07466125488281,0.4983729422092438,131.0,121.0,32.49610900878906,202.269775390625,70.3671875,23.4765625,0.6286380001771948,-2397.11474609375
10.8280046386717,30.335641860961918,12.817395210266112,14.224167823791504,20.00373649597168,0.5284934043884277,131.0,121.0,32.335792541503906,202.2697296142578,71.015625,23.4765625,0.7041822272095597,-2359.028076171875
10.846608154295609,30.277952194213867,12.790850639343262,14.121304512023926,20.023998260498047,0.5667163729667664,131.0,121.0,32.46569061279297,202.22262573242188,71.015625,23.4765625,0.6913538008290314,-2391.599853515625
10.869589599607934,30.24308013916016,12.802159309387209,14.22884464263916,19.96160697937012,0.5335705876350403,131.0,121.0,32.323822021484375,202.1607360839844,71.015625,23.4921875,0.8438685861445591,-2358.83935546875
10.88713940429625,30.30154609680176,12.796452522277832,14.22409725189209,20.00843048095703,0.538962721824646,131.0,121.0,32.367977142333984,202.18875122070312,71.015625,23.4921875,0.9293893547719163,-2333.998046875
10.909475341795769,30.27451705932617,12.795632362365724,14.203433990478516,19.93565559387207,0.4982429444789886,131.0,121.0,32.30432891845703,202.08834838867188,71.6796875,23.4921875,0.5516682196100917,-2395.135009765625
10.931751708983938,30.31560516357422,12.781147003173828,14.241601943969728,19.893404006958008,0.4983729422092438,131.0,121.0,32.33162307739258,202.1663360595703,71.6796875,23.4921875,0.7711746884656122,-2384.340576171875
10.949653320310972,30.34141159057617,12.81271743774414,14.225249290466309,19.869722366333008,0.7474944591522217,131.0,121.0,32.40874481201172,202.0984344482422,71.6796875,23.4765625,0.6813764815179822,-2384.152099609375
10.973442382812209,30.200759887695312,12.80448055267334,14.172229766845703,19.88928604125977,0.6054717302322388,131.0,121.0,32.480262756347656,202.08883666992188,71.6796875,23.4765625,0.5758995188364073,-2374.017578125
10.994465087889694,30.10725975036621,12.79297924041748,14.196924209594728,19.86912727355957,0.4912106096744537,131.0,121.0,32.57928466796875,202.03196716308597,72.078125,23.4765625,0.640040873022985,-2373.027587890625
11.013645263670696,30.37721061706543,12.82240390777588,14.174010276794434,20.07008934020996,0.5955755710601807,131.0,121.0,32.56753921508789,202.0369873046875,72.078125,23.4765625,0.47184810968956914,-2378.636962890625
11.034133056640712,30.22512626647949,12.80983829498291,14.172038078308104,20.00370216369629,0.5578398704528809,131.0,121.0,32.562095642089844,202.03233337402344,72.3046875,23.5,0.6528692994035105,-2358.83935546875
11.05620898437337,30.26716423034668,12.812089920043944,14.212736129760742,19.95762825012207,0.4603660702705383,131.0,121.0,32.62560272216797,202.0113220214844,72.3046875,23.5,0.808233636356395,-2364.495849609375
11.07665820312468,30.15276527404785,12.82282257080078,14.212823867797852,19.97370147705078,0.5766591429710388,131.0,121.0,32.632080078125,201.89727783203125,72.3046875,23.5,0.5074822817616764,-2372.2734375
11.095352539061423,30.26468849182129,12.832962036132812,14.23062515258789,19.95719146728516,0.5766591429710388,131.0,121.0,32.71106719970703,201.9535980224609,72.3046875,23.5,0.62436211728904,-2371.849365234375
11.116474609374563,30.23213005065918,12.823922157287598,14.220484733581545,19.93635368347168,0.5164968371391296,131.0,121.0,32.697784423828125,201.88755798339844,72.59375,23.453125,0.5359894638761468,-2355.115478515625
11.136734619140043,30.15012550354004,12.82400894165039,14.204970359802246,19.90886688232422,0.5844514966011047,131.0,121.0,32.75447082519531,201.90869140625,72.59375,23.453125,0.6842275885874571,-2343.614013671875
11.161419189453227,30.102405548095703,12.839593887329102,14.150031089782717,19.893962860107425,0.5846660137176514,131.0,121.0,32.64373779296875,201.8716735839844,72.59375,23.453125,0.6500189700500923,-2367.60693359375
11.178947021484419,30.202024459838867,12.838041305541992,14.177779197692873,19.882007598876957,0.5481864213943481,131.0,121.0,32.702919006347656,201.7824249267578,72.59375,23.453125,0.5987052645279833,-2382.078125
11.200386962889752,30.280254364013672,12.869454383850098,14.213068008422852,19.89764404296875,0.5515196323394775,131.0,121.0,32.63825607299805,201.75942993164065,72.859375,23.390625,0.43336360826404957,-2388.535888671875
11.222385009765276,30.23262023925781,12.880047798156738,14.20523166656494,19.886701583862305,0.6604512333869934,131.0,121.0,32.67768096923828,201.5972137451172,72.859375,23.390625,0.4775495461124649,-2360.300537109375
11.24022924804558,29.975038528442383,12.837116241455078,14.142194747924805,19.82260131835937,0.4765290021896362,131.0,121.0,32.71174621582031,201.633056640625,72.859375,23.390625,0.5017808453387805,-2354.219970703125
11.26141381835805,30.298370361328125,12.82331085205078,14.166540145874023,19.8250789642334,0.4830901026725769,131.0,121.0,32.69293594360352,201.6052703857422,72.859375,23.390625,0.6186606808661442,-2352.7587890625
11.28472583007715,30.177133560180664,12.856627464294434,14.208913803100586,19.89076805114746,0.7093575596809387,131.0,121.0,32.684051513671875,201.51025390625,72.859375,23.390625,0.4704225561548324,-2382.313720703125
11.302355712889039,30.243452072143555,12.838739395141602,14.214987754821776,19.86661529541016,0.4872200489044189,131.0,121.0,32.62834548950195,201.5202789306641,73.2265625,23.390625,0.36352081765457755,-2372.4150390625
11.324048339842193,30.179128646850582,12.850292205810549,14.218896865844728,19.92207717895508,0.5648881793022156,131.0,121.0,32.750335693359375,201.44107055664065,73.2265625,23.390625,0.5530937731448299,-2367.984130859375
11.346384521482832,30.192426681518555,12.842735290527344,14.224149703979492,19.88863945007324,0.5322797894477844,131.0,121.0,32.66864013671875,201.41098022460935,73.2265625,23.4765625,0.37919957338852256,-2366.38134765625
11.365244873046322,30.35128402709961,12.824481010437012,14.236017227172852,19.89766311645508,0.6452987194061279,131.0,121.0,32.64897155761719,201.3304901123047,73.2265625,23.4765625,0.29937946346800137,-2410.548828125
11.387062255858837,30.1397647857666,12.824044227600098,14.215685844421388,19.888219833374023,0.5514231324195862,131.0,121.0,32.6358642578125,201.3438262939453,73.6171875,23.4765625,0.4518934710674694,-2378.967041015625
11.406450195312573,30.16730499267578,12.823800086975098,14.186837196350098,19.85256576538086,0.4954097867012024,131.0,121.0,32.63572692871094,201.35357666015625,73.6171875,23.4765625,0.40057976554536184,-2366.051513671875
11.428531005858531,30.242938995361328,12.863591194152832,14.118390083312988,19.8695125579834,0.5377237200737,131.0,121.0,32.6397590637207,201.24737548828125,73.6171875,23.3828125,0.42053518188352124,-2362.280517578125
11.450855712890188,30.39081382751465,12.872177124023438,14.219263076782228,19.84965133666992,0.5241736173629761,131.0,121.0,32.68935775756836,201.2976226806641,73.6171875,23.3828125,0.41625929899536357,-2366.852783203125
11.471417968748938,30.31273651123047,12.87034511566162,14.243992805480955,19.83914566040039,0.5731832981109619,131.0,121.0,32.62314224243164,201.2124938964844,73.953125,23.3828125,0.4689977803361525,-2365.0615234375
11.49090380859343,30.223621368408203,12.863137245178224,14.179717063903809,19.798812866210938,0.5173360705375671,131.0,121.0,32.55537796020508,201.2388916015625,73.953125,23.3828125,0.2808496006645787,-2363.3173828125
11.511268798827587,30.28468132019043,12.891688346862791,14.197657585144045,19.80715560913086,0.6021055579185486,131.0,121.0,32.57678985595703,201.1752014160156,73.953125,23.328125,0.32361076269431555,-2375.572998046875
11.534574462890305,29.985509872436523,12.889594078063965,14.177727699279783,19.695810317993164,0.4953384399414062,131.0,121.0,32.60940933227539,201.04632568359372,73.953125,23.328125,0.3293121991172114,-2354.8798828125
11.553308837890654,30.242372512817383,12.867971420288086,14.165860176086426,19.719772338867188,0.5078986883163452,131.0,121.0,32.58007049560547,201.07757568359372,74.171875,23.328125,0.31363266566720965,-2357.23681640625
11.575169921874476,30.277570724487305,12.901985168457031,14.144253730773926,19.812461853027344,0.4717562794685364,131.0,121.0,32.5291633605957,201.1064910888672,74.171875,23.328125,-0.0042229981961950346,-2367.842529296875
11.596721435545987,30.34335327148437,12.887395858764648,14.105195999145508,19.775758743286133,0.7145942449569702,131.0,121.0,32.548973083496094,201.04327392578125,74.171875,23.390625,0.3278866455824732,-2321.97802734375
11.618295166015741,30.465660095214844,12.8538179397583,14.156121253967283,19.746109008789062,0.7145942449569702,131.0,121.0,32.50853729248047,201.0728912353516,74.171875,23.390625,0.4134081919258873,-2317.971435546875
11.63708398437484,30.28518486022949,12.88957691192627,14.080972671508787,19.720121383666992,0.4620777070522308,131.0,121.0,32.40923309326172,201.0286102294922,74.4296875,23.390625,0.2765737177764239,-2386.1318359375
11.65912207031215,30.251588821411133,12.894882202148438,14.067883491516112,19.708988189697266,0.4934806227684021,131.0,121.0,32.5440673828125,200.9781494140625,74.4296875,23.390625,0.2637452913958985,-2309.76953125
11.678681152343415,30.137670516967773,12.889559745788574,14.108355522155762,19.749860763549805,0.5482340455055237,131.0,121.0,32.52338790893555,200.93675231933597,74.4296875,23.5,0.1810740744058996,-2338.99462890625
11.699186035155435,30.494369506835938,12.903364181518556,14.19113063812256,19.77083778381348,0.5730530023574829,131.0,121.0,32.53993225097656,200.9476776123047,74.4296875,23.5,0.07702266525906282,-2329.00146484375
11.723672851561787,30.19663619995117,12.892718315124512,14.134864807128906,19.821866989135746,0.5376205444335938,131.0,121.0,32.449005126953125,200.9620819091797,74.5703125,23.5,0.15399244582616445,-2347.008056640625
11.745822265624156,30.10007095336914,12.89039707183838,14.125179290771484,19.729684829711918,0.5145722031593323,131.0,121.0,32.50008773803711,200.83091735839844,74.5703125,23.5,0.008605428184330402,-2342.48291015625
11.759731933592775,30.248491287231445,12.877570152282717,14.134393692016602,19.743106842041016,0.760556161403656,131.0,121.0,32.4135627746582,200.78456115722656,74.4921875,23.4140625,0.22240968290089685,-2347.290771484375
11.782176757811612,30.161983489990234,12.882473945617676,14.096906661987305,19.68692779541016,0.6203553080558777,131.0,121.0,32.37779998779297,200.8280334472656,74.4921875,23.4140625,0.17109675509485045,-2327.964599609375
11.804785400390756,30.033863067626957,12.8848295211792,14.151095390319824,19.68453788757324,0.5210283398628235,131.0,121.0,32.44116973876953,200.7472686767578,74.4921875,23.4140625,-0.01277554168856715,-2356.671142578125
11.827130615232818,30.07244300842285,12.87046718597412,14.068947792053224,19.660085678100582,0.5730790495872498,131.0,121.0,32.46659851074219,200.70751953125,74.4921875,23.4140625,0.08272410168195718,-2346.8193359375
11.846764648436874,30.151042938232425,12.878722190856934,14.116819381713867,19.63593292236328,0.520886242389679,131.0,121.0,32.3705940246582,200.7095489501953,74.4921875,23.4140625,0.1212086031074796,-2355.115478515625
11.869404541015683,30.009014129638672,12.899856567382812,14.00174045562744,19.6685848236084,0.5730790495872498,131.0,121.0,32.41827392578125,200.70700073242188,74.28125,23.3828125,0.25519274790352636,-2325.3720703125
11.892189941405377,30.016334533691406,12.834236145019531,14.073206901550291,19.693159103393555,0.5733657479286194,131.0,121.0,32.3565788269043,200.5855865478516,74.28125,23.3828125,0.16539531867195462,-2349.2705078125
11.909168945312558,30.04130172729492,12.897989273071287,14.07306671142578,19.66055679321289,0.5209099054336548,131.0,121.0,32.32998275756836,200.6325225830078,74.28125,23.40625,-0.2508110956314492,-2328.860107421875
11.929764648437413,30.061338424682617,12.862578392028809,14.095929145812988,19.64856719970703,0.5209099054336548,131.0,121.0,32.37284469604492,200.58056640625,74.28125,23.40625,-0.07406578880566704,-2328.5302734375
11.951283447264359,30.12782096862793,12.904603004455566,14.068547248840332,19.608619689941406,0.5486634969711304,131.0,121.0,32.32160568237305,200.56349182128903,74.2890625,23.40625,0.19105139371695018,-2322.072509765625
11.970415283201874,30.258012771606445,12.884969711303713,14.012996673583984,19.68052291870117,0.6309705972671509,131.0,121.0,32.2960205078125,200.50103759765625,74.2890625,23.40625,0.05279136603274574,-2357.896728515625
11.992018066404853,30.182008743286133,12.852316856384276,14.09846019744873,19.66509437561035,0.4638855457305908,131.0,121.0,32.31520080566406,200.5171356201172,74.2890625,23.453125,0.09982841095064028,-2331.405517578125
12.018721923826888,30.229936599731445,12.857464790344238,14.127570152282717,19.65647315979004,0.5731050968170166,131.0,121.0,32.26212692260742,200.5475006103516,74.2890625,23.453125,-0.14533413294987577,-2341.587158203125
12.040970947264213,30.251665115356445,12.837360382080078,14.115911483764648,19.699913024902344,0.5462388396263123,131.0,121.0,32.220001220703125,200.4994354248047,74.09375,23.453125,0.071321228836167,-2367.32421875
12.0584716796875,30.10589599609375,12.84523105621338,14.122404098510742,19.69207572937012,0.6276305913925171,131.0,121.0,32.26394271850586,200.4352569580078,74.09375,23.453125,0.04281404672169661,-2353.277099609375
12.081424804686321,30.00359344482422,12.856348037719728,14.031094551086426,19.631011962890625,0.5958969593048096,131.0,121.0,32.19540786743164,200.43264770507807,74.09375,23.390625,-0.10542407798961519,-2318.96142578125
12.103504638671438,30.00874137878418,12.823171615600586,14.074725151062012,19.54183006286621,0.5271146297454834,131.0,121.0,32.19746780395508,200.3677215576172,74.09375,23.390625,-0.14961001583803196,-2306.84716796875
12.118779541015101,30.18657875061035,12.823904991149902,14.026294708251951,19.516210556030277,0.718654453754425,131.06883813243908,121.0,32.190208435058594,200.34478759765625,74.09375,23.390625,0.17252153091352893,-2347.997802734375
12.138231201171948,30.06890869140625,12.843031883239746,14.05381679534912,19.53218078613281,0.476220965385437,131.22665499325544,121.0,32.16246032714844,200.4073638916016,74.09375,23.390625,-0.22230391351697884,-2318.0185546875
12.158974609374127,30.20615768432617,12.837045669555664,14.02690601348877,19.538480758666992,0.7742069363594055,131.39495217400778,121.0,32.010765075683594,200.4062347412109,74.09375,23.328125,-0.056961479536982496,-2314.624755859375
12.18071997070183,29.91117477416992,12.824515342712402,14.124672889709473,19.53589630126953,0.5284269452095032,131.5713784859295,121.0,32.078758239746094,200.37306213378903,74.09375,23.328125,-0.3733923675817087,-2369.680908203125
12.20129443359292,30.20864486694336,12.824027061462402,14.076871871948242,19.576316833496094,0.5437440276145935,131.73830496522737,121.0,32.04741668701172,200.2997131347656,74.0234375,23.328125,-0.09402120514382645,-2359.216552734375
12.22399633789064,30.1332950592041,12.837726593017578,14.043817520141602,19.5332088470459,0.5432801246643066,131.92249198278304,121.0,31.98546028137207,200.20843505859372,74.0234375,23.328125,0.08414965521669533,-2310.853759765625
12.246449462889359,30.12321662902832,12.826435089111328,14.047865867614746,19.518585205078125,0.5120078921318054,132.0,121.0,31.994709014892575,200.3145446777344,74.0234375,23.390625,-0.16671432510671508,-2323.156494140625
12.262708251952063,29.91970443725586,12.822561264038086,13.998372077941896,19.5393180847168,0.5287438631057739,132.0,121.0,32.007938385009766,200.23265075683597,74.0234375,23.390625,-0.17241576152961088,-2346.8193359375
12.286261718749302,30.102088928222656,12.823101997375488,14.081565856933594,19.555513381958008,0.593082070350647,132.0,121.0,31.969125747680664,200.19610595703125,74.125,23.390625,-0.1781171979525038,-2385.943359375
12.30254370117109,29.98114585876465,12.8465576171875,14.05563259124756,19.644380569458008,0.5001999139785767,132.0,121.0,31.991323471069336,200.066162109375,74.125,23.390625,-0.3049751305069763,-2338.853271484375
12.325991943358531,30.24616813659668,12.84716796875,14.062002182006836,19.556455612182617,0.6300767660140991,132.0,121.0,31.94532012939453,200.0855865478516,74.125,23.4765625,-0.32635532266381706,-2344.27392578125
12.34466259765577,30.10765266418457,12.87411403656006,14.060274124145508,19.458200454711918,0.6300767660140991,132.0,121.0,31.967693328857425,200.05325317382807,74.125,23.4765625,-0.16243844221855885,-2325.3720703125
12.368550781249724,30.135313034057617,12.819384574890137,14.045893669128418,19.516298294067383,0.538102388381958,132.0,121.0,31.939945220947266,200.0932159423828,74.234375,23.4765625,-0.2764679483925059,-2362.091796875
12.388935302733444,30.07373046875,12.845056533813477,14.041548728942873,19.599143981933597,0.4688189327716827,132.0,121.0,31.80338287353516,199.9657745361328,74.234375,23.4765625,-0.2964225870146056,-2331.6884765625
12.410752929687078,30.28182411193848,12.823939323425291,14.046627044677734,19.504291534423828,0.55423504114151,132.0,121.0,31.837779998779297,199.9833221435547,74.234375,23.4765625,-0.03843161673356124,-2293.224365234375
12.42821508788984,30.15010452270508,12.824376106262209,14.0436429977417,19.561098098754883,0.6772136688232422,132.0,121.0,31.86444664001465,199.91114807128903,74.46875,23.4296875,-0.4147279760767074,-2327.634521484375
12.450263671873472,30.16469955444336,12.837552070617676,13.978493690490724,19.413522720336918,0.5210283398628235,132.0,121.0,31.763887405395508,199.81256103515625,74.46875,23.4296875,-0.42755640245723575,-2348.846435546875
12.471783935545318,30.230112075805664,12.844515800476074,14.001949310302734,19.44254493713379,0.6974188685417175,132.0,121.0,31.81800651550293,199.74630737304688,74.46875,23.4296875,-0.16243844221855885,-2319.479736328125
12.494148925779882,30.081016540527344,12.824044227600098,14.057656288146973,19.401742935180664,0.868959903717041,132.0,121.0,31.81219482421875,199.77911376953125,74.46875,23.4296875,-0.3933477839198681,-2358.179443359375
12.514255859374316,30.044649124145508,12.78798770904541,14.026679039001465,19.38252830505371,0.600004255771637,132.0,121.0,31.90294647216797,199.7771453857422,74.640625,23.3828125,-0.316378003352765,-2321.648193359375
12.535540771483284,30.136993408203125,12.823922157287598,14.02612018585205,19.353818893432617,0.5449850559234619,132.0,121.0,31.82929801940918,199.7042694091797,74.640625,23.3828125,-0.4018995496961791,-2309.722412109375
12.554554931639359,30.14974403381348,12.822299003601074,13.978668212890623,19.413366317749023,0.6271154880523682,132.0,121.0,31.78805923461914,199.6622467041016,74.640625,23.40625,-0.36198949473591996,-2324.476318359375
12.589586669921118,30.09700584411621,12.807656288146973,13.996469497680664,19.39799118041992,0.5409421920776367,132.0,121.0,31.705474853515625,199.6625061035156,74.640625,23.40625,-0.31210134274855056,-2312.503662109375
12.599046874998749,30.21695709228516,12.823084831237791,14.04092025756836,19.514936447143555,0.5207915902137756,132.0,121.0,31.80994415283203,199.6343994140625,74.640625,23.40625,-0.34345963193249723,-2336.16650390625
12.615127685545303,30.15209007263184,12.838058471679688,14.134864807128906,19.59729385375977,0.5207915902137756,132.0,121.03991775918318,31.860782623291016,199.6263427734375,74.640625,23.40625,-0.3192283327061831,-2363.41162109375
12.640083740234331,30.057619094848636,12.842369079589844,14.2470121383667,19.854188919067383,0.6036646962165833,132.0,121.23290803226196,31.72579002380371,199.59603881835935,74.640625,23.34375,-0.3106765669298721,-2348.375
12.657760742185928,29.888442993164062,12.851618766784668,14.038581848144531,19.865619659423828,0.551712691783905,132.0,121.36960790236829,31.702770233154297,199.61080932617188,74.640625,23.34375,-0.5316078116040711,-2270.409912109375
12.681234130857774,29.9252986907959,12.841635704040527,13.386430740356444,19.353052139282227,0.4934381246566772,132.0,121.55113241602223,31.630290985107425,199.5023193359375,74.453125,23.34375,-0.4289811782759142,-2144.64794921875
12.69909106445266,29.662731170654297,12.680099487304688,12.599722862243652,18.71210479736328,0.677490770816803,132.0,121.68922373429193,31.626434326171875,199.46876525878903,74.453125,23.34375,-0.6442109865272218,-1919.9449462890625
12.721152343749054,29.658052444458008,11.661785125732422,11.847222328186035,18.153898239135746,0.7820045948028564,132.0,121.85982811744805,31.461145401000977,199.4337158203125,74.453125,23.296875,-0.6214052408356429,-1776.2237548828125
12.7502409667959,29.58605194091797,11.07579517364502,10.672694206237791,17.464696884155273,0.5380013585090637,133.0971341470291,122.75955440948167,31.34334373474121,199.34841918945312,74.453125,23.296875,-0.9349857995269495,-1344.0228271484375
12.761188476561074,29.31267547607422,10.792983055114746,9.29313850402832,16.92495346069336,0.6917389035224915,134.19275342161944,123.51806006112116,31.212854385375977,199.3588104248047,74.234375,23.296875,-0.45606358457170615,-1135.7235107421875
12.782980224608764,29.397350311279297,8.451099395751953,8.250286102294922,16.490833282470703,0.7640326023101807,136.3736566314199,125.02791612944453,31.14082908630371,199.2364959716797,74.234375,23.296875,-0.7881732283503773,-846.8196411132812
12.803581542968459,29.1361141204834,6.845695495605469,7.231815338134766,15.9137601852417,0.5954067707061768,138.43542245394298,126.45529246811438,30.94264411926269,199.1622467041016,74.234375,23.328125,-1.5464666057435028,-629.3286743164062
12.824221923827281,28.504783630371094,5.960104942321777,6.034005641937256,15.42302417755127,0.648420512676239,140.50109762469506,127.88537527863504,30.65639305114746,199.069580078125,74.234375,23.328125,-0.8138293033953714,-549.2425537109375
12.844808837890014,29.00285530090332,5.487954616546631,4.146034717559815,15.155134201049805,0.7140145301818848,142.56142187505873,129.31175360580988,30.50456047058105,199.1294403076172,74.015625,23.328125,-1.753143870502437,-161.25633239746094
12.867009033201612,28.41522216796875,4.623516082763672,3.804461479187012,14.97727870941162,0.8554615378379822,144.78320220727815,130.84990922042334,30.274871826171875,198.93130493164065,74.015625,23.328125,-0.43895927530302303,-98.89382934570312
12.887236083983225,28.0898380279541,3.4745900630950928,4.158233642578125,15.074313163757324,0.7449841499328613,145.0,131.0,29.94223403930664,198.9354248046875,74.015625,23.4140625,-1.4837508050916635,-143.1085205078125
12.907620849608065,27.874237060546875,2.986419200897217,4.269124507904053,15.258031845092772,0.8730970025062561,145.0,131.0,29.78706741333008,198.83859252929688,74.015625,23.4140625,-0.5572638866490666,-149.42489624023438
12.927591308593037,27.65239906311035,2.5104122161865234,4.298007488250732,15.386898040771484,0.8118417263031006,145.0,131.0,29.539196014404297,198.75222778320312,73.734375,23.4140625,-0.667017509934856,-138.72476196289062
12.948752685546424,27.967214584350582,2.369434118270874,4.183661460876465,15.477997779846191,0.8971102833747864,145.0,131.0,29.346681594848636,198.68592834472656,73.734375,23.4140625,-0.5757937494524878,-143.06138610839844
12.97161254882667,27.902423858642575,2.1234288215637207,4.1307291984558105,15.528958320617676,0.7293401956558228,145.0,131.0,29.065858840942383,198.5764617919922,73.734375,23.4140625,-0.9748958544872086,-139.33753967285156
12.98949975585856,27.62738800048828,1.9608447551727293,4.199525356292725,15.521018028259276,1.0931408405303955,145.0,131.0,28.84285545349121,198.51052856445312,73.734375,23.46875,-0.7781959090393252,-133.58680725097656
13.01085864257766,27.879343032836918,1.7368117570877075,4.13554573059082,15.656289100646973,1.0931408405303955,145.0,131.0,28.44635963439941,198.44427490234372,73.734375,23.46875,-0.591473282902491,-134.57669067382812
13.03350268554641,27.89215850830078,1.5678926706314087,4.080728530883789,15.528573989868164,0.8221040368080139,145.0,131.0,28.20452690124512,198.37615966796875,73.1015625,23.46875,-0.4902722031090723,-137.45205688476562
13.051175292968765,27.53628921508789,1.6074566841125488,3.9738693237304688,15.262063026428224,0.9278422594070436,145.0,131.0,27.90250015258789,198.2420959472656,73.1015625,23.46875,-0.9720447474177323,-127.5532455444336
13.072944824218212,27.759784698486328,1.5441054105758667,4.099489688873291,15.373320579528809,0.7216970920562744,145.0,131.0,27.712411880493164,198.1872100830078,73.1015625,23.4296875,-0.960641874571945,-137.45205688476562
13.090442871092819,27.739681243896484,1.5882593393325806,3.979401588439941,15.19199275970459,0.7295722961425781,145.0,131.0,27.51659774780273,198.191162109375,73.1015625,23.4296875,-0.9991271537135242,-123.59371948242188
13.113988281249476,27.72390937805176,1.5767059326171875,3.924601793289185,15.771525382995604,0.697600781917572,145.0,131.0,27.270435333251957,198.01634216308597,71.6953125,23.4296875,-0.8508890290022139,-124.01795196533205
13.13384399413917,27.809425354003903,1.6019941568374634,3.982106685638428,14.976633071899414,0.8335316181182861,126.04387191769544,113.8741187670214,27.066875457763672,198.14356994628903,71.6953125,23.4296875,-1.0190817923356268,-131.46563720703125
13.157065429686554,27.51764678955078,1.5320634841918943,3.90851092338562,14.508846282958984,0.7948392033576965,99.9420113214189,90.29243781452328,26.7236442565918,197.93946838378903,69.234375,23.390625,-0.9748958544872086,-115.62753295898438
13.177016113280843,27.658910751342773,1.498049259185791,3.911669969558716,14.231881141662598,0.6506005525588989,77.51661212879391,70.03224957842761,26.498092651367188,197.90655517578125,69.234375,23.390625,-0.987724280867737,-109.1226043701172
13.197896484374724,27.35295295715332,1.4854313135147097,3.8601512908935542,13.923344612121582,0.7117294073104858,54.04620546993729,48.827951148701985,26.44390296936035,197.95132446289065,69.234375,23.390625,-1.1573418200198284,-114.82620239257812
13.219150878905566,27.87283134460449,1.4866878986358645,3.8515124320983887,14.066434860229492,0.8218936920166016,30.15538089136774,27.243826874270184,26.21268081665039,197.87173461914065,69.234375,23.390625,-0.8637174553827394,-99.64802551269533
13.242958496093706,28.92285919189453,1.486513376235962,3.4718239307403564,13.711825370788574,0.787312388420105,3.3946277198753023,3.0668705607149604,25.95379447937012,197.82200622558597,65.9609375,23.34375,-0.7981505476614265,-99.88371276855467
13.260225341795376,30.218975067138672,1.484750747680664,2.616861581802368,13.448105812072754,0.5301868915557861,0.0,0.0,25.77705764770508,197.7936248779297,65.9609375,23.34375,-1.0062533659550985,-101.20355224609376
13.280246826170696,30.97730255126953,1.472918152809143,2.3392505645751958,13.30241584777832,0.4120277166366577,0.0,0.0,25.507213592529297,197.7364959716797,65.9609375,23.390625,-0.9734703009524733,-89.46639251708984
13.301178222654926,31.36900520324707,1.4221150875091553,1.9521100521087649,13.249972343444824,0.2500890493392944,0.0,0.0,25.282394409179688,197.7832794189453,65.9609375,23.390625,-1.0105300265593145,-84.42271423339844
13.321380615234375,31.78889274597168,1.36864173412323,1.6859127283096311,13.07398509979248,0.2072525024414062,0.0,0.0,24.89638900756836,197.8169403076172,62.6171875,23.390625,-1.0447386450966807,-77.91777801513672
13.344256835936903,31.93790054321289,1.3126901388168335,1.5060335397720337,11.728460311889648,0.1047293618321418,0.0,0.0,24.612215042114254,197.8336944580078,62.6171875,23.390625,-1.1487900542435174,-65.14360046386719
13.363641113281119,32.0220947265625,1.2347489595413208,1.385753512382507,10.898489952087402,0.1047293618321418,0.0,0.0,24.629335403442383,197.6914825439453,62.6171875,23.390625,-1.1003274557908862,-50.10683441162109
13.387335205077761,32.048831939697266,1.1109784841537476,1.2968000173568726,9.648481369018556,0.1001667603850364,0.0,0.0,24.45301628112793,197.6685333251953,62.6171875,23.390625,-0.9050530638777395,-47.79711532592773
13.40386889648289,32.0674934387207,1.0640846490859983,1.1678287982940674,9.403924942016602,0.0500571317970752,0.0,0.0,24.33367919921875,197.8167266845703,59.4375,23.390625,-1.1915512162732542,-43.13053131103516
13.42650903320282,32.07965469360352,1.0647128820419312,1.225717544555664,8.196690559387207,0.0493714436888694,0.0,0.0,24.182159423828125,197.7270050048828,59.4375,23.390625,-0.9449631188380001,-36.95555877685547
13.446688476562485,32.11840057373047,1.0495818853378296,1.167793869972229,7.577995300292969,0.0,0.0,0.0,24.013694763183597,197.7455139160156,59.4375,23.4296875,-0.8722692211590547,-31.86474227905273
13.467208740234128,32.144195556640625,1.0449745655059814,1.0614057779312134,6.707972049713135,0.0544467307627201,0.0,0.0,23.94145965576172,197.66346740722656,59.4375,23.4296875,-1.1103055528179935,-36.719871520996094
13.489106201172035,32.20058822631836,1.0436307191848757,1.042732000350952,6.038072109222412,0.0,0.0,0.0,23.79262924194336,197.6976623535156,57.0078125,23.4296875,-1.0889245829450975,-29.41360855102539
13.506723876951582,32.218017578125,1.0978195667266846,1.0180721282958984,5.625713348388672,0.0498177967965602,0.0,0.0,23.927934646606445,197.6601104736328,57.0078125,23.4296875,-0.9691944180643157,-31.11054801940918
13.528005126952849,32.23162078857422,1.028691649436951,1.0707775354385376,4.764398097991943,0.0,0.0,0.0,23.933624267578125,197.5741729736328,57.0078125,23.4296875,-0.9891490566864183,-28.70655059814453
13.54925512695263,32.26985168457031,1.0271035432815552,1.012382745742798,4.081723213195801,0.0,0.0,0.0,23.920167922973636,197.705078125,57.0078125,23.453125,-1.0461641986314187,-30.026391983032227
13.569499999999607,32.287105560302734,1.0118852853775024,0.9747035503387452,3.978738307952881,0.0,0.0,0.0,23.88524627685547,197.59518432617188,57.0078125,23.453125,-1.090350136479837,-27.29243469238281
13.590825683593721,32.32246780395508,1.0102099180221558,1.0197649002075195,3.148278951644897,0.0,0.0,0.0,23.91610145568848,197.6425018310547,55.625,23.453125,-1.1445141713553613,-27.151023864746094
13.609998779296802,32.33835983276367,1.004188895225525,0.9971295595169068,2.7490789890289307,0.0,0.0,0.0,23.964445114135746,197.5792999267578,55.625,23.453125,-1.0989026799722061,-26.11400413513184
13.629830810546991,32.37022399902344,1.0035955905914309,1.0011783838272097,2.412078380584717,0.0,0.0,0.0,23.92940139770508,197.5164031982422,55.625,23.4140625,-1.1858497798503613,-24.039968490600582
13.652301025389534,32.401100158691406,1.027260661125183,1.0063093900680542,2.041342735290528,0.0,0.0,0.0,24.052350997924805,197.6399383544922,55.625,23.4140625,-1.0775217100993086,-26.91533660888672
13.675681396483924,32.41537857055664,1.0559344291687012,0.9660298228263856,1.771044135093689,0.0,0.0,0.0,24.1115837097168,197.53880310058597,54.6328125,23.4140625,-0.9834476202635225,-26.161142349243164
13.692701171874432,32.44779586791992,1.043386459350586,0.9930282831192015,1.5361385345458984,0.0,0.0,0.0,24.135160446166992,197.5627593994141,54.6328125,23.4140625,-1.1017530093256243,-25.64263343811035
13.714918457029853,32.4904899597168,1.0215188264846802,0.9921382069587708,1.3984237909317017,0.0,0.0,0.0,24.20938491821289,197.5035400390625,54.6328125,23.40625,-1.0290591116466774,-24.511341094970703
13.735614990233444,32.494808197021484,1.0399134159088137,0.9785430431365968,1.2954561710357666,0.0,0.0,0.0,24.320049285888672,197.4735565185547,54.6328125,23.40625,-1.0561415179424694,-24.039968490600582
13.759674072265625,32.52730178833008,1.0438750982284546,0.9779496192932128,1.1983176469802856,0.0,0.0,0.0,24.32695960998535,197.5830841064453,54.0234375,23.40625,-1.106028892213782,-25.12412452697754
13.778186279296278,32.563819885253906,0.998324990272522,0.9954890608787536,1.151598334312439,0.0,0.0,0.0,24.411760330200195,197.5384826660156,54.0234375,23.40625,-1.1331112985095724,-24.605615615844727
13.798896240234171,32.57444381713867,1.0171908140182495,0.9863964915275574,1.1648095846176147,0.0,0.0,0.0,24.54139518737793,197.65269470214844,54.0234375,23.4296875,-1.1231332014824622,-23.238636016845703
13.822199218750029,32.607330322265625,1.0175397396087646,0.9822777509689332,1.1434482336044312,0.0,0.0,0.0,24.66301918029785,197.5161895751953,54.0234375,23.4296875,-1.03618610160431,-24.652751922607425
13.842733398436394,32.63082504272461,1.027016282081604,0.9853668212890624,1.1421217918395996,0.0,0.0,0.0,24.80548095703125,197.5434417724609,53.75,23.4296875,-0.9720447474177323,-23.898557662963867
13.860268066406206,32.66244888305664,1.029162883758545,0.9785081148147584,1.1367814540863037,0.0,0.0,0.0,24.882583618164062,197.67269897460935,53.75,23.4296875,-1.0561415179424694,-25.07698631286621
13.883125732421831,32.680946350097656,1.0154979228973389,1.006222128868103,1.1176190376281738,0.0,0.0,0.0,24.984678268432617,197.63839721679688,53.484375,23.453125,-0.9934257172906313,-24.36992835998535
13.902910156250073,32.71517562866211,1.0440146923065186,0.980113685131073,1.1315457820892334,0.0,0.0,0.0,25.197629928588867,197.5944976806641,53.484375,23.453125,-0.9834476202635225,-25.171260833740234
13.923573730467979,32.74235534667969,1.0217458009719849,0.9899741411209106,1.1223485469818115,0.0,0.0,0.0,25.310020446777344,197.71676635742188,53.484375,23.453125,-1.0518656350543116,-23.85141944885254
13.943407714843488,32.76121520996094,1.0435434579849243,0.97847318649292,1.109748125076294,0.0,0.0,0.0,25.40794563293457,197.6851348876953,53.484375,23.453125,-0.9250077024998407,-23.804283142089844
13.96465942382747,32.79266357421875,1.0212745666503906,0.9829235076904296,1.1363800764083862,0.0,0.0,0.0,25.49934196472168,197.4387359619141,53.484375,23.453125,-0.9478134481914167,-24.08710479736328
13.986638671874971,32.827880859375,1.0310477018356323,0.966221809387207,1.1188406944274902,0.0,0.0,0.0,25.70032119750977,197.62448120117188,53.4140625,23.4140625,-0.9592163210372069,-25.73690795898437
14.008351074218808,32.86789321899414,0.9877490401268004,0.9581065773963928,1.0998178720474243,0.0,0.0,0.0,25.65611457824707,197.44747924804688,53.4140625,23.4140625,-0.960641874571945,-25.548358917236328
14.02868603515526,32.87142562866211,1.03713858127594,0.9784557819366456,1.1441811323165894,0.0,0.0,0.0,25.82864570617676,197.4516448974609,53.4140625,23.4140625,-0.927858809569317,-24.46420288085937
14.049168945311976,32.885353088378906,1.0428279638290403,0.9579843878746032,1.0999748706817627,0.0,0.0,0.0,25.85578346252441,197.45350646972656,53.4140625,23.4140625,-0.9449631188380001,-24.69988822937012
14.07018774414064,32.93211364746094,1.0279064178466797,0.9456632137298584,1.0989452600479126,0.0,0.0,0.0,25.926795959472656,197.45504760742188,53.390625,23.4140625,-0.9207318196116845,-23.898557662963867
14.091689941406003,32.95348358154297,1.0316237211227417,0.9867280721664428,1.104180932044983,0.0,0.0,0.0,26.10308074951172,197.5100555419922,53.390625,23.4140625,-1.0133803559127326,-23.71000862121582
14.113318115234506,32.96429443359375,1.0306986570358276,0.9579145908355712,1.1034129858016968,0.0,0.0,0.0,26.20213890075684,197.4035186767578,53.390625,23.4765625,-0.9663433109948394,-23.42718505859375
14.132522949217673,32.98967361450195,1.0321472883224487,0.9818589091300964,1.0917550325393677,0.0,0.0,0.0,26.343448638916016,197.3875732421875,53.390625,23.4765625,-0.9506645552608944,-23.6157341003418
14.152778320310972,33.03437423706055,1.032374143600464,0.9676529169082642,1.1289628744125366,0.0,0.0,0.0,26.38915634155273,197.3901824951172,53.296875,23.4765625,-1.0076789194898397,-23.898557662963867
14.17693872070231,33.04560852050781,1.0109429359436035,0.9687174558639526,1.1451236009597778,0.0,0.0,0.0,26.39460182189941,197.3912048339844,53.296875,23.4765625,-1.0632685079001019,-23.94569396972656
14.194382324218168,33.09284973144531,1.027312994003296,0.9918764233589172,1.144006609916687,0.0,0.0,0.0,26.60915756225586,197.33583068847656,53.296875,23.390625,-1.0290591116466774,-25.8311824798584
14.217114501952892,33.10277557373047,1.0263181924819946,0.9583858251571656,1.123640060424805,0.0,0.0,0.0,26.588476181030277,197.3324737548828,53.296875,23.390625,-1.0176562388008887,-22.531578063964844
14.23522680664064,33.13685989379883,1.031396746635437,0.9841800332069396,1.1146870851516724,0.0,0.0,0.0,26.78845977783203,197.30345153808597,53.390625,23.390625,-1.0133803559127326,-24.36992835998535
14.258471435545289,33.158294677734375,0.9984297156333924,0.9725220203399658,1.1482125520706177,0.0,0.0,0.0,26.765005111694336,197.38836669921875,53.390625,23.390625,-0.960641874571945,-23.898557662963867
14.27581005859247,33.208621978759766,1.047435283660889,0.9669373631477356,1.1143380403518677,0.0,0.0,0.0,26.90739631652832,197.27410888671875,53.390625,23.390625,-1.0219328994051031,-24.181379318237305
14.297329589842775,33.2547607421875,1.043508529663086,0.9380715489387512,1.131004810333252,0.0,0.0,0.0,26.93624496459961,197.2462158203125,53.390625,23.390625,-0.927858809569317,-22.955812454223636
14.319203125000058,33.26594161987305,1.0434561967849731,0.9784383177757264,1.1319472789764404,0.0,0.0,0.0,27.024885177612305,197.39035034179688,53.484375,23.390625,-1.0390372086737862,-24.08710479736328
14.340154541014272,33.30064010620117,1.042932629585266,0.9836390614509584,1.1359786987304688,0.0,0.0,0.0,27.09689140319824,197.31480407714844,53.484375,23.390625,-1.0732458272111525,-23.71000862121582
14.35900854492138,33.33246612548828,1.0432991981506348,1.002347707748413,1.1229244470596311,0.0,0.0,0.0,27.18416976928711,197.45462036132807,53.484375,23.40625,-0.987724280867737,-24.5584774017334
14.381887695311889,33.36860275268555,1.0570863485336304,0.9940404891967772,1.1223485469818115,0.0,0.0,0.0,27.303943634033203,197.2815704345703,53.484375,23.40625,-0.9948504931093113,-23.28577423095703
14.401752441404824,33.40879821777344,1.0579066276550293,0.9640402793884276,1.1496959924697876,0.0,0.0,0.0,27.38677215576172,197.3697052001953,53.5546875,23.40625,-1.0376116551390482,-23.050086975097656
14.42150317382766,33.41487503051758,1.0290756225585938,0.933883011341095,1.1181426048278809,0.0,0.0,0.0,27.51277732849121,197.31988525390625,53.5546875,23.40625,-0.9948504931093113,-22.48444175720215
14.44414526367109,33.462745666503906,1.0163530111312866,0.9921033382415771,1.1488932371139526,0.0,0.0,0.0,27.59181785583496,197.2826385498047,53.5546875,23.3046875,-0.9535148846143126,-23.191499710083008
14.46166479492058,33.4755859375,1.0236655473709106,0.97447669506073,1.134041428565979,0.0,0.0,0.0,27.67535972595215,197.3472442626953,53.5546875,23.3046875,-0.960641874571945,-23.898557662963867
14.483754394530479,33.4992561340332,1.010140061378479,0.9513176679611206,1.1447046995162964,0.0,0.0,0.0,27.78012466430664,197.39306640625,53.5546875,23.3046875,-0.9178814902582664,-23.56859588623047
14.506213134764039,33.544803619384766,1.0440844297409058,0.9716320037841796,1.1062402725219729,0.0,0.0,0.0,27.838468551635746,197.28099060058597,53.7734375,23.3046875,-0.9335602459922113,-24.93557548522949
14.528414550781235,33.563499450683594,1.0093547105789185,0.9925221800804138,1.1396960020065308,0.0,0.0,0.0,27.91497802734375,197.26205444335935,53.7734375,23.4140625,-1.0076789194898397,-24.181379318237305
14.54669360351545,33.5943489074707,1.0281506776809692,0.9809688925743104,1.1266766786575315,0.0,0.0,0.0,27.984506607055664,197.2062530517578,53.8203125,23.4140625,-0.9449631188380001,-25.02985000610352
14.566480468749432,33.61265182495117,1.0209604501724243,0.969485342502594,1.1432737112045288,0.0,0.0,0.0,28.074926376342773,197.3463897705078,53.8203125,23.4140625,-0.9435375653032619,-23.332910537719727
14.588405029295245,33.66743850708008,1.0583603382110596,0.998927116394043,1.1306731700897217,0.0,0.0,0.0,28.07934188842773,197.19163513183597,53.8203125,23.4140625,-0.9977016001787875,-23.00295066833496
14.608668212889825,33.67111587524414,1.012007474899292,0.9918764233589172,1.076658844947815,0.0,0.0,0.0,28.1887321472168,197.20753479003903,53.8203125,23.4140625,-0.9506645552608944,-24.652751922607425
14.629706054687631,33.71501922607422,1.0242588520050049,0.977827489376068,1.1135003566741943,0.0,0.0,0.0,28.29728507995605,197.26124572753903,53.9375,23.390625,-0.9834476202635225,-23.71000862121582
14.652022216796468,33.74917984008789,1.0448697805404663,0.9757506847381592,1.1418250799179075,0.0,0.0,0.0,28.38648223876953,197.32003784179688,53.9375,23.390625,-0.9321346924574717,-22.625852584838867
14.669288330076597,33.768062591552734,1.00919771194458,0.9462042450904846,1.1435179710388184,0.0,0.0,0.0,28.42526054382324,197.3071746826172,53.9375,23.390625,-1.03618610160431,-22.955812454223636
14.692752929686321,33.804744720458984,1.0198609828948977,0.9177746772766112,1.1639020442962646,0.0,0.0,0.0,28.52784538269043,197.31822204589844,53.9375,23.390625,-1.0561415179424694,-24.84130096435547
14.711269531249854,33.85832214355469,1.020262360572815,0.9541274905204772,1.1408652067184448,0.0,0.0,0.0,28.58028793334961,197.210205078125,54.078125,23.40625,-1.0076789194898397,-24.08710479736328
14.73833740234295,33.87310028076172,1.0449222326278689,0.9937787055969238,1.1303590536117554,0.0,0.0,0.0,28.81110954284668,197.1469268798828,54.078125,23.40625,-0.9449631188380001,-23.66287040710449
14.754215332030071,33.917484283447266,1.0368767976760864,0.9897472858428956,1.1300798654556274,0.0,0.0,0.0,28.866119384765625,197.2786407470703,54.078125,23.453125,-1.0817975929874664,-23.238636016845703
14.776462158202776,33.93894958496094,1.0439971685409546,0.9931678771972656,1.1707258224487305,0.0,0.0,0.0,28.97369384765625,197.2108917236328,54.078125,23.453125,-1.0219328994051031,-23.050086975097656
14.794167236326757,33.9814338684082,1.0142239332199097,0.9324170351028442,1.1423835754394531,0.0,0.0,0.0,29.060535430908203,197.1778717041016,54.078125,23.453125,-1.0575670714772074,-23.71000862121582
14.816503417967397,33.992977142333984,1.0443114042282104,1.0015274286270142,1.1008650064468384,0.0,0.0,0.0,29.138511657714844,197.1151885986328,54.046875,23.453125,-0.9677688645295776,-21.683109283447266
14.835853271482847,34.04668426513672,1.04307222366333,0.96421480178833,1.0963623523712158,0.0,0.0,0.0,29.158546447753903,197.16053771972656,54.046875,23.5234375,-0.9706199715990539,-23.238636016845703
14.85808959960923,34.0626220703125,1.0309604406356812,0.963167667388916,1.0926450490951538,0.0,0.0,0.0,29.3147087097168,197.1392059326172,54.046875,23.5234375,-1.0091044730245762,-23.75714492797852
14.881067626953154,34.09065246582031,1.059040904045105,0.9838659167289734,1.1320693492889404,0.0,0.0,0.0,29.299001693725582,197.1273498535156,54.046875,23.5234375,-0.9535148846143126,-21.117462158203125
14.898381103514112,34.138526916503906,1.0290058851242063,0.9580018520355223,1.151458740234375,0.0,0.0,0.0,29.415233612060547,197.1546630859375,54.1875,23.5234375,-1.0119548023779943,-22.86153793334961
14.922617919921322,34.16376495361328,1.0357248783111572,0.978787362575531,1.119137406349182,0.0,0.0,0.0,29.472213745117188,197.2136688232422,54.1875,23.5,-1.0618429543653638,-22.48444175720215
14.941722412107993,34.196632385253906,1.0353758335113523,1.019363522529602,1.1297657489776611,0.0,0.0,0.0,29.536455154418945,197.1040496826172,54.1875,23.5,-0.9549404381490522,-21.824520111083984
14.960980224608647,34.23187255859375,1.030227541923523,0.9883336424827576,1.111737608909607,0.0,0.0,0.0,29.621482849121094,197.15579223632807,54.1875,23.5,-1.0675443907882567,-22.43730354309082
14.98242236328042,34.26498794555664,1.0288313627243042,0.9313175678253174,1.1213363409042358,0.0,0.0,0.0,29.710872650146484,197.1944580078125,54.3046875,23.5,-1.0062533659550985,-22.908676147460938
