Time(s),P_Fuel_Tank(bar),P_Chamber(bar),P_Fuel_Injector(bar),P_Ox_Injector(bar),Fuel_Flow_Rate(L/s),Ox_Valve_Angle(deg),Fuel_Valve_Angle(deg),P_Ox_Tank(bar),P_N2_Tank(bar),T_Fuel_Post_Channels(C),T_Fuel_Pre_Channels(C),Ox_Mass(kg),Thrust(N)
-1.48821874999976,46.55702590942383,1.0301750898361206,0.9626790285110474,1.1846526861190796,0.0,0.0,0.0,46.653621673583984,251.74142456054688,14.296875,24.75,6.002258549650389,3.016780376434326
-1.4665563964845205,46.55514907836914,1.0695995092391968,1.0076531171798706,1.1194339990615845,0.0,0.0,0.0,46.74095153808594,251.6898956298828,14.296875,24.75,6.093481532416698,4.8079938888549805
-1.4455705566406323,46.5630989074707,1.0552363395690918,0.990532636642456,1.14678156375885,0.0,0.0,0.0,46.655052185058594,251.8503570556641,14.28125,24.75,6.0678246796556445,4.8079938888549805
-1.4216684570310463,46.53485870361328,1.0403846502304075,1.012086033821106,1.1521393060684204,0.0,0.0,0.0,46.71774291992188,251.5484771728516,14.28125,24.75,6.0949063082353785,3.5824265480041504
-1.381512939453387,46.54446029663086,1.0512572526931765,0.9766930937767028,1.0835175514221191,0.0,0.0,0.0,46.69130325317383,251.64358520507807,14.28125,24.796875,6.073526893794597,1.6498017311096191
-1.3786271972658142,46.55415344238281,1.0249569416046145,0.9707069993019104,1.1588584184646606,0.0,0.0,0.0,46.67763519287109,251.73208618164065,14.28125,24.796875,6.121989492247228,4.053798675537109
-1.3523891601562354,46.57406234741211,1.015358328819275,0.9958904385566713,1.1207081079483032,0.0,0.0,0.0,46.63463592529297,251.63888549804688,14.1875,24.828125,6.062124020948808,3.770975351333618
-1.3398784179689756,46.5528564453125,1.0021470785140991,0.9766756296157836,1.193012237548828,0.0,0.0,0.0,46.68922424316406,251.5902404785156,14.1875,24.828125,6.119138385177752,4.28948450088501
-1.320457763671584,46.55410003662109,1.0517808198928833,0.9758204817771912,1.131249189376831,0.0,0.0,0.0,46.72095489501953,251.739013671875,14.1875,24.828125,6.069251010906441,4.8079938888549805
-1.298753906249658,46.5555419921875,1.0670863389968872,0.9768326878547668,1.1541463136672974,0.0,0.0,0.0,46.64369201660156,251.8096466064453,14.1875,24.828125,6.089205649528542,3.5352895259857178
-1.2789294433596297,46.5432243347168,1.0514317750930786,0.986431360244751,1.1682301759719849,0.0,0.0,0.0,46.6848258972168,251.6614532470703,14.2578125,24.828125,6.099182191123535,3.5352895259857178
-1.2563754882812646,46.56969833374024,1.0304194688796997,0.9618064165115356,1.1467117071151731,0.0,0.0,0.0,46.70001220703125,251.3808135986328,14.2578125,24.796875,6.053570699740379,4.28948450088501
-1.2374384765626019,46.55720901489258,1.0402624607086182,0.9804103970527648,1.1387710571289062,0.0,0.0,0.0,46.70288848876953,251.3954315185547,14.3203125,24.796875,6.1063091810811665,3.063917636871338
-1.211900390624578,46.556129455566406,1.0442415475845337,0.9796948432922364,1.1230292320251465,0.0,0.0,0.0,46.69062042236328,251.7895355224609,14.3203125,24.796875,6.124839043884588,4.996542453765869
-1.193564697265174,46.6287956237793,1.0405068397521973,0.9782288670539856,1.1407082080841064,0.0,0.0,0.0,46.65201568603516,251.80479431152344,14.3203125,24.796875,6.10203329819301,4.383759021759033
-1.1736481933594405,46.67498779296875,1.0183426141738892,0.9890142679214478,1.128997802734375,0.0,0.0,0.0,46.71842193603516,251.9578399658203,14.3203125,24.7421875,6.072100562543801,3.7238383293151855
-1.1532565917968896,46.53616714477539,1.0421123504638672,0.9632200598716736,1.180952787399292,0.0,0.0,0.0,46.708003997802734,251.6858367919922,14.3125,24.7421875,6.070675786725121,6.552069664001465
-1.1302509765628201,46.5376205444336,1.057051420211792,0.9940928816795348,1.1671481132507324,0.0,0.0,0.0,46.68006134033203,251.44029235839844,14.3125,24.7421875,6.092056756598018,6.222109317779541
-1.1103974609377474,46.554874420166016,1.0481507778167725,1.002504825592041,1.1477588415145874,0.0,0.0,0.0,46.739871978759766,251.39073181152344,14.3125,24.7421875,6.11201139522012,3.3938779830932617
-1.0899709472660106,46.54975891113281,1.0228277444839478,0.9544416069984436,1.086327314376831,0.0,0.0,0.0,46.66344833374024,251.53929138183597,14.3125,24.7421875,6.13054125802354,3.2524662017822266
-1.0709667968749272,46.523887634277344,1.0418505668640137,0.9758902788162231,1.1557344198226929,0.1637056916952133,0.0,0.0,46.6528549194336,251.87130737304688,14.3125,24.7421875,6.015086198314857,6.787755966186523
-1.04980419921867,46.53664779663086,1.0568245649337769,0.9663439989089966,1.1693122386932373,0.051691610366106,0.0,0.0,46.70116424560547,251.7447204589844,14.3125,24.7421875,6.093481532416698,3.676701068878174
-1.0273789062503056,46.56314468383789,1.0883779525756836,0.9484031796455384,1.0952978134155271,0.528892457485199,0.0,0.0,46.675384521484375,251.51097106933597,14.3125,24.7421875,6.077802776682753,4.006661415100098
-1.009039062500051,46.5229377746582,1.0183600187301636,0.9841626286506652,1.2011798620224,0.528892457485199,0.0,0.0,46.69571685791016,251.7336883544922,14.3125,24.828125,6.117712053926955,3.5824265480041504
-0.9888745117186772,46.60595703125,1.078011393547058,0.9696947932243348,1.182279109954834,0.0,0.0,0.0,46.68561172485352,251.52542114257807,14.3125,24.828125,6.043594158145387,2.63968276977539
-0.9693850097655741,46.57662582397461,1.080541968345642,0.9696598649024964,1.1126974821090698,0.0,0.0,0.0,46.75445938110352,251.48696899414065,14.3203125,24.828125,6.093481532416698,3.629563808441162
-0.9494370117190556,46.57819747924805,1.035515546798706,0.95782732963562,1.1490851640701294,4.439809799194336,0.0,0.0,46.44922256469727,250.61936950683597,14.3203125,24.828125,5.430687020678039,28.32945251464844
-0.9281462402341276,46.44081497192383,1.078063726425171,0.9703056216239928,1.0435521602630615,11.875784873962402,0.0,0.0,46.742923736572266,251.15106201171875,14.3203125,24.828125,6.006534432538545,17.67644691467285
-0.90716503906242,46.42525863647461,1.0486220121383667,0.925855040550232,1.094721794128418,1.2971704006195068,0.0,0.0,46.61651992797852,252.02142333984372,14.3203125,24.828125,6.140517799618533,13.339825630187988
-0.8866230468747744,46.53012466430664,1.044712781906128,0.9461693167686462,1.1424708366394043,2.862215042114258,0.0,0.0,46.65723419189453,251.5956268310547,14.2734375,24.828125,6.119138385177752,24.84130096435547
-0.8629235839844114,46.5426025390625,1.0644686222076416,0.8968845009803772,1.0872348546981812,2.481085538864136,0.0,0.0,46.76583862304688,251.5074462890625,14.2734375,24.828125,6.049294816852223,19.37338638305664
-0.8447065429691065,46.52043914794922,1.072077751159668,0.977286458015442,1.1184916496276855,0.0,0.0,0.0,46.68138885498047,251.5412750244141,14.2734375,24.7265625,6.05072114810302,16.16805648803711
-0.8213740234377838,46.56821441650391,1.0141366720199585,0.9532199501991272,1.0877234935760498,0.0,0.0,0.0,46.66217422485352,251.39553833007807,14.2734375,24.7265625,6.25169697643906,23.71000862121582
-0.800133544921664,46.51546478271485,0.9278358817100524,0.9013173580169678,1.032958745956421,3.31693959236145,0.0,0.0,46.44241714477539,250.9156494140625,14.3125,24.7265625,5.320934175108308,25.78404426574707
-0.7816936035160325,46.48715972900391,1.0377668142318726,0.9734644293785096,1.106693983078003,0.0500746257603168,0.0,0.0,46.75069046020508,251.48098754882807,14.3125,24.7265625,5.978026472708015,18.71346473693848
-0.7605351562497162,46.54267883300781,1.0330373048782349,0.9669373631477356,1.0946520566940308,0.0500746257603168,0.0,0.0,46.652156829833984,251.6483917236328,14.3125,24.7890625,6.117712053926955,19.420522689819336
-0.7428764648439028,46.53478240966797,1.072444200515747,0.9864837527275084,1.0968509912490845,0.4322768449783325,0.0,0.0,46.6444091796875,251.5280914306641,14.3125,24.7890625,6.129114926772744,23.332910537719727
-0.7194968261719623,46.56685256958008,1.0391803979873655,0.948612630367279,1.1151233911514282,0.0,0.0,0.0,46.719764709472656,251.732666015625,14.4375,24.7890625,6.1234142680659085,19.65620994567871
-0.6976271972653194,46.57405090332031,1.0419378280639648,0.963935613632202,1.1164672374725342,0.0,0.0,0.0,46.7202377319336,251.5276641845703,14.4375,24.7890625,6.077802776682753,19.93903350830078
-0.6770649414065701,46.57039642333984,1.0407860279083252,0.9617889523506165,1.147723913192749,0.0,0.0,0.0,46.77793502807617,251.572265625,14.4375,24.75,6.076376445431957,24.652751922607425
-0.6570290527342877,46.57424545288086,1.032600998878479,0.956710398197174,1.112662672996521,0.0,0.0,0.0,46.70538711547852,251.67079162597656,14.4375,24.75,6.127690150954065,20.78750228881836
-0.6388747558594332,46.55522537231445,1.0264577865600586,0.9737611413002014,1.12432062625885,0.0,0.0,0.0,46.65030670166016,251.7676696777344,14.4375,24.75,6.100608522374331,20.50467872619629
-0.6150734863276739,46.55762481689453,1.05242657661438,0.960200846195221,1.1174445152282717,0.0,0.0,0.0,46.68556213378906,251.59983825683597,14.4765625,24.75,6.090630425347222,22.48444175720215
-0.5965136718750728,46.5485725402832,1.0681160688400269,0.9568674564361572,1.1227149963378906,0.0,0.0,0.0,46.672611236572266,251.57791137695312,14.4765625,24.75,6.117712053926955,20.74036407470703
-0.5752419433592877,46.5617790222168,1.0468943119049072,0.9536388516426086,1.0980552434921265,0.0,0.0,0.0,46.674076080322266,251.4498443603516,14.5234375,24.7421875,6.069251010906441,23.238636016845703
-0.5551748046873399,46.54318237304688,1.0064576864242554,0.960724413394928,1.0811790227890017,0.2183054387569427,0.0,0.0,46.71749877929688,251.49310302734372,14.5234375,24.7421875,6.159047662421951,23.050086975097656
-0.5333139648437282,46.556270599365234,1.055428385734558,0.9603404402732848,1.1078633069992063,0.2067291438579559,0.0,0.0,46.7422103881836,251.77337646484372,14.5234375,24.7421875,6.030764954048802,22.908676147460938
-0.5119843749998836,46.533050537109375,1.0553061962127686,0.9837437272071838,1.1181775331497192,0.0,0.0,0.0,46.627742767333984,251.62950134277344,14.5234375,24.7421875,6.127690150954065,21.683109283447266
-0.49087475585929496,46.52402877807617,1.041501522064209,0.964284598827362,1.1446523666381836,0.0,0.0,0.0,46.68983459472656,251.58628845214844,14.5390625,24.765625,6.117712053926955,22.814401626586918
-0.4729582519530595,46.51818084716797,1.0499658584594729,0.9827489852905272,1.1348267793655396,0.0,0.0,0.0,46.70309829711914,251.5087890625,14.5390625,24.765625,6.140517799618533,21.25887489318848
-0.4517050781250873,46.5203971862793,1.0576273202896118,0.9992063641548156,1.169957995414734,0.0,0.0,0.0,46.65763854980469,251.50445556640625,14.5390625,24.796875,6.113436171038799,22.955812454223636
-0.4318557128908651,46.5483627319336,1.039145588874817,0.9763615131378174,1.1095212697982788,0.0,0.0,0.0,46.68147659301758,251.4822235107422,14.5390625,24.796875,6.147644789576166,22.955812454223636
-0.409376464844172,46.509761810302734,1.0596169233322144,0.9934122562408448,1.1281601190567017,0.0,0.0,0.0,46.71990585327149,251.6700439453125,14.5,24.796875,6.144795237938806,22.57871627807617
-0.3866601562504002,46.52352523803711,1.071152687072754,0.9448429346084596,1.0932908058166504,0.0,10.981453342777176,12.137395799911616,46.67828369140625,251.5287933349609,14.5,24.796875,6.153347003715118,21.30601119995117
-0.36713281250013097,46.53603744506836,1.0420600175857544,0.9748257398605348,1.102679967880249,0.0,26.314540490474435,29.084492121050687,46.70105743408203,251.66651916503903,14.5,24.7734375,6.117712053926955,22.48444175720215
-0.34597363281227445,46.54514694213867,1.0358994007110596,0.9660472869873048,1.0807427167892456,0.0,42.92896333650146,47.44780158244898,46.63655471801758,251.62353515625,14.5,24.7734375,6.193256280959318,22.15447998046875
-0.32711303710948414,46.56756210327149,1.0216585397720337,1.006361722946167,1.117043137550354,0.0,57.73851251410019,63.816250673479146,46.69027328491211,251.7795562744141,14.6015625,24.7734375,6.0949063082353785,21.353147506713867
-0.3058508300782705,46.52780151367188,1.0517460107803345,0.9637436270713806,1.1108126640319824,0.0,74.43383357447419,82.26897395073462,46.70983505249024,251.62945556640625,14.6015625,24.7734375,6.136241916730377,22.2958927154541
-0.28431494140659197,46.54975891113281,1.049040913581848,0.9823126792907716,1.1144427061080933,0.0,91.34405249807794,100.95921591892825,46.729591369628906,251.4556579589844,14.6015625,24.765625,6.077802776682753,21.871658325195312
-0.2669831542971224,46.547176361083984,1.0282554626464844,0.9765360355377196,1.1632214784622192,0.0,95.0,105.0,46.72217559814453,251.63751220703125,14.6015625,24.765625,6.099182191123535,21.07032585144043
-0.245917480468961,46.554176330566406,1.028691649436951,0.9803231358528136,1.145629644393921,0.0,95.0,105.0,46.719818115234375,251.7076568603516,14.609375,24.765625,6.084929766640386,21.30601119995117
-0.22587915039093787,46.557884216308594,1.0535260438919067,1.0006024837493896,1.1121041774749756,0.0,95.0,105.0,46.68063735961914,251.5995178222656,14.609375,24.765625,6.170450535267743,23.474321365356445
-0.20251904296856083,46.56636047363281,1.0609955787658691,0.9913877844810486,1.1276191473007202,0.0,95.0,105.0,46.6915283203125,251.5921630859375,14.609375,24.765625,6.0963326394861745,22.3430290222168
-0.1834250488282123,46.58912658691406,1.0467547178268433,0.9656807780265808,1.1034129858016968,0.0,95.0,105.0,46.73994064331055,251.8726501464844,14.609375,24.7265625,6.114862502289596,22.01306915283203
-0.16257592773399665,46.57844543457031,1.0299482345581057,0.975436508655548,1.12580406665802,0.0,95.0,105.0,46.70275115966797,251.57583618164065,14.609375,24.7265625,6.104884405262487,22.955812454223636
-0.14254101562528376,46.57289505004883,1.0379762649536133,1.0145641565322876,1.1560137271881104,0.0,95.0,105.0,46.69547271728516,251.73480224609372,14.578125,24.7265625,6.1390930237998536,21.635971069335938
-0.12129077148438228,46.56742858886719,1.0284299850463867,1.0001312494277954,1.144826889038086,0.0,95.0,105.0,46.70269775390625,251.5679931640625,14.578125,24.7265625,6.073526893794597,22.248754501342773
-0.1029243164066429,46.54369354248047,1.0485522747039795,0.9761520624160768,1.142523169517517,0.0,95.0,105.0,46.69102096557617,251.47293090820312,14.578125,24.7109375,6.116287278108276,21.77738380432129
-0.07916992187529104,46.56648254394531,1.0484650135040283,0.9798519015312196,1.0999923944473269,0.0,95.0,105.0,46.73323822021485,251.60427856445312,14.578125,24.7109375,6.124839043884588,21.25887489318848
-0.0605888671871071,46.00758743286133,1.0409605503082275,0.9925570487976074,1.1082297563552856,0.0,95.0,105.0,46.69118118286133,251.5539093017578,14.609375,24.7109375,6.157622886603269,20.78750228881836
-0.040221679687419964,45.27667236328125,1.0139272212982178,0.9967455863952636,1.098020315170288,0.0480307601392269,95.0,105.0,46.68292617797852,251.6463623046875,14.609375,24.7109375,6.030764954048802,22.3430290222168
-0.015537841796685825,43.61116027832031,1.0336655378341677,0.969782054424286,1.121196746826172,0.0563499554991722,95.0,105.0,46.718875885009766,251.5829315185547,14.609375,24.7421875,6.047870041033543,19.420522689819336
0.001162353515610448,42.70964813232422,1.017435073852539,0.965331733226776,1.119032621383667,0.1570079624652862,95.0,105.0,46.64177322387695,251.45640563964844,14.609375,24.7421875,5.975176921070655,22.01306915283203
0.02367309570308862,42.79337310791016,1.0444334745407104,0.9871119856834412,1.215228796005249,0.2116049230098724,95.0,105.0,46.616886138916016,251.52330017089844,14.6640625,24.7421875,6.020788412453809,21.965930938720703
0.042920654296722205,43.084171295166016,1.0320948362350464,0.989625096321106,1.5246200561523438,0.217363566160202,95.0,105.0,46.61655426025391,251.36801147460935,14.6640625,24.7421875,5.854019647223018,20.31612968444824
0.06277709960977518,43.24483871459961,1.0631072521209717,0.9755063652992249,2.3661093711853027,0.2740955948829651,95.0,105.0,46.5427131652832,251.20872497558597,14.6640625,24.796875,5.868273627138283,17.817859649658203
0.08576220703162107,42.64483642578125,1.0946084260940552,1.0106723308563232,3.20672607421875,0.2811140120029449,95.0,105.0,46.13505172729492,250.94610595703125,14.6640625,24.796875,5.8440431056280255,11.831435203552246
0.10796484374986903,42.77817916870117,1.075480818748474,1.0385085344314575,4.099315166473389,0.2701673805713653,98.66365607364435,107.1981936441866,45.97182083129883,250.90310668945312,14.5546875,24.796875,5.7613718886380285,11.50147533416748
0.12564819335966604,42.88268661499024,1.0756902694702148,1.0028538703918457,4.929896831512451,0.2666724324226379,105.81473597744227,111.48884158646537,45.67755889892578,250.3335418701172,14.5546875,24.796875,5.863997744250127,13.009864807128906
0.1474609375,42.792274475097656,1.0879416465759275,1.0337440967559814,5.761665344238281,0.2924867570400238,114.63572745905685,116.78143647543412,45.40307235717773,250.10971069335935,14.5390625,24.7890625,5.704357524409085,7.400539398193359
0.16933837890610448,42.64530563354492,1.0758473873138428,1.107444405555725,6.6416192054748535,0.2666228115558624,123.48288227093758,122.08972936256255,45.167293548583984,249.7872467041016,14.5390625,24.7890625,5.675849564578555,13.528374671936035
0.18753002929679496,42.235450744628906,1.1556733846664429,1.0958038568496704,7.626861572265625,0.2423577010631561,130.83951709403397,126.50371025642039,44.81727600097656,249.31370544433597,14.5390625,24.75,5.59888056172751,-4.478033542633057
0.2078811035153194,40.78792953491211,1.1559525728225708,1.1589806079864502,8.816014289855957,0.5892017483711243,139.06941477073025,131.44164886243814,44.38653945922852,249.0162506103516,14.5390625,24.75,5.578925923105409,-0.1885487735271453
0.23127075195316138,39.17036819458008,1.165027737617493,1.2174277305603027,10.000350952148438,0.5892017483711243,145.0,135.0,43.94243621826172,248.4942779541016,14.5390625,24.75,5.338039262093049,-11.454338073730469
0.24864794921904831,37.77923583984375,1.2084486484527588,1.2636759281158447,10.98683261871338,0.482308566570282,145.0,135.0,43.407997131347656,247.8984222412109,14.6328125,24.75,5.377948539337251,-7.919048309326172
0.2701796874998763,36.032344818115234,1.225394606590271,1.2595397233963013,12.066787719726562,0.9671360850334167,145.0,135.0,42.9088134765625,247.48622131347656,14.6328125,24.75,5.332337047954097,-25.64263343811035
0.29152172851536307,35.00975799560547,1.2688504457473757,1.368842363357544,13.301019668579102,0.7385718822479248,145.0,135.0,42.19903564453125,246.92477416992188,14.6328125,24.7109375,5.242538841006466,-26.34969139099121
0.3099755859375364,34.53617477416992,1.3266693353652954,1.4317747354507446,14.510120391845703,0.949054479598999,145.0,135.0,41.73210525512695,246.3321228027344,14.6328125,24.7109375,5.473448960423834,-40.91508483886719
0.3315375976562791,33.791053771972656,1.3582228422164917,1.4609721899032593,16.06698989868164,1.0394105911254885,145.0,135.0,41.1043701171875,245.6871795654297,14.6328125,24.7109375,5.279598566613309,-70.94147491455078
0.35467553710896027,33.10272216796875,1.8553292751312256,2.340140581130981,17.4816951751709,0.9993966817855836,145.0,135.0,40.50265502929688,244.8751678466797,14.6328125,24.7109375,5.637365063153032,-432.248046875
0.37363012695277575,31.98569679260254,3.2504000663757324,4.905533790588379,18.47014808654785,0.8832186460494995,145.0,135.0,40.04511260986328,244.1136779785156,14.6328125,24.6640625,7.0670047180611295,-998.271484375
0.3958037109377983,33.14714813232422,5.602650165557861,10.17382526397705,18.92203521728516,0.8824986219406128,145.0,135.0,39.48023986816406,243.54364013671875,14.6328125,24.6640625,6.952975989603242,-1924.9886474609373
0.41216308593720896,33.481136322021484,9.708595275878906,14.604484558105469,20.04820442199707,0.8602278828620911,145.0,135.0,38.90047836303711,242.65139770507807,14.8203125,24.6640625,6.610888248797464,-2361.054931640625
0.4353249511714239,33.3677978515625,12.785143852233888,15.61025047302246,20.71993637084961,0.7997962832450867,145.0,135.0,38.61285018920898,242.37933349609372,14.8203125,24.6640625,5.888229821192501,-2563.320556640625
0.4561853027344114,33.56569290161133,13.755847930908203,16.33782958984375,21.604061126708984,0.7997962832450867,145.0,135.0,38.27653121948242,242.02891540527344,14.8203125,24.7109375,7.454703950250063,-2721.418701171875
0.47398046874968713,33.285728454589844,14.494928359985352,16.81224822998047,22.309947967529297,0.804180383682251,145.0,135.0,37.91160583496094,241.7940368652344,14.8203125,24.7109375,6.52394114891931,-2796.461181640625
0.49574633789052314,33.04645919799805,14.871649742126465,17.053524017333984,22.79710578918457,0.6302188634872437,145.0,135.0,37.67996597290039,241.57879638671875,14.8203125,24.7109375,6.301584350710372,-2869.052490234375
0.5176877441408578,33.001564025878906,15.060429573059082,17.230192184448242,23.14599227905273,0.6725673079490662,145.0,135.0,37.40837478637695,241.58876037597656,16.78125,24.7109375,6.9871846081406055,-2921.32763671875
0.5380141601563082,32.68793869018555,15.286853790283203,17.465970993041992,23.350147247314453,0.7814003825187683,145.0,135.0,37.04723739624024,241.78001403808597,16.78125,24.7109375,6.3899577818393185,-2924.815673828125
0.5568212890620998,32.4707145690918,15.353799819946287,17.432235717773438,23.333742141723636,0.5771452784538269,145.0,135.0,36.88933181762695,242.0157928466797,16.78125,24.7109375,6.074951669613277,-2893.61083984375
0.5795612792971951,32.36722183227539,15.265544891357422,17.307260513305664,23.23065185546875,0.7757940292358398,145.0,135.0,36.71352005004883,241.71620178222656,16.78125,24.7109375,6.310136116486687,-2888.2373046875
0.597679931640414,32.41950225830078,15.269454002380373,17.377662658691406,23.24347877502441,0.6771829128265381,145.0,135.0,36.526363372802734,241.751953125,19.8984375,24.7109375,6.558149767456676,-2914.964111328125
0.6175898437495562,32.37822723388672,15.232507705688477,17.290000915527344,23.158626556396484,0.6778914928436279,145.0,135.0,36.33877182006836,242.22613525390625,19.8984375,24.7109375,6.3030091265290515,-2879.328369140625
0.6419052734372599,32.02140808105469,15.201600074768066,17.1903133392334,23.125608444213867,0.7863863110542297,145.0,135.0,36.05660629272461,242.37474060058597,19.8984375,24.7421875,6.294457360752742,-2901.435546875
0.663018066406039,31.762495040893555,15.173274993896484,17.123682022094727,23.05607795715332,0.8521621227264404,145.0,135.0,35.870513916015625,242.19017028808597,19.8984375,24.7421875,6.321538989332476,-2919.819091796875
0.6800390625003274,31.75802421569824,15.137358665466309,17.142215728759766,22.930702209472656,0.5974382758140564,145.0,135.0,35.519657135009766,242.1764068603516,22.15625,24.7421875,6.444121038998784,-2835.820556640625
0.715887695312631,31.416431427001957,15.026328086853027,16.84566879272461,22.96878242492676,0.7509225010871887,145.0,135.0,35.06260299682617,242.4348602294922,22.15625,24.7421875,6.198958495098276,-2834.1708984375
0.7268137207029213,31.51494789123535,14.80875301361084,16.6932430267334,22.801050186157227,0.6562600135803223,145.0,135.0,34.599212646484375,242.33233642578125,24.6796875,24.7265625,5.647343160180141,-2765.397705078125
0.7461831054688446,31.37449073791504,14.57857608795166,16.44498634338379,22.580055236816406,0.7384673357009888,145.0,135.0,34.23512649536133,242.44015502929688,24.6796875,24.7265625,6.344344735024054,-2664.524169921875
0.766326904296875,31.29585838317871,14.444928169250488,16.428598403930664,22.33495712280273,0.7319684624671936,145.0,135.0,34.07912063598633,242.22164916992188,24.6796875,24.65625,5.970899482750382,-2723.021240234375
0.7918049316403994,30.80263900756836,14.439517974853516,16.38156509399414,22.30654525756836,0.6090646386146545,145.0,135.0,34.05254364013672,242.1667633056641,24.6796875,24.65625,6.330092310540902,-2670.98193359375
0.8107265625003492,31.189868927001957,14.443793296813965,16.392471313476562,22.349512100219727,0.5927196145057678,145.0,135.0,33.999122619628906,242.4207763671875,28.1171875,24.65625,6.670753720095887,-2717.223388671875
0.8291772460934226,31.16275405883789,14.582066535949709,16.583921432495117,22.40485191345215,0.7968918085098267,145.0,135.0,34.09615707397461,242.28497314453125,28.1171875,24.65625,6.280203380837471,-2771.996826171875
0.8523608398436409,31.06114959716797,14.662975311279297,16.65219497680664,22.43802833557129,0.8570725917816162,145.0,135.0,34.106712341308594,242.43582153320312,28.1171875,24.703125,6.609463472978784,-2747.249755859375
0.8716879882813373,30.98246192932129,14.705401420593262,16.61856460571289,22.41316032409668,0.8570725917816162,145.0,135.0,33.97165298461914,242.0646514892578,28.1171875,24.703125,6.187555622252485,-2761.626708984375
0.8913676757811118,30.657001495361328,14.68433666229248,16.542787551879883,22.41692924499512,0.7293069958686829,145.0,135.0,33.81658935546875,242.3013916015625,31.953125,24.703125,6.25169697643906,-2745.08154296875
0.9131960449221879,30.76150703430176,14.694074630737305,16.556488037109375,22.41797637939453,0.6385282278060913,145.0,135.0,33.87241744995117,241.95529174804688,31.953125,24.703125,6.214637250832221,-2735.135498046875
0.9322041015620925,30.701744079589844,14.62168312072754,16.593957901000977,22.370820999145508,0.5725065469741821,145.0,135.0,33.89418029785156,242.26304626464844,31.953125,24.7265625,6.221764240789851,-2725.896728515625
0.9542399902347825,30.75077438354492,14.602643013000488,16.470815658569336,22.40511512756348,0.701964795589447,145.0,135.0,33.91718292236328,242.0420379638672,31.953125,24.7265625,6.116287278108276,-2728.630615234375
0.9719023437501164,30.981698989868164,14.66829776763916,16.541269302368164,22.484643936157227,0.747429370880127,145.0,135.0,33.9249153137207,242.0550994873047,35.9140625,24.7265625,6.177577525225373,-2765.5390625
0.9939831542969841,30.62750816345215,14.667041778564451,16.44011688232422,22.59181785583496,0.6605146527290344,145.0,135.0,33.877586364746094,242.1811065673828,35.9140625,24.7265625,6.264524625103526,-2734.758544921875
1.015448730468961,30.39248275756836,14.601438522338867,16.36446189880371,22.51958274841309,0.6549474596977234,145.0,135.0,34.01788330078125,241.95172119140625,35.9140625,24.7421875,5.846894212697502,-2704.35498046875
1.0345808105466858,30.308917999267575,14.416533470153809,16.240097045898438,22.27839469909668,0.7035961151123047,145.0,135.0,33.98550796508789,242.1865997314453,35.9140625,24.7421875,5.908184459814602,-2646.517578125
1.0546616210940556,30.366270065307617,14.283827781677246,16.107112884521484,22.246265411376957,0.7293401956558228,145.0,135.0,34.09844207763672,242.2556304931641,35.9140625,24.7421875,5.534739207540934,-2666.645263671875
1.079516601562318,30.221614837646484,14.214298248291016,15.98020076751709,22.04188346862793,0.729472815990448,145.0,135.0,34.05390548706055,241.92398071289065,39.5234375,24.7421875,6.29303258493406,-2562.990478515625
1.1021032714843386,30.429283142089844,14.14859104156494,16.002643585205078,22.023418426513672,0.7293069958686829,145.0,135.0,34.09886169433594,241.90419006347656,39.5234375,24.7421875,5.90248224567565,-2679.93798828125
1.118756103515807,30.28764915466309,14.211523056030272,16.028717041015625,21.9863338470459,0.5978655815124512,145.0,135.0,34.05121612548828,241.7970733642578,39.5234375,24.7421875,6.082078659570909,-2682.200439453125
1.1384919433594405,30.34890556335449,14.219935417175291,16.069503784179688,21.97783470153809,0.5978655815124512,145.0,135.0,34.082366943359375,242.11895751953125,39.5234375,24.7421875,6.060697689698012,-2665.37255859375
1.1571105957027612,30.18414688110352,14.367388725280762,16.200481414794922,22.117904663085938,0.6258686780929565,145.0,135.0,34.138790130615234,241.90611267089844,42.65625,24.7421875,5.8868034899417045,-2663.43994140625
1.1809897460934735,30.294313430786133,14.38674259185791,16.204740524291992,22.13160514831543,0.5681720972061157,145.0,135.0,34.2613410949707,242.00955200195312,42.65625,24.7421875,5.960922941155389,-2693.701904296875
1.2039768066406396,30.31936836242676,14.38979721069336,16.257741928100586,22.217905044555664,0.7105124592781067,145.0,135.0,34.24982070922852,241.8873443603516,42.65625,24.6875,5.873975841277236,-2697.284423828125
1.2259072265624127,30.182586669921875,14.409971237182615,16.182628631591797,22.20392608642578,0.8180270195007324,145.0,135.0,34.206817626953125,241.89566040039065,42.65625,24.6875,5.943817854170648,-2663.62841796875
1.2459919433595132,30.289907455444336,14.41538143157959,16.16248893737793,22.141691207885746,0.6737228631973267,145.0,135.0,34.307952880859375,241.9716796875,45.3125,24.6875,5.881102831234869,-2701.998291015625
1.2620803222653194,30.37892341613769,14.383758544921877,16.235891342163086,22.0699462890625,0.7512506246566772,145.0,135.0,34.338130950927734,241.8955535888672,45.3125,24.6875,5.74854423997356,-2706.947509765625
1.2872656250001455,30.267501831054688,14.335049629211426,16.13409423828125,22.11317443847656,0.6977828145027161,145.0,135.0,34.35479736328125,241.87843322753903,45.3125,24.640625,5.912460342702758,-2690.2138671875
1.3068835449221297,30.3298397064209,14.408924102783203,16.18589210510254,22.154483795166016,0.5980735421180725,145.0,135.0,34.34257888793945,241.7463531494141,45.3125,24.640625,5.918161001409595,-2648.0732421875
1.3292534179690847,30.070043563842773,14.444055557250977,16.246694564819336,22.1597900390625,0.6604512333869934,145.0,135.0,34.46010208129883,241.8444976806641,47.734375,24.640625,5.759947112819349,-2713.7353515625
1.3485061035153194,30.133731842041016,14.442100524902344,16.143657684326172,22.166717529296875,0.6497188210487366,145.0,135.0,34.44336700439453,241.8151092529297,47.734375,24.640625,5.9295654296875,-2658.207763671875
1.3707414550781323,30.086448669433597,14.37045955657959,16.17409324645996,22.106822967529297,0.5478767156600952,145.0,135.0,34.484901428222656,241.7135467529297,47.734375,24.6796875,5.794155731356715,-2647.884765625
1.3910432128905086,30.03005599975586,14.376340866088867,16.14569854736328,22.09609031677246,0.6479411721229553,145.0,135.0,34.51106262207031,241.6874084472656,47.734375,24.6796875,5.829789125712761,-2679.3251953125
1.408977539062107,30.089262008666992,14.386393547058104,16.172645568847656,22.13729476928711,0.6479411721229553,145.0,135.0,34.56943893432617,241.919189453125,49.9140625,24.6796875,5.879676499984072,-2684.84033203125
1.432793945312369,29.86808967590332,14.42655086517334,16.216188430786133,22.180330276489254,0.6733618378639221,145.0,135.0,34.52537155151367,241.8303680419922,49.9140625,24.6796875,5.714334066004077,-2680.83349609375
1.4509184570315483,29.82110977172852,14.44044303894043,16.144302368164062,22.09586334228516,0.6935303807258606,145.0,135.0,34.66006851196289,241.7333831787109,49.9140625,24.703125,5.859721861361971,-2667.7294921875
1.4717009277346733,29.83555221557617,14.407964706420898,16.123291015625,22.181272506713867,0.7017192244529724,145.0,135.0,34.65830612182617,241.8194274902344,49.9140625,24.703125,5.54043986624777,-2670.27490234375
1.4959665527339894,30.120098114013672,14.398592948913574,16.116798400878906,22.17141342163086,0.5725325345993042,145.0,135.0,34.765289306640625,241.998779296875,51.8671875,24.703125,5.730014377170138,-2675.55419921875
1.5120090332029577,30.284671783447266,14.399255752563477,16.23566436767578,22.144710540771484,0.6782309412956238,145.0,135.0,34.77130889892578,241.73130798339844,51.8671875,24.703125,5.945244185421445,-2695.3046875
1.5341655273441575,30.066421508789062,14.414752960205078,16.155454635620117,22.19542694091797,0.8358581066131592,145.0,135.0,34.81789016723633,241.9524688720703,51.8671875,24.6171875,5.637365063153032,-2689.78955078125
1.5568776855470787,29.73255157470703,14.461350440979004,16.154773712158203,22.241640090942383,0.6252055764198303,145.0,135.0,34.97867584228516,241.7373809814453,51.8671875,24.6171875,5.764222995707505,-2650.052978515625
1.57690527343766,30.110292434692383,14.4603910446167,16.103605270385742,22.266544342041016,0.6755250096321106,145.0,135.0,34.99886703491211,241.93460083007807,53.6015625,24.6171875,5.684402885786984,-2678.146728515625
1.5991799316407196,30.11073875427246,14.437894821166992,16.201335906982422,22.309162139892575,0.6054717302322388,145.0,135.0,35.02328109741211,241.39486694335935,53.6015625,24.6171875,5.794155731356715,-2721.89013671875
1.6186977539064173,29.983720779418945,14.544597625732422,16.297550201416016,22.236003875732425,0.681675136089325,145.0,135.0,35.21318054199219,241.70425415039065,55.171875,24.6328125,5.712909290185397,-2692.42919921875
1.6392983398436627,30.25418472290039,14.485783576965332,16.30377960205078,22.304346084594727,0.753838837146759,145.0,135.0,35.186790466308594,241.57916259765625,55.171875,24.6328125,5.72146105596171,-2682.8603515625
1.658496093749818,30.162092208862305,14.574824333190918,16.280447006225586,22.287172317504883,0.6770598292350769,145.0,135.0,35.23514938354492,241.59901428222656,55.171875,24.6328125,5.601731668796986,-2725.94384765625
1.6789543457034597,30.081409454345703,14.53431797027588,16.334932327270508,22.36151885986328,0.7973620295524597,145.0,135.0,35.331295013427734,241.58572387695312,55.171875,24.6328125,5.59888056172751,-2700.20703125
1.7010163574223043,30.17527961730957,14.560845375061035,16.38655662536621,22.405481338500977,0.83368319272995,145.0,135.0,35.47321701049805,241.77706909179688,56.6484375,24.6328125,5.503381696073044,-2722.07861328125
1.722566162109615,30.260717391967773,14.522467613220217,16.25421714782715,22.36319351196289,0.83368319272995,145.0,135.0,35.433353424072266,241.85255432128903,56.6484375,24.6328125,5.66017080884461,-2710.2470703125
1.747539550780857,30.09726905822754,14.520269393920898,16.272401809692383,22.41200828552246,0.6551491022109985,145.0,135.0,35.49115753173828,241.9215240478516,56.6484375,24.6328125,5.412157157874617,-2719.297607421875
1.7650104980466494,30.18732070922852,14.536813735961914,16.246868133544922,22.398988723754883,0.6551491022109985,145.0,135.0,35.53778839111328,241.71337890625,56.6484375,24.6328125,5.499104257752771,-2698.792724609375
1.7872419433597315,30.00804328918457,14.677425384521484,16.391145706176758,22.38726043701172,0.7125316858291626,145.0,135.0,35.75272750854492,241.76922607421875,58.09375,24.6328125,5.3708215493796185,-2722.07861328125
1.8084909667968532,30.19786834716797,14.619815826416016,16.30362319946289,22.5428466796875,0.764887273311615,145.0,135.0,35.81714630126953,241.51568603515625,58.09375,24.6328125,5.430687020678039,-2669.1435546875
1.8277575683596297,30.226293563842773,14.569832801818848,16.267166137695312,22.590368270874023,0.8567404747009277,145.0,135.0,35.690757751464844,241.4668731689453,58.09375,24.6328125,5.476298512061193,-2763.70068359375
1.8487104492187427,29.716964721679688,14.603532791137695,16.350605010986328,22.45696449279785,0.6055299639701843,145.0,135.0,35.74267578125,241.5883331298828,58.09375,24.65625,5.494828374864615,-2734.758544921875
1.8713061523440047,30.19942855834961,14.684982299804688,16.3328914642334,22.529321670532227,0.5822629332542419,145.0,135.0,35.84356689453125,241.50112915039065,59.4609375,24.65625,5.35799390071515,-2733.438720703125
1.890106689453205,30.07521247863769,14.615086555480955,16.37027359008789,22.55979347229004,0.5856981873512268,145.0,135.0,35.928470611572266,241.4437255859375,59.4609375,24.65625,5.473448960423834,-2742.913330078125
1.9132946777344841,29.997726440429688,14.620688438415527,16.436277389526367,22.5141544342041,0.5980215668678284,145.0,135.0,35.94093322753906,241.3442840576172,59.4609375,24.65625,5.3451662520506815,-2730.51611328125
1.9331159667972315,30.0688533782959,14.66648292541504,16.390953063964844,22.52659797668457,0.6605464220046997,145.0,135.0,35.952117919921875,241.6017303466797,59.4609375,24.6328125,5.350866910757517,-2752.529296875
1.955046142577885,30.212440490722656,14.686168670654297,16.431198120117188,22.59412002563477,0.7576473355293274,145.0,135.0,36.03280258178711,241.2842712402344,59.4609375,24.6328125,5.4164345961948905,-2712.651123046875
1.9726027832030013,29.99506378173828,14.695697784423828,16.380727767944336,22.65633773803711,0.6478847861289978,145.0,135.0,36.03100204467773,241.4869842529297,60.7109375,24.6328125,5.199778456692788,-2751.162353515625
1.9973896484370925,30.2395133972168,14.688908576965332,16.44060516357422,22.668537139892575,0.646816074848175,145.0,135.0,36.099571228027344,241.6871337890625,60.7109375,24.6328125,5.346591027869361,-2771.24267578125
2.0175095214844987,30.223163604736328,14.686395645141602,16.431827545166016,22.669025421142575,0.9037843346595764,145.0,135.0,36.05952072143555,241.44175720214844,60.7109375,24.6015625,5.209756553719896,-2748.899658203125
2.0358598632810754,29.96151161193848,14.73234748840332,16.429994583129883,22.658432006835938,0.7094926834106445,145.0,135.0,36.0405502319336,241.4244079589844,60.7109375,24.6015625,5.390777743433836,-2798.157958984375
2.0575720214847024,30.19787979125977,14.7764310836792,16.459138870239258,22.65813446044922,0.7238131761550903,145.0,135.0,36.03060150146485,241.6348571777344,61.8828125,24.6015625,5.336612930842253,-2756.253173828125
2.081212158203016,30.1469841003418,14.727442741394045,16.486608505249023,22.66483688354492,0.6772444248199463,145.0,135.0,36.03262710571289,241.35736083984372,61.8828125,24.6015625,5.040138236851745,-2751.869384765625
2.0976530761718095,30.188695907592773,14.808368682861328,16.49685287475586,22.71316146850586,0.5977616310119629,145.0,135.0,36.073272705078125,241.62083435058597,61.8828125,24.6328125,5.062943982543323,-2773.599609375
2.1192890624997744,30.168581008911133,14.813848495483398,16.56231689453125,22.79591941833496,0.5977616310119629,145.0,135.0,36.11048126220703,241.25791931152344,61.8828125,24.6328125,5.1356371025062115,-2768.555908203125
2.1410551757808207,30.204957962036133,14.83969497680664,16.496679306030273,22.75204467773437,0.5539671778678894,145.0,135.0,36.09133529663086,241.384033203125,62.9765625,24.6328125,5.134212326687532,-2781.42431640625
2.159960205078278,30.236961364746094,14.842556953430176,16.587326049804688,22.87443733215332,0.6465915441513062,145.0,135.0,36.20261001586914,241.31857299804688,62.9765625,24.6328125,5.003078511244903,-2808.99951171875
2.1802089843749854,30.18051528930664,14.906798362731934,16.5523681640625,22.816635131835938,0.7229326367378235,145.0,135.0,36.2010383605957,241.51190185546875,62.9765625,24.65625,5.202629563762264,-2788.117919921875
2.2031926269528412,30.23897933959961,14.858072280883787,16.634689331054688,22.812395095825195,0.5697640776634216,145.0,135.0,36.18149185180664,241.3902130126953,62.9765625,24.65625,5.229711192341997,-2792.0302734375
2.224903808593808,30.326566696166992,14.938666343688965,16.63587760925293,22.884769439697266,0.7336753010749817,145.0,135.0,36.20498275756836,241.29782104492188,64.0703125,24.65625,5.138488209575688,-2767.56591796875
2.2441198730466567,30.204957962036133,14.94601345062256,16.608598709106445,22.91229057312012,0.6449961066246033,145.0,135.0,36.24240112304688,241.4244079589844,64.0703125,24.65625,5.100003708150165,-2772.46826171875
2.265210205077892,30.34486961364746,14.868020057678224,16.598896026611328,22.95609474182129,0.713355302810669,145.0,135.0,36.23995590209961,240.97711181640625,65.2578125,24.6640625,5.252516938033575,-2850.480224609375
2.2888176269534597,30.333614349365234,14.976485252380373,16.690780639648438,23.02206420898437,0.8675670027732849,145.0,135.0,36.24927520751953,241.19161987304688,65.2578125,24.6640625,5.035862353963589,-2823.9892578125
2.306736083984106,30.274253845214844,14.950708389282228,16.663923263549805,22.97136688232422,0.5995334386825562,145.0,135.0,36.24943542480469,241.2790985107422,65.2578125,24.6640625,4.918982518436225,-2825.12060546875
2.3274941406252765,30.119813919067383,14.973396301269531,16.691864013671875,22.918346405029297,0.6223915815353394,145.0,135.0,36.25454711914063,241.26954650878903,65.2578125,24.6640625,4.990250862580434,-2827.24169921875
2.3493005371092295,30.202625274658203,15.012104988098145,16.686452865600586,22.93886947631836,0.7013818621635437,145.0,135.0,36.20362091064453,241.43267822265625,65.2578125,24.6640625,5.008779169951739,-2807.8212890625
2.3702351074216494,30.045446395874023,15.05289077758789,16.698896408081055,23.016462326049805,0.7807615995407104,145.0,135.0,36.13948440551758,241.1641387939453,66.3046875,24.6640625,4.968869892707537,-2806.925537109375
2.3947351074220933,30.39874267578125,15.0841646194458,16.74142837524414,23.20709228515625,0.7267306447029114,145.0,135.0,36.28316879272461,241.11607360839844,66.3046875,24.6640625,4.901877431451484,-2815.033203125
2.412559814452834,29.95656013488769,15.10374641418457,16.828250885009766,23.227895736694336,0.7267306447029114,145.0,135.0,36.31676483154297,241.0752716064453,66.3046875,24.6640625,5.015906159909371,-2821.066650390625
2.431566406249658,29.93526840209961,15.0985107421875,16.73172378540039,23.19571304321289,0.6678686738014221,145.0,135.0,36.31152725219727,240.8904266357422,66.3046875,24.6640625,4.732259114583333,-2818.568359375
2.452370361328576,30.112070083618164,15.129610061645508,16.722108840942383,23.25410842895508,0.7570039629936218,145.0,135.0,36.45842361450195,241.27249145507807,67.203125,24.6640625,4.859117047137805,-2825.4033203125
2.4754006347657196,30.276010513305664,15.122262954711914,16.721967697143555,23.33039093017578,0.6924782991409302,145.0,135.0,36.419715881347656,240.98165893554688,67.203125,24.6640625,4.827759535669916,-2862.736083984375
2.4940380859370634,30.04520606994629,15.147533416748049,16.85720443725586,23.29006004333496,0.5841535925865173,145.0,135.0,36.36952209472656,241.00634765625,67.203125,24.546875,4.904728538520961,-2864.527099609375
2.51361035156242,30.2181453704834,15.202350616455078,16.803661346435547,23.36566162109375,0.6833946704864502,145.0,135.0,36.38245391845703,240.8584747314453,67.203125,24.546875,4.851990057180173,-2876.5
2.5367595214847825,30.223796844482425,15.224130630493164,16.93043327331543,23.45650100708008,0.6757394671440125,145.0,135.0,36.44255828857422,240.832763671875,68.2265625,24.546875,4.7251321246257,-2920.47900390625
2.552824951171715,30.267786026000977,15.220675468444824,16.886646270751953,23.46798324584961,0.731101393699646,145.0,135.0,36.44130325317383,240.90318298339844,68.2265625,24.546875,4.877646909941227,-2860.75634765625
2.575672363281228,30.405811309814453,15.211111068725586,16.847902297973633,23.504825592041016,0.6463110446929932,145.0,135.0,36.582332611083984,240.7091217041016,68.2265625,24.65625,4.7180051346680685,-2860.42626953125
2.59698681640657,30.37591361999512,15.205841064453123,16.911428451538086,23.45555877685547,0.5745939016342163,145.0,135.0,36.61071014404297,240.6173095703125,68.2265625,24.65625,4.860541822956486,-2902.18994140625
2.6158972167968386,30.55834197998047,15.22250747680664,16.91567039489746,23.40468406677246,0.7455171346664429,145.0,135.0,36.55856323242188,240.59202575683597,69.1640625,24.65625,4.951764805722795,-2865.18701171875
2.637715087890683,30.611047744750977,15.246783256530762,16.962249755859375,23.502277374267575,0.8356586694717407,145.0,135.0,36.66491317749024,240.9376983642578,69.1640625,24.65625,4.933234942919374,-2879.658203125
2.6592390136720496,30.34183883666992,15.220186233520508,16.93497085571289,23.50398826599121,0.8356586694717407,145.0,135.0,36.69793319702149,240.644775390625,69.1640625,24.65625,4.863392930025962,-2874.095947265625
2.6810773925781177,30.2699031829834,15.287220001220703,16.879159927368164,23.46847343444824,0.6738425493240356,145.0,135.0,36.67498397827149,240.55099487304688,69.1640625,24.6796875,4.678095857423866,-2877.0185546875
2.7025585937499272,30.340147018432617,15.201111793518066,16.881690979003906,23.567739486694336,0.5730269551277161,145.0,135.0,36.74390411376953,240.76768493652344,69.1640625,24.6796875,4.67381997453571,-2898.937255859375
2.721441162108931,30.171112060546875,15.241547584533691,16.869403839111328,23.517757415771484,0.624893069267273,145.0,135.0,36.739540100097656,240.7152557373047,69.9921875,24.6796875,4.814930331573331,-2857.6923828125
2.7475356445311263,30.20444679260254,15.226800918579102,16.858095169067383,23.529747009277344,0.671869695186615,145.0,135.0,36.7353515625,240.45257568359372,69.9921875,24.6796875,4.780721713035964,-2860.379150390625
2.7654731445309153,30.327220916748047,15.217411994934082,16.93427276611328,23.45428466796875,0.609172523021698,145.0,135.0,36.71414566040039,240.6243438720703,69.9921875,24.640625,4.611103396167813,-2895.779052734375
2.7848046874996726,30.33893585205078,15.189366340637209,16.90498924255371,23.41981506347656,0.7156778573989868,145.0,135.0,36.74304962158203,240.66323852539065,69.9921875,24.640625,4.5654919047846585,-2864.574462890625
2.8062175292971006,30.09185791015625,15.215370178222656,16.90008544921875,23.44747734069824,0.6487687230110168,145.0,135.0,36.75093460083008,240.57302856445312,70.78125,24.5703125,4.55266425612019,-2841.10009765625
2.8250666503909088,30.20821952819824,15.144427299499512,16.879125595092773,23.43285179138184,0.6891792416572571,145.0,135.0,36.75379943847656,240.5169677734375,70.78125,24.5703125,4.609678620349134,-2852.88427734375
2.8486472167969623,30.36231231689453,15.129645347595217,16.823556900024414,23.401805877685547,0.7365690469741821,145.0,135.0,36.75502014160156,240.36306762695312,71.5546875,24.5703125,4.78499759592412,-2884.089111328125
2.864697998046722,30.37543296813965,15.210360527038574,16.89017105102539,23.421823501586918,0.7180241942405701,145.0,135.0,36.807655334472656,240.36167907714844,71.5546875,24.5703125,4.534134393316768,-2885.4560546875
2.889215820312529,30.33482360839844,15.205771446228027,16.917205810546875,23.43389892578125,0.6477721929550171,145.0,135.0,36.886260986328125,240.1163024902344,71.5546875,24.578125,4.555513807757549,-2874.1904296875
2.910467285156301,30.3413028717041,15.156119346618652,16.83237075805664,23.40510368347168,0.6477721929550171,145.0,135.0,36.7888069152832,240.230712890625,71.5546875,24.578125,4.6324843660407105,-2864.29150390625
2.9294941406251382,30.663578033447266,15.246347427368164,16.89573860168457,23.362293243408203,0.9965725541114808,145.0,135.0,36.75004577636719,240.4054718017578,72.125,24.578125,4.511328647625191,-2875.6044921875
2.949818359375058,30.51093864440918,15.168911933898926,16.861358642578125,23.383079528808597,0.9965725541114808,145.0,135.0,36.82112884521485,239.9970703125,72.125,24.578125,4.323180467953619,-2850.998779296875
2.9693232421877838,30.449190139770508,15.246347427368164,16.943208694458008,23.440635681152344,0.5788677334785461,145.0,135.0,36.75641632080078,240.2830047607422,72.125,24.65625,4.387321822140195,-2860.42626953125
2.991369628905886,30.776275634765625,15.24509048461914,16.970312118530273,23.434720993041992,0.760209321975708,145.0,135.0,36.751895904541016,240.19076538085935,72.125,24.65625,4.40442535369282,-2878.621337890625
3.01458886718774,30.31302070617676,15.259750366210938,16.920381546020508,23.486745834350582,0.6840850114822388,145.0,135.0,36.84878921508789,240.1437225341797,72.625,24.65625,4.502775326416762,-2870.08935546875
3.0313869628907923,30.430233001708984,15.242071151733398,16.96305274963379,23.470775604248047,0.7402209639549255,145.0,135.0,36.74934768676758,240.45050048828125,72.625,24.65625,4.350262096533352,-2903.79248046875
3.0517749023438228,30.35609436035156,15.235177993774414,16.885059356689453,23.494632720947266,0.5748034715652466,145.0,135.0,36.74214172363281,240.14675903320312,72.625,24.65625,4.445760962187818,-2902.75537109375
3.074541259765283,30.485469818115234,15.225090980529783,16.948322296142578,23.468786239624023,0.5717017650604248,145.0,135.0,36.66814422607422,240.21401977539065,72.625,24.6640625,4.387321822140195,-2895.072021484375
3.0962512207033797,30.3936824798584,15.23224639892578,16.891830444335938,23.48198127746582,0.6535159349441528,145.0,135.0,36.68753433227539,239.94960021972656,72.625,24.6640625,4.499925774779403,-2856.890869140625
3.114215087890443,30.39230728149414,15.261425971984863,16.90163803100586,23.43918800354004,0.699242353439331,145.0,135.0,36.70186233520508,240.07159423828125,73.2421875,24.6640625,4.2576127825162455,-2870.230712890625
3.1359645996089967,30.4546012878418,15.175020217895508,16.920886993408203,23.444091796875,0.6693044304847717,145.0,135.0,36.7509880065918,240.0853576660156,73.2421875,24.6640625,4.2832696352773,-2883.5234375
3.1594274902345205,30.619359970092773,15.243188858032228,16.8377628326416,23.389572143554688,0.5734699964523315,145.0,135.0,36.72990798950195,239.9454803466797,73.2421875,24.6328125,4.142159278239679,-2864.62158203125
3.181164794921642,30.41610717773437,15.21039581298828,16.904708862304688,23.43100357055664,0.5238861441612244,145.0,135.0,36.72833633422852,239.87191772460935,73.2421875,24.6328125,4.378770056363883,-2876.028564453125
3.20220996093758,30.576732635498047,15.178947448730469,16.86207389831543,23.407127380371094,0.6496645212173462,145.0,135.0,36.73601531982422,239.78433227539065,73.8125,24.6328125,4.3445598823944,-2864.951416015625
3.2202717285153994,30.404306411743164,15.151093482971191,16.81785011291504,23.399152755737305,0.5984591245651245,145.0,135.0,36.67015075683594,239.8727264404297,73.8125,24.6328125,4.428657430635194,-2860.284912109375
3.242626220702732,30.39024543762207,15.13831901550293,16.81261444091797,23.29852294921875,0.6736315488815308,145.0,135.0,36.71596145629883,239.45755004882807,73.8125,24.578125,4.2832696352773,-2890.876953125
3.264081054687267,30.283090591430664,15.14308261871338,16.842615127563477,23.338489532470703,0.7088176608085632,145.0,135.0,36.731407165527344,239.85533142089844,73.8125,24.578125,4.351686872352032,-2840.67578125
3.2832246093748836,30.53681182861328,15.131826400756836,16.887432098388672,23.435436248779297,0.7088176608085632,145.0,135.0,36.71577072143555,239.5647125244141,74.359375,24.578125,4.224830495229676,-2855.4296875
3.3037517089842368,30.40044403076172,15.14770793914795,16.868915557861328,23.379920959472656,0.6766557097434998,145.0,135.0,36.732872009277344,239.3706970214844,74.359375,24.578125,4.298948391011245,-2849.72607421875
3.3263193359371144,30.270862579345703,15.09793472290039,16.73683738708496,23.33784294128418,0.6726887226104736,145.0,135.0,36.629154205322266,239.57080078125,74.359375,24.65625,4.263314996655199,-2834.97216796875
3.345922851562136,30.2178955078125,15.120814323425291,16.769386291503906,23.299379348754883,0.6213642358779907,145.0,135.0,36.68477630615234,239.32177734375,74.359375,24.65625,4.1592628097923035,-2872.1162109375
3.3665004882814173,30.345458984375,15.129400253295898,16.77889633178711,23.31918716430664,0.6724306344985962,145.0,135.0,36.64852523803711,239.5240173339844,74.78125,24.65625,4.3303074579112515,-2834.45361328125
3.3887939453125,30.417558670043945,15.07320499420166,16.763259887695312,23.283357620239254,0.729406476020813,145.0,135.0,36.63365936279297,239.6448974609375,74.78125,24.65625,4.068039827025994,-2863.490234375
3.405729248046555,30.499004364013672,15.09760284423828,16.76167106628418,23.210634231567383,0.5481864213943481,145.0,135.0,36.626556396484375,239.3819580078125,75.1484375,24.6171875,4.167816131000732,-2868.2509765625
3.433360351562442,30.470144271850582,15.096625328063965,16.731306076049805,23.23862838745117,0.6978434920310974,145.0,135.0,36.67636489868164,239.2557373046875,75.1484375,24.6171875,4.046658857153096,-2824.743408203125
3.4550578613279868,30.3428955078125,15.040132522583008,16.751863479614258,23.22014617919922,0.5483294129371643,145.0,135.0,36.63613510131836,239.110107421875,75.1484375,24.703125,3.9639891955952153,-2837.376220703125
3.474872802734353,30.317928314208984,15.060988426208496,16.68950653076172,23.2492733001709,0.6771829128265381,145.0,135.0,36.63233184814453,239.3011932373047,75.1484375,24.703125,4.320329360884142,-2824.177734375
3.49463085937532,30.124210357666016,15.12327480316162,16.745458602905273,23.192869186401367,0.6323496103286743,145.0,135.0,36.62004470825195,239.35150146484372,75.515625,24.703125,4.04238297426494,-2818.521240234375
3.5173178710938373,30.362104415893555,15.045665740966797,16.77216148376465,23.088871002197266,0.6323496103286743,145.0,135.0,36.51666259765625,239.3067321777344,75.515625,24.703125,3.9882197171054727,-2822.009521484375
3.529061035156701,30.236045837402344,15.086258888244627,16.736331939697266,23.072885513305664,0.7737340331077576,145.0,135.0,36.50751495361328,239.0121154785156,75.515625,24.703125,3.9240783629188964,-2848.64208984375
3.551245117187136,29.9511833190918,15.009085655212402,16.696487426757812,22.99017906188965,0.5657246708869934,145.0,135.0,36.48835372924805,239.21295166015625,75.515625,24.65625,3.857085901662844,-2792.360107421875
3.5742441406246144,30.43796730041504,14.996973991394045,16.688634872436523,23.125154495239254,0.6792202591896057,145.0,135.0,36.54725646972656,239.12786865234372,75.515625,24.65625,4.086569689829415,-2812.48779296875
3.595882324219019,29.935998916625977,15.033326148986816,16.667394638061523,23.00953483581543,0.8450660705566406,145.0,135.0,36.572998046875,238.9390869140625,75.84375,24.65625,3.899847841408639,-2810.979248046875
3.613090332030879,30.5645809173584,15.027602195739746,16.73004913330078,23.03281593322754,0.6788798570632935,145.0,135.0,36.47658920288086,239.04391479492188,75.84375,24.65625,3.915526597142584,-2816.2587890625
3.6351777343752474,30.31924819946289,15.042524337768556,16.72076416015625,22.961435317993164,0.6746991276741028,145.0,135.0,36.4040412902832,238.9697113037109,75.84375,24.59375,3.867063998689953,-2826.4404296875
3.6565859374995853,30.42057991027832,14.994251251220703,16.596994400024414,22.94754409790039,0.687586784362793,145.0,135.0,36.45262908935547,239.01596069335935,75.84375,24.59375,3.7786905675610027,-2824.224853515625
3.676587890625342,30.49135971069336,14.942243576049805,16.5523681640625,22.97064971923828,0.6111065149307251,145.0,135.0,36.3881950378418,238.74661254882807,76.03125,24.59375,3.8941456272696864,-2787.599365234375
3.7013029785157414,30.40336799621582,14.986868858337402,16.727169036865234,22.88497734069824,0.6844306588172913,145.0,135.0,36.32051467895508,238.66270446777344,76.03125,24.59375,3.8927208514510063,-2837.658935546875
3.7193569335940992,30.339460372924805,14.960917472839355,16.72179412841797,22.86927032470703,0.6514421105384827,145.0,135.0,36.30110931396485,238.80860900878903,76.03125,24.6875,3.915526597142584,-2835.06640625
3.740026611328176,30.238237380981445,14.94198226928711,16.662734985351562,22.882902145385746,0.932683289051056,145.0,135.0,36.26974868774414,238.6997833251953,76.03125,24.6875,3.6817669260878567,-2783.922607421875
3.7624125976562937,30.143985748291016,14.866990089416504,16.571128845214844,22.854366302490234,0.6231203675270081,145.0,135.0,36.27074432373047,238.84487915039065,76.4375,24.6875,3.7330790761778476,-2803.53173828125
3.7787641601562427,30.15485000610352,14.91779327392578,16.588197708129883,22.91719436645508,0.7554003000259399,145.0,135.0,36.228126525878906,238.56300354003903,76.4375,24.6875,4.026704218530995,-2845.625244140625
3.801470458984113,30.062353134155277,14.910637855529783,16.594375610351562,22.86372184753418,0.7140145301818848,145.0,135.0,36.38440704345703,238.8577423095703,76.4375,24.6640625,3.946884108610474,-2773.222412109375
3.8228447265628347,30.087188720703125,14.901911735534668,16.537656784057617,22.81244659423828,0.6011127829551697,145.0,135.0,36.23758316040039,238.41156005859372,76.4375,24.6640625,3.6974456818218013,-2815.41015625
3.8420854492187573,30.31351089477539,14.93901538848877,16.59893035888672,22.784366607666016,0.5648881793022156,145.0,135.0,36.34629440307617,238.54209899902344,76.7734375,24.6640625,3.7630118118270577,-2802.259033203125
3.8648474121091567,30.325105667114254,14.894163131713867,16.597761154174805,22.84262084960937,0.6385828852653503,145.0,135.0,36.264408111572266,238.22976684570312,76.7734375,24.6640625,3.6974456818218013,-2782.272705078125
3.887103271484193,30.177461624145508,14.87138843536377,16.472612380981445,22.891645431518555,0.6385828852653503,145.0,135.0,36.31278610229492,238.3958282470703,76.7734375,24.6328125,3.7373565144981202,-2800.18505859375
3.9057343750000655,30.18994903564453,14.896467208862305,16.564777374267578,22.80174827575684,0.7341206669807434,145.0,135.0,36.26051712036133,238.47467041015625,76.7734375,24.6328125,3.5520578864639076,-2795.141357421875
3.9260412597659524,30.066465377807617,14.82032299041748,16.412349700927734,22.742429733276367,0.6225476264953613,145.0,135.0,36.28995895385742,238.1937561035156,76.7734375,24.6328125,3.7473330560931126,-2743.290283203125
3.950339599608924,29.894746780395508,14.838334083557127,16.45844078063965,22.79279518127441,0.6293249726295471,145.0,135.0,36.29732131958008,238.33457946777344,76.9375,24.6328125,3.5178492679265414,-2784.629638671875
3.965404541015232,30.0701847076416,14.84608268737793,16.522037506103516,22.749601364135746,0.6210836172103882,145.0,135.0,36.28926086425781,237.99578857421875,76.9375,24.6328125,3.7387812903168003,-2817.201416015625
3.9899521484376237,30.252222061157227,14.826885223388672,16.582317352294922,22.652061462402344,0.747624397277832,145.0,135.0,36.36528015136719,238.32305908203125,76.9375,24.6328125,3.82857949726443,-2782.46142578125
4.00836254882779,30.30474090576172,14.786239624023438,16.531513214111328,22.79902648925781,0.8306998014450073,145.0,135.0,36.25802230834961,238.10354614257807,76.9375,24.6328125,3.6689377219912713,-2805.3701171875
4.029762939453576,30.3662052154541,14.806745529174805,16.497777938842773,22.774890899658203,0.650089681148529,145.0,135.0,36.15887451171875,238.17263793945312,77.0078125,24.6328125,3.7131244375557464,-2819.935546875
4.050575927734826,30.386886596679688,14.831666946411133,16.54840660095215,22.729549407958984,0.7292407751083374,145.0,135.0,36.32388305664063,238.15695190429688,77.0078125,24.6328125,3.6133496890131243,-2788.0234375
4.0733674316406905,30.323022842407227,14.821073532104492,16.543642044067383,22.71728134155273,0.7375851273536682,145.0,135.0,36.19482803344727,238.19781494140625,76.953125,24.65625,3.8200261760560013,-2823.18798828125
4.092758789062827,30.31110000610352,14.849468231201172,16.55720329284668,22.71773338317871,0.7816490530967712,145.0,135.0,36.31006240844727,238.30401611328125,76.953125,24.65625,3.7758410159236426,-2781.04736328125
4.111771972656243,30.179489135742188,14.759799003601074,16.561792373657227,22.698972702026367,0.7816490530967712,145.0,135.0,36.23643112182617,237.7724456787109,76.953125,24.65625,3.5149997162891817,-2797.781005859375
4.134177978515254,30.30401039123535,14.83458137512207,16.55352020263672,22.700927734375,0.6579262614250183,145.0,135.0,36.21477508544922,237.91673278808597,76.953125,24.65625,3.5477820035757515,-2797.969482421875
4.156964355468517,30.192392349243164,14.816781044006348,16.535179138183594,22.735361099243164,0.8318679928779602,145.0,135.0,36.3060302734375,237.91241455078125,77.0,24.578125,3.4423050408941767,-2780.057373046875
4.177006835937391,30.359638214111328,14.839241027832031,16.561704635620117,22.67633819580078,0.683771014213562,145.0,135.0,36.19929504394531,238.18516540527344,77.0,24.578125,3.8129007415304854,-2755.6875
4.198004638671591,30.07375144958496,14.756762504577637,16.483659744262695,22.693021774291992,0.6338560581207275,145.0,135.0,36.23748016357422,238.03399658203125,77.0,24.6796875,3.4180745193839193,-2756.30029296875
4.220230224609622,30.04402732849121,14.752592086791992,16.496801376342773,22.59872817993164,0.7628703117370605,145.0,135.0,36.31711196899414,237.9999542236328,77.0,24.6796875,3.532103247841807,-2793.16162109375
4.239425292968917,30.237550735473636,14.83358669281006,16.57418441772461,22.603458404541016,0.6019474864006042,145.0,135.0,36.29887771606445,237.7254943847656,77.0703125,24.6796875,3.7444819490236365,-2739.47216796875
4.261910400390661,30.017053604125977,14.794249534606934,16.542333602905273,22.65935707092285,0.6286895275115967,145.0,135.0,36.29388427734375,237.7330780029297,77.0703125,24.6796875,3.4679618936552306,-2779.538818359375
4.278606933593437,30.30383682250977,14.793725967407228,16.480640411376953,22.576005935668945,0.6001970767974854,145.0,135.0,36.295631408691406,237.93743896484372,77.0703125,24.6875,3.3311274195057656,-2721.27734375
4.299232910156206,30.168603897094727,14.771317481994627,16.427412033081055,22.60846710205078,0.6143149137496948,145.0,135.0,36.276885986328125,237.9281463623047,77.0703125,24.6875,3.3026194596752356,-2704.35498046875
4.32745288085971,29.81004905700684,14.802539825439451,16.498790740966797,22.55970573425293,0.6349027156829834,145.0,135.0,36.28289031982422,237.8085021972656,77.1484375,24.6875,3.6104985819436477,-2821.7265625
4.34198046875008,30.05934333801269,14.803359985351562,16.426591873168945,22.557994842529297,0.6237725615501404,145.0,135.0,36.21051406860352,237.87977600097656,77.1484375,24.6875,3.372463028000764,-2737.9638671875
4.362273681640545,30.050878524780277,14.724773406982422,16.426416397094727,22.55455780029297,0.5504289269447327,145.0,135.0,36.241493225097656,237.77276611328125,77.1484375,24.640625,3.443731372144973,-2761.673828125
4.3861125488283506,29.93919563293457,14.768543243408203,16.497760772705078,22.474836349487305,0.7899090647697449,145.0,135.0,36.1680908203125,237.5745849609375,77.1484375,24.640625,3.502170512192597,-2802.49462890625
4.403173583984426,29.915132522583008,14.725663185119627,16.41151237487793,22.569076538085938,0.6140955090522766,145.0,135.0,36.14362335205078,237.7497711181641,77.1171875,24.640625,3.567738197629969,-2748.333984375
4.424825439453343,30.0401668548584,14.66759967803955,16.43348503112793,22.52007102966309,0.9076999425888062,145.0,135.0,36.098751068115234,237.5233154296875,77.1171875,24.640625,3.325425205366813,-2782.46142578125
4.448796874999971,30.049766540527344,14.779502868652344,16.425996780395508,22.50780296325684,0.770600438117981,145.0,135.0,36.04690170288086,237.482666015625,77.1171875,24.65625,3.185739624147872,-2725.3310546875
4.465751464843379,30.107685089111328,14.725785255432127,16.36290740966797,22.461938858032227,0.8658826351165771,145.0,135.0,36.13857650756836,237.56626892089844,77.1171875,24.65625,3.1828900725105123,-2755.498779296875
4.484405761718335,30.155536651611328,14.702836036682127,16.43393898010254,22.495410919189453,0.6858430504798889,145.0,135.0,36.09986877441406,237.82855224609372,77.1171875,24.65625,3.3767389108889208,-2770.6298828125
4.507525878906563,30.15770721435547,14.681229591369627,16.352821350097656,22.412113189697266,0.62156081199646,143.22823991703564,133.61340515246266,36.010498046875,237.4635162353516,77.0546875,24.65625,3.289791811010767,-2735.371337890625
4.526318359375182,30.018220901489254,14.6566743850708,16.427934646606445,22.442968368530277,0.5763274431228638,139.7706058469573,130.90743066283613,36.007511138916016,237.51254272460935,77.0546875,24.640625,3.1458303469036695,-2787.55224609375
4.549942138672122,29.82463264465332,14.65725040435791,16.35432243347168,22.420473098754883,0.8951891660690308,135.4240596687284,127.50578582770049,36.064544677734375,237.4946746826172,77.0546875,24.640625,3.341103961100758,-2730.9404296875
4.571795166015363,29.766550064086918,14.658768653869627,16.356346130371094,22.414119720458984,0.6835739016532898,131.40331466895302,124.35911582787627,35.92985153198242,237.352783203125,77.0546875,24.640625,3.1330011428070845,-2784.58251953125
4.590766845703001,29.952905654907227,14.68824577331543,16.36536979675293,22.41942596435547,0.6835739016532898,127.9127096813254,121.62733801147205,35.9086799621582,237.3910217285156,77.0234375,24.640625,3.232777446781823,-2806.925537109375
4.610117187499782,29.67184066772461,14.698664665222168,16.418195724487305,22.40068244934082,0.5826127529144287,124.35243453958483,118.8410357266316,35.90382766723633,237.38296508789065,77.0234375,24.6328125,3.1301515911697244,-2756.15869140625
4.632273925781192,29.738300323486328,14.641386985778809,16.289470672607422,22.39113426208496,0.5963361859321594,121.44360531694377,116.58270398770783,35.90086364746094,237.2442169189453,77.0234375,24.6328125,3.038927052971298,-2745.222900390625
4.652777343750131,29.66364860534668,14.678629875183104,16.374862670898438,22.393613815307617,0.8133780360221863,120.22624552451911,115.66968414338933,35.848854064941406,237.25148010253903,77.0234375,24.6328125,3.1600843268189345,-2772.515380859375
4.670629882812136,30.020479202270508,14.632171630859377,16.3555965423584,22.380069732666016,0.7182727456092834,119.16627770449504,114.87470827837129,35.94287109375,237.3594512939453,76.75,24.6328125,3.140128132764717,-2741.593505859375
4.693369140624782,29.934450149536133,14.61658763885498,16.41781234741211,22.416126251220703,0.6617247462272644,117.8161682635859,113.86212619768942,35.916603088378906,237.08306884765625,76.75,24.6328125,3.1173223870731395,-2795.235595703125
4.713572753906192,29.899023056030277,14.662555694580078,16.30583953857422,22.37846565246582,0.5730269551277161,116.61660892631946,112.96245669473959,35.914669036865234,237.10418701171875,76.6796875,24.6171875,3.3624849309736558,-2732.873046875
4.732185791015581,29.738693237304688,14.632381439208984,16.30776023864746,22.28937149047852,0.6976614594459534,115.5114876715903,112.13361575369272,35.87430191040039,237.34120178222656,76.6796875,24.6171875,3.074562002759461,-2730.32763671875
4.754631835937289,29.71714973449707,14.399011611938477,16.05201530456543,21.89559936523437,0.6215888857841492,114.17878730775364,111.13409048081523,35.959991455078125,236.94821166992188,76.6796875,24.6171875,3.2527320854039243,-2648.403076171875
4.7750339355470715,29.712034225463867,14.210528373718262,15.673985481262209,21.46685218811035,0.6013157963752747,113.15623204714383,110.29686003928653,35.87557601928711,236.88462829589844,76.6796875,24.6171875,3.020397190167877,-2597.25927734375
4.795479736328161,29.59665298461914,13.871607780456545,15.40059757232666,20.886638641357425,0.8086484670639038,112.16424531374929,109.47020442812442,35.90714645385742,237.1227569580078,76.6796875,24.578125,3.0717108956899843,-2446.938720703125
4.816639160156228,29.56145477294922,13.479843139648438,15.167524337768556,20.533809661865234,1.0271154642105105,111.13763510912375,108.6146959242698,35.8892936706543,236.81399536132807,76.765625,24.578125,3.0061447656847284,-2466.406494140625
4.8372160644530595,29.679452896118164,13.206315994262695,14.891658782958984,20.27996826171875,1.0271154642105105,110.13928751221535,107.78273959351279,35.8868293762207,236.8901214599609,76.765625,24.6171875,3.0959429726323586,-2349.36474609375
4.855988525390785,29.59957695007324,12.943085670471191,14.691099166870115,19.87370109558105,0.5767558813095093,109.22848766620272,107.02373972183561,35.82073974609375,236.90985107421875,76.765625,24.6171875,3.1615091026376145,-2334.893798828125
4.878386230469005,29.449871063232425,12.796627044677734,14.533523559570312,19.586036682128903,0.704128086566925,108.14179869110723,106.11816557592269,35.91004180908203,236.8265838623047,76.765625,24.6171875,3.0032936586152523,-2282.948486328125
4.913128906249767,29.50704765319824,12.55798625946045,14.35017204284668,19.16955947875977,0.7678250670433044,106.44891604022453,105.7414860067041,35.90312957763672,237.2305603027344,76.796875,24.6171875,2.9947418928389395,-2210.875732421875
4.922489746093561,29.823585510253903,12.3060302734375,13.918633460998535,18.918441772460938,0.6592069864273071,105.99261756947061,105.66543626157844,36.05597686767578,236.8344268798828,76.796875,24.6328125,3.0061447656847284,-2171.186279296875
4.940137939453052,29.810213088989254,12.159100532531738,13.798458099365234,18.61948585510254,0.7437755465507507,105.13234821587956,105.52205803597992,36.01478958129883,236.82232666015625,76.796875,24.6328125,2.832250565928421,-2149.03173828125
4.960844482421635,29.59056663513184,11.881071090698242,13.491928100585938,18.374475479125977,0.6239815354347229,104.12299819505326,105.35383303250887,35.95578384399414,236.67221069335935,76.796875,24.6328125,3.1144712800036634,-2051.59912109375
4.982082275390894,29.73828887939453,11.65410614013672,13.44566249847412,18.0672664642334,0.697358250617981,103.08775214709324,105.18129202451554,35.92433547973633,236.88137817382807,76.7421875,24.6328125,2.967660264259206,-2056.737060546875
4.9993022460939756,29.442201614379883,11.44843292236328,13.087928771972656,17.76344108581543,0.8800053596496582,102.24835670507963,105.04139278417993,35.89582061767578,236.73521423339844,76.7421875,24.6328125,3.0702861198713047,-1988.859619140625
5.022125976562165,29.534120559692383,11.262828826904297,12.961156845092772,17.370542526245117,0.8800053596496582,101.01308587948176,105.0,35.906341552734375,236.68138122558597,76.7421875,24.65625,2.924898324513411,-1956.570556640625
5.043977539062325,29.823575973510746,11.061222076416016,12.765116691589355,17.129650115966797,0.7864875197410583,99.79666601301987,105.0,35.858001708984375,236.715576171875,76.7421875,24.65625,2.9462792943863083,-1907.45361328125
5.066696289062747,29.702489852905277,10.905828475952148,12.528535842895508,16.93411636352539,0.6458068490028381,98.5319720653362,105.0,35.90180587768555,236.7878570556641,76.484375,24.65625,2.7709587633792045,-1834.57958984375
5.085499023437478,29.796600341796875,10.713017463684082,12.383770942687988,16.668704986572266,0.8847426176071167,97.48527256100758,105.0,35.791873931884766,236.7662506103516,76.484375,24.65625,2.9035189100726297,-1810.0211181640625
5.1053813476564756,29.69468116760254,10.60910701751709,12.161325454711914,16.447429656982422,0.7020876407623291,96.3784750873201,105.0,35.90960693359375,236.7082672119141,76.484375,24.6171875,2.9861885716305108,-1784.8026123046875
5.127833740234564,29.68268203735352,10.325597763061523,11.958986282348633,16.145366668701172,0.6738142371177673,95.12860856717386,105.0,35.823585510253906,236.8490447998047,76.484375,24.6171875,2.5029904737871114,-1708.1104736328125
5.1447490234377256,29.59012031555176,10.1808500289917,11.634358406066896,15.828960418701172,0.6756781339645386,94.30007507580706,105.0,35.85178756713867,236.40403747558597,75.7109375,24.6171875,2.926324655764207,-1676.669921875
5.1687028808592,29.469482421875,9.950167655944824,11.559821128845217,15.578312873840332,0.6313850283622742,93.15211723526028,105.0,35.90567779541016,236.83384704589844,75.7109375,24.6171875,2.8479293216623662,-1650.2730712890625
5.1919155273435535,29.48524475097656,9.62990379333496,11.223413467407228,15.13042163848877,0.5786817669868469,92.0396809765705,105.0,35.96747589111328,236.4921112060547,75.7109375,24.6015625,2.5471771893515864,-1588.0048828125
5.208935302734062,29.57724952697754,9.522101402282717,11.133866310119627,14.89012336730957,0.6675951480865479,91.22403010832366,105.0,35.953182220458984,236.4937744140625,75.7109375,24.6015625,2.577109925000796,-1492.8348388671875
5.2293901367183935,29.633827209472656,9.297632217407228,10.78074073791504,14.655723571777344,0.7492278814315796,90.24375847040356,105.0,35.915435791015625,236.3306427001953,75.7109375,24.6015625,2.96480915718973,-1444.7550048828125
5.252224365234724,29.632909774780277,9.06122589111328,10.694543838500977,14.337396621704102,0.6976614594459534,89.14945740666712,105.0,35.95597457885742,236.6407928466797,74.46875,24.6015625,2.279208899759493,-1414.1158447265625
5.2713969726564756,29.65620994567871,8.78382396697998,10.378416061401367,13.863484382629396,0.6478847861289978,88.21776834926048,105.0,35.94904708862305,236.438720703125,74.46875,24.6796875,2.63269951341106,-1388.8973388671875
5.292641845702747,29.70556640625,8.67898941040039,10.255780220031738,13.567304611206056,0.5383298397064209,87.18260835084658,105.0,35.95449447631836,236.5416259765625,74.46875,24.6796875,1.5095126495205784,-1331.719970703125
5.312293945312376,29.774349212646484,8.401395797729492,9.985237121582031,13.302555084228516,0.6386467218399048,86.22505650501606,105.0,35.917076110839844,236.28189086914065,74.46875,24.6796875,2.025494590082664,-1276.6636962890625
5.333997070312762,29.89154052734375,8.27799129486084,9.798604011535645,12.996637344360352,0.7021372318267822,85.1675681034141,105.0,35.947792053222656,236.36355590820312,72.9453125,24.6796875,3.1643602097070906,-1240.603759765625
5.3555322265629,29.80513000488281,8.0123872756958,9.613507270812988,12.721539497375488,0.7021372318267822,84.11826400729609,105.0,35.836952209472656,236.3162384033203,72.9453125,24.6015625,2.5756851491821164,-1172.86767578125
5.3759255371096515,29.707006454467773,7.746469497680664,9.438060760498049,12.31253147125244,0.5795018672943115,83.12459653435901,105.0,35.917110443115234,236.3677673339844,71.3203125,24.6015625,1.7047878191497834,-1134.733642578125
5.3956271972656396,29.689706802368164,7.548754692077637,9.266401290893556,12.083192825317385,0.6145020723342896,82.59711459759652,105.0,35.7773551940918,236.37091064453125,71.3203125,24.6015625,1.941398597273987,-1081.6571044921875
5.416268066406701,29.805469512939453,7.382139205932617,9.111741065979004,11.86966609954834,0.6335573792457581,82.11206751474447,105.0,35.81314849853516,236.30995178222656,71.3203125,24.6015625,1.640646464963207,-1068.0816650390625
5.438836425781119,29.957443237304688,7.172189712524414,8.84508991241455,11.560797691345217,0.5696353912353516,81.58172565728579,105.0,35.84232711791992,236.11550903320312,71.3203125,24.6640625,2.433148460893699,-1045.7386474609375
5.45660253906226,29.80366897583008,7.031874656677246,8.708248138427734,11.277986526489258,0.6251203417778015,81.16423347892938,105.0,35.849727630615234,236.41961669921875,69.4453125,24.6640625,1.733294223548197,-984.6959838867188
5.476870605468321,29.57691192626953,6.859168529510498,8.609800338745117,11.112750053405762,0.6724870204925537,80.68794701936096,105.0,35.872745513916016,236.38131713867188,69.4453125,24.6640625,2.6241461922026312,-967.3494873046876
5.49511499023447,29.60362434387207,6.702483177185059,8.403603553771973,10.89011287689209,0.770674467086792,80.25921577026934,105.0,35.88946533203125,236.088134765625,69.4453125,24.6640625,1.6506230065581995,-867.9842529296875
5.519238769531512,29.706317901611328,6.463354110717773,8.157527923583984,10.468503952026367,0.6112546920776367,80.10180182916412,105.0,35.92449188232422,236.0401306152344,69.4453125,24.6640625,2.7795120845876338,-869.3512573242188
5.539772216797246,29.71845817565918,6.341485977172852,8.033443450927734,10.20885181427002,0.5897529721260071,80.26145505487872,105.0,35.860111236572266,236.27249145507807,67.6171875,24.640625,2.5828121391397487,-834.9882202148438
5.557508056640472,29.724916458129883,6.235778331756592,8.012100219726562,10.10202693939209,0.6496574282646179,80.39935610993209,105.0,35.861873626708984,236.1145477294922,67.6171875,24.640625,2.8165702547623597,-832.2542724609375
5.580274658203052,29.674882888793945,6.18610954284668,7.961453914642334,10.055778503417969,0.5481148958206177,80.57637272730724,105.0,35.85646438598633,236.1429748535156,67.6171875,24.6328125,2.016942824306352,-834.9882202148438
5.6019008789062354,29.74832344055176,6.136912345886231,7.968399524688721,10.047907829284668,0.6563611626625061,80.74452256842281,105.0,35.871299743652344,235.97210693359372,67.6171875,24.6328125,1.9542262459384556,-808.2142944335938
5.62127514648455,29.271379470825195,6.096719741821289,7.806653499603271,9.99991512298584,0.8344976902008057,80.89516285179519,105.0,35.9384880065918,235.6846466064453,67.6171875,24.6328125,2.187985916993183,-824.4295043945312
5.642317138672297,29.317834854125977,6.153736114501953,7.896584033966064,10.049251556396484,0.8344976902008057,81.0,105.0,35.940513610839844,236.0603485107422,65.84375,24.6328125,1.9741808845605566,-807.4129638671875
5.664928222656272,29.339704513549805,6.119128704071045,7.9055023193359375,10.045063018798828,0.6557257175445557,81.0,105.0,35.918453216552734,235.9302978515625,65.84375,24.5546875,2.1252693386252868,-824.5238037109375
5.686568359375087,29.42845916748047,6.051082611083984,7.860091686248779,9.960664749145508,0.6961178779602051,81.0,105.0,36.00450897216797,236.2887725830078,65.84375,24.5546875,2.937727528609996,-829.1903686523438
5.708058105468808,29.322067260742188,6.078395366668701,7.858137130737305,10.007820129394531,0.6762608289718628,81.0,105.0,35.805503845214844,235.7693023681641,65.84375,24.5546875,1.7204665748837282,-825.2308349609375
5.728178955077965,29.552696228027344,6.189460754394531,7.894280433654785,9.985953330993652,0.6777681112289429,81.0,105.0,35.836708068847656,235.85780334472656,63.9921875,24.5546875,2.3205445082544913,-851.3919677734375
5.749901123046584,29.51911163330078,6.127243518829346,7.86302375793457,10.04096221923828,0.620579183101654,81.0,105.0,35.803409576416016,235.79933166503903,63.9921875,24.6875,2.5685581592244837,-819.0558471679688
5.769759521484048,29.325654983520508,6.125795364379883,7.8668107986450195,10.014121055603027,0.6109313368797302,81.0,105.0,35.69365310668945,235.8360290527344,63.9921875,24.6875,3.1472551227223495,-810.1469116210938
5.7918066406246,29.397764205932617,6.0927581787109375,7.905118465423584,10.028169631958008,0.6935742497444153,81.0,105.0,35.64744186401367,235.4730682373047,63.9921875,24.6875,2.1395233185405518,-752.875244140625
5.812981689453409,29.42352867126465,6.055445671081543,7.821138381958008,9.969704627990724,0.6038188934326172,81.0,105.0,35.66490936279297,235.7608184814453,62.2265625,24.6875,2.083933730130288,-801.89794921875
5.8336933593745925,29.33331298828125,6.111606597900391,7.830231189727783,9.984067916870115,0.7054616212844849,81.0,105.0,35.547630310058594,235.83795166015625,62.2265625,24.640625,2.1666049471202853,-821.3656005859375
5.853398925781221,29.576845169067383,6.02048921585083,7.776077270507812,9.972025871276855,0.6236463785171509,81.0,105.0,35.63058090209961,235.58685302734372,62.2265625,24.640625,1.9656291187842443,-838.0050048828125
5.8754172363278485,29.52936553955078,6.076545238494873,7.829376220703125,9.98829174041748,0.5994812250137329,81.0,105.0,35.70801544189453,235.738037109375,62.2265625,24.640625,1.485282128010321,-798.4569091796875
5.899615966796773,29.4558048248291,6.059145450592041,7.9821343421936035,10.012323379516602,0.6577035188674927,81.0,105.0,35.690059661865234,235.64425659179688,60.59375,24.640625,2.1751567128965976,-827.493408203125
5.917595458984579,29.701269149780277,6.1124444007873535,7.892779350280762,10.056023597717283,0.5977781414985657,81.0,105.0,35.67601013183594,235.5431671142578,60.59375,24.6875,3.520700374996018,-813.6822509765625
5.940233642578278,29.528711318969727,6.101187705993652,7.838241577148437,9.972532272338867,0.9875296354293824,81.0,105.0,35.74930953979492,235.54269409179688,60.59375,24.6875,2.6669081319484262,-812.6923217773438
5.958371093750429,29.25581359863281,6.043735504150391,7.847456455230713,9.949530601501465,0.5494765639305115,81.0,105.0,35.7864990234375,235.38009643554688,60.59375,24.6875,2.5842369149584288,-796.1943359375
5.979866943359411,29.34943389892578,6.044782638549805,7.846234798431396,10.006494522094728,0.6445497274398804,81.0,105.0,35.704559326171875,235.451904296875,59.0859375,24.6875,3.245605095446292,-796.0057983398438
6.002149658203052,29.44965171813965,6.009808540344238,7.893582344055176,10.02843189239502,0.732463002204895,81.0,105.0,35.48421096801758,235.4986267089844,59.0859375,24.6875,2.48161105934633,-823.0625
6.018958496093546,29.57687759399414,6.073491096496582,7.828625679016113,9.996668815612791,0.732463002204895,81.0,105.0,35.62602615356445,235.35006713867188,57.703125,24.7265625,1.902912540416348,-842.058837890625
6.041673339843328,29.854257583618164,6.018604278564453,7.923442840576172,10.027297019958496,0.7749547362327576,81.0,105.0,35.75993728637695,235.20709228515625,57.703125,24.7265625,1.701936712080307,-820.4228515625
6.0613066406249345,29.73442840576172,6.08027982711792,7.881924152374268,10.026512145996094,0.6962386965751648,81.0,105.0,35.68648147583008,235.10595703125,57.703125,24.7265625,2.299163538381594,-833.5740966796875
6.080205078124891,29.5954647064209,6.1199140548706055,7.855397224426269,10.019094467163086,0.774919867515564,81.0,105.0,35.7568473815918,235.2677001953125,57.703125,24.7265625,2.252127271179759,-828.4361572265625
6.102383544922304,29.63016128540039,6.093979835510254,7.880161762237549,10.021554946899414,0.6494120359420776,81.0,105.0,35.83393478393555,235.0730438232422,57.703125,24.6875,2.567131827973687,-803.264892578125
6.121527832031461,29.253511428833008,6.089808940887451,7.891051769256592,10.023754119873049,0.6530242562294006,81.0,105.0,35.88272857666016,235.1549835205078,56.4296875,24.6875,2.341925478127389,-803.264892578125
6.1452910156249345,29.195844650268555,6.036387920379639,7.870021820068359,10.000298500061035,0.6788312196731567,81.0,105.0,35.83454513549805,235.18389892578125,56.4296875,24.6875,2.9861885716305108,-798.833984375
6.16552685546867,29.130409240722656,5.988150119781494,7.859882354736328,9.982253074645996,0.9470732808113098,81.0,105.0,35.873497009277344,235.11764526367188,56.4296875,24.6875,2.025494590082664,-822.0726318359375
6.18432568359367,29.20571517944336,6.015899181365967,7.827770233154297,9.94040298461914,0.6717485785484314,81.0,105.0,35.77459716796875,234.8391265869141,56.4296875,24.6171875,1.6663033177242608,-827.3519897460938
6.204013427734026,29.507648468017575,6.030227184295654,7.832796573638916,10.033964157104492,0.647378146648407,81.0,105.0,35.74632263183594,234.94699096679688,55.2421875,24.6171875,2.5243714436600087,-821.789794921875
6.223117919921606,29.27018928527832,6.047976016998291,7.814087867736816,9.988971710205078,0.5410582423210144,81.0,105.0,35.57522201538086,234.9012756347656,55.2421875,24.6796875,1.4168648909355885,-838.994873046875
6.24670556640649,29.53008460998535,6.102653503417969,7.815222263336182,9.99368381500244,0.5410582423210144,81.0,105.0,35.51996994018555,234.9862518310547,55.2421875,24.6796875,2.493013932192119,-859.923828125
6.268379882812951,29.833032608032227,6.071780681610107,7.836042881011963,10.005586624145508,0.7273192405700684,81.0,105.0,35.52899169921875,234.79495239257807,55.2421875,24.6796875,2.339074371057913,-804.53759765625
6.289844238281148,29.740873336791992,6.075777530670166,7.939149856567383,9.98000144958496,0.6932607293128967,81.0,105.0,35.42921829223633,235.00567626953125,54.1875,24.6796875,2.6384001721178962,-820.2814331054688
6.311821533203329,29.59980583190918,6.091815948486328,7.864454746246338,10.003509521484377,0.5509580969810486,81.0,105.0,35.476165771484375,234.8700714111328,54.1875,24.59375,1.6634522106547847,-816.65185546875
6.330164794921984,29.484643936157227,6.045619964599609,7.899463653564453,9.976109504699709,0.6530815362930298,81.0,105.0,35.407997131347656,234.8630828857422,54.1875,24.59375,2.929174207401567,-828.1533203125
6.351092529296693,29.78728485107422,6.062793254852295,7.805850505828857,10.030438423156738,0.7219568490982056,81.0,105.0,35.36262130737305,235.10317993164065,54.1875,24.59375,2.197964014020292,-837.580810546875
6.3712185058593604,29.396434783935547,6.079023361206055,7.822848796844482,10.03345775604248,0.6213922500610352,81.0,105.0,35.363548278808594,234.9414978027344,53.296875,24.59375,2.6398265033686927,-858.651123046875
6.393498779297261,29.6312313079834,6.106894493103027,7.881819725036621,10.027332305908203,0.6243999004364014,81.0,105.0,35.453948974609375,235.2519073486328,53.296875,24.578125,1.6677280935429408,-778.329345703125
6.411398925781214,29.511106491088867,6.070856094360352,7.854315280914307,9.9819917678833,0.6239292621612549,81.0,105.0,35.42023086547852,234.8676605224609,53.296875,24.578125,1.7717802804058358,-776.490966796875
6.433692626953416,29.322525024414062,6.05609130859375,7.850353240966797,9.96331787109375,0.8482598662376404,81.0,105.0,35.374942779541016,234.9015350341797,53.296875,24.578125,2.317693401185015,-834.4697265625
6.4549660644534015,29.62683486938477,6.0477142333984375,7.853023529052734,10.015795707702637,0.8661689162254333,81.0,105.0,35.30694961547852,234.69163513183597,52.5859375,24.578125,2.0867848371997644,-809.015625
6.475078369140647,29.412446975708008,6.025829315185547,7.82984733581543,9.96904182434082,0.5730790495872498,81.0,105.0,35.3226203918457,235.13705444335935,52.5859375,24.5703125,2.6726087906552625,-838.1464233398438
6.494254882812129,29.28107643127441,6.03314208984375,7.86236047744751,9.982497215270996,0.6054717302322388,81.0,105.0,35.27841567993164,234.7597503662109,52.5859375,24.5703125,1.7789057149313519,-799.7296142578125
6.516912841796511,29.64676284790039,6.061641216278076,7.827159404754639,10.05982780456543,0.5411766767501831,81.0,105.0,35.30426025390625,234.6915740966797,52.5859375,24.5703125,2.337649595239233,-828.671875
6.536014648437231,29.77559280395508,5.987609386444092,7.782289981842041,10.031363487243652,0.6478847861289978,81.0,105.0,35.27665328979492,234.9124298095703,52.5859375,24.5703125,2.5343495406871175,-840.4561767578125
6.5579792480466494,29.787155151367188,5.98446798324585,7.88572883605957,9.990455627441406,0.5731312036514282,81.0,105.0,35.30030059814453,234.70640563964844,51.9140625,24.5703125,1.7375716618684696,-812.78662109375
6.580849853515247,29.75164031982422,5.9874348640441895,7.788119316101074,10.014731407165527,0.6251771450042725,81.0,105.0,35.2746467590332,234.6077117919922,51.9140625,24.6640625,2.1224197869879267,-826.6449584960938
6.599833251952987,29.733226776123047,6.086388111114502,7.899341583251953,9.999356269836426,0.7816135287284851,81.0,105.0,35.374839782714844,234.6541748046875,51.9140625,24.6640625,3.0403533842220947,-838.0050048828125
6.618613037109753,29.5869140625,6.10897159576416,7.87513542175293,10.04689598083496,0.7816135287284851,81.0,105.0,35.387699127197266,234.6975555419922,51.9140625,24.6640625,2.9819126887423546,-819.6215209960938
6.64245507812484,29.807693481445312,6.035026550292969,7.821086406707764,9.997541427612305,0.7228848934173584,81.0,105.0,35.48232650756836,234.52001953125,51.3046875,24.6640625,1.5280425123239996,-819.0558471679688
6.660650634765261,29.666112899780277,6.109076023101807,7.800911426544189,10.045883178710938,0.6190429329872131,81.0,105.0,35.41541290283203,234.67210388183597,51.3046875,24.6796875,1.4140137838661122,-843.472900390625
6.681173095703343,29.64903259277344,6.025672435760498,7.864559650421143,10.020124435424805,0.7636690139770508,81.0,105.0,35.41799545288086,234.49270629882807,50.75,24.6796875,1.3855058240355822,-848.6109008789062
6.703778076172057,29.62837219238281,6.065951824188232,7.805187225341797,9.974574089050291,0.6978434920310974,81.0,105.0,35.264156341552734,234.85513305664065,50.75,24.6796875,1.9898596402945017,-847.6681518554688
6.725168945312362,29.653100967407227,6.092653751373291,7.868399143218994,10.048885345458984,0.5979955196380615,81.0,105.0,35.31553649902344,234.716064453125,50.75,24.6796875,3.201418379881817,-802.2279052734375
6.744338623047042,29.782791137695312,6.123299598693848,7.901278972625732,10.038291931152344,0.6055008769035339,81.0,105.0,35.31581497192383,234.35513305664065,50.75,24.6328125,2.644102386256849,-810.6654663085938
6.769540283203241,29.669025421142575,6.040541648864746,7.892884254455566,10.026965141296388,0.6494426727294922,81.0,105.0,35.29756164550781,234.66351318359372,50.421875,24.6328125,2.0639790915081866,-809.4398803710938
6.785836914062202,29.782649993896484,6.072426795959473,7.892936706542969,10.004783630371094,0.6444520950317383,81.0,105.0,35.375221252441406,234.3653259277344,50.421875,24.6328125,1.6050115151750446,-831.8300170898438
6.810588867187107,29.549968719482425,6.0849223136901855,7.874280452728271,9.983073234558104,0.5421517491340637,81.0,105.0,35.38218688964844,234.32546997070312,50.421875,24.6328125,2.24214917415265,-803.7362670898438
6.829331298828038,29.77397918701172,6.019075393676758,7.860493183135986,10.01445198059082,0.7498230934143066,81.0,105.0,35.34811782836914,234.1325225830078,50.421875,24.6328125,0.7483689427740348,-817.3589477539062
6.8478056640624345,29.76304817199707,6.075376033782959,7.859358787536621,10.016319274902344,0.5964654684066772,81.0,105.0,35.36932373046875,234.46763610839844,50.0625,24.6328125,1.4667522652068998,-820.8942260742188
6.868202148437376,29.59435272216797,6.049389839172363,7.888748168945312,10.04008960723877,0.74954754114151,81.0,105.0,35.355709075927734,234.1932830810547,50.0625,24.7421875,1.640646464963207,-815.42626953125
6.8915615234373035,29.591047286987305,6.063055038452148,7.772865772247314,10.035516738891602,0.6320814490318298,81.0,105.0,35.32270812988281,234.03858947753903,50.0625,24.7421875,2.1053147000031855,-856.9070434570312
6.907950439453089,29.57888603210449,6.126336097717285,7.867701053619385,10.0796537399292,0.5867885947227478,81.0,105.0,35.32431411743164,234.30279541015625,50.0625,24.7421875,2.7809368604063134,-854.0316772460938
6.931721191405813,29.540163040161133,6.025619983673096,7.835885524749756,10.023579597473145,0.5867885947227478,81.0,105.0,35.36363220214844,233.99148559570312,49.6640625,24.7421875,1.9984129615029307,-800.67236328125
6.950470458984455,29.65308952331543,6.030017852783203,7.855117797851562,9.994364738464355,0.8340076208114624,81.0,105.0,35.331729888916016,234.08067321777344,49.6640625,24.7421875,1.8487492832568806,-817.9716796875
6.972973632812682,29.542749404907227,6.0728631019592285,7.868451118469238,10.019722938537598,0.6673558950424194,81.0,105.0,35.42096328735352,234.00001525878903,49.6640625,24.6640625,2.621296640565271,-798.5983276367188
6.99432495117162,29.51301383972168,6.032495975494385,7.857020378112793,10.027000427246094,0.680834174156189,81.0,105.0,35.35932159423828,234.17184448242188,49.6640625,24.6640625,2.2036646727271276,-840.6447143554688
7.014122558593954,29.62757682800293,6.114870071411133,7.86895751953125,9.99851894378662,0.7815069556236267,81.0,105.0,35.320980072021484,234.20065307617188,49.6640625,24.6640625,0.510332611115093,-824.90087890625
7.0335651855466494,29.846153259277344,6.012565612792969,7.883966445922852,10.005132675170898,0.747429370880127,81.1268600185506,105.0,35.32527542114258,234.05245971679688,49.421875,24.6640625,0.9251134718837601,-854.5972900390625
7.054771240234004,29.58184051513672,6.112775802612305,7.924943923950195,10.08265495300293,0.5984117984771729,81.2909440213993,105.0,35.33274459838867,233.94769287109372,49.421875,24.640625,2.293462879674758,-825.513671875
7.073578124999585,29.494701385498047,6.111746311187744,7.892989158630371,10.031782150268556,0.7151110768318176,81.43646420320272,105.0,35.34077072143555,233.9265594482422,49.421875,24.640625,1.931420500246878,-826.880615234375
7.096057128906068,29.325305938720703,6.093997478485107,7.87419319152832,10.049286842346191,0.5422520041465759,81.61039777997328,105.0,35.35647964477539,233.91001892089844,49.421875,24.640625,2.257827929886595,-811.3724975585938
7.11474731445287,29.504091262817383,6.011152267456055,7.854768753051758,10.066407203674316,0.6041951179504395,81.75501498971406,105.0,35.45764923095703,233.8812255859375,49.125,24.640625,1.7903085877771405,-834.0926513671875
7.141812255859804,29.54660987854004,6.121694087982178,7.906723976135254,10.036477088928224,0.6719303727149963,81.96443272385868,105.0,35.41876602172852,233.705078125,49.125,24.6328125,2.283484782647649,-798.0326538085938
7.160759277343459,29.36040687561035,6.102409362792969,7.855903148651123,10.062655448913574,0.7475269436836243,81.88277585436677,105.0,35.454105377197266,234.2073211669922,49.125,24.6328125,1.8344953033416156,-850.8263549804688
7.180036132812347,29.425525665283203,6.0749921798706055,7.903722286224365,10.02392864227295,0.5504553318023682,81.72530832189923,105.0,35.373443603515625,233.983154296875,49.125,24.6328125,1.3185133627795298,-814.9549560546875
7.202316894531577,29.368881225585938,6.09507942199707,7.868573665618896,10.024696350097656,0.5870617628097534,81.5433026739845,105.0,35.47272872924805,233.74923706054688,48.96875,24.6328125,2.560004838016055,-846.1597290039062
7.218982666016018,29.267038345336918,5.992862224578857,7.8392014503479,10.030141830444336,0.639002799987793,81.40716439580076,105.0,35.36625289916992,233.8225860595703,48.96875,24.6875,1.8430470691179281,-838.0521240234375
7.238928222655886,29.27231788635254,6.068185806274414,7.80829381942749,10.032218933105469,0.5456855893135071,81.24423442037079,105.0,35.41366958618164,233.945068359375,48.96875,24.6875,2.789488626182626,-809.5341796875
7.261863037108924,29.440937042236328,6.0031938552856445,7.843111038208008,10.03345775604248,0.5456855893135071,81.05688598870417,105.0,35.38296890258789,233.70726013183597,48.96875,24.6875,1.5736540037071547,-818.9616088867188
7.282923095703154,29.26127815246582,6.05905818939209,7.8603363037109375,10.049059867858888,0.7097247242927551,81.10986037697076,105.0,35.4259033203125,233.71388244628903,48.828125,24.6875,1.9128906374434569,-863.7890625
7.306268798828569,29.43077087402344,6.066702365875244,7.882936477661133,10.048065185546877,0.5804133415222168,81.29180794507933,105.0,35.36555480957031,233.55101013183597,48.828125,24.765625,1.2130364000979548,-801.89794921875
7.322481445312405,29.583236694335938,6.076789855957031,7.921313762664795,10.058938026428224,0.6547292470932007,81.41816317133409,105.0,35.35200881958008,233.7934112548828,48.828125,24.765625,1.8287946446347794,-822.0726318359375
7.345666259765494,29.71082305908203,6.141152858734131,7.92257022857666,10.042619705200195,0.6189315319061279,81.5988568340697,105.0,35.387630462646484,233.4862060546875,48.828125,24.765625,1.3099615970032172,-831.5472412109375
7.366384277343968,29.702991485595703,6.108482837677002,7.827020168304443,9.999286651611328,0.6773983836174011,81.76032521624636,105.0,35.37855529785156,233.6688995361328,48.71875,24.765625,0.5972804887093048,-858.038330078125
7.3887971191406905,29.753515243530277,6.126877307891846,7.907439231872559,10.096948623657228,0.6250919103622437,81.93500241647925,105.0,35.43986511230469,233.5265350341797,48.71875,24.640625,2.3618801167494903,-857.9912109375
7.4100200195316575,29.754060745239254,6.0958123207092285,7.886775970458984,10.049775123596191,0.6733879446983337,81.8970043447541,105.0,35.36073684692383,233.7689208984375,48.53125,24.640625,2.9762120300355184,-824.335205078125
7.4309660644530595,29.758445739746094,6.109390258789063,8.010302543640137,10.033981323242188,0.5764064788818359,81.72954784109052,105.0,35.4700927734375,233.629638671875,48.53125,24.640625,1.305685714115061,-776.6795043945312
7.451027832031286,29.84270668029785,6.192392349243164,7.9546122550964355,10.065464973449709,0.729472815990448,81.56916083397418,105.0,35.39021301269531,233.51927185058597,48.53125,24.640625,1.530893619393476,-859.8295288085938
7.471897705077936,29.69828987121582,6.167593002319336,7.986043930053711,10.103423118591309,0.7972580194473267,81.40231329853887,105.0,35.32778549194336,233.5364532470703,48.53125,24.6328125,3.067435012801828,-819.4801025390625
7.492633300781563,29.98328399658203,6.169512748718262,8.014123916625977,10.05344009399414,0.7155575752258301,81.23653926478798,105.0,35.34717559814453,233.71463012695312,48.3046875,24.6328125,2.374707765413959,-824.5238037109375
7.5128437499997744,29.83936882019043,6.184416770935059,7.917020797729492,10.073824882507324,0.6003684997558594,81.0749635985338,105.0,35.36253356933594,233.20140075683597,48.3046875,24.6328125,1.9285693931774017,-807.2715454101562
7.53399633789104,29.83658790588379,6.133247375488281,7.894158363342285,10.067157745361328,0.8050629496574402,81.0,105.0,35.40548324584961,233.26321411132807,48.3046875,24.6328125,2.002688844391087,-828.1533203125
7.5575825195310244,29.734352111816406,6.086109161376953,7.883407592773437,10.053178787231444,0.5893118977546692,81.0,105.0,35.41211700439453,233.34600830078125,48.3046875,24.6328125,1.3555730883863724,-816.3218994140625
7.575413574219056,29.650341033935547,5.995392799377441,7.8855719566345215,10.01441764831543,0.6251771450042725,81.0,105.0,35.462745666503906,233.32862854003903,48.3046875,24.6796875,2.2264704184187054,-869.9168701171875
7.600483154296853,29.815961837768555,6.090663909912109,7.877509117126465,10.049705505371094,0.8201293349266052,81.0,105.0,35.36904525756836,233.1871032714844,48.234375,24.6796875,1.7518240863516181,-853.8431396484375
7.61883764648428,29.77495002746582,6.189722537994385,7.871400833129883,10.094295501708984,0.6042819619178772,81.0,105.0,35.44220352172852,233.1280975341797,48.234375,24.75,1.902912540416348,-829.1903686523438
7.639106689453001,29.757028579711918,6.10089111328125,7.889044761657715,10.044976234436035,0.8121484518051147,81.0,105.0,35.39726257324219,233.4357452392578,48.234375,24.75,1.962778011714768,-810.7125854492188
7.661287353515945,29.815427780151367,6.111693859100342,7.838206768035889,10.070404052734377,0.6475469470024109,81.0,105.0,35.35504913330078,233.0680389404297,48.234375,24.75,1.7675028420855632,-861.7150268554688
7.679234375000306,29.75076675415039,6.089564800262451,7.991611003875732,10.053544998168944,0.6055299639701843,81.0,105.0,35.39056396484375,233.0992431640625,48.1796875,24.75,2.0739571885352954,-796.9956665039062
7.705215332031003,29.8665828704834,6.105550765991211,7.843878746032715,10.035604476928713,0.6676649451255798,81.0,105.0,35.50777053833008,233.3671875,48.1796875,24.7265625,1.8986366575281919,-888.677490234375
7.724817871093364,29.666975021362305,6.182113170623779,7.883303165435791,10.049181938171388,0.5845305323600769,81.0,105.0,35.6834602355957,233.07005310058597,48.1796875,24.7265625,2.30343942126975,-842.5773315429688
7.742096923828285,29.41935157775879,6.1376800537109375,7.9052228927612305,10.056389808654783,0.6974794864654541,81.0,105.0,35.60523986816406,233.0853729248047,48.1796875,24.7265625,1.977031991630033,-812.2681274414062
7.765901855468655,29.38635635375977,6.130733966827393,7.889062404632568,10.02467918395996,0.6797802448272705,81.0,105.0,35.7359733581543,233.0410919189453,48.140625,24.7265625,1.7090637020379396,-830.651611328125
7.786028320312653,29.323692321777344,6.17684268951416,7.906182765960693,10.048274040222168,0.6797802448272705,81.0626024930231,105.0,35.71794509887695,233.10260009765625,48.140625,24.703125,2.3647312238189664,-829.1903686523438
7.80902026367221,29.43912696838379,6.084067344665527,7.882412910461426,10.049217224121094,0.5686076879501343,81.24755636993525,105.0,35.455047607421875,233.0313262939453,48.140625,24.703125,2.3219692840731714,-927.9899291992188
7.827799072265407,29.167156219482425,6.106632709503174,7.87900972366333,10.056267738342283,0.7274225354194641,81.39861856589307,105.0,35.33447265625,232.687744140625,48.140625,24.703125,1.2629253298013825,-803.6420288085938
7.847118652343852,29.58918190002441,6.113369464874268,7.859673023223877,10.11434841156006,0.6688430309295654,81.55403088489162,105.0,35.33111953735352,233.04254150390625,48.078125,24.703125,0.8880537462769177,-827.399169921875
7.869707519531403,29.66377830505371,6.139896392822266,7.9068284034729,10.049827575683594,0.7812583446502686,81.73574229988942,105.0,35.36798095703125,232.8839874267578,48.078125,24.59375,1.9043388716671443,-847.0082397460938
7.888656494140378,29.55967712402344,6.104625701904297,7.869830131530762,10.072096824645996,0.7292076349258423,81.8881733607499,105.0,35.316532135009766,232.7244415283203,48.078125,24.59375,1.270052319759015,-861.4321899414062
7.910422607421424,29.771163940429688,6.112409591674805,7.901401042938232,10.057367324829102,0.7017499208450317,82.0,105.0,35.263267517089844,232.5381622314453,48.078125,24.59375,2.2635301440255478,-845.5469360351562
7.931292724609193,29.85381126403809,6.169373035430908,7.956811428070068,10.07541275024414,0.6642616987228394,82.0,105.0,35.261505126953125,233.0040740966797,48.078125,24.59375,1.8344953033416156,-821.3184204101562
7.9516633300781905,29.83213806152344,6.175568580627441,7.998347282409668,10.132254600524902,0.6252340078353882,82.0,105.0,35.3425178527832,232.796142578125,48.078125,24.7421875,2.57283404211264,-812.9751586914062
7.971858886719019,29.819625854492188,6.127994060516357,7.903791904449463,10.088065147399902,0.7999707460403442,82.0,105.0,35.31155776977539,232.33726501464844,48.078125,24.7421875,2.979063137104995,-861.95068359375
7.993854492187893,29.917882919311523,6.184574127197266,7.892360687255859,10.05422592163086,0.7835014462471008,82.0,105.0,35.27220153808594,232.3087310791016,48.078125,24.7421875,1.5708028966376784,-831.8300170898438
8.012833740234782,29.74790954589844,6.155167102813721,7.89714241027832,10.11249828338623,0.5966466069221497,82.0,105.0,35.261817932128906,232.8133087158203,48.0546875,24.7421875,1.5779298865953109,-818.2545166015625
8.035330322265509,29.881113052368164,6.144853115081787,7.933948993682861,10.12473201751709,0.569378137588501,82.0,105.0,35.38288497924805,232.3783416748047,48.0546875,24.6875,2.016942824306352,-867.607177734375
8.055856445312202,29.902240753173828,6.1885528564453125,7.922151565551758,10.108065605163574,0.569378137588501,82.0,105.0,35.219268798828125,232.33230590820312,48.0546875,24.6875,2.346201361015545,-814.8135375976562
8.078892822265516,29.863540649414062,6.150280475616455,7.938277244567871,10.089950561523438,0.7266429662704468,82.0,105.0,35.285831451416016,232.38714599609372,48.0546875,24.6875,1.2272903800132198,-850.1192626953125
8.098105712890174,29.98860740661621,6.124067306518555,7.872657299041748,10.077646255493164,0.6254613995552063,82.0,105.0,35.26426315307617,232.23228454589844,48.0546875,24.6875,1.6848331805276822,-851.109130859375
8.116889648437791,29.81853675842285,6.156598091125488,7.87377405166626,10.091747283935549,0.810196578502655,82.0,105.0,35.25764846801758,232.17355346679688,48.0546875,24.6875,1.9385474902045106,-879.4385986328125
8.138219726562056,29.90726852416992,6.166179656982422,7.9705810546875,10.137821197509766,0.6194934248924255,82.0,105.0,35.208885192871094,232.3057403564453,48.0546875,24.7109375,1.703361487898987,-830.038818359375
8.159568603515254,29.651103973388672,6.175306797027588,7.976741790771484,10.137978553771973,0.5893096327781677,82.0,105.0,35.24953079223633,232.11241149902344,48.078125,24.7109375,1.4824310209408447,-822.921142578125
8.182111572265967,29.708881378173828,6.197628021240234,8.055380821228027,10.167664527893066,0.7447420954704285,82.0,105.0,35.297752380371094,232.0631866455078,48.078125,24.7109375,1.3569994196371686,-833.244140625
8.20373291015585,29.62572288513184,6.178500652313232,7.96189022064209,10.16907787322998,0.6779994368553162,82.0,105.0,35.23335266113281,232.2391662597656,48.078125,24.7109375,2.8065937131673673,-828.9075317382812
8.221240966797268,29.72798156738281,6.151275157928467,7.966846466064453,10.167210578918455,0.5854262113571167,82.0,105.0,35.32211685180664,232.1305084228516,48.078125,24.6875,2.4730577381379013,-861.0551147460938
8.242685546874782,29.5205192565918,6.155045032501221,7.92665433883667,10.093510627746582,0.6231275200843811,82.0,105.0,35.22520446777344,231.9610748291016,48.0703125,24.6875,1.3213644698490061,-832.489990234375
8.262558837890538,29.75177001953125,6.108936309814453,7.878730773925781,10.141870498657228,0.6479130387306213,82.0,105.0,35.273475646972656,232.09347534179688,48.0703125,24.703125,-0.05553592600224724,-846.2540283203125
8.283058593749956,29.738189697265625,6.15883207321167,7.905938625335693,10.055813789367676,0.6783434152603149,82.0,105.0,35.22166061401367,231.91702270507807,48.0703125,24.703125,2.287760665535805,-830.038818359375
8.304946777343503,29.6381893157959,6.187628269195557,7.990336894989014,10.142934799194336,0.6266298294067383,82.0,105.0,35.16633605957031,231.9711151123047,48.0703125,24.703125,1.4895580108984772,-806.2816772460938
8.325873535156461,29.848434448242188,6.162165641784668,7.759479999542236,10.086092948913574,0.6445124745368958,82.0,105.0,35.262081146240234,232.07411193847656,47.9296875,24.703125,1.0733508188790137,-878.495849609375
8.345198730468837,29.806276321411133,6.156545639038086,7.870301246643066,10.068414688110352,0.7440652251243591,82.0,105.0,35.18794250488281,231.94113159179688,47.9296875,24.7109375,1.1346426214282301,-836.6380615234375
8.365674560546722,30.14249038696289,6.186668395996094,8.032833099365234,10.093143463134766,0.7440652251243591,82.0,105.0,35.18277740478516,231.98838806152344,47.9296875,24.7109375,1.8387711862297718,-797.8441162109375
8.386367919922122,29.55769157409668,6.144172191619873,7.923896789550781,10.052846908569336,0.5864064693450928,82.0,105.0,35.173805236816406,232.0709686279297,47.9296875,24.7109375,2.7666828804910484,-836.0723876953125
8.408771240234273,29.6497745513916,6.154277324676514,8.000860214233398,10.05900764465332,0.6526167392730713,82.25040834226684,105.0,35.20747375488281,231.97756958007807,47.875,24.7109375,1.1702760157842762,-846.3483276367188
8.43102929687484,29.659252166748047,6.197122097015381,7.946706771850586,10.130194664001465,0.671294629573822,82.9612084592145,105.0,35.205745697021484,231.91018676757807,47.875,24.7109375,1.409737900977956,-819.2915649414062
8.44750903320346,29.72052001953125,6.176074981689453,7.91721248626709,10.085970878601074,0.5739660263061523,83.48748075236331,105.0,35.24605941772461,231.8448486328125,47.875,24.6875,1.4339684224882134,-833.809814453125
8.46954443359391,29.51614570617676,6.200438022613525,7.909481048583984,10.101154327392578,0.5957162380218506,84.19117045122307,105.0,35.19194030761719,232.01661682128903,47.875,24.6875,1.1987839756148062,-817.5474853515625
8.491993408202688,29.718414306640625,6.166563510894775,7.933006763458252,10.1399507522583,0.6236463785171509,84.90806743982068,105.0,35.142723083496094,231.9398498535156,47.890625,24.6875,1.0120605717619138,-851.2977294921875
8.510663818359717,29.697702407836918,6.1450276374816895,7.852604866027832,10.067855834960938,0.7182641625404358,85.50429782672254,105.0,35.170841217041016,231.91429138183597,47.890625,24.6875,1.7432723205753058,-856.6242065429688
8.539251953125131,29.70639419555664,6.137208938598633,7.89326810836792,10.116808891296388,0.586445152759552,86.83371663028429,105.0,35.16979217529297,231.50054931640625,47.890625,24.7109375,2.588512797846585,-844.085693359375
8.559424804687296,29.551179885864254,6.208884716033936,8.009359359741211,10.111695289611816,0.744465708732605,88.12094008688929,105.0,35.23468017578125,232.01937866210935,47.890625,24.7109375,1.100434002890864,-815.0491943359375
8.581109130859659,29.75202178955078,6.206912517547607,8.01880168914795,10.117647171020508,0.6771829128265381,89.5046102736565,105.0,35.105918884277344,231.6539764404297,47.890625,24.7109375,2.004113620209767,-826.2678833007812
8.604482421875218,30.014795303344727,6.200525283813477,8.001663208007812,10.066861152648926,0.6481666564941406,90.99605278787678,105.0,35.15089416503906,231.6806488037109,47.8984375,24.7109375,2.286335889717125,-845.97119140625
8.621620361328496,29.91902732849121,6.174521446228027,8.006776809692383,10.115656852722168,0.6974188685417175,92.08961943578429,105.0,35.24681091308594,231.55667114257807,47.8984375,24.6328125,2.329096274030804,-859.5466918945312
8.638924804687122,30.030689239501957,6.15401554107666,7.927788734436035,10.077576637268066,0.6054717302322388,93.19381064676249,105.0,35.12176513671875,231.79058837890625,47.8984375,24.6328125,2.865032853214991,-838.5706787109375
8.6614421386721,30.118549346923828,6.154486656188965,7.898294448852539,10.149619102478027,0.5835025310516357,94.58468349082663,105.0,35.072269439697266,231.6839599609375,47.8984375,24.6328125,0.46044523684378186,-824.90087890625
8.679395019531512,29.881919860839844,6.204801082611084,7.991855144500732,10.119758605957031,0.6909049153327942,95.64677930115583,105.0,35.14668655395508,231.48178100585935,47.9296875,24.6328125,2.4858869422344863,-836.6851806640625
8.697972900390596,30.11984634399414,6.166650772094727,7.925205707550049,10.11201000213623,0.6909049153327942,96.74585022910851,105.0,35.14860534667969,231.36676025390625,47.9296875,24.6875,2.253552046998439,-856.3413696289062
8.721523681640974,30.04476928710937,6.128238677978516,7.978836059570312,10.166215896606444,0.624845027923584,98.13911888005835,105.0,35.2381706237793,231.7343597412109,47.9296875,24.6875,2.1751567128965976,-808.6385498046875
8.740119873046751,30.034048080444336,6.157418251037598,7.951767921447754,10.181556701660156,0.6977828145027161,99.23927306341017,105.0,35.08853530883789,231.4248046875,47.9296875,24.6875,1.3869321552863787,-824.335205078125
8.763533691406337,29.84246635437012,6.144311904907227,7.838398933410644,10.189881324768066,0.5982035994529724,100.62443896397454,105.0,35.16358184814453,231.3618011474609,47.8984375,24.6875,0.9721512945177114,-856.4356689453125
8.782171630859011,29.933687210083008,6.201746940612793,7.881575107574463,10.135587692260742,0.8537676930427551,101.72706296963635,105.0,35.149322509765625,231.21446228027344,47.8984375,24.703125,1.9100395303739806,-839.7490844726562
8.803070556640705,30.01149177551269,6.211520195007324,7.958800792694092,10.235588073730469,0.6476384401321411,102.92120345252775,105.2632009864365,35.17694854736328,231.53485107421875,47.9375,24.703125,0.6942049078985092,-865.7216796875
8.822587890625073,29.70486831665039,6.327803611755371,8.149377822875977,10.42717742919922,0.6496645212173462,104.02522515413071,105.57863575832306,35.13351058959961,231.2117462158203,47.9375,24.703125,1.5693781208189983,-903.8085327148438
8.844793701171511,29.58746910095215,6.461434364318848,8.214666366577148,10.753811836242676,0.7664900422096252,105.28132379778052,105.93752108508015,35.01054382324219,231.06622314453125,47.9375,24.703125,1.642071240781887,-933.269287109375
8.866183105468735,29.401168823242188,6.68258810043335,8.634181022644043,11.161213874816896,0.6285771727561951,106.49124143033292,106.28321183723797,35.03556823730469,230.97254943847656,47.9375,24.703125,1.808838450580562,-1012.0826416015624
8.885849853515538,29.67169761657715,6.904299736022949,8.798492431640625,11.435928344726562,0.6251771450042725,107.60371491985204,106.60106140567201,34.94115447998047,231.1767578125,48.0078125,24.703125,2.5243714436600087,-1073.408203125
8.907459472656228,29.743741989135746,7.133236885070801,8.939139366149902,11.785022735595703,0.7374269366264343,108.82608927250308,106.95031122071516,34.98160552978516,231.2990264892578,48.0078125,24.7109375,1.1717023470350725,-1099.2864990234375
8.929207519531701,29.4959774017334,7.330794811248779,9.219560623168944,12.058969497680664,0.7445693016052246,109.88618418384785,107.73848681987322,34.992408752441406,231.1179656982422,48.0078125,24.7109375,1.2287167112640163,-1125.73046875
8.947973144530806,29.65923118591309,7.527567386627197,9.31287670135498,12.35933780670166,0.5730790495872498,110.77673631829268,108.48061359857724,34.980228424072266,231.1198272705078,48.0078125,24.7109375,1.5950349735800522,-1146.942138671875
8.968474121094005,29.607223510742188,7.715317726135254,9.520033836364746,12.78030014038086,0.5730790495872498,111.749642279908,109.29136856659001,35.024505615234375,231.0432281494141,48.09375,24.7109375,0.6571451822916652,-1197.6617431640625
8.987400146484106,29.824098587036133,7.927483081817627,9.719231605529783,13.000738143920898,0.6267110705375671,112.64780646618894,110.03983872182411,34.950103759765625,231.4236297607422,48.09375,24.7109375,1.5750787795258345,-1313.5721435546875
9.009310058593655,29.7993278503418,8.267887115478516,9.925132751464844,13.394057273864746,0.5921767354011536,113.68757567155792,110.9063130596316,34.872459411621094,231.27085876464844,48.09375,24.7109375,1.711914809107416,-1313.100830078125
9.03375561523444,29.850069046020508,8.504118919372559,10.10632038116455,13.659451484680176,0.5730790495872498,114.84767786074696,111.87306488395579,34.83644104003906,231.0402984619141,48.09375,24.7109375,1.7860327048889844,-1372.7764892578125
9.050917480468343,29.71999740600586,8.692933082580566,10.45260524749756,13.89437484741211,0.5141003131866455,115.80247138945447,112.57319384961033,34.88343811035156,230.9652404785156,48.03125,24.7109375,1.090455905863755,-1404.311279296875
9.073356933593459,29.994726181030277,8.862027168273926,10.605363845825195,14.236383438110352,0.5267754793167114,117.09309836410868,113.49507026007763,34.879913330078125,231.3227081298828,48.03125,24.7109375,1.7133395849260957,-1440.701171875
9.0959438476566,29.84906578063965,9.076740264892578,10.66819190979004,14.507519721984863,0.5899184942245483,118.3922066980271,114.42300478430508,34.90080261230469,230.96673583984372,48.03125,24.703125,1.9699050016724005,-1509.521484375
9.11016992187524,29.847190856933597,9.216933250427246,10.90924072265625,14.752617835998535,0.6171818375587463,119.21043319525381,115.00745228232415,34.85394287109375,230.9319610595703,48.03125,24.703125,1.9599269046452916,-1556.14013671875
9.131907226562362,30.024263381958008,9.369447708129885,10.995750427246094,15.013055801391602,0.7970501184463501,120.46067541950431,115.90048244250309,34.74949264526367,231.11428833007807,48.15625,24.703125,1.3684022924829573,-1580.840087890625
9.153509521484011,30.276391983032227,9.58971118927002,11.230010032653809,15.337491035461426,0.5744629502296448,121.703152425753,116.787966018395,34.73160552978516,230.80499267578125,48.15625,24.703125,1.6491982307395194,-1646.3135986328125
9.173136230469026,30.025257110595703,9.902348518371582,11.504061698913574,15.591715812683104,0.7091622352600098,122.68194609359864,117.5682884113322,34.68720626831055,230.57774353027344,48.15625,24.6875,1.797435577734773,-1711.8343505859375
9.1949497070309,30.077362060546875,10.14259433746338,11.701061248779297,15.89620304107666,0.5899461507797241,123.71029193705868,118.42524328088224,34.61600112915039,230.8222198486328,48.15625,24.6875,1.8473245074382008,-1720.7432861328125
9.215300781250335,30.29980087280273,10.304899215698242,11.866594314575195,16.313589096069336,0.566899836063385,124.66969620821352,119.22474684017794,34.57886505126953,231.20065307617188,48.28125,24.6875,1.506661542451102,-1783.011474609375
9.234419189453547,30.343048095703125,10.47278881072998,11.988811492919922,16.4981632232666,0.5229300260543823,125.57098929429841,119.97582441191534,34.5579719543457,230.70928955078125,48.28125,24.6875,1.4995345524934696,-1805.495849609375
9.256702148437398,30.500205993652344,10.707642555236816,12.34202480316162,16.81072998046875,0.6755556464195251,126.62146779945176,120.8512231662098,34.42312240600586,230.4425201416016,48.28125,24.7421875,1.3541483125676923,-1900.0531005859373
9.278368408203278,30.560272216796875,10.90621280670166,12.333333969116213,17.021255493164062,0.6883196234703064,127.64287344790345,121.70239453991955,34.3990364074707,230.3589782714844,48.28125,24.7421875,1.5109374253392582,-1906.699462890625
9.302948730468415,30.506258010864254,11.10007095336914,12.72859001159668,17.39867401123047,0.536766767501831,128.4152362178124,122.27682414520828,34.30902099609375,230.62619018554688,48.5625,24.7421875,1.6377953578937308,-1952.56396484375
9.318658203124869,30.6064567565918,11.29305648803711,12.831050872802734,17.57096290588379,0.6028709411621094,128.79884027327898,122.53256018218599,34.373435974121094,230.24029541015625,48.5625,24.7421875,1.5836321007342635,-1999.6068115234373
9.337913818359084,30.58456420898437,11.347838401794434,12.86157512664795,17.9107723236084,0.6028709411621094,129.26903632989018,122.84602421992679,34.23081588745117,230.2935333251953,48.5625,24.7421875,1.7347205547989932,-2005.027587890625
9.36297705078141,30.678815841674805,11.554070472717283,13.109342575073242,18.23655128479004,0.6017104387283325,129.88104653612123,123.25403102408082,34.20753479003906,230.6599578857422,48.5625,24.7421875,1.2287167112640163,-2135.974853515625
9.38281494140665,30.78622436523437,11.897283554077148,13.27377700805664,18.54550552368164,0.5998733639717102,130.36546096951247,123.57697397967497,34.06123352050781,230.3497467041016,48.5625,24.7421875,1.6491982307395194,-2107.22119140625
9.406243164062289,30.72096443176269,12.03152561187744,13.408839225769045,18.84913825988769,0.6620726585388184,130.93754645067187,123.95836430044791,34.05173873901367,230.25506591796875,49.0078125,24.7421875,1.6606011035853083,-2174.014404296875
9.425562011719194,30.63262367248535,12.228996276855469,13.622854232788086,19.020238876342773,0.6620726585388184,130.8691215354495,123.86912153544951,33.98130416870117,230.07955932617188,49.0078125,24.7421875,1.6206918263411059,-2204.983642578125
9.445763427734164,30.76890182495117,12.336746215820312,13.764007568359377,19.144933700561523,0.5643318891525269,130.71138071118244,123.71138071118246,33.96231460571289,230.37445068359372,49.0078125,24.703125,1.7689291733363595,-2237.69677734375
9.467540771483982,30.657066345214844,12.380690574645996,13.738056182861328,19.239490509033203,0.5440701842308044,130.5413344059722,123.54133440597221,33.854915618896484,229.99533081054688,49.0078125,24.703125,1.7903085877771405,-2218.229248046875
9.488323242187107,30.744829177856445,12.492087364196776,13.820465087890623,19.28484916687012,0.5482340455055237,130.37905647176794,123.37905647176792,33.774269104003906,230.1807098388672,49.6953125,24.703125,1.4068867939084797,-2225.58251953125
9.508963867187049,30.639015197753903,12.48051643371582,13.742837905883787,19.300031661987305,0.6605464220046997,130.21788612616598,123.21788612616596,33.86945343017578,230.36932373046875,49.6953125,24.703125,1.439670636627166,-2249.386962890625
9.528278320312893,30.32746124267578,12.49213981628418,13.751267433166504,19.28212547302246,0.5047919154167175,130.06707106677368,123.06707106677368,33.95163345336914,229.99847412109372,49.6953125,24.7109375,1.5080878737018986,-2242.740478515625
9.551346923828532,30.65333747863769,12.54076099395752,13.754112243652344,19.26683807373047,0.652245283126831,130.0,123.0,34.04914093017578,229.8803253173828,49.6953125,24.7109375,1.5251914052545235,-2241.609130859375
9.56939916992178,30.601057052612305,12.439905166625977,13.772768020629885,19.28291130065918,0.5499271154403687,130.0,123.0,34.035369873046875,229.9568634033203,50.765625,24.7734375,1.2386932528590087,-2238.356689453125
9.59222534179662,30.597074508666992,12.445874214172363,13.728352546691896,19.30966567993164,0.5526558756828308,130.0,123.0,34.09772491455078,229.8081970214844,50.765625,24.7734375,1.31566381114217,-2236.98974609375
9.616022460937529,30.664527893066406,12.47775936126709,13.77041244506836,19.267990112304688,0.6751041412353516,130.0,123.0,34.137306213378906,229.62794494628903,52.0234375,24.7734375,1.5622511308613658,-2262.1611328125
9.634755126952768,30.849084854125977,12.479452133178713,13.721161842346191,19.23764038085937,0.5838808417320251,130.0,123.0,34.08870315551758,229.85455322265625,52.0234375,24.7734375,1.636370582075051,-2211.064208984375
9.655003662109266,30.69997787475586,12.406519889831545,13.758719444274902,19.25867080688477,0.4929712116718292,130.0,123.0,34.12839126586914,230.10708618164065,52.0234375,24.640625,1.4581989439984708,-2202.4853515625
9.676547119140196,30.78549194335937,12.366205215454102,13.645489692687988,19.189577102661133,0.525206446647644,130.0,123.0,34.10980224609375,229.7756500244141,52.0234375,24.640625,1.2985587241574286,-2240.902099609375
9.694953857421751,30.71442985534668,12.417811393737791,13.59716510772705,19.246681213378903,0.6206912398338318,130.0,123.0,34.1295051574707,229.61599731445312,53.703125,24.640625,1.590759090691896,-2199.04443359375
9.716765136719005,30.659564971923828,12.452436447143556,13.684372901916504,19.211584091186523,0.6570123434066772,130.0,123.0,34.12160110473633,229.6285400390625,53.703125,24.640625,1.412587452615316,-2247.50146484375
9.73657495117186,30.337987899780277,12.397619247436523,13.687026023864746,19.19271850585937,0.5392070412635803,130.0,123.0,34.06996154785156,229.78179931640625,53.703125,24.6875,1.3527235367490125,-2236.09423828125
9.756180419922202,30.58457565307617,12.36536693572998,13.61000919342041,19.215633392333984,0.5024144649505615,130.0,123.0,34.114585876464844,229.4037322998047,53.703125,24.6875,1.3213644698490061,-2192.3037109375
9.779139404296984,30.57499885559082,12.399800300598145,13.658002853393556,19.196138381958008,0.8754408955574036,130.0,123.0,34.038352966308594,229.2135162353516,53.703125,24.6875,1.2486713498861175,-2220.7275390625
9.800133544921664,30.50909423828125,12.41240119934082,13.689783096313477,19.12320709228516,0.5511338710784912,130.0,123.05861833904643,34.035667419433594,229.61984252929688,55.7265625,24.6875,1.4083115697271598,-2215.165283203125
9.81958325195319,30.552202224731445,12.294476509094238,13.598421096801758,19.104707717895508,0.5511338710784912,130.0,123.21377960423808,34.101409912109375,229.5623321533203,55.7265625,24.703125,1.2500961257047973,-2227.185302734375
9.839008056640523,30.582284927368164,12.293045997619627,13.58957290649414,19.1710262298584,0.5269912481307983,130.0,123.36874220941102,34.04222869873047,229.23794555664065,55.7265625,24.703125,1.3869321552863787,-2234.585693359375
9.859911621093488,30.644371032714844,12.32388401031494,13.5641450881958,19.065509796142575,0.5223580598831177,130.0,123.53550171392958,33.99858093261719,229.1117248535156,55.7265625,24.703125,1.5337431710308358,-2201.636962890625
9.879351806640443,30.41033744812012,12.28941535949707,13.654041290283203,19.13053703308105,0.6047167181968689,130.0,123.69058702087878,34.03854751586914,229.24386596679688,57.9140625,24.703125,1.2714770955776948,-2204.087890625
9.903497314453489,30.56049156188965,12.323307991027832,13.634198188781738,19.10243797302246,0.6778323650360107,130.0,123.88320933312558,34.06901931762695,229.01614379882807,57.9140625,24.703125,1.3284914598066386,-2211.53564453125
9.926054931640465,30.61212730407715,12.332592010498049,13.538735389709473,19.071128845214844,0.5468074083328247,130.0,124.0,33.97317123413086,229.23927307128903,57.9140625,24.75,1.2486713498861175,-2190.5595703125
9.944354248046693,30.51473426818848,12.295907974243164,13.494877815246582,19.04041290283203,0.5223818421363831,130.0,124.0,33.977237701416016,229.07752990722656,57.9140625,24.75,1.1816788886300649,-2191.738037109375
9.96252563476537,30.59040069580078,12.253185272216797,13.48459815979004,19.11189842224121,0.6692893505096436,130.0,124.0,34.014339447021484,229.47100830078125,60.2265625,24.75,0.9407922276177051,-2225.158447265625
9.983345703125451,30.68407440185547,12.301824569702148,13.477495193481444,19.07798767089844,0.5280728340148926,130.0,124.0,33.96968078613281,228.9024658203125,60.2265625,24.75,1.07477715012981,-2197.39453125
10.007208496093881,30.59145736694336,12.324058532714844,13.566100120544434,19.070466995239254,0.5691467523574829,130.0,124.0,33.956172943115234,228.8872528076172,60.2265625,24.75,1.2287167112640163,-2201.636962890625
10.025407958984033,30.471376419067383,12.282696723937988,13.505698204040527,19.055126190185547,0.5516886115074158,130.0,124.0,33.956661224365234,228.9236297607422,60.2265625,24.75,1.5508482580155771,-2182.640625
10.049203124999622,30.498350143432617,12.248944282531738,13.553778648376465,19.02491569519043,0.5332320332527161,130.0,124.0,33.91543960571289,229.03128051757807,62.2734375,24.75,1.0419933074111238,-2207.15185546875
10.067856201171708,30.516271591186523,12.254005432128906,13.508402824401855,19.01770782470703,0.5332320332527161,130.0,124.0,34.023921966552734,228.77085876464844,62.2734375,24.75,1.270052319759015,-2210.2158203125
10.087621826171926,30.576536178588867,12.30817699432373,13.511282920837402,19.022071838378903,0.6731445789337158,130.0,124.0,33.89437484741211,228.6817779541016,62.2734375,24.640625,1.1146864273740125,-2195.414794921875
10.10857983398455,30.56031608581543,12.26274871826172,13.446099281311035,18.97943687438965,0.6907241344451904,130.0,124.0,33.95891189575195,228.77810668945312,62.2734375,24.640625,1.3142374798913736,-2221.387451171875
10.131642089843808,30.78537368774414,12.316413879394531,13.498403549194336,18.99214172363281,0.6251771450042725,130.0,124.0,34.02159881591797,228.9130706787109,64.0859375,24.640625,1.2957076170879522,-2165.19970703125
10.14965673828101,30.511505126953125,12.28168487548828,13.552016258239746,19.015003204345703,0.5731571912765503,130.0,124.0,33.88405990600586,228.61866760253903,64.0859375,24.640625,1.0491202973687563,-2189.6640625
10.174299560547297,30.467941284179688,12.30636215209961,13.469676971435549,18.990745544433597,0.7799978852272034,130.0,124.0,33.88435745239258,228.93687438964844,64.0859375,24.6796875,1.2130364000979548,-2182.1220703125
10.19482324218734,30.494991302490234,12.315488815307615,13.525995254516602,19.01125144958496,0.5097887516021729,130.0,124.0,33.82749557495117,228.4964599609375,64.0859375,24.6796875,1.4296925396000573,-2196.923095703125
10.216589355468386,30.659608840942383,12.290550231933594,13.53051471710205,19.04915809631348,0.530494749546051,130.0,124.0,33.78999328613281,228.5675048828125,65.8125,24.6796875,1.261498998550586,-2202.06103515625
10.23516967773412,30.425094604492188,12.247321128845217,13.532469749450684,18.98540496826172,0.4676711559295654,130.0,124.0,33.91836929321289,228.9179229736328,65.8125,24.6796875,1.0947317887519112,-2187.071533203125
10.255696289062143,30.579853057861328,12.209083557128906,13.532644271850586,19.06362533569336,0.5466888546943665,130.0,124.0,33.90311813354492,228.45053100585935,65.8125,24.6875,0.9807030602940239,-2204.370849609375
10.278449951171751,30.551393508911133,12.264808654785156,13.44669246673584,19.07339859008789,0.4702079892158508,130.0,124.0,33.900447845458984,228.4933624267578,65.8125,24.6875,1.0876047987942787,-2223.2255859375
10.299943603515203,30.604623794555664,12.247809410095217,13.48461627960205,19.027341842651367,0.6981775164604187,130.0,124.0,33.795997619628906,228.45425415039065,67.2890625,24.6875,1.2315662629013762,-2201.306884765625
10.321850830077892,30.597980499267575,12.275907516479492,13.502277374267578,18.98814392089844,0.6446031332015991,130.0,124.0,33.86412811279297,228.7292022705078,67.2890625,24.6875,0.8909048533463939,-2177.73828125
10.339466796875058,30.47361183166504,12.242120742797852,13.517687797546388,18.98207092285156,0.5739660263061523,130.0,124.0,33.847164154052734,228.6228790283203,68.59375,24.6875,1.22444082837586,-2204.84228515625
10.366684814453038,30.381607055664062,12.222015380859377,13.511823654174805,19.0002384185791,0.5739660263061523,130.0,124.0,33.81917190551758,228.2759246826172,68.59375,24.6875,1.22444082837586,-2188.626953125
10.38128515624976,30.28228187561035,12.23646640777588,13.420654296875,18.98324012756348,0.5326688289642334,130.0,124.0,33.74915313720703,228.24371337890625,68.59375,24.75,1.1260893002198011,-2183.724853515625
10.403589599609404,30.632022857666016,12.177023887634276,13.39283561706543,19.00352096557617,0.6155245900154114,130.0,124.0,33.79658889770508,228.1470489501953,68.59375,24.75,0.9849789431821802,-2183.300537109375
10.424835693359455,30.730148315429688,12.217670440673828,13.476640701293944,19.011512756347656,0.5281391739845276,130.0,124.0,33.809574127197266,228.2836151123047,68.59375,24.75,1.1332162901774336,-2211.677001953125
10.444623291015887,30.3652458190918,12.30034065246582,13.486221313476562,18.947568893432617,0.4981563091278076,130.0,124.0,33.686954498291016,228.66598510742188,69.71875,24.75,1.0576720631450687,-2173.6845703125
10.462004394531505,30.458778381347656,12.2830810546875,13.48967742919922,18.96966361999512,0.6964502334594727,130.0,124.0,33.81494903564453,228.3219146728516,69.71875,24.6640625,0.8937559604158702,-2163.361572265625
10.484383544921911,30.582557678222656,12.22793197631836,13.48531436920166,18.98948860168457,0.5991939306259155,130.0,124.0,33.83751678466797,228.13088989257807,69.71875,24.6640625,0.8638232247666603,-2199.892822265625
10.505698730468794,30.568334579467773,12.202190399169922,13.472765922546388,18.916120529174805,0.6218137145042419,130.0,124.0,33.78409576416016,228.1488037109375,69.71875,24.6640625,1.1545972600503311,-2174.250244140625
10.525795654297326,30.62989616394043,12.244196891784668,13.394929885864258,18.968807220458984,0.5237664580345154,130.0,124.0,33.69196319580078,228.1863555908203,70.7109375,24.6640625,1.0305904345653352,-2189.711181640625
10.546733154296817,30.61953353881836,12.18742561340332,13.437355995178224,18.932350158691406,0.5978395342826843,130.0,124.0,33.75453186035156,228.2496337890625,70.7109375,24.6796875,0.9479192175753376,-2201.024169921875
10.56750805664069,30.68359375,12.22009563446045,13.464632987976074,19.02753448486328,0.5978395342826843,130.0,124.0,33.751930236816406,227.93467712402344,70.7109375,24.6796875,1.0391422003416475,-2166.849609375
10.586649658202987,30.65592193603516,12.267827033996582,13.545943260192873,18.991548538208008,0.6751751899719238,130.0,124.0,33.7579345703125,228.10618591308597,70.7109375,24.6796875,0.9293893547719163,-2156.57373046875
10.61383105468758,30.42116928100586,12.274633407592772,13.47021770477295,18.94718360900879,0.566996693611145,130.0,124.0,33.73489761352539,228.4425201416016,71.4140625,24.6796875,0.9450681105058614,-2202.862548828125
10.627999755859491,30.53001594543457,12.234546661376951,13.472801208496094,18.92861557006836,0.6036646962165833,130.0,124.0,33.615577697753906,228.175537109375,71.4140625,24.6796875,0.809659189891136,-2208.424560546875
10.651648193359506,30.574169158935547,12.258892059326172,13.459816932678224,18.93512535095215,0.4902534484863281,130.0,124.0,33.75709533691406,228.1544647216797,71.4140625,24.6796875,0.9693001874482352,-2155.395263671875
10.674205566406272,30.271778106689453,12.211055755615234,13.409379959106444,18.945281982421875,0.5955193042755127,130.0,124.0,33.666046142578125,228.1961212158203,71.4140625,24.6796875,0.812510296960611,-2196.45166015625
10.691942138671948,30.221330642700195,12.250916481018066,13.420741081237791,18.97350311279297,0.5730790495872498,130.1230066247041,124.0,33.687477111816406,228.10240173339844,72.046875,24.6796875,0.859547341878504,-2193.0107421875
10.711588867187857,30.38350486755371,12.249554634094238,13.513726234436035,19.01746368408203,0.6250350475311279,130.28709090056418,124.0,33.710689544677734,227.92593383789065,72.046875,24.6796875,0.9593220904211264,-2196.357421875
10.734952392577725,30.570537567138672,12.28105640411377,13.51498317718506,18.91695785522461,0.5481864213943481,130.4822168800478,124.0,33.61142349243164,227.9683380126953,72.046875,24.6796875,1.1845299956995412,-2182.687744140625
10.754480224609324,30.300695419311523,12.2240571975708,13.38039207458496,18.914810180664062,0.5981515645980835,130.64530816394358,124.0,33.64622116088867,228.1759033203125,72.046875,24.6796875,0.8809267563192851,-2148.371826171875
10.773451660155843,30.56009864807129,12.235174179077148,13.442608833312988,18.995981216430664,0.5567805767059326,130.80375257168606,124.0,33.708961486816406,228.0057373046875,72.640625,24.6796875,0.6699736086721935,-2181.32080078125
10.792373535156003,30.714746475219727,12.228891372680664,13.510218620300291,19.02369499206543,0.6012106537818909,130.96178306286026,124.0,33.62259292602539,228.07765197753903,72.640625,24.6796875,0.8509955761021916,-2204.889404296875
10.819443847656657,30.58905792236328,12.22744369506836,13.471317291259766,18.93793487548828,0.5818866491317749,131.0,124.0,33.58360290527344,227.8269195556641,72.640625,24.7109375,0.7298390799706135,-2213.79833984375
10.838325927734331,30.43836975097656,12.260497093200684,13.463132858276367,18.896713256835938,0.5330291986465454,131.0,124.0,33.741912841796875,227.81246948242188,72.640625,24.7109375,0.8224876162716616,-2225.77099609375
10.86077832031242,30.464733123779297,12.228141784667969,13.45964241027832,18.92140769958496,0.5330291986465454,131.0,124.0,33.759521484375,227.7347412109375,73.1484375,24.7109375,0.8410174790750827,-2156.715087890625
10.876973632812224,30.501972198486328,12.220043182373049,13.428821563720703,18.9094352722168,0.6932008266448975,131.0,124.0,33.71601486206055,227.8282623291016,73.1484375,24.7109375,0.785427890664819,-2166.3310546875
10.898906494140647,30.40167617797852,12.2537260055542,13.466570854187012,18.89435768127441,0.776179313659668,131.0,124.0,33.57669448852539,228.0421142578125,73.1484375,24.703125,0.742667506351139,-2172.22314453125
10.91808813476564,30.536516189575195,12.22030544281006,13.500654220581056,18.93266487121582,0.5480910539627075,131.0,124.0,33.61988830566406,227.97837829589844,73.1484375,24.703125,0.5659221995253582,-2176.795654296875
10.939214843750051,30.4945011138916,12.270864486694336,13.383254051208496,18.91765594482422,0.5731571912765503,131.0,124.0,33.61566162109375,227.547607421875,73.1484375,24.703125,0.7398163992816641,-2151.15283203125
10.961780029297188,30.481246948242188,12.189537048339844,13.395278930664062,18.93364143371582,0.7518420219421387,131.0,124.0,33.696746826171875,227.6343536376953,73.53125,24.703125,0.785427890664819,-2181.556396484375
10.980746337890196,30.63101959228516,12.236029624938965,13.423760414123535,18.9926815032959,0.5731312036514282,131.0,124.0,33.55833435058594,227.71484375,73.53125,24.640625,0.8894800775277141,-2187.11865234375
11.002446777343721,30.735002517700195,12.204092025756836,13.421630859375,18.910552978515625,0.5482102036476135,131.0,124.0,33.57918930053711,227.32554626464844,73.53125,24.640625,0.8353152649361302,-2193.19921875
11.02478295898436,30.640792846679688,12.282330513000488,13.5111083984375,18.95095443725586,0.5979435443878174,131.0,124.0,33.540653228759766,227.7217254638672,73.53125,24.7109375,0.5830265087940384,-2183.1591796875
11.04253881835939,30.6294059753418,12.25965976715088,13.44705867767334,18.93393898010254,0.5604186654090881,131.0,124.0,33.59978103637695,227.62794494628903,73.8125,24.7109375,0.6984807907866668,-2178.2568359375
11.064776855469063,30.54397773742676,12.214092254638672,13.448874473571776,18.900535583496094,0.5604186654090881,131.0,124.0,33.5851936340332,227.474853515625,73.8125,24.7109375,0.7797264542419247,-2191.926513671875
11.083536132812696,30.22926139831543,12.262085914611816,13.553709030151367,18.900901794433597,0.6594966650009155,131.0,124.0,33.54718017578125,227.5146484375,73.8125,24.7109375,0.9436433346871814,-2183.583251953125
11.107092041015676,30.48539352416992,12.225419044494627,13.492871284484863,18.92248916625977,0.5439997911453247,131.0,124.0,33.616973876953125,227.4243927001953,73.8125,24.7109375,0.62436211728904,-2199.562744140625
11.12994335937492,30.50726318359375,12.274109840393066,13.480148315429688,18.90055274963379,0.8471235036849976,131.0,124.0,33.57603073120117,227.6830596923828,74.0703125,24.7265625,0.6799509279832441,-2180.236572265625
11.145837402344114,30.606325149536133,12.184563636779783,13.460269927978516,18.931739807128903,0.5981776118278503,131.0,124.0,33.57721710205078,227.293212890625,74.0703125,24.7265625,0.6001308180627244,-2167.79248046875
11.171168212890734,30.64401054382324,12.230148315429688,13.497844696044922,18.890464782714844,0.712512195110321,131.0,124.0,33.54564666748047,227.2974853515625,74.328125,24.7265625,0.6172351273314061,-2191.36083984375
11.190785644531388,30.724082946777344,12.241073608398438,13.57102108001709,18.932559967041016,0.5582573413848877,131.0,124.0,33.49087905883789,227.6074676513672,74.328125,24.7265625,0.45474380042088747,-2159.873291015625
11.21124291992146,30.59406471252441,12.247687339782717,13.523307800292969,18.90645217895508,0.5193285346031189,131.0,124.0,33.51573181152344,227.46263122558597,74.328125,24.7734375,0.6585707358264062,-2161.240234375
11.23211840820295,30.78571128845215,12.288403511047363,13.53212070465088,18.85688781738281,0.4800773859024048,131.0,124.0,33.46676254272461,227.07989501953125,74.328125,24.7734375,0.7911293270877149,-2199.374267578125
11.251325927734797,30.72540283203125,12.21330738067627,13.403882026672363,18.88339614868164,0.5496633648872375,131.0,124.0,33.44887161254883,227.29502868652344,74.421875,24.7734375,0.4875268654235141,-2193.670654296875
11.274185058593503,30.677114486694336,12.267827033996582,13.420985221862791,18.85636329650879,0.4877729713916778,131.0,124.0,33.471961975097656,227.3657684326172,74.421875,24.7734375,0.4761239925777268,-2154.216796875
11.297173828124869,30.565519332885746,12.266762733459473,13.436203956604004,18.884933471679688,0.5716240406036377,131.0,124.0,33.43109130859375,227.1189422607422,74.421875,24.7265625,0.6300635537119329,-2172.6474609375
11.314428955078256,30.639223098754883,12.328142166137695,13.440689086914062,18.930587768554688,0.6457229256629944,131.0,124.0,33.53555679321289,227.16929626464844,74.421875,24.7265625,0.5203107081422018,-2175.19287109375
11.335609130859666,30.68896102905273,12.256972312927246,13.526762962341309,18.916940689086918,0.5985419750213623,131.0,124.0,33.47023391723633,227.2662811279297,74.5703125,24.7265625,0.614384797977988,-2176.5126953125
11.353802978515887,30.32033920288086,12.263534545898438,13.515872955322266,18.843238830566406,0.5507968068122864,131.0,124.0,33.453147888183594,227.04307556152344,74.5703125,24.7265625,0.7341149628587683,-2220.208984375
11.379550781250146,30.62613296508789,12.248891830444336,13.508176803588867,18.8428897857666,0.4953384399414062,131.0,124.0,33.45185852050781,226.90753173828125,74.5703125,24.6875,0.48182542900062114,-2157.516357421875
11.40001928710899,30.614505767822266,12.182486534118652,13.43899631500244,18.85039520263672,0.5456855893135071,131.0,124.0,33.45796585083008,227.1834259033203,74.5703125,24.6875,0.4020053190801,-2174.3916015625
11.420175292968452,30.541969299316406,12.283430099487305,13.521422386169434,18.896852493286133,0.4860721230506897,131.0,124.0,33.39018249511719,226.87648010253903,74.6328125,24.6875,0.3535427206274702,-2189.993896484375
11.439320556640268,30.638044357299805,12.21585464477539,13.462451934814451,18.88451385498047,0.4994805753231048,131.0,124.0,33.438716888427734,226.73715209960935,74.6328125,24.6875,0.5017808453387805,-2223.932861328125
11.461146728515814,30.640804290771484,12.28178882598877,13.478245735168455,18.916242599487305,0.4994805753231048,131.0,124.0,33.360843658447266,226.9141998291016,74.6328125,24.6171875,0.5488178902566722,-2166.708251953125
11.481153320312842,30.564483642578125,12.207512855529783,13.44480800628662,18.910675048828125,0.5752602815628052,131.0,124.0,33.347652435302734,226.88043212890625,74.6328125,24.6171875,0.31933410209010255,-2208.330322265625
11.501479736328292,30.658376693725582,12.246885299682615,13.54308032989502,18.88896369934082,0.4962368011474609,131.0,124.0,33.368263244628906,226.68423461914065,74.6328125,24.6171875,0.44619125692851824,-2215.21240234375
11.522674560546875,30.573339462280277,12.290933609008787,13.500950813293455,18.88180923461914,0.6003971099853516,131.0,124.0,33.3023796081543,226.86837768554688,74.84375,24.6171875,0.3335880820053676,-2216.34375
11.548749999999927,30.42561912536621,12.303813934326172,13.482730865478516,18.904321670532227,0.520980954170227,131.0,124.0,33.327598571777344,226.8427734375,74.84375,24.6796875,0.5017808453387805,-2190.5595703125
11.567001708984208,30.625391006469727,12.302085876464844,13.545943260192873,18.88346672058105,0.5324528813362122,131.0,124.0,33.32250213623047,226.73736572265625,74.84375,24.6796875,0.48895241895825514,-2199.374267578125
11.586557861328401,30.423131942749023,12.279101371765137,13.438908576965332,18.79765510559082,0.6629908084869385,131.0,124.0,33.28971099853516,226.7161865234375,74.84375,24.6796875,0.4789750996472031,-2173.96728515625
11.61065209960907,30.53340721130371,12.273900985717772,13.528281211853027,18.90018653869629,0.5730009078979492,131.0,124.0,33.22885513305664,226.59280395507807,74.9453125,24.6796875,0.201029490744059,-2199.93994140625
11.627960937499665,30.563556671142575,12.28644847869873,13.37857723236084,18.863170623779297,0.5730790495872498,131.0,124.0,33.25749206542969,226.70541381835935,74.9453125,24.6796875,0.20958125652037143,-2185.657470703125
11.649664550781381,30.559913635253903,12.311806678771973,13.523255348205566,18.913328170776367,0.4985029995441437,131.0,124.0,33.18152618408203,226.60411071777344,74.9453125,24.6640625,0.3164837727366845,-2214.552490234375
11.674533935546606,30.41208267211914,12.31838607788086,13.491910934448242,18.887794494628903,0.5864951014518738,131.0,124.0,33.2130241394043,226.7958831787109,74.9453125,24.7265625,0.08699998457011195,-2198.054443359375
11.690529296874956,30.57944869995117,12.269695281982422,13.494842529296877,18.911705017089844,0.7974938154220581,131.0,124.0,33.178314208984375,226.70252990722656,75.0546875,24.7265625,0.2152826929432658,-2227.468017578125
11.714912353515501,30.612106323242188,12.25550651550293,13.545855522155762,18.92500305175781,0.6599125266075134,131.0,124.0,33.25518798828125,226.36453247070312,75.0546875,24.7265625,0.44334092757509874,-2207.293212890625
11.73156494140585,30.48730087280273,12.274231910705566,13.48423194885254,18.891233444213867,0.6010554432868958,131.0,124.0,33.190059661865234,226.5919952392578,75.0546875,24.7265625,0.6614218428958811,-2208.943115234375
11.75354321289069,30.51519203186035,12.247251510620115,13.546274185180664,18.89763832092285,0.7577904462814331,131.0,124.0,33.169063568115234,226.52734375,75.0546875,24.7265625,0.4347883840827281,-2222.42431640625
11.777147705078278,30.584247589111328,12.322208404541016,13.473394393920898,18.806188583374023,0.5579633116722107,131.0,124.0,33.17414093017578,226.38314819335935,75.1640625,24.703125,0.2067309271669519,-2181.32080078125
11.799844482421577,30.565082550048828,12.26679801940918,13.445907592773438,18.841896057128903,0.562694787979126,131.0,124.0,33.21588897705078,226.24200439453125,75.1640625,24.703125,0.2765737177764239,-2185.18603515625
11.818713134765858,30.529787063598636,12.252836227416992,13.483848571777344,18.88521194458008,0.6054717302322388,131.0,124.0,33.28611373901367,226.5804748535156,75.3046875,24.703125,0.22953667285853227,-2210.498779296875
11.839699218749956,30.61828994750977,12.284250259399414,13.532766342163086,18.88084983825684,0.6549162864685059,131.0,124.0,33.23244857788086,226.42572021484372,75.3046875,24.703125,0.29225247351036887,-2220.256103515625
11.859814941406512,30.467395782470703,12.30285358428955,13.50620460510254,18.87652015686035,0.5167529582977295,131.0,124.0,33.25210189819336,226.25624084472656,75.3046875,24.765625,0.3464165083858945,-2182.1220703125
11.881254150390305,30.430212020874023,12.316327095031738,13.51032257080078,18.88992500305176,0.4954811632633209,131.0,124.0,33.12930679321289,226.4010772705078,75.3046875,24.765625,0.3107823363137901,-2181.2265625
11.902554687500015,30.60567092895508,12.270480155944824,13.506535530090332,18.88426971435547,0.4912106096744537,131.0,124.0,33.0984001159668,226.51971435546875,75.3828125,24.765625,0.17252153091352893,-2184.903076171875
11.92376684570354,30.591533660888672,12.241300582885742,13.424458503723145,18.87063980102539,0.6494733691215515,131.0,124.0,33.133358001708984,226.4029998779297,75.3828125,24.765625,0.07844821879380241,-2191.455322265625
11.940643310546875,30.436765670776367,12.296588897705078,13.497932434082031,18.883188247680664,0.6494733691215515,131.0,124.0,33.12416076660156,226.1698303222656,75.3828125,24.765625,0.12691003953037253,-2186.78857421875
11.963842041015596,30.545690536499023,12.224458694458008,13.457477569580078,18.805805206298828,0.5538211464881897,131.0,124.0,33.06002426147461,226.0751495361328,75.3828125,24.765625,0.32361076269431555,-2188.53271484375
11.982289794921599,30.462160110473636,12.276134490966797,13.526449203491213,18.82576942443848,0.5482340455055237,131.0,124.0,33.10506820678711,225.9252471923828,75.40625,24.765625,0.12405971017695591,-2160.86328125
12.003140380859804,30.64113044738769,12.26144027709961,13.411299705505373,18.78008079528809,0.6475469470024109,131.0,124.0,33.08251953125,226.03672790527344,75.40625,24.765625,0.3150582192019463,-2176.889892578125
12.025037597656592,30.348426818847656,12.196989059448242,13.55376148223877,18.77924346923828,0.5098568201065063,131.0,124.0,33.12628936767578,226.13771057128903,75.40625,24.703125,0.2181338000127421,-2203.09814453125
12.044292480468357,30.60057640075684,12.24993896484375,13.525768280029297,18.793100357055664,0.5306041836738586,131.0,124.0,33.091854095458984,226.31439208984372,75.40625,24.703125,0.3079312292443138,-2212.007080078125
12.066536376953081,30.42812728881836,12.29213809967041,13.408978462219238,18.805822372436523,0.5000447034835815,131.0,124.0,33.06541442871094,226.0904998779297,75.375,24.703125,0.33501363554010577,-2163.644287109375
12.088491699219048,30.36111068725586,12.293481826782228,13.412870407104492,18.788265228271484,0.6610201597213745,131.0,124.0,33.11581802368164,225.9095001220703,75.375,24.703125,-0.03558128738014462,-2196.546142578125
12.107162353515378,30.49737930297852,12.258926391601562,13.466535568237305,18.78035926818848,0.5980995297431946,131.0,124.0,33.000144958496094,225.5955810546875,75.375,24.6875,-0.034155733845406475,-2203.145263671875
12.127963623046526,30.414701461791992,12.193359375,13.517740249633787,18.80816078186035,0.5732353925704956,131.0,124.0,33.059326171875,225.6215057373047,75.375,24.6875,-0.01277554168856715,-2221.623046875
12.150076904296839,30.379413604736328,12.218175888061523,13.408245086669922,18.805524826049805,0.5979175567626953,131.0,124.0,33.019535064697266,225.7019500732422,75.375,24.6875,0.12263415664221776,-2186.6943359375
12.172632812499614,30.329315185546875,12.252731323242188,13.483237266540527,18.76189613342285,0.6354238986968994,131.0,124.0,32.9718017578125,225.69293212890625,75.515625,24.6875,0.11408161314984709,-2199.75146484375
12.190030029297304,30.61990547180176,12.191370010375977,13.491683959960938,18.79138946533203,0.5849644541740417,131.0,124.1001006662067,33.0324821472168,225.67361450195312,75.515625,24.6875,0.05279136603274574,-2189.004150390625
12.212302734375044,30.527103424072266,12.24091625213623,13.392416000366213,18.76360511779785,0.7078482508659363,131.0,124.27207964318166,32.92689895629883,225.761474609375,75.515625,24.703125,0.07559711172432466,-2168.310791015625
12.230491699218874,30.349145889282227,12.26398754119873,13.520654678344728,18.75076103210449,0.5943005084991455,131.0,124.41252596773403,32.94839859008789,225.9851531982422,75.515625,24.703125,0.2352381092814252,-2191.738037109375
12.252844482422006,30.4934196472168,12.261003494262695,13.462207794189451,18.78156471252441,0.5943005084991455,131.0,124.58512326897483,32.942481994628906,225.7208251953125,75.6875,24.703125,0.2737226107069476,-2184.0546875
12.272942382812289,30.312255859375,12.245977401733398,13.443411827087402,18.722732543945312,0.5944803953170776,131.0,124.74030946375451,32.95068359375,225.5641021728516,75.6875,24.703125,-0.16386399575329702,-2174.81591796875
12.295569091797006,30.462671279907227,12.27821159362793,13.37458038330078,18.755525588989254,0.6786302924156189,131.0,124.91502188641685,32.897926330566406,225.4937896728516,75.6875,24.6875,-0.0925956516090883,-2191.455322265625
12.316669921874563,30.49946403503418,12.245279312133787,13.485855102539062,18.714494705200195,0.6777064800262451,131.0,125.0,32.90670394897461,225.2898101806641,75.6875,24.6875,-0.00849965880041238,-2200.269775390625
12.334942626953307,30.343660354614254,12.215593338012695,13.509398460388184,18.7374267578125,0.5303095579147339,131.0,125.0,32.8532829284668,225.52073669433597,75.8671875,24.6875,-0.133931260104087,-2187.82568359375
12.354864501952761,30.45685768127441,12.21688461303711,13.378384590148926,18.76941680908203,0.5528255701065063,131.0,125.0,32.85955047607422,225.4390563964844,75.8671875,24.6875,0.002903991761434586,-2173.495849609375
12.377778808593575,30.20934295654297,12.26007843017578,13.438647270202637,18.76282119750977,0.519587516784668,131.0,125.0,32.90489196777344,225.36981201171875,75.8671875,24.765625,0.12548448599563727,-2173.920166015625
12.395541748046526,30.33700561523437,12.18803596496582,13.389955520629885,18.74974822998047,0.7312679886817932,131.0,125.0,32.861366271972656,225.33001708984372,75.8671875,24.765625,-0.2037740507135576,-2186.977294921875
12.417746826171424,30.2258358001709,12.21721649169922,13.411543846130373,18.733169555664062,0.5621452927589417,131.0,125.0,32.865116119384766,225.382568359375,75.984375,24.7890625,0.01430686460722477,-2195.839111328125
12.439733642578176,30.27891159057617,12.223010063171388,13.383672714233398,18.75198173522949,0.5915515422821045,131.0,125.0,32.910945892333984,225.40017700195312,75.984375,24.7890625,-0.13963269652697993,-2174.81591796875
12.458640136718714,30.30122947692871,12.194947242736816,13.491107940673828,18.75887680053711,0.560617983341217,131.0,125.0,32.81344223022461,225.2415771484375,75.984375,24.7890625,-0.20804993360171237,-2200.12841796875
12.478198730468648,30.2727165222168,12.26065444946289,13.404196739196776,18.69547271728516,0.5223580598831177,131.0,125.0,32.829673767089844,225.0186462402344,76.0,24.7890625,-0.1268042701464545,-2155.86669921875
12.49951464843707,30.54223251342773,12.235017776489258,13.453237533569336,18.751564025878903,0.5499318838119507,131.0,125.0,32.817928314208984,225.02127075195312,76.0,24.7265625,-0.08546866165145578,-2194.802001953125
12.519633300781607,30.441783905029297,12.237810134887695,13.438088417053224,18.829872131347656,0.5995596051216125,131.0,125.0,32.906532287597656,225.28489685058597,76.0,24.7265625,-0.11540139730066432,-2182.73486328125
12.540827148437529,30.24490165710449,12.255488395690918,13.37800121307373,18.713361740112305,0.5995596051216125,131.0,125.0,32.76953125,225.3422393798828,76.0,24.7265625,-0.18666974144487447,-2194.51904296875
12.563227050781279,30.007617950439453,12.166831970214844,13.413254737854004,18.715839385986328,0.5759347677230835,131.0,125.0,32.797630310058594,225.1177673339844,76.140625,24.7265625,-0.1096999608777714,-2200.0341796875
12.582741699218786,30.22111320495605,12.25030517578125,13.458141326904297,18.73845672607422,0.527381420135498,131.0,125.0,32.74555206298828,225.1169586181641,76.140625,24.7265625,0.01858274749537954,-2200.788330078125
12.606895019531294,30.12934684753418,12.257513046264648,13.538159370422363,18.74859619140625,0.5390686988830566,131.0,125.0,32.66471481323242,225.09759521484372,76.140625,24.6875,-0.2850197141688169,-2194.66064453125
12.624161621093663,30.319107055664062,12.248071670532228,13.43198013305664,18.67295837402344,0.6053845882415771,131.0,125.0,32.761924743652344,224.9750213623047,76.140625,24.6875,-0.4261308489224947,-2171.32763671875
12.64666650390609,30.313064575195312,12.205698013305664,13.46297550201416,18.68514060974121,0.6732206344604492,131.0,125.0,32.774959564208984,225.13018798828125,76.203125,24.6875,-0.34488518546723684,-2165.9541015625
12.66509912109359,30.54918098449707,12.302522659301758,13.469554901123049,18.747426986694336,0.7014431357383728,131.0,125.0,32.672828674316406,225.2005615234375,76.203125,24.6875,-0.29927369408408194,-2153.83984375
12.686515869140749,30.32379722595215,12.23992156982422,13.542190551757812,18.762401580810547,0.6244260668754578,131.0,125.0,32.70829391479492,224.87814331054688,76.203125,24.6875,-0.16386399575329702,-2202.39111328125
12.708348144531556,30.24065971374512,12.309014320373535,13.51894474029541,18.766624450683597,0.5457635521888733,131.0,125.0,32.64497756958008,224.87237548828125,76.203125,24.6875,-0.28074383128066066,-2206.25634765625
12.72570947265649,30.444957733154297,12.344511985778809,13.668230056762695,18.789295196533203,0.5729228258132935,131.0,125.0,32.54452133178711,224.8913116455078,76.1640625,24.6875,-0.41045209318854975,-2198.572998046875
12.746831542968721,30.31874656677246,12.316361427307127,13.624512672424316,18.807113647460938,0.5457895398139954,131.0,125.0,32.6341552734375,224.7753448486328,76.1640625,24.6875,-0.16671432510671508,-2193.95361328125
12.769726806640392,30.25777244567871,12.37069034576416,13.62187671661377,18.80526351928711,0.6055299639701843,131.0,125.0,32.543701171875,224.9639129638672,76.1640625,24.7109375,-0.09829708803198411,-2238.450927734375
12.788774658202783,30.25923538208008,12.372225761413574,13.58161449432373,18.86686897277832,0.4911170601844787,131.0,125.0,32.64656448364258,224.5679473876953,76.1640625,24.7109375,-0.3705412605122324,-2246.935791015625
12.8132893066404,30.13592529296875,12.425682067871094,13.576658248901367,18.915998458862305,0.5278186202049255,131.0,125.0,32.52162551879883,224.6712188720703,76.1640625,24.7109375,-0.021327307464881033,-2222.000244140625
12.83068359375011,30.41625022888184,12.387898445129396,13.68299388885498,18.91474151611328,0.5374600887298584,131.0,124.8976314058197,32.49055862426758,224.53770446777344,76.1640625,24.7109375,-0.1268042701464545,-2248.161376953125
12.849443359375073,30.293113708496094,12.456205368041992,13.688858032226562,18.902698516845703,0.5374600887298584,131.0,124.73816169863048,32.50996780395508,224.68295288085935,76.1640625,24.7265625,-0.03700684091488277,-2250.2353515625
12.87274121093742,30.37655639648437,12.526153564453123,13.731685638427734,19.01688766479492,0.6256058812141418,131.0,124.54011543083178,32.55717468261719,225.0048370361328,76.1640625,24.7265625,-0.3605639412011818,-2249.339599609375
12.891552490234062,30.13834571838379,12.545159339904783,13.721022605895996,19.10228157043457,0.6261447668075562,131.0,124.38020782530555,32.43364715576172,224.7689514160156,76.1640625,24.7265625,-0.4717423403056511,-2246.27587890625
12.912572753905806,30.183732986450195,12.531407356262209,13.748963356018066,19.217849731445312,0.5659278035163879,131.0,124.2015224749765,32.470855712890625,224.4618377685547,76.1640625,24.7265625,-0.28359416063408016,-2262.01953125
12.934180419922086,30.2271671295166,12.341387748718262,13.385068893432615,18.90847587585449,0.4701436758041382,131.0,124.01784383839683,32.46342086791992,224.4527740478516,76.1640625,24.7265625,-0.25366142498486877,-2110.002197265625
12.95593408203149,30.268014907836918,11.913566589355469,12.78649616241455,18.385662078857425,0.6576938629150391,131.9214577586503,124.7678814655419,32.33863830566406,224.5472412109375,76.1640625,24.7265625,-0.3406093025790806,-1970.1932373046875
12.97594970703085,30.07081794738769,11.327314376831056,12.192007064819336,17.885379791259766,0.6980583667755127,132.8598441058981,125.54987008824843,32.08003234863281,224.63409423828125,76.1640625,24.7265625,-0.346310739001975,-1791.21337890625
12.996694824219048,29.981157302856445,10.387221336364746,11.393729209899902,17.33031463623047,0.5490314364433289,133.83243100942002,126.36035917451669,32.04619216918945,224.2313995361328,76.1875,24.7265625,-0.544436237984598,-1691.6124267578125
13.01757739257846,29.62868881225586,9.551997184753418,10.473774909973145,16.83896827697754,0.5968725681304932,134.81146199365892,127.17621832804912,31.86228370666504,224.4002227783203,76.1875,24.7265625,-0.23655711571618565,-1253.7550048828125
13.038063476562456,29.62557029724121,9.031330108642578,8.94441032409668,16.28910255432129,0.646395206451416,135.77190472375153,127.97658726979294,31.71449851989746,224.3943023681641,76.1875,24.7265625,-1.2471400269674597,-1081.75146484375
13.061178466797173,29.022031784057617,7.797045707702637,8.418350219726562,15.823846817016602,0.5994027853012085,136.8555976512871,128.87966470940592,31.577220916748047,224.43511962890625,76.1875,24.7265625,-0.43895927530302303,-867.5128784179688
13.079144287109557,29.171541213989254,7.174947261810303,7.228237628936768,15.560145378112791,0.6577035188674927,120.98083030330925,113.91625627099921,31.371564865112305,224.05572509765625,76.125,24.765625,-1.8714492595645387,-670.3380126953125
13.101129638672319,29.090412139892575,6.475064754486084,5.58424711227417,15.04152011871338,0.602837324142456,97.32147404918612,91.63846826529203,31.227548599243164,224.0780792236328,76.125,24.765625,1.210186848460595,-174.83184814453125
13.121070800781126,28.85716438293457,5.225701808929443,4.109419822692871,14.894259452819824,0.639679491519928,75.86195555453276,71.43206033966953,31.041160583496094,224.14198303222656,76.0078125,24.765625,-0.6541890835543277,-129.6272735595703
13.142689697265268,29.00199508666992,4.221157073974609,4.004584789276123,14.960437774658203,0.7016271352767944,52.59695693530324,49.52560178579647,30.81464958190918,224.195068359375,76.0078125,24.765625,-0.45606358457170615,-146.59666442871094
13.1665607910154,29.06891250610352,3.0212883949279785,3.9510068893432617,14.972811698913574,0.6250634789466858,26.908274650588368,25.336988539605088,30.57326889038086,223.93804931640625,76.0078125,24.7265625,-0.7439865127858993,-107.56707763671876
13.188146972655886,28.98829460144043,2.3404459953308105,3.90566635131836,15.11483669281006,0.6351801156997681,3.6784818428683366,3.463679983430751,30.35946273803711,223.87258911132807,76.0078125,24.7265625,-0.6883977020916938,-132.69119262695312
13.209866455078554,29.130245208740234,1.8366554975509644,3.917830467224121,15.115604400634766,0.6380542516708374,0.0,0.0,30.078134536743164,223.78707885742188,75.4296875,24.7265625,-1.2514159098556161,-125.80916595458984
13.226612548827688,29.53184127807617,1.620022177696228,3.892455101013184,15.01511573791504,0.6380542516708374,0.0,0.0,29.888795852661133,223.560302734375,75.4296875,24.7265625,-0.45891391392512565,-118.64431762695312
13.245619628905843,30.45743560791016,1.5786256790161133,3.4872515201568604,14.943300247192385,0.5788921117782593,0.0,0.0,29.753246307373047,223.8149261474609,75.4296875,24.6640625,-0.9620674281066832,-121.99105834960938
13.26837036132838,31.28081703186035,1.5210685729980469,2.773599147796631,14.962043762207031,0.5153124928474426,0.0,0.0,29.3983211517334,223.6842193603516,75.4296875,24.6640625,-0.614279028594067,-111.95083618164062
13.285882324218619,31.94408416748047,1.4837559461593628,2.418151617050171,14.652826309204102,0.3401206731796264,0.0,0.0,29.256750106811523,223.465087890625,74.21875,24.6640625,-0.8907990839624744,-107.4256591796875
13.310187988281541,32.46961212158203,1.43227219581604,2.0509588718414307,14.400590896606444,0.4092873632907867,0.0,0.0,28.954200744628903,223.38368225097656,74.21875,24.6640625,-0.4831452131514398,-90.88050842285156
13.329871337890836,32.663307189941406,1.365954041481018,1.8242383003234863,13.473952293395996,0.1650177091360092,0.0,0.0,28.817758560180664,223.50669860839844,74.21875,24.6796875,-0.9250077024998407,-76.8807601928711
13.349079833984433,32.84148406982422,1.279391527175903,1.6234863996505735,12.453265190124512,0.1637992560863495,0.0,0.0,28.487932205200195,223.1768035888672,74.21875,24.6796875,-0.9093289467658957,-63.258113861083984
13.372532226562726,32.89777755737305,1.2323755025863647,1.4887211322784424,12.222530364990234,0.0494737401604652,0.0,0.0,28.28688240051269,223.2794952392578,72.3046875,24.6796875,-0.5344581409574877,-59.06290435791016
13.391654052734339,32.890220642089844,1.2192689180374146,1.373973369598389,10.659220695495604,0.0996485874056816,0.0,0.0,28.157405853271484,223.21804809570312,72.3046875,24.6796875,-0.5957491657906459,-48.17420959472656
13.410854980468685,32.90518569946289,1.1411182880401611,1.3010234832763672,9.585304260253906,0.0548873730003833,0.0,0.0,28.0838623046875,223.4251251220703,72.3046875,24.6796875,-1.0162314629822102,-43.036258697509766
13.434518554687202,32.95842361450195,1.132636547088623,1.2811280488967896,8.5188570022583,0.0542688481509685,0.0,0.0,27.91735076904297,223.12954711914065,72.3046875,24.6796875,-0.7639419291240617,-41.43359375
13.452932617187798,32.99185562133789,1.107522964477539,1.2223143577575684,7.646041393280029,0.0,0.0,0.0,27.851661682128903,223.13754272460935,72.3046875,24.6796875,-0.791023557703794,-33.703094482421875
13.474024658203234,33.00434494018555,1.107662558555603,1.1490154266357422,6.783103466033936,0.0542791299521923,0.0,0.0,27.830650329589844,223.12789916992188,69.984375,24.6796875,-0.8494634754674757,-30.54490089416504
13.494413330077805,33.057640075683594,1.0516587495803833,1.1920000314712524,6.135228157043457,0.0,0.0,0.0,27.775711059570312,223.3709259033203,69.984375,24.703125,-0.9064786174124777,-30.639175415039062
13.515374755859739,33.09498596191406,1.081205129623413,1.174425721168518,5.529098033905029,0.054276555776596,0.0,0.0,27.763824462890625,223.28707885742188,69.984375,24.703125,-0.9079033932311575,-26.63251304626465
13.535746337890487,33.12418746948242,1.019965648651123,1.1616332530975342,4.718237400054932,0.0,0.0,0.0,27.77450561523437,222.9484405517578,69.984375,24.703125,-0.7838973454622197,-24.13424301147461
13.558260009765945,33.160587310791016,1.117645263671875,1.1066590547561646,4.028616428375244,0.0,0.0,0.0,27.732097625732425,223.00364685058597,67.8984375,24.703125,-0.7425617369672209,-20.693227767944336
13.579008544921635,33.19831466674805,1.0567197799682615,1.0400792360305786,3.4271116256713867,0.0,0.0,0.0,27.81974220275879,222.8963165283203,67.8984375,24.6875,-0.9221573731464227,-23.6157341003418
13.599168212890618,33.23225784301758,1.027976155281067,1.0811265707015991,2.928416967391968,0.0,0.0,0.0,27.771730422973636,223.3271331787109,67.8984375,24.6875,-0.7482631733901167,-26.06686782836914
13.623039062499629,33.255821228027344,1.06371808052063,1.043953537940979,2.410926342010498,0.0,0.0,0.0,27.802534103393555,223.13414001464844,67.8984375,24.6875,-0.8694188918056351,-20.0804443359375
13.647859130859615,33.27941131591797,1.0253233909606934,0.9990492463111876,2.05622935295105,0.0,0.0,0.0,27.771137237548828,223.0433349609375,66.3984375,24.6875,-0.9022019568082632,-23.191499710083008
13.667319824218794,33.31430435180664,1.0417284965515137,0.9960300326347352,1.8156343698501587,0.0969307869672775,0.0,0.0,27.8961124420166,222.8932342529297,66.3984375,24.7421875,-0.7625163755893206,-22.86153793334961
13.690777099609477,33.35585403442383,1.044136881828308,1.0288749933242798,1.5097160339355469,0.0,0.0,0.0,27.927509307861328,222.97286987304688,66.3984375,24.7421875,-0.8551649118903687,-19.75048446655273
13.711630371093634,33.375301361083984,1.0475225448608398,1.0528541803359983,1.365229845046997,0.0,0.0,0.0,28.028539657592773,223.0445709228516,66.3984375,24.7421875,-0.9720447474177323,-21.73024559020996
13.729172607421788,33.40319061279297,1.072217345237732,1.03868305683136,1.2640249729156494,0.0,0.0,0.0,28.08211708068848,223.02734375,65.328125,24.7421875,-0.8124045275766915,-23.050086975097656
13.748644287109528,33.437747955322266,1.0632120370864868,1.014319896697998,1.1918952465057373,0.0,0.0,0.0,28.21220588684082,222.92950439453125,65.328125,24.765625,-0.699800574937484,-20.36326789855957
13.7687419433596,33.47002410888672,1.042793035507202,1.0077403783798218,1.1727328300476074,0.0,0.0,0.0,28.2482967376709,222.90933227539065,65.328125,24.765625,-0.7838973454622197,-21.25887489318848
13.78899755859402,33.500770568847656,1.0426534414291382,1.0181593894958496,1.1572877168655396,0.0,0.0,0.0,28.446308135986328,222.80751037597656,65.328125,24.765625,-0.8138293033953714,-22.2958927154541
13.81036499023412,33.532020568847656,1.0575226545333862,0.984790861606598,1.1804815530776978,0.0,0.0,0.0,28.37061882019043,223.09689331054688,64.5390625,24.703125,-0.8181059639995858,-22.390167236328125
13.833106933593626,33.55385971069336,1.0426534414291382,1.0089272260665894,1.1787538528442385,0.0,0.0,0.0,28.45882225036621,223.28445434570312,64.5390625,24.703125,-0.7439865127858993,-22.10734367370605
13.852189453124993,33.60871124267578,1.0621649026870728,0.998176634311676,1.1339890956878662,0.0,0.0,0.0,28.537443161010746,223.24728393554688,63.6484375,24.703125,-0.8138293033953714,-22.48444175720215
13.874657470702914,33.64670181274414,1.0550967454910278,1.0047037601470947,1.1742511987686155,0.0,0.0,0.0,28.823606491088867,223.01751708984372,63.6484375,24.703125,-0.7938746647732702,-22.531578063964844
13.893586425780995,33.680419921875,1.0425312519073486,1.0074785947799685,1.1537798643112185,0.0,0.0,0.0,28.958667755126957,223.0559844970703,63.6484375,24.7421875,-0.7568149391664277,-21.918794631958008
13.914592285156687,33.7103157043457,1.0547127723693848,0.977757692337036,1.13800311088562,0.0,0.0,0.0,29.03529930114746,222.93771362304688,63.6484375,24.7421875,-0.7724936949003727,-21.871658325195312
13.93518554687489,33.727561950683594,1.0676448345184326,0.9915448427200316,1.1518077850341797,0.0,0.0,0.0,28.97360610961914,223.0414276123047,63.0390625,24.7421875,-0.8537401360716902,-22.767263412475582
13.955856445312747,33.77422332763672,1.0415713787078855,1.0085257291793823,1.1551237106323242,0.0,0.0,0.0,29.15083312988281,222.9253387451172,63.0390625,24.7421875,-0.667017509934856,-21.824520111083984
13.978776855468823,33.785850524902344,1.054677963256836,1.0294508934020996,1.1609526872634888,0.0,0.0,0.0,29.234045028686523,223.18539428710935,63.0390625,24.7421875,-0.852314582536952,-21.25887489318848
13.997715576171686,33.819862365722656,1.0571037530899048,1.018316388130188,1.1439368724822998,0.0,0.0,0.0,29.27148056030273,223.1833648681641,63.0390625,24.7421875,-0.8024264305495826,-23.097225189208984
14.020989990234739,33.847347259521484,1.0545731782913208,0.9906547665596008,1.1327500343322754,0.0,0.0,0.0,29.351131439208984,223.0491485595703,62.765625,24.7421875,-0.867993338270897,-21.541696548461918
14.037684082030864,33.8876838684082,1.0411700010299685,0.9685603976249696,1.163570523262024,0.0,0.0,0.0,29.464168548583984,223.13589477539065,62.765625,24.7421875,-0.8280832833106364,-22.15447998046875
14.061611572265974,33.91872787475586,1.0545034408569336,0.991789162158966,1.1778113842010498,0.0,0.0,0.0,29.50174331665039,223.1522216796875,62.765625,24.703125,-0.8608663483132645,-21.77738380432129
14.084125732421853,33.94035720825195,1.0982908010482788,0.9996077418327332,1.1574273109436035,0.0,0.0,0.0,29.644397735595703,223.11343383789065,62.765625,24.703125,-0.9164559367235268,-21.683109283447266
14.102434326171533,33.95927047729492,1.0493026971817017,1.0036392211914062,1.1641987562179563,0.0,0.0,0.0,29.70492172241211,223.3300628662109,62.765625,24.703125,-0.8580160189598464,-21.683109283447266
14.123079345703445,34.00462341308594,1.081117868423462,1.005698561668396,1.1552457809448242,0.0,0.0,0.0,29.848604202270508,223.3829803466797,62.625,24.703125,-0.7511135027435334,-22.531578063964844
14.144913574218663,34.03103256225586,1.0718333721160889,0.9311081171035768,1.1476192474365234,0.0,0.0,0.0,29.848289489746094,223.36949157714844,62.625,24.796875,-0.8252321762411601,-21.635971069335938
14.164949462890945,34.03816604614258,1.0332292318344116,0.990148663520813,1.1239891052246094,0.0,0.0,0.0,29.92010498046875,223.13546752929688,62.625,24.796875,-0.8337847197335307,-21.965930938720703
14.185277832030806,34.09663009643555,1.020628809928894,1.0255764722824097,1.1192944049835205,0.0,0.0,0.0,29.943735122680664,222.9353790283203,62.625,24.796875,-0.7895987818851126,-22.57871627807617
14.206048339843619,34.13166427612305,1.0445556640625,0.9909165501594543,1.122907042503357,0.0,0.0,0.0,30.05541229248047,223.072998046875,62.671875,24.796875,-0.8181059639995858,-21.44742202758789
14.22729028320282,34.14122009277344,1.071711182594299,0.9922603964805604,1.1681255102157593,0.0,0.0,0.0,30.073213577270508,223.17526245117188,62.671875,24.7890625,-0.8565904654251097,-22.15447998046875
14.24725732421848,34.184818267822266,1.0384299755096436,0.9596947431564332,1.195612549781799,0.0,0.0,0.0,30.229427337646484,223.184326171875,62.671875,24.7890625,-0.8209562933530025,-22.67298889160156
14.270731689452987,34.223289489746094,1.0235258340835571,1.001126050949097,1.1656298637390137,0.0,0.0,0.0,30.29755973815918,223.1829376220703,62.671875,24.7890625,-0.8808217646514254,-21.541696548461918
14.287526855468968,34.25619888305664,1.040402054786682,0.976326584815979,1.1774449348449707,0.0,0.0,0.0,30.31967163085937,223.05487060546875,62.6953125,24.7890625,-0.852314582536952,-22.01306915283203
14.310391113281185,34.28459167480469,1.0226707458496094,0.9920509457588196,1.1672353744506836,0.0,0.0,0.0,30.36174964904785,223.10565185546875,62.6953125,24.765625,-0.8038519840843222,-21.73024559020996
14.330912841796817,34.30405044555664,1.0667024850845337,0.976326584815979,1.1644779443740845,0.0,0.0,0.0,30.480876922607425,223.19216918945312,62.6953125,24.765625,-0.8822473181861605,-20.22185516357422
14.350312988281075,34.33709716796875,1.0414317846298218,1.0002360343933103,1.180010437965393,0.0,0.0,0.0,30.49904441833496,223.26622009277344,62.6953125,24.765625,-0.8010016547309028,-20.74036407470703
14.371416992187733,34.369625091552734,1.057400465011597,0.9762742519378662,1.180446743965149,0.0,0.0,0.0,30.566165924072266,223.3403167724609,62.6875,24.765625,-0.8010016547309028,-20.92891311645508
14.393287597656126,34.41275405883789,1.0163006782531738,1.0274264812469482,1.1105858087539673,0.0,0.0,0.0,30.70791244506836,223.52130126953125,62.6875,24.7734375,-0.8451875925793195,-19.79762077331543
14.41296264648463,34.4318733215332,1.046649932861328,0.995506465435028,1.176938772201538,0.0,0.0,0.0,30.704822540283203,223.36746215820312,62.6875,24.7734375,-0.7981505476614265,-21.965930938720703
14.434071289062558,34.476837158203125,1.063159704208374,0.9904104471206664,1.138596534729004,0.0,0.0,0.0,30.77365493774414,223.30078125,62.6875,24.7734375,-0.8537401360716902,-21.871658325195312
14.456572021484135,34.51340866088867,1.0225834846496582,0.959677278995514,1.150551199913025,0.0,0.0,0.0,30.86414337158203,223.3448944091797,62.734375,24.7734375,-0.8508890290022139,-21.25887489318848
14.475745605468546,34.5575065612793,1.0397562980651855,0.993796169757843,1.1381077766418457,0.0,0.0,0.0,30.927303314208984,223.1711578369141,62.734375,24.7734375,-0.8124045275766915,-21.541696548461918
14.49560766601553,34.60248947143555,1.0306812524795532,1.00493061542511,1.155298113822937,0.0,0.0,0.0,31.036256790161133,222.95846557617188,62.734375,24.7421875,-0.8280832833106364,-19.279111862182617
14.517294677734753,34.61529541015625,1.017400145530701,0.982644259929657,1.1466244459152222,0.0,0.0,0.0,31.094144821166992,223.0806884765625,62.734375,24.7421875,-0.8081278669724771,-22.060205459594727
14.537034667968328,34.638179779052734,1.042548656463623,1.0039358139038086,1.1444952487945557,0.0,0.0,0.0,31.18208694458008,223.23959350585935,62.6640625,24.765625,-0.7895987818851126,-19.891895294189453
14.562582031249804,34.69651412963867,1.0569815635681152,0.990462839603424,1.1278809309005735,0.0,0.0,0.0,31.235471725463867,223.2043914794922,62.6640625,24.765625,-0.8380606026216885,-20.693227767944336
14.581020019531024,34.708282470703125,1.0680986642837524,1.0142849683761597,1.1418076753616333,0.0,0.0,0.0,31.359033584594727,223.0810089111328,62.640625,24.765625,-0.8166804104648477,-22.248754501342773
14.59961035156266,34.73076248168945,1.0651142597198486,0.996623396873474,1.1602720022201538,0.0,0.0,0.0,31.3864860534668,223.0265350341797,62.640625,24.765625,-0.8922246374972126,-21.77738380432129
14.62042163085971,34.78202819824219,1.0696169137954712,0.9889444708824158,1.150795578956604,0.0,0.0,0.0,31.45069122314453,223.1783599853516,62.640625,24.7734375,-0.8850976475395801,-20.74036407470703
14.64221386718782,34.823665618896484,1.0416935682296753,0.9850177764892578,1.1447919607162476,0.0,0.0,0.0,31.50257682800293,223.21458435058597,62.640625,24.7734375,-0.8850976475395801,-19.98616981506348
14.662583251953038,34.84391784667969,1.042426586151123,0.9919636845588684,1.133517861366272,0.0,0.0,0.0,31.532787322998047,223.0191802978516,62.640625,24.7734375,-0.8836720940048419,-22.15447998046875
14.68390380859364,34.86407852172852,1.0050615072250366,1.0363095998764038,1.133622646331787,0.0,0.0,0.0,31.686662673950195,222.9290771484375,62.5703125,24.7734375,-0.8665677847361588,-20.551816940307617
14.703898681640567,34.908897399902344,1.0404893159866333,0.964965283870697,1.1458216905593872,0.0,0.0,0.0,31.69840812683105,223.02882385253903,62.5703125,24.703125,-0.8537401360716902,-20.646089553833008
14.723355468750015,34.934505462646484,1.0360215902328491,0.9807419776916504,1.179085373878479,0.0,0.0,0.0,31.802614212036133,223.3464508056641,62.5703125,24.703125,-0.7838973454622197,-19.65620994567871
14.744549560547057,34.960697174072266,1.060402274131775,0.9907071590423584,1.1898359060287476,0.0,0.0,0.0,31.846908569335938,223.24978637695312,62.5703125,24.703125,-0.8494634754674757,-21.541696548461918
14.764567626953067,34.99593734741211,1.0417284965515137,0.9809862971305848,1.1458914279937744,0.0,0.0,0.0,31.8984432220459,223.1551513671875,62.484375,24.703125,-0.8323591661987927,-21.117462158203125
14.78533789062476,35.04134750366211,1.0417633056640625,0.9495550394058228,1.1265021562576294,0.0,0.0,0.0,31.909334182739254,223.05213928222656,62.484375,24.6796875,-0.8451875925793195,-20.50467872619629
14.806872802734688,35.076534271240234,1.046597599983215,0.987391233444214,1.160900354385376,0.0,0.0,0.0,31.999265670776367,223.14378356933597,62.484375,24.6796875,-0.8722692211590547,-20.268993377685547
14.828746337891062,35.08793258666992,1.0017281770706177,0.990602433681488,1.121702790260315,0.0,0.0,0.0,32.14207458496094,222.94390869140625,62.484375,24.6796875,-0.8751203282285295,-19.420522689819336
14.84760009765614,35.13151931762695,1.0375748872756958,0.9655411839485168,1.165507674217224,0.0,0.0,0.0,32.24226760864258,222.85140991210935,62.359375,24.6796875,-0.8537401360716902,-19.184837341308597
14.867441406249782,35.15968322753906,1.0431770086288452,0.9874959588050842,1.1623313426971436,0.0,0.0,0.0,32.36188507080078,223.1409149169922,62.359375,24.765625,-0.9563659916837873,-21.164600372314453
14.891570556640545,35.2249641418457,1.0151838064193726,0.9771991968154908,1.16594398021698,0.0,0.0,0.0,32.39738464355469,223.19500732421875,62.359375,24.765625,-0.9207318196116845,-20.74036407470703
14.910117431640174,35.24580764770508,1.0554633140563965,0.9772515892982484,1.1664152145385742,0.0,0.0,0.0,32.53789138793945,222.8307647705078,62.359375,24.765625,-0.8238074004224788,-19.79762077331543
14.930557128906003,35.26222610473633,1.0403846502304075,0.9910736680030824,1.1684919595718384,0.0,0.0,0.0,32.48511505126953,223.0095672607422,62.2109375,24.765625,-0.8238074004224788,-20.410404205322266
14.953257812499942,35.3084716796875,1.0576796531677246,0.9945117235183716,1.1480555534362793,0.0,0.0,0.0,32.52366638183594,223.0167236328125,62.2109375,24.7734375,-0.8181059639995858,-19.65620994567871
14.97186352539029,35.36167907714844,1.0408906936645508,0.9766058325767516,1.1370606422424316,0.0,0.0,0.0,32.63148498535156,223.24728393554688,62.2109375,24.7734375,-0.8594415724945845,-20.03330612182617
14.992988037109171,35.36993789672852,1.0389186143875122,0.983237624168396,1.1453853845596311,0.0,0.0,0.0,32.717979431152344,223.0326232910156,62.2109375,24.7734375,-0.8651430089174804,-20.92891311645508
