Time(s),P_Fuel_Tank(bar),P_Chamber(bar),P_Fuel_Injector(bar),P_Ox_Injector(bar),Fuel_Flow_Rate(L/s),Ox_Valve_Angle(deg),Fuel_Valve_Angle(deg),P_Angle(deg),I_Angle(deg),P_Ox_Tank(bar),P_N2_Tank(bar),Ox_Mass(kg),Thrust(N)
-0.9989957031248196,49.087322,1.03281,1.113797,1.13542,0.0,0.0,0.0,0.0,0.0,48.217018,187.471817,6.083503465851172,32.477528
-0.993474707031055,49.107685,1.031362,1.085018,1.114006,0.0,0.0,0.0,0.0,0.0,48.219883,187.580429,6.070675739041793,31.959017
-0.988299658203232,49.09454,1.052636,1.068334,1.141302,0.0,0.0,0.0,0.0,0.0,48.270561,187.485855,6.072100611620795,33.514545
-0.9824837402343292,49.05476,1.016946,1.038055,1.146537,0.0,0.0,0.0,0.0,0.0,48.209339,187.433472,6.069250968399593,33.608818
-0.976483740234471,49.062439,1.032008,1.06542,1.120027,0.0,0.0,0.0,0.0,0.0,48.221939,187.463287,6.0649735983690105,32.807487
-0.9706597656249869,49.093231,0.998587,1.065786,1.156904,0.0,0.0,0.0,0.0,0.0,48.241627,187.489807,6.104884403669724,31.959017
-0.9653978027345147,49.07637,1.011065,1.070795,1.125106,0.0,0.0,0.0,0.0,0.0,48.266338,187.403488,6.057848114169215,33.325996
-0.9594439453126142,49.082283,1.04117,1.04336,1.105647,0.0,0.0,0.0,0.0,0.0,48.217247,187.473587,6.067824668705403,32.524662
-0.9534988769528354,49.105122,1.064905,1.138125,1.099364,0.0,0.0,0.0,0.0,0.0,48.219025,187.540207,6.087779306829765,31.629057
-0.9484468749997177,49.081902,1.032688,1.108387,1.13446,0.0,0.0,0.0,0.0,0.0,48.213757,187.451599,6.036467176350664,33.23172
-0.9424839843750306,49.044334,1.030489,1.096589,1.110865,0.0,0.0,0.0,0.0,0.0,48.192116,187.424774,6.086354536187562,32.666073
-0.9364839843747177,49.076096,1.032322,1.061563,1.137968,0.0,0.0,0.0,0.0,0.0,48.192497,187.507828,6.106309174311927,30.780586
-0.9296041015622905,49.078682,1.018535,1.075437,1.118317,0.0,0.0,0.0,0.0,0.0,48.164173,187.478119,6.062124057084607,32.713211
-0.9244839843750015,49.087341,1.059006,1.086956,1.127514,0.0,0.0,0.0,0.0,0.0,48.23222,187.351532,6.08207869520897,33.23172
-0.9184849609373487,49.096081,1.032217,1.139469,1.105699,0.0,0.0,0.0,0.0,0.0,48.200703,187.471069,6.107735474006117,32.194702
-0.9124991210937878,49.105732,1.029425,1.113692,1.09898,0.0,0.0,0.0,0.0,0.0,48.209446,187.526611,6.084929765545362,32.524662
-0.9074390625000888,49.081661,1.03309,1.055978,1.103867,0.0,0.0,0.0,0.0,0.0,48.176861,187.384979,6.116287257900101,32.666073
-0.9014852050781883,49.07254,1.047662,1.127392,1.117759,0.0,0.0,0.0,0.0,0.0,48.255745,187.431549,6.070675739041793,32.524662
-0.8954991210935077,49.135422,1.031676,1.033412,1.105263,0.0,0.0,0.0,0.0,0.0,48.285118,187.551193,6.0663998980632,32.90176
-0.890484228515561,49.114384,1.032776,1.008316,1.12652,0.0,0.0,0.0,0.0,0.0,48.176529,187.44899,6.006534454638124,33.090309
-0.8854612792965781,49.080536,1.033002,1.083361,1.121389,0.0,0.0,0.0,0.0,0.0,48.211678,187.360382,6.062124057084607,33.043171
-0.8794173339842928,49.099232,1.03192,1.155403,1.101668,0.0,0.0,0.0,0.0,0.0,48.271786,187.528534,6.035040876656474,33.750229
-0.8734512695309604,49.124897,1.047296,1.063151,1.128527,0.0,0.0,0.0,0.0,0.0,48.277493,187.537216,6.0649735983690105,32.24184
-0.8682923339843001,49.110695,1.031781,1.011161,1.1372,0.0,0.0,0.0,0.0,0.0,48.24625,187.466812,6.072100611620795,32.524662
-0.8629683593749178,49.052197,1.060996,1.08083,1.119172,0.0,0.0,0.0,0.0,0.0,48.246914,187.435928,6.036467176350664,32.760349
-0.8574852050778645,49.085957,1.031886,1.085455,1.095786,0.0,0.0,0.0,0.0,0.0,48.247108,187.467285,6.076376452599388,32.10043
-0.8523172363279627,49.119652,1.032793,1.069346,1.094128,0.0,0.0,0.0,0.0,0.0,48.245937,187.546661,6.057848114169215,31.770468
-0.8453924316404482,49.085621,1.0185,1.056519,1.088317,0.0,0.0,0.0,0.0,0.0,48.240841,187.367264,6.09490632008155,32.666073
-0.8394844726562951,49.09692,1.031659,1.084582,1.106694,0.0,0.0,0.0,0.0,0.0,48.2444,187.487717,6.052145973496433,32.524662
-0.8334834960937769,49.113075,1.061606,1.120062,1.145525,0.0,0.0,0.0,0.0,0.0,48.246967,187.536636,6.042167787971456,32.618938
-0.8265645507813133,49.073284,1.031659,1.016693,1.114687,0.0,0.0,0.0,0.0,0.0,48.224716,187.36882,6.102033333333334,32.713211
-0.8214334472654627,49.063835,1.051537,1.058596,1.147392,0.0,0.0,0.0,0.0,0.0,48.312553,187.435608,6.035040876656474,33.043171
-0.8154854492186132,49.118866,1.036091,1.020288,1.114827,0.0,0.0,0.0,0.0,0.0,48.254524,187.541916,6.042167787971456,32.147564
-0.809338476562516,49.100727,1.050838,1.058526,1.121738,0.0,0.0,0.0,0.0,0.0,48.243423,187.475662,6.08207869520897,32.477528
-0.8035735839844165,49.078758,1.038395,1.04261,1.107252,0.0,0.0,0.0,0.0,0.0,48.29018,187.326035,6.109160244648317,33.467407
-0.7983426269529446,49.089657,1.032496,1.06823,1.152663,0.0,0.0,0.0,0.0,0.0,48.293564,187.500793,6.059272884811415,33.703094
-0.7924996093747723,49.121483,1.047121,1.056222,1.13624,0.0,0.0,0.0,0.0,0.0,48.311314,187.548965,6.035040876656474,28.706551
-0.786206640625096,49.088795,1.065202,1.051283,1.105193,0.0,0.0,0.0,0.0,0.0,48.248329,187.381989,6.076376452599388,22.955812
-0.7800987304685805,49.063805,1.060455,1.070306,1.11823,0.0,0.0,0.0,0.0,0.0,48.276112,187.465042,6.040743017329256,24.417067
-0.7744996093747432,49.109669,1.031833,1.070027,1.127183,0.0,0.0,0.0,0.0,0.0,48.264332,187.512466,6.019362079510702,22.578716
-0.7694808105466109,49.078552,1.047819,1.051249,1.106554,0.0,0.0,0.0,0.0,0.0,48.280598,187.493698,6.062124057084607,21.635971
-0.7626578125000378,49.083973,1.094818,1.03329,1.098352,0.0,0.0,0.0,0.0,0.0,48.223145,187.477951,6.0649735983690105,24.841301
-0.7573287109375997,49.079914,1.082514,1.122349,1.123675,0.0,0.0,0.0,0.0,0.0,48.235695,187.508255,6.072100611620795,22.390167
-0.7513868164060113,49.055428,1.079914,1.084722,1.153658,0.0,0.0,0.0,0.0,0.0,48.26915,187.476151,6.099182161060142,22.672989
-0.7459427246094492,49.099255,1.038011,1.113081,1.124408,0.0,0.0,0.0,0.0,0.0,48.239269,187.398575,6.086354536187562,27.151024
-0.7404788574217491,49.082272,1.048447,1.042488,1.087601,0.0,0.0,0.0,0.0,0.0,48.244263,187.447495,6.070675739041793,22.578716
-0.7347879394528718,49.075092,1.048064,1.068823,1.10617,0.0,0.0,0.0,0.0,0.0,48.252274,187.376068,6.039318246687054,26.302553
-0.7294849609374978,49.071972,1.033351,1.035472,1.111127,0.0,0.0,0.0,0.0,0.0,48.280701,187.44072,6.089205606523954,25.878319
-0.724462011718515,49.045448,1.048971,1.099556,1.125019,0.0,0.0,0.0,0.0,0.0,48.292046,187.451553,6.0464437308868515,22.437304
-0.7178050292968692,49.12854,1.045463,1.064931,1.12104,0.0,0.0,0.0,0.0,0.0,48.219234,187.3918,6.09490632008155,24.558477
-0.7124849609372177,49.075138,1.033648,0.993273,1.090464,0.0,0.0,0.0,0.0,0.0,48.219883,187.425995,6.087779306829765,25.02985
-0.7063399414059859,49.097782,1.050175,1.053325,1.140603,0.0,0.0,0.0,0.0,0.0,48.229183,187.441788,6.090630377166158,23.474321
-0.7009170898436423,49.096046,1.053264,1.075699,1.137427,0.0,0.0,0.0,0.0,0.0,48.312359,187.469849,6.057848114169215,25.124125
-0.6951360839843801,49.099045,1.036894,1.086729,1.103378,0.0,0.0,0.0,0.0,0.0,48.233528,187.411118,6.057848114169215,23.898558
-0.6894839843748741,49.108112,1.052165,1.079434,1.055681,0.0,0.0,0.0,0.0,0.0,48.254646,187.504471,6.026489092762486,23.285774
-0.683483984375016,49.090122,1.071135,1.030603,1.082819,0.0,0.0,0.0,0.0,0.0,48.196636,187.401627,6.0963326197757395,25.454084
-0.678449072265721,49.094116,1.032915,1.087183,1.136886,0.0,0.0,0.0,0.0,0.0,48.308102,187.498703,6.076376452599388,21.730246
-0.6733030761715781,49.104229,1.033282,1.072645,1.123692,0.0,0.0,0.0,0.0,0.0,48.2103,187.381348,6.097757390417939,22.814402
-0.6673992675782756,49.100857,1.047365,1.035175,1.113972,0.0,0.0,0.0,0.0,0.0,48.16433,187.479874,6.07922752293578,25.501221
-0.6614932617185332,49.078312,1.054067,1.069975,1.151843,0.0,0.0,0.0,0.0,0.0,48.248993,187.440033,6.045018960244648,23.285774
-0.6557022460938242,49.109116,1.066842,1.050743,1.137829,0.0,0.0,0.0,0.0,0.0,48.300858,187.556534,6.035040876656474,23.474321
-0.65015219726547,49.1022,1.032898,1.052278,1.134425,0.0,0.0,0.0,0.0,0.0,48.1903,187.489273,6.07922752293578,24.228518
-0.6445003417966291,49.194477,1.079059,1.036135,1.13816,0.0,0.0,0.0,0.0,0.0,48.217789,187.59169,6.033616106014271,23.945694
-0.6394852050780173,49.086613,1.043212,1.007042,1.091598,0.0,0.0,0.0,0.0,0.0,48.214752,187.433411,6.053570744138633,23.002951
-0.6344632324216946,49.121136,1.038971,1.072104,1.1172,0.0,0.0,0.0,0.0,0.0,48.262989,187.549332,6.045018960244648,25.548359
-0.629315283203141,49.111057,1.093212,1.068648,1.113692,0.0,0.0,0.0,0.0,0.0,48.204575,187.496368,6.086354536187562,24.605616
-0.6234854492186059,49.087429,1.03644,1.018578,1.136502,0.0,0.0,0.0,0.0,0.0,48.245083,187.385406,6.0963326197757395,23.1915
-0.6182894042967746,49.112736,1.034416,1.018543,1.137392,0.0,0.0,0.0,0.0,0.0,48.244072,187.513855,6.086354536187562,24.652752
-0.613201513671811,49.116772,1.058797,1.015105,1.158649,0.0,0.0,0.0,0.0,0.0,48.245884,187.527084,6.050721100917431,24.652752
-0.6074773925779482,49.089558,1.03391,1.027741,1.149748,0.0,0.0,0.0,0.0,0.0,48.244595,187.424561,6.092056778797146,23.1915
-0.6014854492186714,49.065365,1.081292,1.067374,1.07809,0.0,0.0,0.0,0.0,0.0,48.239391,187.484573,6.072100611620795,25.124125
-0.5954615234372795,49.092884,1.070542,1.019207,1.123902,0.0,0.0,0.0,0.0,0.0,48.195396,187.504898,6.049294801223241,23.144361
-0.58859750976535,49.100258,1.052304,1.025821,1.071231,0.0,0.0,0.0,0.0,0.0,48.311905,187.423599,6.087779306829765,23.097225
-0.5833846191403609,49.069824,1.03199,1.069853,1.11275,0.0,0.0,0.0,0.0,0.0,48.299095,187.333817,6.07922752293578,25.501221
-0.576665624999805,49.090984,1.050908,1.013081,1.103099,0.0,0.0,0.0,0.0,0.0,48.249828,187.482651,6.117712028542305,22.107344
-0.5714256347655464,49.102917,1.018011,1.087671,1.082418,0.0,0.0,0.0,0.0,0.0,48.300667,187.517532,6.0649735983690105,23.615734
-0.5655997070311969,49.098698,1.034015,1.085874,1.086676,0.0,0.0,0.0,0.0,0.0,48.276131,187.458267,6.053570744138633,23.380047
-0.5605005859374614,49.098064,1.032985,1.05638,1.108125,0.0,0.0,0.0,0.0,0.0,48.247036,187.39415,6.0649735983690105,23.945694
-0.5546397460934713,49.07769,1.043439,1.078038,1.129748,0.0,0.0,0.0,0.0,0.0,48.283249,187.515732,6.072100611620795,25.076986
-0.5494856933592018,49.088249,1.032706,1.074722,1.118876,0.0,0.0,0.0,0.0,0.0,48.27737,187.442642,6.106309174311927,23.427185
-0.5433448242188206,49.064075,1.061484,1.020603,1.109783,0.0,0.0,0.0,0.0,0.0,48.178818,187.54982,6.029340163098879,23.380047
-0.5374856933594856,49.039326,1.031711,1.053901,1.10467,0.0,0.0,0.0,0.0,0.0,48.281452,187.443283,6.093481549439346,24.511341
-0.5324646972653682,49.09116,1.032426,1.02994,1.115752,0.0,0.0,0.0,0.0,0.0,48.266006,187.418854,6.104884403669724,24.181379
-0.5264747070309568,49.167896,0.976039,1.108265,1.22837,0.0,0.0,0.0,0.0,0.0,48.278904,187.759506,6.032191335372068,25.925457
-0.521319921875147,49.094105,1.04103,1.109085,1.062121,0.052188,0.0,0.0,0.0,0.0,48.304996,187.374847,6.084929765545362,25.171261
-0.5154397949218037,49.039982,1.025969,1.045891,1.097985,0.052188,0.0,0.0,0.0,0.0,48.25016,187.203079,5.965198776758409,24.039968
-0.5094849609372432,49.110542,1.050542,1.061284,1.100132,0.07295,0.0,0.0,0.0,0.0,48.28442,187.458969,6.072100611620795,23.615734
-0.5034869140622504,49.125889,1.053264,1.014896,1.121546,0.07295,0.0,0.0,0.0,0.0,48.26004,187.43219,6.067824668705403,24.605616
-0.49820883789061554,49.168964,1.018587,1.108963,1.089329,0.082498,0.0,0.0,0.0,0.0,48.206512,187.430908,6.067824668705403,21.258875
-0.49279501953105864,49.156136,1.023613,1.118247,1.116799,0.082498,0.0,0.0,0.0,0.0,48.175953,187.44072,6.067824668705403,18.572054
-0.4874229492188533,49.094269,1.013962,1.065996,1.122558,0.082498,0.0,0.0,0.0,0.0,48.162254,187.470703,6.049294801223241,24.087105
-0.4814859375001106,49.099342,1.08501,1.084879,1.128492,0.082498,0.0,0.0,0.0,0.0,48.311836,187.446167,6.0464437308868515,19.65621
-0.47631699218754875,49.158405,1.050559,1.070341,1.077793,0.082498,0.0,0.0,0.0,0.0,48.264439,187.690155,6.049294801223241,22.295893
-0.47048593750014334,48.878517,0.866282,0.917146,0.963621,0.082498,0.0,0.0,0.0,0.0,46.956295,185.683334,3.5577601427115177,20.976051
-0.46448715820315556,49.045414,0.860698,1.097741,1.320448,0.262482,0.0,0.0,0.0,0.0,47.612915,189.214005,5.966623649337411,21.306011
-0.4576131347653245,49.324802,1.02494,0.975437,1.019922,0.262482,0.0,0.0,0.0,0.0,47.819424,186.650482,5.3380392456676855,20.976051
-0.4514881347654409,48.874645,1.039582,1.022104,1.089137,0.41344,0.0,0.0,0.0,0.0,48.365746,186.351425,5.862572986748217,20.64609
-0.4454270996093328,49.241608,1.019023,1.016816,1.08549,0.41344,0.0,0.0,0.0,0.0,48.391052,188.206543,6.027915392456676,21.306011
-0.4395010742186969,49.082684,1.092985,1.060935,1.064774,0.486196,0.0,0.0,0.0,0.0,48.42334,187.429306,6.054997043832823,20.881777
-0.43429624023428914,49.113705,1.032182,1.0224,1.070743,0.486196,0.0,0.0,0.0,0.0,48.270561,187.520203,6.020788379204892,18.477779
-0.4284842285155719,49.093079,1.032706,1.0187,1.071144,0.486196,0.0,0.0,0.0,0.0,48.245884,187.505478,6.037891946992864,20.881777
-0.4225013183590818,49.095043,0.929249,1.081319,1.088823,0.486196,0.0,0.0,0.0,0.0,48.098328,187.503082,5.379374821610602,20.881777
-0.41748618164047,49.055176,1.042479,1.098701,1.133727,0.671326,0.0,0.0,0.0,0.0,48.232029,188.087952,6.003683282364933,18.383505
-0.4116622070309859,49.383625,1.066859,1.010009,1.057392,0.671326,0.0,0.0,0.0,0.0,48.341751,187.541763,6.144795208970438,18.477779
-0.40650131835946013,49.075531,1.047104,1.013988,1.135699,0.619138,0.0,0.0,0.0,0.0,48.283615,187.376663,6.072100611620795,19.561935
-0.40148422851552823,49.063969,1.074312,1.036362,1.114094,0.619138,0.0,0.0,0.0,0.0,48.360809,187.473801,6.050721100917431,19.043427
-0.39548544921854045,49.098392,1.05836,0.995227,1.091057,0.598376,0.0,0.0,0.0,0.0,48.314857,187.494385,6.0649735983690105,19.750484
-0.3901382812500742,49.114414,1.017662,1.02343,1.103361,0.598376,0.0,0.0,0.0,0.0,48.24744,187.427979,6.033616106014271,18.854877
-0.38448642578123327,49.078159,1.033159,1.019468,1.090551,0.588828,0.0,0.0,0.0,0.0,48.277176,187.348602,6.060697655453619,19.514797
-0.3784854492187151,49.082806,1.038343,1.001964,1.079748,0.588828,0.0,0.0,0.0,0.0,48.281765,187.501968,6.0564218144750255,21.070326
-0.3734534667969456,49.115246,1.02946,1.003011,1.102244,0.588828,0.0,0.0,0.0,0.0,48.287022,187.555466,6.099182161060142,18.194956
-0.3681314453124287,49.100605,1.030559,0.987461,1.090376,0.588828,0.0,0.0,0.0,0.0,48.290791,187.468628,6.1105850152905195,17.864996
-0.36248642578129875,49.065605,1.033858,0.994215,1.096589,0.588828,0.12007437173873929,0.10863871728743077,0.0,0.0,48.283512,187.451706,6.080653924566769,20.174719
-0.3573555664061132,49.088837,1.019355,1.020149,1.104914,0.588828,4.531757931985846,4.100161938463383,0.0,0.0,48.284908,187.501266,6.0649735983690105,19.844759
-0.3514854492186714,49.127918,1.018081,1.008421,1.071458,0.408844,9.579079949619144,8.666786621083988,0.0,0.0,48.273094,187.491028,6.074951681957187,18.053545
-0.34607651367196013,49.082783,0.998482,1.048072,1.078718,0.408844,14.229862652192168,12.874637637697674,0.0,0.0,48.260773,187.355591,6.09490632008155,19.420523
-0.3404986328123414,49.069813,1.026563,1.056414,1.070551,0.257886,19.025910154141428,17.21391871088986,0.0,0.0,48.228783,187.470123,5.992280428134555,17.487898
-0.3354866699219201,49.100388,1.019669,1.010376,1.087566,0.257886,23.335362562226354,21.112947080109556,0.0,0.0,48.267437,187.465637,6.027915392456676,19.231976
-0.3286546386716509,49.087364,1.030419,0.999294,1.082907,0.18513,29.20977028729083,26.42788740278694,0.0,0.0,48.206165,187.459183,6.099182161060142,18.854877
-0.32323862304701834,49.076576,1.046074,0.986047,1.095001,0.18513,33.866640676542914,30.64124632639597,0.0,0.0,48.177158,187.354675,6.09490632008155,19.609072
-0.317486669921891,49.100822,1.019512,1.052034,1.059678,0.18513,38.81236130270497,35.115945940542595,0.0,0.0,48.256599,187.519302,6.073526911314985,19.939034
-0.31148666992157814,49.121243,1.044119,1.001929,1.100376,0.18513,43.971360882864516,39.78361222735361,0.0,0.0,48.282238,187.496841,6.073526911314985,18.854877
-0.3056817382812369,49.080196,1.032287,1.020952,1.057776,0.0,48.962634199004384,44.29952618005158,0.0,0.0,48.200474,187.315948,6.112011416921509,18.28923
-0.2998677734371995,49.073097,1.034713,0.993918,1.07254,0.0,53.96167456366581,48.8224674623643,0.0,0.0,48.218678,187.453842,6.049294801223241,20.410404
-0.2944747070309859,49.111263,1.017261,1.043238,1.090882,0.0,58.59881245126852,53.017973170195326,0.0,0.0,48.177402,187.516739,6.010810295616717,19.279112
-0.28850180664039726,49.082096,1.030943,1.01788,1.09097,0.0,63.73451088586337,57.664557468162094,0.0,0.0,48.122814,187.498917,6.045018960244648,19.326248
-0.2824808105469856,49.050541,1.032618,1.039172,1.099329,0.0,68.91156360582978,62.34855754813171,0.0,0.0,48.24374,187.440674,6.060697655453619,18.713465
-0.2771749023436314,49.084225,1.031973,0.977688,1.089329,0.0,73.47375997121094,66.4762590215718,0.0,0.0,48.274857,187.394684,6.040743017329256,21.1646
-0.27141489257792273,49.103943,1.031886,0.985349,1.074111,0.0,78.42640796497331,70.95722625402347,0.0,0.0,48.177593,187.486816,6.029340163098879,19.939034
-0.2646500000000742,49.073044,1.032444,1.038037,1.096746,0.0,84.24308762670185,76.21993642415882,0.0,0.0,48.222969,187.35585,6.074951681957187,18.760603
-0.25960605468753783,49.075584,1.032653,1.042767,1.086118,0.0,88.58003958495772,80.14384533877127,0.0,0.0,48.217838,187.463287,6.092056778797146,20.221855
-0.2545020507809568,49.133286,1.031676,0.989398,1.056921,0.0,92.96863191987046,84.1144764989304,0.0,0.0,48.275345,187.502502,6.07922752293578,18.902014
-0.2494810546872941,49.090332,1.032165,0.985454,1.081511,0.0,97.28585137647694,88.02053219776485,0.0,0.0,48.129044,187.45491,6.023637920489297,19.137701
-0.2427400878905246,49.066532,1.058011,0.97863,1.074303,0.0,103.08195885563487,93.26462944081248,0.0,0.0,48.175255,187.324326,6.077802752293578,20.551817
-0.23738901367187282,49.070217,1.048744,1.070236,1.111406,0.0,105.0,95.0,0.0,0.0,48.178413,187.477798,6.057848114169215,19.420523
-0.23132504882823923,49.12072,1.055114,1.033186,1.093518,0.0,105.0,95.0,0.0,0.0,48.244263,187.486328,6.045018960244648,18.666328
-0.22548715820312282,49.072781,1.024625,1.051947,1.091546,0.0,105.0,95.0,0.0,0.0,48.180683,187.291351,6.0663998980632,20.551817
-0.22047421875004147,49.06699,1.033002,1.062191,1.116258,0.0,105.0,95.0,0.0,0.0,48.195904,187.439819,6.077802752293578,20.033306
-0.21434726562483775,49.117031,1.017627,1.070027,1.134146,0.0,105.0,95.0,0.0,0.0,48.203339,187.469269,6.1105850152905195,20.457542
-0.20850229492180006,49.08971,1.033107,1.0561,1.088561,0.0,105.0,95.0,0.0,0.0,48.188728,187.477692,6.104884403669724,20.881777
-0.20305234374973224,49.082836,1.032688,1.029084,1.086484,0.0,105.0,95.0,0.0,0.0,48.246113,187.364868,6.074951681957187,20.693228
-0.19679331054658178,49.085358,1.055236,0.993761,1.112471,0.0,105.0,95.0,0.0,0.0,48.271049,187.455124,6.054997043832823,21.023188
-0.19130820312511787,49.110325,1.047767,1.022051,1.108265,0.0,105.0,95.0,0.0,0.0,48.245815,187.490601,6.03076493374108,19.184837
-0.18544541015626237,49.071571,1.040315,1.013395,1.104076,0.0,105.0,95.0,0.0,0.0,48.20887,187.322037,6.023637920489297,21.023188
-0.17948740234351135,49.054031,1.03206,1.006868,1.092523,0.0,105.0,95.0,0.0,0.0,48.230072,187.449844,6.023637920489297,20.080444
-0.17253427734385696,49.109844,1.05206,1.059852,1.110272,0.0,105.0,95.0,0.0,0.0,48.217438,187.501587,6.039318246687054,19.137701
-0.16747446289036816,49.077503,1.05131,1.052121,1.103343,0.0,105.0,95.0,0.0,0.0,48.277039,187.461151,6.07922752293578,20.410404
-0.16243735351554278,49.059952,1.033875,1.056624,1.110708,0.0,105.0,95.0,0.0,0.0,48.246758,187.411118,6.089205606523954,20.928913
-0.15630844726547366,49.088497,1.042025,0.99514,1.119015,0.0,105.0,95.0,0.0,0.0,48.253494,187.487823,6.080653924566769,18.666328
-0.15067246093758513,49.139763,1.03651,1.040865,1.101703,0.0,105.0,95.0,0.0,0.0,48.280495,187.49321,6.112011416921509,20.080444
-0.14531455078122235,49.091019,1.012618,1.053517,1.071249,0.0,105.0,95.0,0.0,0.0,48.257351,187.326569,6.049294801223241,21.541697
-0.1395025390625051,49.0658,1.062863,1.046641,1.090673,0.0,105.0,95.0,0.0,0.0,48.287178,187.435287,6.015086238532109,19.891895
-0.1344876464841036,49.082085,1.041868,1.062209,1.09912,0.0,105.0,95.0,0.0,0.0,48.251503,187.457901,5.995131600407747,19.514797
-0.12861557617179642,49.095009,1.010315,1.002121,1.102244,0.0,105.0,95.0,0.0,0.0,48.250267,187.471344,6.053570744138633,20.127581
-0.1235025390624287,49.079262,1.026405,0.997688,1.117654,0.0,105.0,95.0,0.0,0.0,48.284523,187.351746,6.072100611620795,19.703346
-0.1182535156249287,49.094673,1.020088,1.036973,1.097811,0.0,105.0,95.0,0.0,0.0,48.181957,187.484467,6.116287257900101,19.750484
-0.11248764648416909,49.110477,1.0174,1.040865,1.117584,0.0,105.0,95.0,0.0,0.0,48.222393,187.500732,6.119138430173293,20.174719
-0.10680869140605864,49.087845,1.032479,1.020114,1.108561,0.0,105.0,95.0,0.0,0.0,48.272045,187.426483,6.080653924566769,19.373386
-0.10148569335933644,49.06424,1.045184,1.063256,1.12357,0.0,105.0,95.0,0.0,0.0,48.216618,187.454163,5.995131600407747,19.609072
-0.09636679687491778,49.087769,1.032531,1.056851,1.134583,0.0,105.0,95.0,0.0,0.0,48.245239,187.505478,5.970899490316003,19.98617
-0.09050278320319194,49.122322,1.020751,1.063168,1.095176,0.0,105.0,95.0,0.0,0.0,48.174927,187.515244,5.955220693170235,19.043427
-0.08459482421858411,49.056015,1.032828,1.019468,1.118561,0.0,105.0,95.0,0.0,0.0,48.226479,187.326721,5.976601732925585,19.844759
-0.0794888671875924,49.058678,1.07117,1.013412,1.118841,0.0,105.0,95.0,0.0,0.0,48.226654,187.466171,5.93384128440367,19.609072
-0.07447983398424185,49.087475,1.099024,1.060254,1.124635,0.0,105.0,95.0,0.0,0.0,48.129723,187.479874,5.968049949031601,18.194956
-0.06848789062496508,48.913128,1.032444,1.070969,1.107497,0.0,105.0,95.0,0.0,0.0,48.178066,187.464249,5.968049949031601,18.572054
-0.06260483398409633,48.731384,1.047488,0.981388,1.124513,0.0,105.0,95.0,0.0,0.0,48.174332,187.324753,6.027915392456676,17.440762
-0.05646787109390061,48.38726,1.044364,1.032034,1.066903,0.0,105.0,95.0,0.0,0.0,48.176182,187.481644,5.958071865443426,19.373386
-0.05048789062493597,48.216068,1.055149,1.011981,1.103081,0.0,105.0,95.0,0.0,0.0,48.179741,187.488251,5.885378695208971,19.043427
-0.044488867187283176,47.853172,1.048046,1.067549,1.165141,0.0,105.0,95.0,0.0,0.0,48.125118,187.335419,5.848318960244647,17.676447
-0.038746923828057334,47.750301,1.033543,1.048753,1.154618,0.0,105.0,95.0,0.0,0.0,48.151241,187.72377,5.788453516819572,19.65621
-0.033487890625110595,47.412178,1.03213,1.046955,1.192628,0.005201,105.0,95.0,0.0,0.0,48.1744,187.428406,5.825513251783892,15.696685
-0.027484960937272263,47.247112,1.050071,1.039573,1.229993,0.005201,105.0,95.0,0.0,0.0,48.152203,187.460297,5.816961467889908,18.28923
-0.022416113280996797,47.133335,1.100699,1.055699,1.252699,0.009987,105.0,95.0,0.0,0.0,48.149078,187.363159,5.869700000000001,17.393623
-0.016592138671967405,46.935734,1.078919,1.092383,1.434113,0.009987,105.0,95.0,0.0,0.0,48.114155,187.557281,5.846894189602447,9.427439
-0.01142807617179642,46.898422,1.051449,1.032191,1.552683,0.015189,105.0,95.0,0.0,0.0,48.072796,187.482925,5.856870744138635,7.306265
-0.005503027343820577,46.694862,1.050594,1.084635,1.865914,0.015189,105.0,95.0,0.0,0.0,48.021645,187.413361,5.875400611620794,-72.497002
-0.0004881347654190904,46.608128,1.032322,1.137497,2.078237,0.0204,105.0,95.0,0.0,0.0,48.069077,187.417786,5.842616819571864,-102.476257
0.004884912109446304,46.610153,1.072409,1.318423,2.311868,0.0204,105.0,95.0,0.0,0.0,47.998676,187.449692,5.787028746177368,7.494813
0.011000878906543221,46.357624,1.135534,1.378005,2.762255,0.031642,105.0,95.0,0.0,0.0,47.934399,187.379532,5.701506422018349,-16.498018
0.016511865234406287,46.363556,1.163195,1.335177,3.010407,0.031642,105.0,95.0,0.0,0.0,47.872181,187.32576,5.690103567787972,-67.170502
0.02226577148439901,46.279774,1.212899,1.256747,3.528316,0.03621,105.0,95.0,0.0,0.0,47.810123,187.45929,5.842616819571864,50.106834
0.027678857421960856,46.287846,1.183475,1.235281,3.729382,0.03621,105.0,95.0,0.0,0.0,47.75515,187.452194,5.7627966360856275,14.423981
0.03351064453136132,46.183208,1.168937,1.252733,3.936557,0.047332,105.0,95.0,0.0,0.0,47.762917,187.412979,5.610283384301733,-66.651993
0.03951064453121944,46.121704,1.176599,1.23563,4.32991,0.047332,105.0,95.0,0.0,0.0,47.695568,187.393677,5.885378695208971,41.857826
0.04454262695298894,46.068714,1.189251,1.211302,4.493506,0.051805,105.0,95.0,0.0,0.0,47.631763,187.450851,5.90248226299694,3.53529
0.049701562500104046,46.054161,1.172358,1.241459,4.686597,0.051805,105.0,95.0,0.0,0.0,47.602581,187.416931,5.607432313965343,-52.369423
0.05551162109395591,45.919529,1.168972,1.206991,5.036093,0.063231,105.0,95.0,0.0,0.0,47.478325,187.228729,5.742841997961263,33.23172
0.06151748046886496,45.872921,1.168571,1.229086,5.224681,0.063231,105.0,95.0,0.0,0.0,47.444866,187.335373,5.759947094801222,8.767518
0.06663149414089276,45.878246,1.14967,1.21296,5.73697,0.067995,105.0,95.0,0.0,0.0,47.351448,187.404922,5.550417940876657,-25.501221
0.07166665039085274,45.819889,1.166075,1.212489,5.888089,0.067995,105.0,95.0,0.0,0.0,47.289875,187.357391,5.682976554536188,28.989374
0.07751162109389043,45.751194,1.20056,1.221494,6.076275,0.068483,105.0,95.0,0.0,0.0,47.203468,187.202332,5.791304587155964,15.460999
0.08355751953149593,45.700497,1.155185,1.194112,6.384235,0.068483,105.0,95.0,0.0,0.0,47.046768,187.312851,5.878251681957186,-26.962475
0.0895113769533964,45.69381,1.149321,1.164251,6.48893,0.073293,105.0,95.0,0.0,0.0,46.972,187.295685,5.99655637104995,22.107344
0.09500136718770591,45.602032,1.164871,1.227934,6.773225,0.073293,105.0,95.0,0.0,0.0,46.903084,187.11879,5.985153414882774,-29.555019
0.10017031250026776,45.553463,1.133527,1.23104,6.929963,0.073715,105.0,95.0,0.0,0.0,46.893208,187.241058,6.069250968399593,-20.504679
0.10551040039081272,45.562145,1.129007,1.169469,7.013506,0.073715,105.0,95.0,0.0,0.0,46.799557,187.271133,6.016512538226299,17.770721
0.11062441406238577,45.491123,1.112549,1.224653,7.269355,0.078213,105.0,95.0,0.0,0.0,46.618912,187.119156,5.705782262996942,-22.578716
0.1157064453127532,45.45369,1.135656,1.227323,7.334643,0.078213,105.0,95.0,0.0,0.0,46.576885,187.008041,5.598880530071355,-20.976051
0.12151040039088912,45.452435,1.149408,1.210482,7.448693,0.072669,105.0,95.0,0.0,0.0,46.501457,187.094681,5.536164016309886,10.134497
0.12753920898467186,45.456974,1.140944,1.228039,7.780755,0.072669,105.0,95.0,0.0,0.0,46.301754,187.093506,5.406456472986749,-29.083649
0.13367617187486758,45.389423,1.142113,1.212402,8.060616,0.078508,105.0,95.0,0.0,0.0,46.153637,187.030289,5.423560040774721,-17.205076
0.1390382324220809,45.335941,1.144731,1.257707,8.662069,0.078508,105.0,95.0,0.0,0.0,46.004402,186.932297,5.501955351681958,-2.403997
0.14449624023427532,45.38401,1.127192,1.28851,9.04811,0.07254,105.0,95.0,0.0,0.0,45.821507,186.945145,5.801282670744139,-26.066868
0.15054409179674622,45.334328,1.126982,1.305788,9.750437,0.07254,105.0,95.0,0.0,0.0,45.796532,186.834198,5.925287971457695,-5.750738
0.15740322265628492,45.342628,1.153544,1.291861,10.069322,0.072856,105.0,95.0,0.0,0.0,45.719551,186.676132,6.017937308868501,-9.851673
0.16251308593746217,45.334927,1.156337,1.313694,10.665888,0.072856,105.0,95.0,0.0,0.0,45.601086,186.747986,5.919587359836902,-29.743568
0.1683641601562158,45.351269,1.161572,1.325509,10.883778,0.071043,105.0,95.0,0.0,0.0,45.501469,186.679764,5.83549133537207,-14.753942
0.17351699218761496,45.320301,1.175813,1.311966,11.097775,0.071043,105.0,95.0,0.0,0.0,45.384453,186.585342,5.688678797145768,-17.016527
0.17939907226582363,45.225002,1.183893,1.329313,11.510379,0.071485,105.0,95.0,0.0,0.0,45.241154,186.530884,5.390777777777778,-34.315876
0.1845111328125313,45.206718,1.167995,1.343415,11.7397,0.071485,105.0,95.0,0.0,0.0,45.123524,186.509811,5.415008256880733,-21.353148
0.1903739257813868,45.110767,1.245936,1.343292,12.165741,0.076198,105.0,95.0,0.0,0.0,45.089092,186.35318,5.692954638124362,-33.467407
0.19575502929683353,45.081196,1.203457,1.330483,12.457593,0.076198,105.0,95.0,0.0,0.0,44.999546,186.146957,5.674424770642203,-36.295639
0.20108608398459182,45.04158,1.20152,1.371949,12.723337,0.071471,105.0,95.0,0.0,0.0,44.847904,186.196411,5.64306727828746,-22.013069
0.20649599609396319,44.973953,1.24515,1.316451,13.217023,0.071471,105.0,95.0,0.0,0.0,44.748878,186.129303,5.844043119266054,-42.706295
0.21155385742213184,44.895702,1.247227,1.330361,13.44828,0.071049,105.0,95.0,0.0,0.0,44.730888,186.054184,5.8454678899082575,-38.605362
0.2166529785158673,44.901745,1.235831,1.358144,13.627007,0.071049,105.0,95.0,0.0,0.0,44.636856,185.854736,5.792729357798164,-30.921999
0.2222398925782727,44.797695,1.270037,1.398197,14.035842,0.071103,105.0,95.0,0.0,0.0,44.451584,185.846939,5.631664424057083,-44.544647
0.22750991210932625,44.822884,1.270351,1.408965,14.276786,0.071103,105.0,95.0,0.0,0.0,44.397568,185.756104,5.680125484199794,-44.214687
0.23356874999990396,44.777901,1.272411,1.433974,14.51965,0.071055,105.0,95.0,0.0,0.0,44.302334,185.638214,5.593178389398572,-49.399776
0.23860781250004948,44.650978,1.327699,1.429489,14.961886,0.071055,105.0,95.0,0.0,0.0,44.152714,185.47438,5.583201834862384,-49.824013
0.24468471679711,44.677692,1.30543,1.41078,15.145448,0.065801,105.0,95.0,0.0,0.0,44.07584,185.618256,5.591753618756372,-53.312164
0.2505118652343299,44.552963,1.358868,1.478738,15.643339,0.065801,105.0,95.0,0.0,0.0,43.898506,185.266556,5.779901732925587,-50.766758
0.25557167968736394,44.51553,1.381364,1.500484,15.873777,0.071056,105.0,95.0,0.0,0.0,43.818176,184.996094,5.8454678899082575,-54.537731
0.2606546874999367,44.468124,1.366408,1.507063,16.102854,0.071056,105.0,95.0,0.0,0.0,43.739849,185.074097,5.829789092762488,-61.561172
0.267053613281405,44.51096,1.404715,1.490117,16.679089,0.071602,105.0,95.0,0.0,0.0,43.621227,184.921997,5.787028746177368,-55.998985
0.2732296386720918,44.394596,1.397508,1.494777,16.980051,0.071602,105.0,95.0,0.0,0.0,43.424648,184.800385,5.75139378185525,-64.483681
0.27851162109391225,44.32914,1.385396,1.561304,17.57159,0.067398,105.0,95.0,0.0,0.0,43.328976,184.601349,5.7499690112130475,-61.042664
0.284509667968905,44.340332,1.394122,1.597221,17.937021,0.067398,105.0,95.0,0.0,0.0,43.239864,184.549011,5.805558613659531,-59.769962
0.28975258789068903,44.319324,1.426653,1.519262,18.208122,0.071244,105.0,95.0,0.0,0.0,43.043335,184.43187,5.873975840978593,-66.510582
0.2955284667968954,44.169804,1.435571,1.622753,18.458107,0.071244,105.0,95.0,0.0,0.0,42.995289,184.090576,6.213212436289501,-63.069565
0.30166762695307625,44.11845,1.447822,1.56825,18.547792,0.066429,105.0,95.0,0.0,0.0,42.910297,184.121521,6.364300917431193,-65.473564
0.307177392578069,44.12149,1.475972,1.591619,18.67029,0.066429,105.0,95.0,0.0,0.0,42.655968,183.92009,6.2018095820591235,-73.251198
0.31251040039069267,44.02219,1.474925,1.624656,18.704792,0.066736,105.0,95.0,0.0,0.0,42.565269,183.800812,6.157622935779817,-62.079681
0.3175624023438104,43.952698,1.463616,1.587256,18.71563,0.066736,105.0,95.0,0.0,0.0,42.45731,183.57724,6.141944138634048,-63.163837
0.32356948242204453,43.883751,1.428921,1.609734,18.787777,0.072119,105.0,95.0,0.0,0.0,42.316593,183.559158,5.893930479102956,-73.156921
0.32938247070342186,43.802227,1.450387,1.581078,18.747847,0.072119,105.0,95.0,0.0,0.0,42.262424,183.452789,5.851170132517839,-61.938271
0.33563833007838184,43.710495,1.441295,1.571654,18.717497,0.067075,105.0,95.0,0.0,0.0,42.186924,183.003418,6.217488379204893,-68.254654
0.34196840820322905,43.621674,1.428049,1.563504,18.676624,0.067075,105.0,95.0,0.0,0.0,42.095406,183.061401,6.384255555555556,-72.968376
0.3475094238283418,43.574707,1.474524,1.564446,18.632103,0.066205,105.0,95.0,0.0,0.0,41.985878,182.847641,6.532492864424056,-58.544395
0.3528983398437049,43.476299,1.460859,1.532369,18.60507,0.066205,105.0,95.0,0.0,0.0,41.960537,182.712097,6.448396941896023,-65.049324
0.3585104003905144,43.396576,1.459637,1.567535,18.566153,0.070716,105.0,95.0,0.0,0.0,41.897221,182.537186,6.07922752293578,-63.540936
0.3645111328123676,43.375534,1.470318,1.577762,18.533865,0.070716,105.0,95.0,0.0,0.0,41.899208,182.489334,5.873975840978593,-52.840794
0.3695372558595409,43.350708,1.42763,1.546156,18.462276,0.065476,105.0,95.0,0.0,0.0,41.787357,182.344177,5.778475433231397,-61.184078
0.3746932617186758,43.232132,1.447508,1.562613,18.457495,0.065476,105.0,95.0,0.0,0.0,41.6824,181.919449,5.7585207951070325,-63.399525
0.38051210937510405,43.165508,1.475711,1.522264,18.41444,0.065461,105.0,95.0,0.0,0.0,41.672523,181.990768,5.912460346585117,-51.426678
0.38669619140637224,43.094444,1.420335,1.548373,18.30266,0.065461,105.0,95.0,0.0,0.0,41.611633,181.755249,6.2973084607543335,-70.281555
0.3925531250001768,43.067307,1.407141,1.535301,18.287128,0.070284,105.0,95.0,0.0,0.0,41.599644,181.668671,6.401360652395514,-64.34227
0.4657896972657909,42.472385,1.428101,1.504061,17.658607,0.070721,105.0,95.0,0.0,0.0,41.029274,179.998138,5.846894189602447,-63.446663
0.47150869140614304,42.529465,1.429393,1.499192,17.53838,0.071512,105.0,95.0,0.0,0.0,40.995083,179.747314,5.655894903160041,-57.507374
0.6166930175781999,41.926853,1.336914,1.479751,16.95553,0.086486,105.0,95.0,0.0,0.0,40.388779,177.549301,5.825513251783892,-53.123615
0.6225101562499731,41.989563,1.335657,1.44818,16.951918,0.086486,105.0,95.0,0.0,0.0,40.422794,177.706512,5.7414172273190625,-56.988865
0.6275360351564814,41.946346,1.338903,1.491723,17.035688,0.0866,105.0,95.0,0.0,0.0,40.444469,177.652359,5.623111111111111,-49.871151
0.7699813476565396,33.451576,1.396513,1.551304,18.623116,0.224377,143.54930087342584,124.55446155206127,57.5147263426528,0.00245396171830049,39.923801,177.784927,5.519060448521917,-73.015511
0.7759374023439705,33.057335,1.424715,1.593835,19.0623,0.267377,145.0,125.66666412353516,59.67821171299328,0.0025462704289890654,39.924221,177.659561,5.430687054026502,-85.931099
0.7815084472658782,32.671371,1.425274,1.659979,19.244709,0.267377,145.0,125.66666412353516,59.67367498925249,0.0025460768584758117,39.88047,177.823441,5.296703669724772,-112.893578
0.9201878906251295,34.965366,2.83949,16.001038,25.987862,0.513717,145.0,125.66666412353516,59.09303056836215,0.06180036245894907,37.507435,183.892822,4.763618144750256,-2800.420654
0.9255067382814559,35.311855,2.895668,16.128124,26.081633,0.505033,145.0,125.66666412353516,58.9975874249662,0.07334403510860142,37.410576,183.972198,4.438633944954129,-2856.938232
0.9315077148439741,34.907665,3.05368,16.38242,26.116135,0.505033,145.0,125.66666412353516,58.8899039371909,0.0863681548978447,37.191811,184.066193,5.363696126401631,-2917.320801
1.0715072265625167,35.103096,3.834575,16.61237,25.746778,0.480354,145.0,125.66666412353516,55.81860261788299,0.39808832875396766,36.642208,184.872925,7.112616207951071,-2937.872803
1.0766700683593626,35.132381,3.821154,16.722336,25.686708,0.480354,145.0,125.66666412353516,55.659587254225734,0.4102282108970464,36.738266,184.74527,7.005714475025483,-2919.583496
1.201519433593603,34.758839,4.870813,17.124222,25.219898,0.481206,145.0,125.66666412353516,51.0247304709891,0.6872647369429677,38.435135,184.581131,6.050721100917431,-2966.343506
1.2077105957032472,34.635902,4.865821,17.162809,25.148764,0.4834,145.0,125.66666412353516,50.73796297185682,0.6998105044675014,38.517563,184.621628,5.811259225280327,-2986.141113
1.2135145507813832,34.756451,4.896276,17.157869,25.26215,0.4834,145.0,125.66666412353516,50.46913045650244,0.7115716358749202,38.634808,184.48613,5.972325790010193,-2951.919678
1.2186434570312485,34.568993,4.898544,17.175968,25.309689,0.486863,145.0,125.66666412353516,50.23156542547713,0.7219648487048979,38.664997,184.366531,5.913885117227317,-2988.167969
1.2245084472656345,34.514435,4.869975,17.211693,25.305763,0.486863,145.0,125.66666412353516,49.95990583197366,0.7338496617196804,38.714893,184.595749,6.742022018348624,-2895.307861
1.2297665039063759,34.608196,4.899294,17.054991,25.293896,0.479976,145.0,125.66666412353516,49.716358703584845,0.7445045848308394,38.728962,184.473221,6.5168141692150865,-2906.903564
1.235493310547099,34.639229,4.86912,17.122913,25.36763,0.479976,145.0,125.66666412353516,49.45109961501093,0.7561093826865508,38.747059,184.413742,6.4854566768603465,-3009.615479
1.2405052734375204,34.383129,4.885193,16.940853,25.354752,0.484308,145.0,125.66666412353516,49.2189512657193,0.7662656215568198,38.782467,184.442749,6.503986544342509,-2845.436768
1.2465052734373785,34.496002,4.864094,17.089092,25.467999,0.484308,145.0,125.66666412353516,48.94103817535001,0.7784240182870905,38.762032,184.457001,5.866848827726809,-3035.210938
1.2522872558593008,34.492119,4.879487,16.829613,25.585974,0.484783,145.0,125.66666412353516,48.67322340812931,0.7901406243158586,38.797722,184.360291,6.388531498470948,-2828.325928
1.2575082031248712,34.67086,4.866834,17.10321,25.689657,0.484783,145.0,125.66666412353516,48.43139514325515,0.8007203490097405,38.769798,184.17572,6.076376452599388,-3090.691406
1.263506249999864,34.44949,4.85343,17.229336,25.735521,0.483616,145.0,125.66666412353516,48.153572519386636,0.8128747879285757,38.758282,184.313614,6.03076493374108,-3035.163818
1.2688272949221755,34.273006,4.852261,17.166161,25.453793,0.483616,145.0,125.66666412353516,47.907107846347955,0.8236573504585339,38.807339,184.25914,6.177577573904179,-2923.071533
1.2749181152344136,34.504704,4.84727,17.139231,25.414734,0.482282,145.0,125.66666412353516,47.6249880636928,0.8359997854205617,38.720795,184.270508,6.264524668705401,-2944.990479
1.2818062988280872,34.627174,4.84542,17.066839,25.509027,0.482282,145.0,125.66666412353516,47.585246127071564,0.8499294362810484,38.768211,184.236893,6.026489092762486,-3012.962158
1.2874911132812485,34.543163,4.831598,17.158882,25.600914,0.481896,145.0,125.66666412353516,47.59013908137671,0.8614217159758356,38.758053,184.298294,6.285905606523956,-3011.029541
1.2925072265625204,34.617294,4.833901,17.206491,25.501402,0.481896,145.0,125.66666412353516,47.594456480524386,0.8715621659912575,38.736115,184.174271,6.102033333333334,-3021.022705
1.2982171875000859,34.514172,4.828317,17.21616,25.392622,0.480145,145.0,125.66666412353516,47.59937107856126,0.88310528119425,38.77533,184.108124,6.240294087665648,-2986.235352
1.303766015625115,34.51004,4.850585,17.125164,25.262377,0.480145,145.0,125.66666412353516,47.60414698860839,0.8943226543058294,38.826099,184.164078,6.358598674821609,-2903.415283
1.3100479980471391,34.548759,4.817409,17.068933,25.280003,0.482271,145.0,125.66666412353516,47.609553929008904,0.9070221539333393,38.797863,184.12706,6.0464437308868515,-2919.206299
1.3166590820314923,34.445957,4.818892,17.053419,25.374699,0.482271,145.0,125.66666412353516,47.61524412912181,0.9203869571051299,38.807983,184.055206,6.255972884811417,-3034.692383
1.322498925781474,34.596363,4.863029,17.15513,25.330004,0.481234,145.0,125.66666412353516,47.620270518083764,0.9321926401757465,38.77383,184.095001,6.196107339449542,-2996.369873
1.3275670410157545,34.379738,4.843482,17.130732,25.279079,0.481234,145.0,125.66666412353516,47.624632675628135,0.9424382160479426,38.768875,184.174698,6.258823955147809,-2942.35083
1.3335050292971573,34.3204,4.849887,17.09808,25.22105,0.479807,145.0,125.66666412353516,47.629743538183845,0.9544423056651475,38.698105,184.061508,6.260248725790009,-2994.248779
1.33913686523465,34.347679,4.851301,17.124258,25.172604,0.479807,145.0,125.66666412353516,47.63459089355903,0.965827485308667,38.645206,183.975571,6.092056778797146,-2975.676758
1.344989892578269,34.518883,4.857514,17.116543,25.116459,0.481341,145.0,125.66666412353516,47.63962862972015,0.9776598200049448,38.722816,184.183823,6.023637920489297,-2975.488281
1.3505047851563177,34.498039,4.817269,17.113071,25.139357,0.481341,145.0,125.66666412353516,47.644375331236105,0.9888085898578779,38.741367,184.092499,5.881102854230378,-2993.305908
1.3562967773436867,34.342117,4.852209,17.175566,25.118675,0.480682,145.0,125.66666412353516,47.64936053406777,1.0005175373983173,38.612362,183.893356,6.357173904179409,-2974.168213
1.3616969238282763,34.389912,4.86432,17.102722,25.053196,0.480682,145.0,125.66666412353516,47.65400847292435,1.0114343393982743,38.646149,184.006561,6.372852701325178,-2970.633057
1.3675057617188031,34.394562,4.86453,17.128952,25.080404,0.481948,145.0,125.66666412353516,47.65900817495495,1.023177341793725,38.634701,184.208206,6.37855494393476,-3018.335938
1.3735057617186612,34.3876,4.833552,17.072878,25.068415,0.481948,145.0,125.66666412353516,47.664172411373386,1.0353067927612618,38.731876,183.88974,6.608037104994904,-2935.091553
1.3785306640625095,34.182178,4.855507,17.091919,25.126825,0.481722,145.0,125.66666412353516,47.6684973753205,1.0454650105271244,38.762241,183.91571,6.4583750254842,-3012.160889
1.3836478515627277,34.23798,4.848893,17.067554,25.157385,0.481722,145.0,125.66666412353516,47.67290176966174,1.0558097896726144,38.649727,183.935394,6.2018095820591235,-3008.437012
1.3895047851565323,34.26656,4.865106,16.856838,25.154453,0.481626,145.0,125.66666412353516,47.67794286795595,1.067650021146866,38.59758,183.971237,6.036467176350664,-2922.45874
1.394683740234541,34.319931,4.852017,17.011482,25.296041,0.481626,145.0,125.66666412353516,47.6824004260266,1.0781196680940646,38.635975,183.910583,5.851170132517839,-3065.378906
1.4003145996093735,34.113983,4.865367,17.048689,25.301765,0.483038,145.0,125.66666412353516,47.684129916437655,1.0895013007778256,38.689381,183.908783,6.0464437308868515,-2916.849609
1.405670556640871,34.248978,4.865403,17.029003,25.248468,0.483038,145.0,125.66666412353516,47.65991128745199,1.1003142243874173,38.801193,183.982986,6.204659123343527,-2956.350342
1.4115055175780071,34.230869,4.878911,16.984745,25.294472,0.481714,145.0,125.66666412353516,47.63352669301507,1.1120941894831071,38.828648,183.834259,6.121989500509683,-3015.177734
1.4165436035154926,34.468472,4.890935,17.155182,25.279497,0.481714,145.0,125.66666412353516,47.61074541724936,1.1222653760820465,38.850376,183.811844,6.531068093781856,-3002.450684
1.4215536132815032,34.347984,4.87652,17.146439,25.251034,0.480831,145.0,125.66666412353516,47.58809109664517,1.1323798808405674,38.890671,183.938431,6.449821712538226,-2934.761719
1.4276954589845445,34.335255,4.899225,17.117939,25.177227,0.480831,145.0,125.66666412353516,47.560318827094974,1.1447794030963108,38.907005,183.944031,6.320114169215085,-3023.897949
1.4334935546876295,34.354137,4.878649,17.148411,25.168938,0.483267,145.0,125.66666412353516,47.534100930304916,1.156484942471103,38.88512,183.747299,6.261675025484199,-2975.488281
1.4395604492187886,34.22258,4.891528,17.111448,25.165779,0.483267,145.0,125.66666412353516,47.50666757583807,1.1687331488572072,38.901928,183.717743,6.173301630988787,-2992.504639
1.4455045410159073,34.392879,4.864931,17.068655,25.193232,0.481769,145.0,125.66666412353516,47.47978951220812,1.1807334338021762,38.894859,183.949646,6.01223506625892,-2975.865234
1.4506903320311721,34.313126,4.880167,17.095427,25.16995,0.481769,145.0,125.66666412353516,47.45634034189705,1.1912028161702743,38.952557,183.852982,5.968049949031601,-3026.207764
1.4565704589845154,34.232986,4.873134,17.166945,25.194523,0.482449,145.0,125.66666412353516,47.429751515243765,1.2030739650962026,39.022888,183.658325,5.748544240570845,-2999.151123
1.4625052734377277,34.327946,4.879067,17.170576,25.17728,0.482449,145.0,125.66666412353516,47.40291540201501,1.215055520389555,39.028839,183.757172,5.856870744138635,-3022.29541
1.4685052734375859,34.328701,4.865821,17.106735,25.175674,0.479495,145.0,125.66666412353516,47.375784532019956,1.2271686761297922,38.899242,183.787949,5.824088481141692,-3001.366455
1.4736764160156781,34.327229,4.913378,16.892092,25.258188,0.479495,145.0,125.66666412353516,47.352401599184454,1.237608485363759,38.973011,183.797546,5.916736187563711,-2920.431885
1.479370263672081,34.195026,4.872296,17.048952,25.345222,0.47697,145.0,125.66666412353516,47.326655092428894,1.2491035626006493,38.979767,183.708145,6.106309174311927,-3016.450439
1.4845682617187776,34.240772,4.902837,17.066578,25.485502,0.47697,145.0,125.66666412353516,47.30315072422151,1.2595975892471902,39.046135,183.822098,5.879676452599389,-2912.512939
1.4905052734375204,34.180042,4.945263,16.894936,25.551577,0.483592,145.0,125.66666412353516,47.27630467537142,1.2715835805106623,39.021667,183.676895,6.005109683995921,-2859.247803
1.4956991210938213,34.193687,4.926467,16.875792,25.667789,0.483592,145.0,125.66666412353516,47.25281907444877,1.2820692281025328,39.051373,183.634476,5.785602446483182,-3029.271729
1.5015372558596027,34.35236,4.920481,16.988794,25.808157,0.479883,145.0,125.66666412353516,47.226420128558814,1.2938556007106177,39.085506,183.752106,5.6844028542303775,-2903.651123
1.5075062500000058,34.423248,4.907095,16.988619,25.72751,0.479883,145.0,125.66666412353516,47.19942946122038,1.30590615998361,39.179714,183.761765,5.734290214067278,-2884.513428
1.5143800292971719,34.452839,4.932279,17.006857,25.743549,0.481433,145.0,125.66666412353516,47.16834752580735,1.3197833531747876,39.114216,183.651123,5.715760346585117,-3060.900635
1.5212911621092644,34.2924,4.917881,17.039877,25.615101,0.482415,145.0,125.66666412353516,47.1370966848316,1.3337359578580004,39.274059,183.766342,5.798431600407746,-2869.382324
1.5265851074218517,34.275993,4.944112,16.979544,25.557247,0.482415,145.0,125.66666412353516,47.127229190098355,1.34413382872268,39.334339,183.825134,5.975176962283385,-2964.882324
1.5316151367187558,34.230019,4.960953,16.886978,25.600878,0.479587,145.0,125.66666412353516,47.12545203106698,1.3538568115997907,39.283676,183.77446,5.798431600407746,-3051.473389
1.5377000976563977,34.193249,4.94186,16.972633,25.585712,0.479587,145.0,125.66666412353516,47.12330215426758,1.3656189639673637,39.403328,183.55687,5.871124770642201,-2940.700928
1.5435619140625931,34.313908,4.965683,16.938166,25.530825,0.481816,145.0,125.66666412353516,47.12123111663503,1.3769497807843045,39.48251,183.595276,5.288151885830784,-2993.588867
1.5494898925780944,34.219212,4.978562,16.805914,25.504141,0.481816,145.0,125.66666412353516,47.11913670327577,1.3884084881200869,39.355301,183.685577,5.462046075433231,-2885.220459
1.554505029297161,34.222538,4.932157,16.876297,25.525032,0.479478,145.0,125.66666412353516,47.11736480593934,1.3981026838324397,39.326279,183.56369,5.383650764525994,-2936.128662
1.5596878906249003,34.140163,4.934059,16.878408,25.584002,0.479478,145.0,125.66666412353516,47.11553364984182,1.4081210890888676,39.382088,183.485489,5.392202548419978,-2975.158203
1.5655050292971282,34.290981,4.954531,16.816681,25.568609,0.479623,145.0,125.66666412353516,47.1134783972941,1.4193655444115352,39.397114,183.743774,6.0093855249745145,-2960.78125
1.5715047851563213,34.155041,4.914408,16.827658,25.524315,0.479623,145.0,125.66666412353516,47.11135862429036,1.430962996443035,39.395615,183.677902,5.949520081549439,-2950.175537
1.5775047851561794,34.2883,4.906293,16.820189,25.529814,0.483028,145.0,125.66666412353516,47.10923876502933,1.442560920395269,39.454498,183.589249,6.344344750254842,-2901.435547
1.583312890625166,34.249718,4.892453,16.718147,25.538994,0.483028,145.0,125.66666412353516,47.10718670400149,1.4537879146507882,39.477482,183.66568,6.358598674821609,-2902.425537
1.5885047851561467,34.30814,4.918457,16.919161,25.71203,0.483365,145.0,125.66666412353516,47.105352356384095,1.4638237809743642,39.463451,183.620071,5.90105749235474,-3043.035645
1.5945038085937995,34.407902,4.968894,16.977503,25.591175,0.483365,145.0,125.66666412353516,47.10323284215224,1.475419817243663,39.482159,183.5,6.070675739041793,-2940.041016
1.6005038085936576,34.126331,4.90624,16.94902,25.517195,0.479483,145.0,125.66666412353516,47.1011129828912,1.487017741195897,39.514637,183.60498,5.432113353720692,-2972.424316
1.605865625000206,34.226093,4.906782,16.726297,25.51915,0.479483,145.0,125.66666412353516,47.09921860019708,1.4973820643501514,39.566032,183.675552,5.566096738022425,-2898.324463
1.611602685547041,34.292717,4.903029,16.817484,25.572746,0.478183,145.0,125.66666412353516,47.09719164004184,1.5084717296721541,39.558895,183.567368,5.50765759429154,-2967.380615
1.7095182128905435,34.646221,4.863936,17.152512,26.011684,0.481707,145.0,125.66666412353516,47.23082367640418,1.6987001938548776,39.809944,183.623016,5.633089194699286,-2978.929199
1.714776269531285,34.593876,4.865752,17.285812,26.109188,0.480405,145.0,125.66666412353516,47.244223275821945,1.7089509264595921,39.935112,183.547897,5.420710499490315,-3158.050537
1.8664544921875859,34.908199,4.936241,17.650824,26.442106,0.479557,145.0,125.66666412353516,47.264708360247084,2.0103356308776377,40.058273,183.828171,5.531888073394494,-3148.623047
1.8715365234374985,34.831944,4.951057,17.67461,26.446032,0.479557,145.0,125.66666412353516,47.25692286950275,2.020565171428996,40.028027,183.608978,5.563245565749234,-3137.545898
1.8775035644530362,34.753571,4.953623,17.528692,26.385246,0.478976,145.0,125.66666412353516,47.24778157534046,2.0325761341795605,40.111202,183.539474,5.513358205912333,-3146.501953
2.014502832031212,35.061569,5.756247,17.778206,26.789282,0.481918,145.0,125.66666412353516,42.838888906000506,2.289927526527645,40.200123,183.613144,5.466322018348623,-3187.51123
2.0200719238282545,35.107273,5.717311,17.80777,26.874779,0.481918,145.0,125.66666412353516,42.62406553017681,2.3002328943348087,40.216003,183.552536,5.275322731906217,-3219.894531
2.0255038085938395,35.333485,5.732162,17.825747,26.796715,0.474929,145.0,125.66666412353516,42.41453480865204,2.3102843663589017,40.169792,183.78273,5.427837512742099,-3141.411133
2.171502343750035,35.163895,5.732895,17.905397,26.992912,0.481274,145.0,125.66666412353516,42.30461245637345,2.5708420607153757,40.258728,183.588394,4.9189825688073405,-3188.831055
2.176772119140878,35.319328,5.733402,17.801819,26.9804,0.481274,145.0,125.66666412353516,42.31157433630753,2.58009932697011,40.296669,183.553238,5.027309072375128,-3097.102051
2.1833211914063213,35.373222,5.745897,17.862797,27.140436,0.481576,145.0,125.66666412353516,42.32022629040675,2.591603898074268,40.217121,183.613251,5.101428440366973,-3306.485596
2.3225616699219245,35.370571,5.745601,17.976725,26.924204,0.478573,145.0,125.66666412353516,42.465482650122624,2.836046489740585,40.347279,183.544006,5.172696839959225,-3200.756836
2.32836342773453,35.387421,5.731691,17.985136,26.908775,0.485473,145.0,125.66666412353516,42.46821950656023,2.8462182490770997,40.302341,183.69342,5.138488175331294,-3205.989014
2.468498925781205,35.601856,5.703314,17.843843,27.105618,0.484026,145.0,125.66666412353516,42.501248245780005,3.0932275681292043,40.11459,183.43161,4.839162385321101,-3209.477295
2.475340966796921,35.384228,5.734833,17.838696,27.031656,0.486094,145.0,125.66666412353516,42.500992431943885,3.1053622812548487,40.183228,183.18895,4.904728542303771,-3111.997559
2.4814298339842935,35.484062,5.754815,17.710318,27.052809,0.486094,145.0,125.66666412353516,42.50076477816786,3.1161612016956544,40.154469,183.254028,5.027309072375128,-3125.195801
2.4865008789060994,35.533714,5.744833,17.898817,27.224764,0.48451,145.0,125.66666412353516,42.50057517926724,3.1251549617788927,40.152985,183.382797,4.943213047910295,-3230.453125
2.492560693359337,35.662926,5.733664,17.969219,27.204327,0.48451,145.0,125.66666412353516,42.50034861173017,3.13590235569474,40.084225,183.282562,5.114256167176349,-3171.201904
2.4979417968752387,35.333256,5.716857,17.960564,27.042284,0.483215,145.0,125.66666412353516,42.5001474201954,3.145446020708204,40.150906,183.220901,4.980272782874616,-3220.224365
2.5034337402344136,35.50819,5.759074,17.999149,26.989719,0.483215,145.0,125.66666412353516,42.499942084522125,3.1551862659093235,40.199196,183.265167,5.0315864424057075,-3219.046143
2.5086327148437704,35.515793,5.746316,17.9436,26.895861,0.483539,145.0,125.66666412353516,42.4997477025189,3.164406915900781,40.18335,183.36824,4.994526707441386,-3154.750977
2.5145006347656818,35.362377,5.731604,17.87196,26.874273,0.483539,145.0,125.66666412353516,42.49952830963572,3.1748139749543,40.107555,183.151382,4.923258409785933,-3196.514404
2.5195716796874876,35.422459,5.746054,17.871052,26.855686,0.480405,145.0,125.66666412353516,42.499338710735096,3.1838077350375382,40.146267,183.148087,4.790699796126402,-3184.494385
2.5255335937499694,35.457558,5.734449,17.860197,26.827623,0.480405,145.0,125.66666412353516,42.49911580354944,3.194381497554157,40.11272,183.226395,4.861968195718655,-3152.5354
2.530548730469036,35.459488,5.725042,17.816322,26.797239,0.481445,145.0,125.66666412353516,42.49892829497418,3.2032761015515514,40.147137,183.161469,4.891900917431194,-3186.474121
2.537199609374966,35.305832,5.710487,17.845135,26.829176,0.481445,145.0,125.66666412353516,42.49204241538624,3.2150460248100248,40.156075,183.127121,5.01875728848114,-3157.202148
2.542499658203269,35.382374,5.736002,17.772028,26.92621,0.485966,145.0,125.66666412353516,42.484528323547636,3.22441754756663,40.084259,183.201859,4.893325688073394,-3197.457275
2.548657617187473,35.50095,5.746212,17.875065,26.927572,0.485966,145.0,125.66666412353516,42.475797938064886,3.235306023244453,40.083786,183.380081,4.86909357798165,-3199.295654
2.5545006347656454,35.413948,5.718707,17.799568,26.900679,0.485032,145.0,125.66666412353516,42.46751405764786,3.245637620929,40.101746,183.062943,4.89902629969419,-3137.969971
2.559523583984628,35.395756,5.744781,17.71756,26.906366,0.485032,145.0,125.66666412353516,42.4603928210415,3.2545191773891964,40.075672,183.067581,4.797826809378184,-3148.528809
2.5655436035158345,35.398102,5.746141,17.773634,26.986891,0.486892,145.0,125.66666412353516,42.45185799785498,3.265163749139732,40.04438,183.166489,4.833460244648318,-3188.501221
2.5706563964845373,35.239723,5.75382,17.738869,26.975985,0.486892,145.0,125.66666412353516,42.44460938616011,3.2742041669189397,40.084885,183.181046,4.904728542303771,-3113.270264
2.5765465332033273,35.338406,5.75225,17.638222,26.918724,0.485516,145.0,125.66666412353516,42.4362587030472,3.284619080458295,40.084694,183.064499,4.73653496432212,-3126.327148
2.581635400390496,35.361996,5.736892,17.765955,26.983366,0.485516,145.0,125.66666412353516,42.4290440118922,3.293617192777549,40.076214,183.041229,4.786423955147807,-3217.254883
2.587508447265918,35.548157,5.755723,17.792866,26.890886,0.482013,145.0,125.66666412353516,42.42071755773635,3.3040018881312223,40.03801,183.118469,4.816355147808359,-3166.488037
2.5926612792968626,35.393791,5.753803,17.815868,26.838322,0.482013,145.0,125.66666412353516,42.41341218105638,3.313113102802599,40.027763,183.12381,4.789273496432212,-3171.296143
2.5985453124999367,35.370407,5.746246,17.821243,26.742283,0.485985,145.0,125.66666412353516,42.40507015114242,3.323517224132782,40.070347,183.129196,4.832035372069316,-3182.043457
2.6045003906251623,35.410252,5.7467,17.803774,26.754063,0.485985,145.0,125.66666412353516,42.3966273979927,3.334046966777727,40.108971,183.12381,4.715155555555555,-3174.642822
2.6105013671876804,35.344196,5.745566,17.799673,26.749664,0.484906,145.0,125.66666412353516,42.3881195727869,3.3446578668356457,40.098919,183.020798,4.880496432212028,-3149.188721
2.615656152343945,35.339802,5.746316,17.754559,26.783924,0.484906,145.0,125.66666412353516,42.380811427083266,3.3537725350139573,40.050732,182.980316,4.797826809378184,-3164.602539
2.6215001464843226,35.398689,5.750365,17.774628,26.880224,0.484688,145.0,125.66666412353516,42.37252616215441,3.364105859451972,40.043716,182.975571,4.7322591233435265,-3187.039795
2.6275001464846355,35.566307,5.773018,17.804977,26.83839,0.484688,145.0,125.66666412353516,42.36401972146043,3.3747150327564235,40.089512,183.160889,4.837736085626911,-3189.915283
2.6334852539062013,35.383255,5.768079,17.820057,26.843313,0.485378,145.0,125.66666412353516,42.35553439457189,3.385297873070495,40.113159,183.058456,4.765042915392456,-3175.208496
2.639526269531416,35.462105,5.752895,17.841698,26.813644,0.485378,145.0,125.66666412353516,42.34696980438099,3.3959795700205824,40.000732,182.915451,4.757916004077471,-3195.383057
2.6455001464846646,35.447884,5.723053,17.802307,26.783871,0.489765,145.0,125.66666412353516,42.33850039937851,3.4065425526697775,40.116543,183.070251,4.837736085626911,-3151.074219
2.6517850585937595,35.461582,5.723733,17.760336,26.745005,0.489765,145.0,125.66666412353516,42.32959002735764,3.4176555062983778,40.07349,183.01622,4.784997553516818,-3184.494385
2.658034082031463,35.442951,5.739702,17.788816,26.699455,0.487734,145.0,125.66666412353516,42.32770380549042,3.428451798258577,40.011501,182.869354,4.710879714576961,-3151.309814
2.6635541015625677,35.408672,5.697485,17.607943,26.74202,0.487734,145.0,125.66666412353516,42.32916486537134,3.4378750553727992,40.032234,182.953049,4.716580326197757,-3115.768555
2.6694850097655944,35.528194,5.742791,17.64023,26.765564,0.483732,145.0,125.66666412353516,42.33073468083738,3.4479997429037947,40.037624,182.988586,4.618230377166158,-3157.814941
2.6745008789062013,35.373058,5.730348,17.729271,26.774063,0.483732,145.0,125.66666412353516,42.33206230026478,3.456562361984365,39.987522,182.879547,4.873371049949032,-3117.654053
2.681348046874973,35.484283,5.717101,17.726686,26.706995,0.483299,145.0,125.66666412353516,42.33387463486984,3.468251201835116,40.008671,182.931717,4.807803363914371,-3123.263184
2.6865040527345627,35.344219,5.696438,17.705868,26.682037,0.483299,145.0,125.66666412353516,42.33523934621991,3.4770530491148715,40.007484,182.955078,4.783572782874618,-3150.697021
2.692558984374955,35.354481,5.699911,17.723494,26.556696,0.483961,145.0,125.66666412353516,42.336841988683716,3.4873894577698836,39.981464,182.830688,4.8861986748216095,-3135.6604
2.6976410156248676,35.309509,5.726613,17.669916,26.5075,0.483961,145.0,125.66666412353516,42.33818712015126,3.496065022568188,39.942528,182.794998,4.836311314984708,-3090.408691
2.7027008300783564,35.327225,5.744833,17.593895,26.694534,0.489046,145.0,125.66666412353516,42.33952637119204,3.5047026609446696,39.957207,182.930008,4.767894087665647,-3172.003174
2.7085958496095373,35.335468,5.741656,17.654871,26.761463,0.489046,145.0,125.66666412353516,42.34108668750716,3.5147660827173373,40.045322,182.959396,4.621081447502548,-3170.164795
2.7144999023439595,35.255878,5.697921,17.70981,26.650467,0.483009,145.0,125.66666412353516,42.34264939476502,3.5248449251230536,39.959648,182.715561,4.88477390417941,-3119.397949
2.7203077636718263,35.369118,5.732355,17.697891,26.511461,0.483009,145.0,125.66666412353516,42.34418664171359,3.5347595586254967,39.962635,182.766083,4.743661977573904,-3123.781738
2.72609975585965,35.29113,5.692808,17.653545,26.525074,0.485278,145.0,125.66666412353516,42.34571968835733,3.544647101826638,39.924328,182.840866,4.8776468909276245,-3135.141846
2.7314986816409146,35.127354,5.708462,17.665169,26.472385,0.485278,145.0,125.66666412353516,42.34714869668137,3.5538636391032377,39.941151,182.839966,4.7322591233435265,-3135.519043
2.7374847656251404,35.096432,5.712005,17.687105,26.501181,0.480808,145.0,125.66666412353516,42.34873311628422,3.564082517527989,39.924675,182.69519,4.812079204892967,-3140.892578
2.7425396972657836,35.200947,5.739771,17.59133,26.473816,0.480808,145.0,125.66666412353516,42.35007107492351,3.572711820427147,39.92691,182.760056,4.760767074413863,-3107.283691
2.747663720703258,35.26902,5.708794,17.548065,26.538948,0.483423,145.0,125.66666412353516,42.35142732104385,3.5814590703304336,39.915024,182.856125,4.636760244648317,-3125.148682
2.753484765625217,35.149506,5.726996,17.636232,26.485859,0.483423,145.0,125.66666412353516,42.35296805747643,3.59139620962165,39.891884,182.775742,4.715155555555555,-3165.875244
2.7584996582031636,35.238468,5.715007,17.535604,26.471024,0.48176,145.0,125.66666412353516,42.35429541842353,3.599957161606756,39.989754,182.685272,4.73511019367992,-3106.152344
2.763518701171961,35.171986,5.720801,17.623615,26.476068,0.48176,145.0,125.66666412353516,42.3556238779119,3.6085251987475866,39.890644,182.695404,4.682371763506626,-3142.495117
2.768768701172121,35.525032,5.746037,17.668432,26.498529,0.481133,145.0,125.66666412353516,42.3570134679906,3.617487503965819,39.90918,182.795425,4.733685423037716,-3160.077393
2.77398061523445,35.449139,5.708131,17.725361,26.536644,0.481133,145.0,125.66666412353516,42.358392977337694,3.6263847924609283,39.870468,182.71109,4.659565953109072,-3156.400635
2.7799854980471537,35.232719,5.73499,17.642288,26.429138,0.479824,145.0,125.66666412353516,42.35998237268626,3.6366357624733747,39.810837,182.608719,4.676669520897044,-3068.772705
2.7854945312501513,35.241425,5.731674,17.449669,26.494375,0.479824,145.0,125.66666412353516,42.36112629562393,3.6460591106766205,39.850628,182.6707,4.656714882772682,-3024.322266
2.7906964355470336,35.349323,5.724449,17.594366,26.876104,0.480699,145.0,125.66666412353516,42.35600919031695,3.655328787552157,39.830276,182.643494,4.629633231396532,-3244.358643
2.7964984374998494,35.358528,5.725496,17.725309,26.956543,0.480699,145.0,125.66666412353516,42.35030176986263,3.6656678250021555,39.871727,182.525864,4.752213761467889,-3148.623047
2.8024984375001623,35.408878,5.711045,17.774908,26.774517,0.483806,145.0,125.66666412353516,42.344399579032185,3.6763596905342895,39.843105,182.666214,4.665266666666667,-3168.797852
2.8076734863279853,35.245262,5.751744,17.772533,26.797152,0.483806,145.0,125.66666412353516,42.33930889140878,3.6855815115663795,39.881359,182.654587,4.688072375127422,-3188.501221
2.8127103515626004,35.401165,5.75328,17.725239,26.790956,0.47954,145.0,125.66666412353516,42.33435413477536,3.6945570925312827,39.791882,182.570953,4.678095820591234,-3145.040527
2.818499414062444,35.376484,5.736682,17.611223,26.73188,0.47954,145.0,125.66666412353516,42.32865944284129,3.7048730721658027,39.772091,182.562088,4.559789704383283,-3125.902832
2.8243202148437376,35.175934,5.712337,17.749672,26.809805,0.485018,145.0,125.66666412353516,42.32293353000847,3.715245608706214,39.759003,182.58519,4.444336187563711,-3218.103271
2.8295003906250713,35.349564,5.743978,17.787962,26.807833,0.485018,145.0,125.66666412353516,42.317837799009105,3.7244765658538705,39.790066,182.602158,4.514178185524974,-3175.067139
2.8346961914062376,35.128475,5.73129,17.798433,26.645039,0.478687,145.0,125.66666412353516,42.312726697721125,3.733735366401351,39.884552,182.460464,4.588297655453618,-3156.165039
2.840498193359508,35.327244,5.736421,17.788626,26.528982,0.478687,145.0,125.66666412353516,42.3070192772668,3.7440744038513496,39.752911,182.471298,4.482820693170234,-3214.190918
2.8468031249999513,35.330692,5.745025,17.672726,26.483938,0.485015,145.0,125.66666412353516,42.300817125647484,3.7553096507331594,39.818848,182.651932,4.601125280326197,-3054.113037
2.8524991699218845,35.374226,5.746735,17.638048,26.488459,0.485015,145.0,125.66666412353516,42.29521393496287,3.7654598751281068,39.761288,182.506668,4.53983506625892,-3163.329834
2.858031152343756,35.267624,5.74513,17.673719,26.566313,0.485875,145.0,125.66666412353516,42.28977213230878,3.7753177438249095,39.79607,182.376877,4.4899477064220195,-3202.453857
2.8635411621094136,35.170712,5.761238,17.672848,26.556522,0.485875,145.0,125.66666412353516,42.28435194412305,3.7851364577407107,39.756229,182.479782,4.632484403669724,-3083.903809
2.8694991699221646,35.326439,5.73143,17.543877,26.575893,0.481163,145.0,125.66666412353516,42.278491060943274,3.7957534941358197,39.814449,182.493332,4.455739041794088,-3122.839111
2.8754991699220227,35.041935,5.760679,17.50843,26.66551,0.481163,145.0,125.66666412353516,42.272588870112834,3.8064453596679537,39.744377,182.372513,4.589722426095822,-3100.543213
2.8807520996092535,35.166359,5.745601,17.55817,26.663975,0.482444,145.0,125.66666412353516,42.26742157120707,3.8158059626460377,39.770851,182.376236,4.609678593272171,-3084.422119
2.8873951660157218,35.239429,5.804833,17.604645,26.701706,0.482444,145.0,125.66666412353516,42.26088679693557,3.8276437581021483,39.834675,182.543579,4.612528134556573,-3156.87207
2.892504052734239,35.315815,5.76581,17.60454,26.559278,0.486849,145.0,125.66666412353516,42.255861192878044,3.8367476797381115,39.761238,182.383392,4.702326401630987,-3107.61377
2.8994659667969245,35.184311,5.755496,17.668171,26.507273,0.486849,145.0,125.66666412353516,42.249012768654374,3.8491536545718654,39.766804,182.419174,4.6139545361875625,-3144.333496
2.9047140136717644,35.265236,5.829004,17.606285,26.516226,0.483941,145.0,125.66666412353516,42.24385027296381,3.8585055564875046,39.784813,182.497223,4.669544138634048,-3082.631104
2.9108290039062013,35.089798,5.901151,17.552095,26.547045,0.483941,145.0,125.66666412353516,42.23783496641555,3.869402332040213,39.753521,182.421051,4.39302252803262,-3156.683594
2.916485986328098,35.130646,5.84445,17.598013,26.572735,0.485979,145.0,125.66666412353516,42.15670653636824,3.8792040360009503,39.759037,182.260269,4.450036799184507,-3184.683105
2.921545800781132,35.078499,5.808603,17.64646,26.48933,0.485979,145.0,125.66666412353516,42.04878718405738,3.8878405441787836,39.761009,182.301559,4.794975739041794,-3114.825684
2.9274989257814923,35.130745,5.903316,17.585535,26.390413,0.486512,145.0,125.66666412353516,41.921814663587035,3.8980018283963127,39.601673,182.424469,4.441485117227318,-3114.448486
2.932518945312495,35.222858,5.941326,17.567209,26.455353,0.486512,145.0,125.66666412353516,41.814744085916786,3.9065704113228565,39.627625,182.313019,4.452887971457695,-3190.3396
2.938499902343665,34.977547,5.910226,17.652098,26.528528,0.483881,145.0,125.66666412353516,41.68717794391865,3.9167792015443554,39.698547,182.305344,4.673819979612641,-3132.172119
2.944714746093723,35.047901,5.951641,17.589724,26.470989,0.483881,145.0,125.66666412353516,41.554623298204525,3.9273872088869335,39.653923,182.275421,4.408701223241589,-3123.781738
2.9503097167971646,35.005928,5.983717,17.548239,26.421286,0.48781,145.0,125.66666412353516,41.43528974949968,3.936937165842852,39.591549,182.31366,4.450036799184507,-3169.033447
2.95549965820328,35.193203,5.990314,17.584278,26.369226,0.48781,145.0,125.66666412353516,41.32459495618609,3.9457957854252106,39.636051,182.301666,4.725132110091742,-3102.287109
2.961498681640478,34.974049,5.991292,17.621887,26.353659,0.484091,145.0,125.66666412353516,41.196643480915526,3.9560354128773567,39.705547,182.277664,4.551237920489298,-3121.424805
2.9667276855470845,35.130974,6.154521,17.560892,26.33886,0.484091,145.0,125.66666412353516,41.085115534580474,3.964960707553006,39.709961,182.320969,4.616805606523955,-3133.11499
2.972540673828007,34.937866,6.119338,17.657995,26.289051,0.481226,145.0,125.66666412353516,40.96113195057461,3.9748827948733543,39.710033,182.237335,4.5711940876656465,-3115.579834
2.978497705078098,35.033363,6.119984,17.570316,26.220219,0.481226,145.0,125.66666412353516,40.834076114802116,3.9850507466002125,39.706139,182.190018,4.374492660550458,-3111.243164
2.9835836425781963,34.966587,6.189687,17.603458,26.234617,0.482802,145.0,125.66666412353516,40.72559959140816,3.9937318437466844,39.615231,182.257385,4.658141182466869,-3112.845947
2.9886986328124294,34.937443,6.188553,17.621328,26.257864,0.482802,145.0,125.66666412353516,40.61650341045449,4.0024625304937915,39.599682,182.396133,4.400149439347605,-3082.301025
2.99449965820304,34.944084,6.205203,17.605709,26.255299,0.482273,145.0,125.66666412353516,40.492774979561446,4.012364198566819,39.598251,182.253006,4.314628746177369,-3112.186035
3.0004835449217353,34.967339,6.22611,17.43433,26.42317,0.482273,145.0,125.66666412353516,40.3651463510867,4.022577989420315,39.650784,182.137466,4.514178185524974,-3021.164062
3.0054974609374767,35.047882,6.225726,17.372618,26.495264,0.482566,145.0,125.66666412353516,40.25820595357606,4.031136154363532,39.667553,182.184845,4.37734373088685,-3049.163574
3.0107645507814595,35.012997,6.239775,17.698694,26.748827,0.482566,145.0,125.66666412353516,40.14586568304508,4.040126457255139,39.653122,182.186325,4.532708053007136,-3147.303223
3.016485498047132,34.996342,6.253265,17.723511,26.662422,0.48514,145.0,125.66666412353516,40.02384521584603,4.049891441386921,39.587673,182.085251,4.716580326197757,-3095.923584
3.0215003906250786,34.903236,6.277978,17.705973,26.531652,0.48514,145.0,125.66666412353516,39.916883989509856,4.058451273207471,39.587467,182.099167,4.482820693170234,-3081.641113
3.0277723632812013,35.280758,6.306739,17.521748,26.432333,0.477635,145.0,125.66666412353516,39.783110857501846,4.0691567928739865,39.628128,182.187775,4.47569367991845,-3068.442627
3.0337943359377277,34.916531,6.335762,17.229092,26.476784,0.477635,145.0,125.66666412353516,39.65413047876793,4.07940125660229,39.5434,182.099228,4.4258063200815485,-2962.242676
3.039563378906223,35.0676,6.390998,17.535622,26.789316,0.479539,145.0,125.66666412353516,39.52187419344696,4.0886621031483354,39.568233,182.189636,4.217703465851173,-3216.359131
3.0454974609374403,35.048885,6.398101,17.624907,26.734201,0.479539,145.0,125.66666412353516,39.385834359718174,4.0981878812333195,39.556873,182.151718,4.558364933741079,-3111.243164
3.0515404296875204,35.151012,6.444401,17.56953,26.377062,0.481301,145.0,125.66666412353516,39.24729827955463,4.107888451428313,39.74649,182.081131,4.357389092762489,-3084.327881
3.0568863769531163,35.039974,6.438345,17.52639,26.399139,0.481301,145.0,125.66666412353516,39.124741534752545,4.116470116972907,39.797047,181.950333,4.461439755351683,-3171.578857
3.0624972167970554,34.954273,6.451173,17.477419,26.391407,0.479569,145.0,125.66666412353516,38.9961120828166,4.125477005475709,39.75024,182.011261,4.424381549439349,-3103.748535
3.0685572753905035,35.17601,6.440143,17.550404,26.258736,0.479569,145.0,125.66666412353516,38.857184215096034,4.135205009409942,39.756401,182.191833,4.267590927624873,-3101.674316
3.074506250000013,34.97541,6.454541,17.540142,26.294827,0.480528,145.0,125.66666412353516,38.720802966496116,4.14475469403912,39.748566,182.089569,4.257612742099897,-3163.707031
3.0796722656250495,34.911156,6.491889,17.512411,26.237305,0.480528,145.0,125.66666412353516,38.60237118497298,4.15304752150058,39.867241,181.933578,4.524156269113148,-3036.389404
3.085498193359399,35.003563,6.567945,17.511713,26.192871,0.481018,145.0,125.66666412353516,38.46881080678364,4.162399683207236,39.830959,182.053497,4.256187971457697,-3103.324219
3.091499169921917,35.191349,6.602849,17.476738,26.214199,0.481018,145.0,125.66666412353516,38.331237404617355,4.172032844785814,39.767029,181.993164,4.509902344546381,-3063.304688
3.0972860351562304,34.983341,6.599882,17.4622,26.222889,0.482913,145.0,125.66666412353516,38.19857254084406,4.18132230080278,39.749493,181.878052,4.395873598369012,-3065.70874
3.1024991699218845,34.961788,6.602203,17.524086,26.283134,0.482913,145.0,125.66666412353516,38.079060545056564,4.189690767002428,39.759544,181.955994,4.241934046890927,-3121.990479
3.1084991699217426,35.040985,6.669586,17.394852,26.305037,0.480135,145.0,125.66666412353516,37.94150953075068,4.199322360938764,39.694832,182.038834,4.501350560652397,-3038.180664
3.114318017578171,35.084782,6.656706,17.443911,26.420448,0.480135,145.0,125.66666412353516,37.80811146454925,4.2086631572391635,39.71471,181.896667,4.234807033639142,-3159.700195
3.1193819824220554,35.021221,6.729063,17.527384,26.307951,0.476467,145.0,125.66666412353516,37.692019214438055,4.21679216608631,39.696663,181.983307,4.504201630988787,-3055.291504
3.1245570312498785,34.96051,6.698888,17.538502,26.244129,0.476467,145.0,125.66666412353516,37.57338034520621,4.225099494238511,39.642353,181.998184,4.407276452599387,-3061.702148
3.1304830566405144,34.925529,6.67011,17.469791,26.235909,0.479999,145.0,125.66666412353516,37.43752521132573,4.234612339274997,39.76532,182.021973,4.375918960244648,-3100.967285
3.1355370117189523,34.990669,6.679656,17.391171,26.105385,0.479999,145.0,125.66666412353516,37.32166243678365,4.24272527978916,39.698986,181.85405,4.519880428134556,-3053.358887
3.1413778320311394,34.961407,6.691488,17.433527,26.131266,0.482135,145.0,125.66666412353516,37.18776064372318,4.25210134804001,39.713402,181.898697,4.524156269113148,-3058.355469
3.146482812499926,35.014885,6.703234,17.45892,26.186153,0.482135,145.0,125.66666412353516,37.07072810347513,4.26029619786133,39.649944,181.906754,4.162113965341489,-3134.151855
3.15197182617203,35.040604,6.705328,17.525604,26.19453,0.478836,145.0,125.66666412353516,36.944891537124256,4.269107522994412,39.592842,181.867645,4.509902344546381,-3067.311523
3.157499902343716,34.902157,6.690721,17.570019,26.140411,0.478836,145.0,125.66666412353516,36.81815945635732,4.277981553817185,39.567814,181.756958,4.400149439347605,-3096.866455
3.163073876953149,34.666561,6.705066,17.585325,26.162016,0.477761,145.0,125.66666412353516,36.7866671967067,4.286564803238305,39.590118,181.871811,4.391597655453618,-3094.038086
3.1684977050781526,34.937233,6.719115,17.50988,26.099241,0.477761,145.0,125.66666412353516,36.790276703459696,4.294787197540454,39.586609,181.939301,4.534134352701326,-3067.971436
3.174549707031474,34.85656,6.718801,17.521294,26.042032,0.481605,145.0,125.66666412353516,36.794304254004345,4.303961888409916,39.51223,181.897156,4.460014984709479,-3098.044922
3.1805458007811467,34.90099,6.689795,17.506563,26.075245,0.481605,145.0,125.66666412353516,36.79829459816412,4.313051823774553,39.498425,181.789291,4.301799490316003,-3113.317383
3.1863856445311285,34.881954,6.71114,17.527994,26.060114,0.480852,145.0,125.66666412353516,36.802180959414194,4.32190488785933,39.57703,181.790359,4.432933333333334,-3088.947266
3.191497705078291,34.78743,6.686654,17.574905,26.070078,0.480852,145.0,125.66666412353516,36.80558298776767,4.3296546499358834,39.501129,181.742874,4.176367889908256,-3117.842529
3.198301660156176,34.848797,6.705224,17.577629,26.031702,0.480878,145.0,125.66666412353516,36.81011095606526,4.3399692838396735,39.496838,181.635818,4.424381549439349,-3091.021484
3.203535546875173,34.807858,6.739464,17.405272,26.064598,0.480878,145.0,125.66666412353516,36.813594058593644,4.347903731492242,39.513641,181.773453,4.239082874617738,-3001.649414
3.208721582031103,35.03067,6.668748,17.395847,26.119886,0.480781,145.0,125.66666412353516,36.81704531635594,4.355765637315354,39.497257,181.842529,4.221979408766565,-3093.849609
3.2144825683594718,34.905495,6.669691,17.504679,26.200062,0.480781,145.0,125.66666412353516,36.82087919873127,4.364499155426077,39.506294,181.723465,4.373067889908258,-3166.252441
3.220220605468967,34.836044,6.657038,17.467367,26.111248,0.494811,145.0,125.66666412353516,36.82469780861674,4.3731978830675695,39.498688,181.731522,4.278993781855251,-3052.133301
3.2256205078124367,34.84848,6.654891,17.441484,26.122068,0.494811,145.0,125.66666412353516,36.828291392986685,4.38138400645499,39.50317,181.774933,4.345986238532111,-3089.371582
3.230659570312582,34.956932,6.669063,17.421415,26.071178,0.492572,145.0,125.66666412353516,36.83164484182454,4.389023105230484,39.496784,181.735565,4.341710295616716,-3109.92334
3.237384423828189,34.854782,6.68175,17.564226,25.993883,0.492572,145.0,125.66666412353516,36.836120168774094,4.399217823048844,39.435738,181.609146,4.204874311926606,-3055.055664
3.2424974609375568,34.714764,6.675607,17.433561,25.997286,0.487596,145.0,125.66666412353516,36.83952284702076,4.406969065570896,39.47694,181.63443,4.290396636085625,-3049.776367
3.2484825683595773,34.768265,6.655258,17.417854,26.170986,0.487596,145.0,125.66666412353516,36.843505879882194,4.416042345923668,39.480816,181.615967,4.090845565749234,-3077.681641
3.253814355468876,34.626881,6.703146,17.361065,26.205996,0.488625,145.0,125.66666412353516,36.84705413420244,4.424125208237525,39.479683,181.607697,4.167816106014272,-3015.130615
3.259540429687604,34.659245,6.689202,17.378588,26.12254,0.488625,145.0,125.66666412353516,36.85086478289639,4.4328058004216535,39.465282,181.556229,4.298948419979613,-3097.856201
3.2654823242187376,34.779545,6.710616,17.349827,26.112261,0.492608,145.0,125.66666412353516,36.85481905798436,4.44181357106109,39.481041,181.646973,4.227680020387361,-3049.493652
3.270500390624875,34.757664,6.63997,17.374521,26.139189,0.492608,145.0,125.66666412353516,36.85815853411872,4.449420840258352,39.478966,181.678818,4.110800203873599,-3070.563965
3.276098291015842,34.763248,6.670511,17.421484,26.065699,0.492935,145.0,125.66666412353516,36.86188388433205,4.45790712397072,39.443466,181.456894,4.269015698267074,-3085.741943
3.2811244140625604,34.880371,6.669569,17.471642,25.978333,0.492935,145.0,125.66666412353516,36.8652287220852,4.46552660684335,39.434166,181.546463,4.204874311926606,-3070.940918
3.2861612792971755,34.835476,6.671366,17.490978,25.992311,0.491327,145.0,125.66666412353516,36.868231846088094,4.473167191017509,39.435963,181.598419,4.256187971457697,-3073.439209
3.29149721679687,34.928432,6.716916,17.390419,25.950619,0.491327,145.0,125.66666412353516,36.8620075541908,4.481391303251779,39.438896,181.505661,4.146435168195717,-3086.119141
3.2967682128905835,34.817699,6.717754,17.435726,25.915277,0.492864,145.0,125.66666412353516,36.85585901548002,4.489515323344106,39.465424,181.408035,4.186345973496431,-3031.157227
3.303282128906176,34.784843,6.680005,17.435778,25.944407,0.492864,145.0,125.66666412353516,36.8482606291279,4.49955501672453,39.525337,181.574631,4.129330071355758,-3084.987793
3.308522119140889,34.736481,6.669691,17.160122,25.988577,0.489178,145.0,125.66666412353516,36.8421482582919,4.507631248463373,39.417011,181.509018,4.233382262996942,-2933.158936
3.3137311035156927,34.968658,6.643984,17.268255,26.081945,0.489178,145.0,125.66666412353516,36.83607205533066,4.5156596918487315,39.461113,181.517715,4.192046687054026,-3016.921875
3.3188150878909255,34.88443,6.683583,17.35014,26.257864,0.489764,145.0,125.66666412353516,36.83014166301417,4.523495476675161,39.44202,181.409683,4.008174311926605,-3163.471191
3.3245440917967244,34.919292,6.662344,17.306789,26.244495,0.489764,145.0,125.66666412353516,36.8234588649879,4.532325409768562,39.484673,181.502823,4.338859225280326,-2990.100586
3.3304969726564195,34.997749,6.632622,17.340298,26.394287,0.481467,145.0,125.66666412353516,36.816514917818616,4.541500397351295,39.480728,181.482712,4.271866768603466,-3090.172852
3.3364959960936176,34.935936,6.656479,17.416651,26.225718,0.481467,145.0,125.66666412353516,36.8095171460168,4.550746503034883,39.487186,181.271576,4.431506931702344,-3046.429688
3.3424120117188068,34.860138,6.642727,17.404242,26.166868,0.480795,145.0,125.66666412353516,36.80261620159626,4.559864671394182,39.550381,181.372131,4.286120693170234,-3022.342529
3.3474959960940396,34.817936,6.683652,17.340017,26.090776,0.480795,145.0,125.66666412353516,36.796685809279765,4.567700456220611,39.503277,181.455612,4.120778287461774,-3044.732666
3.3526419921877277,34.911263,6.670197,17.263088,26.102016,0.483637,145.0,125.66666412353516,36.79068308121373,4.575631817754009,39.526558,181.481598,4.120778287461774,-3038.133545
3.4453814941407472,34.796528,6.7121,17.071465,26.156675,0.478233,145.0,125.66666412353516,36.72399240199335,4.717355371222374,39.067776,181.218506,4.008174311926605,-3029.17749
3.4506925292971573,34.517708,6.703304,17.099825,26.360308,0.478233,145.0,125.66666412353516,36.72371504242946,4.725368093130254,39.054092,181.24704,3.9910708460754316,-3088.947266
3.4564974609374985,34.787876,6.675555,17.441397,26.436241,0.481168,145.0,125.66666412353516,36.723411889981605,4.734125953238907,39.064129,181.044815,4.13360754332314,-3066.321533
3.4624974609373567,34.675823,6.676846,17.423439,26.286242,0.481168,145.0,125.66666412353516,36.72309855042832,4.743178111628539,39.054199,181.18985,4.304650560652395,-3061.60791
3.467516503906154,34.756004,6.639219,17.370977,26.045017,0.481692,145.0,125.66666412353516,36.72283643964802,4.75075030694812,39.078491,181.192581,3.8100496432212028,-3058.025391
3.472778466797081,34.674187,6.669796,17.364101,25.969711,0.481692,145.0,125.66666412353516,36.722561642797764,4.75868899386917,39.001198,181.129623,4.096547808358816,-3008.861328
3.4785023437502787,34.522213,6.670075,17.328308,25.951876,0.476998,145.0,125.66666412353516,36.72226272328983,4.767324567332912,39.034668,180.976471,4.022428338430174,-3065.473145
3.4845543457031454,34.495705,6.670755,17.410786,26.04924,0.476998,145.0,125.66666412353516,36.72194666802508,4.776455180708586,39.021893,181.200256,3.9639891946992853,-3059.769531
3.490497460937604,34.580666,6.680145,17.368919,25.978926,0.479805,145.0,125.66666412353516,36.72163629917964,4.785421517446818,38.992523,181.205063,4.136457084607543,-3017.723145
3.4956473632814777,34.43325,6.670127,17.239616,25.926971,0.479805,145.0,125.66666412353516,36.72136735449633,4.793191139397945,38.99432,180.992798,3.954011111111111,-2960.545654
3.501496240234246,34.496525,6.670075,17.112146,25.964737,0.482046,145.0,125.66666412353516,36.721061907081044,4.802015299494804,39.069157,181.118484,4.089420795107034,-2958.895752
3.5075462890627023,34.604618,6.670284,17.338902,26.131737,0.482046,145.0,125.66666412353516,36.72074595381485,4.8111429662043355,39.084389,181.082092,3.8357065239551464,-3118.455322
3.513538232421979,34.519344,6.682274,17.43103,26.146257,0.482492,145.0,125.66666412353516,36.72043303500559,4.82018296959613,39.041336,181.075699,3.968265035677881,-3053.830078
3.518691308594043,34.476639,6.674054,17.368185,26.058578,0.482492,145.0,125.66666412353516,36.72016392457463,4.827957379879737,39.091614,180.879547,4.167816106014272,-3031.7229
3.5244962402343845,34.534164,6.669743,17.325499,25.830269,0.481266,145.0,125.66666412353516,36.71986077212677,4.836715239988391,39.026676,181.029602,4.0038984709480125,-3104.361328
3.529774316406474,34.643906,6.640232,17.320053,25.819502,0.481266,145.0,125.66666412353516,36.719585133788456,4.844678236905116,39.036083,180.996964,4.03668236493374,-3070.752441
3.535497216797012,34.583523,6.700319,17.217714,25.794947,0.476916,145.0,125.66666412353516,36.719286265279806,4.853312337035787,39.037899,180.867874,3.9924956167176346,-3025.972168
3.541060205078338,34.413769,6.682431,17.272932,25.830984,0.476916,145.0,125.66666412353516,36.72050039757244,4.861898980041685,39.024895,180.981644,3.8357065239551464,-3114.542969
3.5473441406252277,34.496841,6.671646,17.271955,25.772903,0.477457,145.0,125.66666412353516,36.72381038665887,4.871848110134737,39.028702,181.0327,3.9981978593272163,-3038.369141
3.552495996093967,34.396751,6.696759,17.083908,25.836639,0.477457,145.0,125.66666412353516,36.7265240658889,4.880004858385391,38.991425,180.991684,3.8513852191641194,-2989.346436
3.5583780761721755,34.308937,6.675886,17.104013,26.01144,0.477224,145.0,125.66666412353516,36.72962238233707,4.889317745107172,39.03685,180.864883,3.7772657492354744,-3090.832764
3.5634811035156417,34.390316,6.652483,17.198046,26.139154,0.477224,145.0,125.66666412353516,36.732310341926976,4.897397185536286,39.021824,180.9776,4.021003567787971,-3044.025635
3.5685460449217317,34.341679,6.654734,17.109179,25.971073,0.478288,145.0,125.66666412353516,36.73497824019758,4.905416325864599,38.922749,180.97818,3.969689806320081,-2903.462646
3.5744959960939013,34.399761,6.669394,16.816925,25.917913,0.478288,145.0,125.66666412353516,36.738112306945524,4.91483667045832,38.950497,180.912842,4.011025484199797,-2837.42334
3.5803790527343153,34.51403,6.679342,17.176405,26.14678,0.479578,145.0,125.66666412353516,36.74121113778649,4.924151103336531,39.00486,180.844925,3.98251753312946,-3145.13501
3.5855018554689195,34.457748,6.677125,17.193037,26.131214,0.479578,145.0,125.66666412353516,36.74390951383065,4.932261853433369,38.992977,180.979675,4.113651274209989,-2904.82959
3.590516015624871,34.501923,6.682832,17.17082,26.055943,0.477544,145.0,125.66666412353516,36.74655066367552,4.940200593627281,38.9254,180.910812,4.1321811416921514,-2977.468018
3.596495996093836,34.567184,6.668382,17.239511,26.016273,0.477544,145.0,125.66666412353516,36.749700548002146,4.949668482531249,39.014877,180.814743,4.019577268093781,-3032.005615
3.6024020019531235,34.524807,6.659115,17.127224,25.96294,0.480584,145.0,125.66666412353516,36.752811467073975,4.959019250085583,38.995159,180.889847,4.026704179408767,-2963.703857
3.6083587890625495,34.598717,6.649097,17.265182,26.06308,0.480584,145.0,125.66666412353516,36.75594913457154,4.968450417774319,39.037426,180.842575,3.87419102956167,-3091.021484
3.613537744140558,34.5229,6.6499,17.260366,25.952208,0.477399,145.0,125.66666412353516,36.75867708820184,4.976650071865928,39.03706,180.852127,3.955435881753314,-3062.927734
3.619494775390649,34.623032,6.668242,17.294502,25.867809,0.477399,145.0,125.66666412353516,36.76181488429761,4.986081626093772,39.034458,180.704956,3.961138124362895,-3016.638916
3.6256737304688613,34.511608,6.658295,17.266178,25.766638,0.476379,145.0,125.66666412353516,36.765069576157764,4.995864544370513,38.980446,180.847336,4.011025484199797,-3037.284912
3.6314808593751877,34.453266,6.648556,17.167086,25.698627,0.476379,145.0,125.66666412353516,36.76812841295833,5.00505876358623,38.923115,180.813293,3.8328553516819577,-3033.231201
3.6364957519531345,34.504421,6.683059,17.21007,25.751507,0.477684,145.0,125.66666412353516,36.7707699485978,5.0129986633974655,38.922905,180.670441,4.0038984709480125,-3030.072998
3.641554589843963,34.46883,6.656253,17.244537,25.738489,0.477684,145.0,125.66666412353516,36.77343463191339,5.021008140248086,38.901142,180.728058,3.9126755351681943,-3040.395996
3.6473866210940287,34.509537,6.655048,17.137573,25.676569,0.48143,145.0,125.66666412353516,36.776506585730424,5.030241786452788,38.838612,180.821777,3.8143254841997956,-2962.80835
3.6525436035158236,34.505219,6.657143,16.940748,25.816568,0.48143,145.0,125.66666412353516,36.77922296552267,5.038406652024705,38.776711,180.796753,3.838556065239552,-3001.837891
3.657739648437655,34.514587,6.65442,17.141064,25.938263,0.480958,145.0,125.66666412353516,36.781959921027024,5.046633363853852,38.767895,180.667664,3.7615870540265046,-3072.166504
3.6635287109374985,34.408936,6.669778,17.270052,26.026884,0.480958,145.0,125.66666412353516,36.782765511237386,5.055490863119148,38.760323,180.73526,3.9226536187563714,-3042.375732
3.669645654296801,34.45813,6.669115,17.173491,25.892365,0.481403,145.0,125.66666412353516,36.782717036900124,5.064726484877314,38.718872,180.757278,3.845683078491334,-3025.359375
3.6754974609375495,34.50032,6.670354,17.218254,25.914616,0.481403,145.0,125.66666412353516,36.78267066366564,5.073561791918681,38.732555,180.712097,3.730229561671762,-3092.954102
3.681494531249882,34.353603,6.670633,17.254362,25.76053,0.480204,145.0,125.66666412353516,36.782623139274484,5.082616424242272,38.708679,180.662491,3.9126755351681943,-3010.605469
3.687499414062586,34.361828,6.671995,17.171762,25.667475,0.480204,145.0,125.66666412353516,36.782575552972375,5.091682852211293,38.659363,180.710495,3.6532589194699288,-2931.603516
3.69344448242191,34.403732,6.637195,17.11157,25.805418,0.478687,145.0,125.66666412353516,36.78252844067596,5.100658969769987,38.595837,180.63353,3.770138837920489,-3101.815918
3.69902944335945,34.570839,6.668574,17.250088,25.950043,0.478687,145.0,125.66666412353516,36.78248418208729,5.109091381797119,38.588856,180.5112,3.660385932721713,-3092.341309
3.7049784179689595,34.410385,6.638277,17.256004,25.78142,0.482805,145.0,125.66666412353516,36.782437038835404,5.118073397178528,38.589027,180.693649,3.9468840978593263,-2992.033203
3.7104823242189013,34.559898,6.644315,17.16466,25.73929,0.482805,145.0,125.66666412353516,36.78239342257281,5.126383429384318,38.50901,180.659882,3.969689806320081,-3054.065918
3.716510400390689,34.568493,6.655066,17.204432,25.695957,0.479484,145.0,125.66666412353516,36.78234565247258,5.135484875675711,38.550549,180.46106,3.82145249745158,-3013.905029
3.722961328125166,34.436924,6.670511,17.221815,25.615242,0.479484,145.0,125.66666412353516,36.782294531442304,5.1452247612760305,38.547318,180.594269,3.91695137614679,-3019.797119
3.7282323242188795,34.392609,6.645328,17.169703,25.511646,0.477166,145.0,125.66666412353516,36.78225276089984,5.153183135802424,38.491611,180.551636,3.735930173292558,-3023.473877
3.7343863769533527,34.418449,6.641314,17.116142,25.527143,0.477166,145.0,125.66666412353516,36.78220399248558,5.162474786876384,38.483845,180.517929,3.6874675840978597,-2992.174805
3.7395172363280835,34.408924,6.650284,17.118637,25.600565,0.479346,145.0,125.66666412353516,36.78216333247073,5.170221577012867,38.495014,180.429169,3.788668705402651,-2980.013428
3.7454801269532254,34.427589,6.67065,17.112913,25.614717,0.479346,145.0,125.66666412353516,36.78211607893997,5.1792246033877,38.52779,180.55986,3.7131244648318034,-3021.682617
3.750500146484228,34.3008,6.670354,17.155846,25.669884,0.477426,145.0,125.66666412353516,36.78207629728669,5.1868040428046385,38.493969,180.54689,3.857085932721711,-2987.555176
3.7565401855467826,34.347504,6.669708,17.108463,25.616621,0.477426,145.0,125.66666412353516,36.782028432385324,5.1959235511780975,38.574284,180.36557,3.8328553516819577,-2977.137939
3.7617301269533527,34.291626,6.657073,17.073105,25.691175,0.475976,145.0,125.66666412353516,36.781987304168936,5.203759545883149,38.54805,180.476257,3.902697349643221,-2986.706787
3.7674952636721173,34.515701,6.656096,17.187138,25.789955,0.475976,145.0,125.66666412353516,36.78194161775904,5.212463994983022,38.529133,180.487625,3.8357065239551464,-3077.917236
3.7734940429686503,34.459133,6.654787,17.137766,25.751665,0.479955,145.0,125.66666412353516,36.78189407982486,5.2215212076040505,38.472485,180.465057,4.015301325178389,-2936.27002
3.779334130859297,34.368839,6.651017,17.13979,25.653078,0.479955,145.0,125.66666412353516,36.7818477994568,5.230338821177272,38.481297,180.242828,3.8171766564729874,-3002.450684
3.784838037109239,34.471535,6.6436,17.091099,25.610197,0.475523,145.0,125.66666412353516,36.78180418319421,5.238648853383062,38.492329,180.426926,3.8485341488277265,-2952.437988
3.7904950195311358,34.415829,6.669918,17.0952,25.613846,0.475523,145.0,125.66666412353516,36.78175935386399,5.247190006516506,38.519516,180.478607,3.697445667686034,-2986.329834
3.7955130859377277,34.425056,6.654752,17.189093,25.679134,0.475818,145.0,125.66666412353516,36.79102605882784,5.254644443935188,38.490982,180.354538,3.7644381243628944,-3064.813232
3.801116113281296,34.35479,6.682954,17.108341,25.57011,0.475818,145.0,125.66666412353516,36.803152351277696,5.2629445164145245,38.465347,180.418655,3.7644381243628944,-2928.58667
3.8064898925781563,34.298302,6.670528,16.906786,25.538975,0.477203,145.0,125.66666412353516,36.81478249607568,5.270904991157124,38.406376,180.440521,3.898421508664628,-2894.553711
3.8116419921875604,34.48119,6.669761,17.055059,25.580669,0.477203,145.0,125.66666412353516,36.82593287296323,5.278537079589867,38.409359,180.388306,3.6532589194699288,-3058.496826
3.8166549316406417,34.276836,6.669464,17.184765,25.600756,0.476451,145.0,125.66666412353516,36.83678207395987,5.285963022431619,38.324158,180.160629,3.966838735983691,-2952.34375
3.822186914062513,34.330193,6.657998,16.937607,25.546097,0.476451,145.0,125.66666412353516,36.84875460819173,5.294157852161871,38.397282,180.28476,3.954011111111111,-2784.111084
3.827593896484359,34.35479,6.655921,16.979876,25.624596,0.476646,145.0,125.66666412353516,36.860456612500535,5.302167512519164,38.406986,180.41684,3.610498572884812,-3034.409668
3.833494775390591,34.307571,6.664158,17.176039,25.792992,0.476646,145.0,125.66666412353516,36.87322752703269,5.310908808895006,38.35421,180.256638,3.91695137614679,-2971.01001
3.8393897949217717,34.249512,6.638766,17.183176,25.674021,0.47957,145.0,125.66666412353516,36.8859857604747,5.319641425456489,38.264,180.134384,3.8670640163098886,-2929.859375
3.8456646972658746,34.092377,6.654106,17.232199,25.558487,0.47957,145.0,125.66666412353516,36.89956615126103,5.328936783315483,38.233791,180.279633,3.8285795107033644,-3099.977539
3.8507608886720845,34.271599,6.669708,17.154276,25.500074,0.475561,145.0,125.66666412353516,36.910595529413456,5.336486051852898,38.236687,180.250565,3.7259520897043834,-2962.80835
3.856518701171808,34.254539,6.68435,16.999022,25.53688,0.475561,145.0,125.66666412353516,36.923056813994606,5.345015416094844,38.163094,180.085464,3.482215902140673,-3010.652588
3.861681787109319,34.137096,6.669499,17.099842,25.666166,0.477131,145.0,125.66666412353516,36.934230967926176,5.352663779179507,38.193127,180.204102,3.425201529051987,-3175.349854
3.8676837402344972,34.368546,6.629376,17.117573,25.729378,0.477131,145.0,125.66666412353516,36.947220631263306,5.361554802353015,38.189358,180.229446,3.80719857288481,-2979.541992
3.8734967285158746,34.248714,6.66812,17.139807,25.562902,0.475491,145.0,125.66666412353516,36.95980132944331,5.370165901513494,38.168713,180.178116,3.5378055045871557,-3033.466797
3.880316552734257,34.155727,6.657352,17.096386,25.486252,0.475491,145.0,125.66666412353516,36.974561061612995,5.380268482107733,38.130352,180.187241,3.8912944954128434,-2973.084229
3.885496728515591,34.474731,6.624123,17.117765,25.480999,0.477349,145.0,125.66666412353516,36.98577220205748,5.387942161317605,38.134819,180.182449,3.715975535168196,-2960.121338
3.8906756835935994,34.35479,6.620511,17.152861,25.467894,0.477349,145.0,125.66666412353516,36.99698070060819,5.395614032232819,38.105186,180.141312,3.5976694189602445,-3023.568115
3.896498681640878,34.277828,6.66182,17.070593,25.421453,0.47821,145.0,125.66666412353516,37.00958306231718,5.404239959409493,38.08543,180.038406,3.80719857288481,-2957.104736
3.9015426269534146,34.350483,6.623128,17.041935,25.427038,0.47821,145.0,125.66666412353516,37.02049936741584,5.411711832935554,38.059986,180.150482,3.4223503567787983,-2951.165283
3.9070655761720445,34.244724,6.668312,17.073647,25.45018,0.47837,145.0,125.66666412353516,37.03245235163373,5.419893281285338,38.071156,180.140625,3.408096432212028,-3016.356201
3.9125645996095955,34.331318,6.638294,17.051517,25.472012,0.47837,145.0,125.66666412353516,37.04435355473353,5.428039287059829,38.122375,180.075974,3.5990957186544343,-2972.848389
3.9184964843752823,34.303581,6.669586,17.097748,25.499586,0.475764,145.0,125.66666412353516,37.05562546500678,5.436952844949458,38.089027,179.910492,3.4665371049949036,-3011.3125
3.924305566406474,34.189823,6.670825,16.747274,25.464123,0.475764,145.0,125.66666412353516,37.057985601058796,5.446381921819329,38.040195,180.132782,3.929780530071354,-2835.584961
3.929493310547059,34.401062,6.671576,16.900974,25.552414,0.474793,145.0,125.66666412353516,37.06009329757764,5.4548024670999835,38.072445,180.085999,3.6903186544342494,-3009.803955
3.93465444335925,34.236008,6.652081,17.033751,25.707214,0.474793,145.0,125.66666412353516,37.062190182344374,5.463179817903928,38.090054,180.036972,3.4123722731906208,-3098.94043
3.940479394531394,34.245411,6.665188,17.131395,25.55723,0.478586,145.0,125.66666412353516,37.0645567657715,5.472634652947984,38.050682,180.044174,3.7459082568807323,-2970.680176
3.9455343261720373,34.350342,6.643478,17.139336,25.46538,0.478586,145.0,125.66666412353516,37.06661050272019,5.480839622124695,38.083614,180.133102,3.5919687054026497,-3020.55127
3.9514933105469936,34.227367,6.624577,17.09506,25.371592,0.476993,145.0,125.66666412353516,37.0690315416694,5.490512014670707,38.080597,180.036652,3.6190503567787964,-3023.473877
3.956764306640707,34.245564,6.670755,17.076141,25.389656,0.476993,145.0,125.66666412353516,37.071173062109985,5.499067691295928,38.081959,179.808975,3.7986467889908253,-2953.14502
3.962493310546961,34.265949,6.609184,17.115042,25.381348,0.478995,145.0,125.66666412353516,37.073500663715286,5.508366788456069,38.133408,179.988968,3.701721610601426,-3018.665771
3.967513330078418,34.253929,6.631418,17.131273,25.327665,0.478995,145.0,125.66666412353516,37.07554021643873,5.516515089649575,38.148624,180.04567,3.3924176350662587,-3028.140381
3.973487207031212,34.144329,6.680407,16.985514,25.309793,0.478534,145.0,125.66666412353516,37.07796730600151,5.52621165525136,38.078381,179.934494,3.8171766564729874,-2929.859375
3.978711328124973,34.154015,6.636898,17.0793,25.320858,0.478534,145.0,125.66666412353516,37.080089781887914,5.534691246192836,38.188538,179.84819,3.5990957186544343,-3037.61499
3.9853182617189304,34.021454,6.657457,16.817816,25.45599,0.477655,145.0,125.66666412353516,37.08277407212242,5.545415364804774,38.133179,179.969925,3.7444819571865455,-2842.655518
3.9905362792969754,34.168652,6.655904,16.980993,25.578295,0.477655,145.0,125.66666412353516,37.08489406824916,5.553885048756181,38.10215,179.890167,3.552057900101936,-3065.378906
3.996496240234592,33.976864,6.616043,17.114397,25.611122,0.473697,145.0,125.66666412353516,37.08731550395993,5.563559026420603,38.134487,179.802689,3.774414678899082,-2944.70752
4.0017611328125895,33.956425,6.634542,17.08094,25.528994,0.473697,145.0,125.66666412353516,37.089454544640844,5.572104796055754,38.140614,179.894806,3.711699694189603,-2936.835693
4.007482080078262,34.043793,6.636078,17.04108,25.46559,0.477098,145.0,125.66666412353516,37.0917788729634,5.581390815989001,38.100857,179.955353,3.4693866462793066,-3022.154053
4.012494042968683,34.061562,6.654385,17.039265,25.414209,0.477098,145.0,125.66666412353516,37.0938151524041,5.589526039955613,38.078205,179.864609,3.5990957186544343,-2956.067627
4.018493066406336,33.820309,6.670948,16.898357,25.333599,0.474129,145.0,125.66666412353516,37.09625245857667,5.599263422356491,38.096931,179.764114,3.7387812436289507,-2857.315186
4.023717919922092,33.965008,6.639481,16.868322,25.380283,0.474129,145.0,125.66666412353516,37.09837523203423,5.607744202136776,38.065762,179.934174,3.567738226299695,-2942.020752
4.029494042968963,34.081009,6.655031,17.062197,25.601419,0.474262,145.0,125.66666412353516,37.1007219773841,5.617119781260264,38.014069,179.889099,3.768714067278286,-2995.615723
4.035672021484515,33.985615,6.67107,17.084135,25.562048,0.474262,145.0,125.66666412353516,37.10323199010984,5.62714763661002,38.049114,179.755203,3.6375802242609585,-2910.391602
4.041509912109632,33.97464,6.609132,17.049545,25.395241,0.475055,145.0,125.66666412353516,37.09205901811577,5.63602419814689,38.086391,179.780869,3.5976694189602445,-3027.716064
4.046555810547034,33.880749,6.658818,17.027136,25.324175,0.475055,145.0,125.66666412353516,37.07917474599688,5.643553750477973,38.11063,179.854111,3.6675129459734976,-2969.595947
4.052492822265776,33.954418,6.663827,17.084223,25.219498,0.475462,145.0,125.66666412353516,37.06401509197197,5.652413033117187,38.058449,179.784653,3.3795900101936787,-2979.353516
4.058478906250002,33.874859,6.647789,16.998428,25.182604,0.475462,145.0,125.66666412353516,37.048730136094136,5.661345542000768,38.120701,179.651123,3.5648870540265034,-2957.387451
4.064675927734243,34.126911,6.633652,17.032686,25.237944,0.471915,145.0,125.66666412353516,37.0329065692665,5.670592814442218,38.080666,179.855286,3.483640672782876,-2979.070557
4.070495751953331,33.949802,6.638766,17.045652,25.220789,0.471915,145.0,125.66666412353516,37.01804614354703,5.679277228438171,38.154331,179.816177,3.383865851172274,-2970.680176
4.075535791015682,33.936562,6.642902,17.068602,25.18379,0.472513,145.0,125.66666412353516,37.00517683284342,5.686798037337091,38.148468,179.661209,3.5948197757390425,-3008.107178
4.081494775390638,33.879799,6.670162,17.014587,25.1196,0.472513,145.0,125.66666412353516,36.98996107351123,5.695690107846917,38.125919,179.735413,3.4636860346585108,-2962.80835
4.086731835937371,33.854309,6.621296,17.000401,25.107,0.474006,145.0,125.66666412353516,36.97658868521908,5.703504914652321,38.077942,179.76619,3.4209255861365953,-2947.535889
4.092478662109443,33.894676,6.636689,17.046665,25.277298,0.474006,145.0,125.66666412353516,36.96191465379822,5.712080400055909,38.063843,179.646698,3.48079113149847,-3025.87793
4.097493798828054,34.095409,6.622675,17.093559,25.299358,0.478193,145.0,125.66666412353516,36.949108929109514,5.719564049368136,38.066338,179.494995,3.3710366972477073,-2991.137695
4.103670556640736,33.870449,6.66531,17.086002,25.308468,0.478193,145.0,125.66666412353516,36.93333710384302,5.728781084106689,38.051346,179.699295,3.6361554536187555,-2954.465088
4.10906362304695,33.967625,6.62709,16.946733,25.234365,0.473776,145.0,125.66666412353516,36.919566367869244,5.7368286847934336,38.039288,179.679352,3.4850669724770627,-2969.171875
4.114636621093723,33.893555,6.620738,16.900642,25.240072,0.473776,145.0,125.66666412353516,36.90533619176813,5.745144781709518,38.040997,179.649368,3.376738939857289,-2947.535889
4.120493554687528,33.899761,6.625956,16.95265,25.328905,0.475531,145.0,125.66666412353516,36.8903810104186,5.7538845707758375,38.054211,179.641739,3.402395718654433,-2980.107666
4.126478662109548,33.99469,6.660965,17.064972,25.23564,0.475531,145.0,125.66666412353516,36.87509854810999,5.762815622420724,38.054611,179.703354,3.336828032619776,-3009.002686
4.132116601562757,33.976582,6.671541,16.990801,25.249306,0.474771,145.0,125.66666412353516,36.860702549656274,5.7712286257099485,38.047611,179.710815,3.2584342507645254,-2928.020996
4.137493554687353,33.649006,6.616252,16.994152,25.250439,0.474771,145.0,125.66666412353516,36.84697295757449,5.7792521819582445,38.005203,179.418442,3.5092974515800206,-3030.96875
4.1434784179687085,33.968216,6.639446,17.037312,25.184593,0.478075,145.0,125.66666412353516,36.83169111865818,5.788182869293458,37.898796,179.526672,3.5035968399592248,-2987.131104
4.14849550781264,33.788143,6.654769,17.012686,25.099566,0.478075,145.0,125.66666412353516,36.81888040683105,5.795669433083073,38.004852,179.588074,3.6945945973496443,-2985.575439
4.153868554687506,33.747074,6.647055,17.012825,25.156965,0.479436,145.0,125.66666412353516,36.80516078902612,5.803687160376593,37.982899,179.564178,3.654685321100917,-3008.154297
4.1599955078127095,33.999977,6.664682,17.004152,25.158852,0.479436,145.0,125.66666412353516,36.78951613578945,5.81282987594176,37.861607,179.429214,3.4907676860346575,-2953.899414
4.165493310546935,33.967331,6.635799,16.918636,25.212498,0.472602,145.0,125.66666412353516,36.77547796451767,5.821033765478419,37.822952,179.617157,3.3966935779816505,-2960.262939
4.171177392578102,33.98003,6.620581,16.912161,25.277525,0.472602,145.0,125.66666412353516,36.77500299701365,5.829673039136725,37.805008,179.576447,3.299769928644241,-3018.618652
4.17650844726586,33.966602,6.650109,16.919754,25.451977,0.478648,145.0,125.66666412353516,36.78090752980942,5.837846945957117,37.790909,179.343552,3.2669860346585127,-2946.310303
4.182492333984555,33.922153,6.610406,17.003716,25.534071,0.478648,145.0,125.66666412353516,36.7875351218054,5.847021815721168,37.759861,179.553131,3.3225756371049955,-3069.05542
4.188492333984414,34.040653,6.605065,17.090696,25.320213,0.476995,145.0,125.66666412353516,36.794180560438335,5.856221391376872,37.668114,179.513184,3.5207004077471966,-2960.498535
4.194169335937659,33.957386,6.609673,17.056089,25.225903,0.476995,145.0,125.66666412353516,36.80046825512142,5.86492572620443,37.691605,179.472534,3.610498572884812,-2949.374268
4.2000582519531235,34.04604,6.651576,16.864727,25.197926,0.474871,145.0,125.66666412353516,36.80699066012081,5.873954980940402,37.691624,179.342957,3.569162996941895,-2899.314453
4.205300195312702,33.841133,6.610424,16.961498,25.393198,0.474871,145.0,125.66666412353516,36.81279649560615,5.881992256693317,37.622025,179.516754,3.5278273190621823,-3048.456543
4.210493066406343,33.708473,6.603792,17.034903,25.39922,0.472677,145.0,125.66666412353516,36.818547979969864,5.889954291776196,37.648567,179.432312,3.4351780835881747,-2989.959229
4.216186181640751,33.806183,6.627125,16.992075,25.331139,0.472677,145.0,125.66666412353516,36.82485352128991,5.898683332495407,37.626823,179.418808,3.3924176350662587,-2920.950439
4.221987207031361,33.857731,6.630197,16.810276,25.299095,0.474026,145.0,125.66666412353516,36.83127858099682,5.90757782782236,37.609337,179.404999,3.3125975535168184,-2962.949707
4.227119042968752,33.801952,6.588486,16.895931,25.344995,0.474026,145.0,125.66666412353516,36.83696246446298,5.915446279982309,37.555321,179.486664,3.157233231396533,-3047.278076
4.232478173827985,33.696342,6.597474,16.900225,25.319969,0.47128,145.0,125.66666412353516,36.84289809367162,5.923663234947249,37.535934,179.385635,3.305470540265037,-2920.856201
4.23824697265627,33.829689,6.588381,16.918392,25.169497,0.47128,145.0,125.66666412353516,36.84928746010463,5.932508318490894,37.608116,179.212692,3.409522731906218,-2987.131104
4.243590966797001,33.855736,6.670075,16.895267,25.093912,0.475064,145.0,125.66666412353516,36.85520632429068,5.940702064890948,37.598465,179.333359,3.3696119266055042,-3008.578369
4.2494779296876,33.924347,6.578259,16.908165,25.03775,0.475064,145.0,125.66666412353516,36.86172656606134,5.949728324973385,37.556561,179.406433,3.483640672782876,-2907.893311
4.254539941406165,33.839497,6.620528,16.910557,25.030491,0.470561,145.0,125.66666412353516,36.8673331141007,5.957489718269502,37.570347,179.27063,3.4936187563710503,-2982.511719
4.260258935546972,33.960972,6.649411,16.87813,25.007315,0.470561,145.0,125.66666412353516,36.873667318201306,5.966258438148038,37.549423,179.05687,3.332552191641183,-2979.447754
4.265477929687677,33.786701,6.63339,16.726454,24.992201,0.468707,145.0,125.66666412353516,36.87944773574917,5.97426052672193,37.548534,179.326904,3.2940676860346594,-2854.015625
4.2704928222656235,33.851013,6.603111,16.817467,25.089653,0.468707,145.0,125.66666412353516,36.885002095895615,5.981949674001545,37.593803,179.279312,3.1087706422018346,-2998.066895
4.276002832031281,33.83942,6.617474,16.91136,25.243616,0.471847,145.0,125.66666412353516,36.891104834523006,5.990397965951968,37.607262,179.263901,3.083113761467891,-3025.500732
4.28310683593736,33.778992,6.581942,16.838531,25.226706,0.471847,145.0,125.66666412353516,36.89897303819085,6.001290269517629,37.530472,179.235046,3.35963384301733,-2904.169678
4.288362939453236,33.780518,6.594507,16.735041,25.332674,0.471057,145.0,125.66666412353516,36.90901390810701,6.009407304934716,37.513157,179.327057,3.1999935779816524,-2966.202148
4.293492822265762,33.667843,6.61709,16.851307,25.424734,0.471057,145.0,125.66666412353516,36.93371257465216,6.017534391254567,37.452335,179.180313,3.3610601427115196,-2992.693359
4.300374902343719,33.660656,6.569969,16.889143,25.376129,0.469325,145.0,125.66666412353516,36.96684748381079,6.028437419822541,37.433525,179.102478,3.4494320081549446,-2944.848877
4.30568764648433,33.88945,6.602605,16.881098,25.175396,0.469325,145.0,125.66666412353516,36.992426566367854,6.03685420667797,37.476562,179.222931,3.368187155963301,-2970.680176
4.3115077148436285,33.726429,6.580144,16.80649,25.173929,0.473881,145.0,125.66666412353516,37.02044824501671,6.04607472879766,37.351517,179.104874,3.208545361875637,-2896.486328
4.317479638672012,33.617527,6.548206,16.990871,25.186844,0.473881,145.0,125.66666412353516,37.04920105685569,6.0555358300003,37.352303,178.950073,3.10021885830785,-3034.739502
4.322536767578185,33.918377,6.565693,16.9545,25.187559,0.471714,145.0,125.66666412353516,37.073549437724544,6.063547654958866,37.348793,179.108994,3.3411039755351677,-2952.108154
4.3276517578124185,33.920769,6.601994,16.985199,25.110037,0.471714,145.0,125.66666412353516,37.09817640149702,6.071651147510131,37.3508,179.100616,3.2769625891947003,-2927.266846
4.333502587890507,33.801483,6.625555,16.911133,24.990419,0.472165,145.0,125.66666412353516,37.12634618751237,6.080920404299358,37.322372,179.102051,3.2669860346585127,-2971.811523
4.340308496093712,33.673622,6.602203,16.925739,25.032724,0.472165,145.0,125.66666412353516,37.15911435462064,6.091702756542766,37.336105,178.93071,3.3382544342507647,-2947.912842
4.345492578125231,33.797096,6.631,17.005409,25.136076,0.471857,145.0,125.66666412353516,37.18407397224008,6.099915708708942,37.332737,179.161911,3.1843148827726795,-2984.915527
4.351088525390878,33.597084,6.616165,16.905548,25.052114,0.471857,145.0,125.66666412353516,37.211016582933084,6.108781163950581,37.291622,179.08786,3.3354032619775733,-2947.912842
4.356154443359628,33.890923,6.589882,16.905634,25.05447,0.474234,145.0,125.66666412353516,37.235407280192355,6.116806913100443,37.307728,178.965012,3.4636860346585108,-2951.872314
4.361329492187451,33.809238,6.636078,16.892685,24.989792,0.474234,145.0,125.66666412353516,37.260323405966076,6.125005554292232,37.286594,178.982559,3.09879255861366,-2961.111328
4.366493554687622,33.885578,6.621243,16.847397,24.968744,0.475362,145.0,125.66666412353516,37.285186636251765,6.133186790244902,37.287258,179.031433,3.373887767584097,-2963.986572
4.371632470703389,33.907066,6.606706,16.901567,24.944138,0.475362,145.0,125.66666412353516,37.30992879464263,6.14132818753914,37.273121,178.973328,3.249880937818551,-2958.23584
4.377492333984264,33.733376,6.604681,16.877083,24.958902,0.474765,145.0,125.66666412353516,37.33814207250369,6.150611755302754,37.241936,178.843491,3.1501062181447512,-2958.660156
4.382511376953062,33.964203,6.635083,16.862789,24.950752,0.474765,145.0,125.66666412353516,37.36230708234736,6.158563242099037,37.203888,178.965439,3.358209072375127,-2900.917236
4.3875643554688395,33.579765,6.634577,16.712648,24.941031,0.474037,145.0,125.66666412353516,37.38663548047628,6.166568491745046,37.206051,179.026245,3.3852907237512735,-2863.443115
4.393689355468723,33.774921,6.529358,16.890713,25.128712,0.474037,145.0,125.66666412353516,37.41612530278185,6.1762721059460945,37.168148,178.923035,3.227075229357799,-3046.806641
4.399493310546859,33.613598,6.586985,16.961464,25.109619,0.472338,145.0,125.66666412353516,37.44406940138159,6.185467100381741,37.179562,178.781509,3.5392302752293587,-2938.296875
4.405477197265554,33.833702,6.591279,16.894918,24.978449,0.472338,145.0,125.66666412353516,37.472879810529776,6.194947153955868,37.165703,178.922546,3.259859123343527,-2972.282715
4.411682275390831,33.868694,6.580004,16.89628,24.885098,0.475643,145.0,125.66666412353516,37.50275518217033,6.204777633010947,37.144917,178.830215,3.282664831804282,-2979.117676
4.4171063476565,33.77393,6.616654,16.824482,24.81925,0.475643,145.0,125.66666412353516,37.50795038876441,6.2131572842437395,37.139927,178.679993,3.1672097859327204,-2903.226807
4.422321191406354,33.615486,6.590703,16.825319,24.861919,0.471067,145.0,125.66666412353516,37.49504461199254,6.2210310045888875,37.127571,178.769287,2.9876148827726814,-2963.515381
4.427492333984446,33.698013,6.5799,16.841429,24.955517,0.471067,145.0,125.66666412353516,37.482246987563464,6.228838741977959,37.145947,178.873734,3.1101954128440377,-2987.272461
4.433490136718774,33.642208,6.608905,16.809351,24.837627,0.472272,145.0,125.66666412353516,37.46740353166672,6.237894626234478,37.076054,178.726456,3.3411039755351677,-2891.866699
4.438677148437364,33.541805,6.597212,16.737919,24.751291,0.472272,145.0,125.66666412353516,37.45456663404054,6.245726323914862,37.077484,178.656952,3.247031396534148,-2823.706299
4.444492089843607,33.419609,6.596235,16.528355,24.756632,0.475691,145.0,125.66666412353516,37.44017572621505,6.254506111891488,37.062054,178.807114,3.386717023445463,-2886.9646
4.4504911132812595,33.522293,6.527281,16.537552,25.191782,0.475691,145.0,125.66666412353516,37.42532924930315,6.263563839247339,37.064674,178.770248,2.976212028542304,-2846.662109
4.456477197265485,33.530067,6.55318,16.703119,25.323774,0.474312,145.0,125.66666412353516,37.410514795151954,6.272602029750273,36.906784,178.688309,3.244180326197758,-2929.529297
4.461797998047132,33.723873,6.615327,16.70607,25.358276,0.474312,145.0,125.66666412353516,37.397346794264024,6.280635731117415,36.949158,178.69455,3.2912166156982665,-2896.486328
4.46749404296861,33.516926,6.582482,16.827763,25.406723,0.472087,145.0,125.66666412353516,37.383250133315315,6.28923600121913,36.927673,178.71846,3.1900154943934753,-3066.415771
4.472534082031416,33.467743,6.541139,16.800241,25.349777,0.472087,145.0,125.66666412353516,37.37077696591464,6.296845789739975,36.87764,178.685913,3.2883670744138636,-2895.873535
4.478495019531238,33.666107,6.551802,16.738495,25.063423,0.468781,145.0,125.66666412353516,37.35602474467578,6.3058460123966755,36.883118,178.485077,3.097367787971457,-2946.875977
4.4842379394531235,33.748112,6.582046,16.757082,24.997105,0.468781,145.0,125.66666412353516,37.34181207674485,6.314517057512729,36.888668,178.618973,3.120173496432212,-2953.993652
4.489476953125177,33.758823,6.566304,16.740189,24.879023,0.471508,145.0,125.66666412353516,37.32884648387277,6.322427271224645,36.783573,178.623123,3.1985688073394494,-2902.189941
4.494496972656179,33.739571,6.569306,16.810608,24.836126,0.471508,145.0,125.66666412353516,37.31642286112075,6.330006832916449,36.803452,178.654388,3.1144712538226305,-2961.582764
4.500491845702982,33.606781,6.533512,16.701096,24.80644,0.470129,145.0,125.66666412353516,37.301586655660394,6.339058293734571,36.844322,178.549774,3.053181039755352,-2873.388916
4.506297753906438,33.684597,6.588678,16.763487,24.992916,0.470129,145.0,125.66666412353516,37.2872181033471,6.347824442776143,36.783535,178.611237,3.0203971457696235,-2992.174805
4.511763818359668,33.660316,6.591366,16.82052,25.007908,0.471421,145.0,125.66666412353516,37.273690601654906,6.356077472963761,36.833221,178.508377,2.9662339449541295,-2953.616455
4.517491845703262,33.693913,6.566391,16.754045,24.900124,0.471421,145.0,125.66666412353516,37.25951479010895,6.364726032267967,36.805229,178.374268,3.1158976554536193,-2912.418701
4.52437978515627,33.684391,6.552203,16.762911,24.899303,0.469398,145.0,125.66666412353516,37.2424684099561,6.3751259045571835,36.778492,178.499466,3.1144712538226305,-2951.448242
4.529539697265591,33.635654,6.529655,16.571478,24.805584,0.469398,145.0,125.66666412353516,37.229698578866525,6.382916685432403,36.787552,178.465439,3.1686360856269102,-2861.369141
4.534956689453338,33.685249,6.537351,16.647762,24.73513,0.471198,145.0,125.66666412353516,37.21629252198383,6.391095623026885,36.748669,178.370697,3.1458303771661553,-2858.069336
4.540478662109308,33.69437,6.555501,16.71991,24.836771,0.471198,145.0,125.66666412353516,37.20262665779722,6.399433067163896,36.786537,178.288116,3.0574568807339446,-2968.794678
4.546272607421997,33.634575,6.581296,16.664358,24.960892,0.473103,145.0,125.66666412353516,37.196720233250666,6.40842614085223,36.747063,178.598328,3.0218235474006123,-2881.355225
4.552325585937524,33.69149,6.542552,16.743382,25.063406,0.473103,145.0,125.66666412353516,37.20267838605022,6.418173641980933,36.807377,178.526779,2.9819126401630998,-2933.913086
4.557533593750122,33.62875,6.575519,16.79073,24.927296,0.470059,145.0,125.66666412353516,37.20780480542344,6.426560432368441,36.730221,178.25531,3.202844750254841,-2920.196289
4.5634916015624185,33.618378,6.517875,16.813557,24.921274,0.470059,145.0,125.66666412353516,37.21366947532706,6.4361549960575815,36.752735,178.358963,3.134427522935781,-2921.516113
4.570342675781376,33.661659,6.519149,16.874517,24.922443,0.470613,145.0,125.66666412353516,37.220413220894805,6.4471877220961264,36.700588,178.342102,3.1814637104994907,-2955.69043
4.575478662109617,33.58968,6.551016,16.867083,24.863403,0.470613,145.0,125.66666412353516,37.2254687470693,6.455458531649006,36.701408,178.296173,3.205695820591234,-2940.795166
4.580490625000039,33.512608,6.574803,16.864849,24.864119,0.470095,145.0,125.66666412353516,37.230402192752436,6.463529618273099,36.67207,178.18309,3.324000407747196,-2934.054688
4.586490624999897,33.638294,6.565973,16.83827,24.884136,0.470095,145.0,125.66666412353516,37.23630819699565,6.4731918046861585,36.678509,178.365585,3.050329969418959,-2954.747803
4.592105371094021,33.612804,6.577753,16.746872,24.848709,0.47272,145.0,125.66666412353516,37.24183498270469,6.482233591922794,36.698196,178.274887,3.0888160040774726,-2889.839844
4.597490380859654,33.520962,6.587107,16.808426,24.83246,0.47272,145.0,125.66666412353516,37.2471356311256,6.49090541995473,36.711269,178.263855,2.8351001019367987,-2975.299561
4.6034764648438795,33.630386,6.517631,16.756628,24.780943,0.471888,145.0,125.66666412353516,37.253027937360926,6.500545196511608,36.70509,178.2901,2.9833390417940886,-2911.004395
4.609315332031201,33.486538,6.520318,16.719124,24.665707,0.471888,145.0,125.66666412353516,37.25877533309174,6.509947900379395,36.751633,178.221008,3.0218235474006123,-2927.738281
4.614654443359541,33.442253,6.521732,16.681479,24.605146,0.47448,145.0,125.66666412353516,37.26403080211822,6.518545815201466,36.737026,178.145966,3.10021885830785,-2928.492432
4.621009423828127,33.737923,6.545135,16.714638,24.6119,0.47448,145.0,125.66666412353516,37.27028622572055,6.5287796495248696,36.778458,178.088562,3.2014183486238528,-2930.094971
4.627156396484224,33.646618,6.534035,16.775162,24.663298,0.470845,145.0,125.66666412353516,37.27633690015233,6.538678515471648,36.739975,178.194336,3.1900154943934753,-2941.785156
4.632588281250264,33.701534,6.581313,16.735163,24.677835,0.470845,145.0,125.66666412353516,37.2816836892314,6.547425829334936,36.734234,178.117157,2.9619580020387346,-2933.394531
4.6378153320315505,33.62072,6.551784,16.759176,24.57876,0.473856,145.0,125.66666412353516,37.28682885324699,6.555843285841431,36.720867,177.96965,3.083113761467891,-2933.67749
4.643591210937757,33.621658,6.553512,16.728966,24.59115,0.473856,145.0,125.66666412353516,37.29251424746842,6.565144555623339,36.735054,178.167618,2.7880638124362904,-2924.344238
4.650325341796815,33.696289,6.531924,16.771515,24.658516,0.473464,145.0,125.66666412353516,37.299142881706715,6.575988960238877,36.719784,178.077682,3.0759867482161063,-2953.852295
4.656357324218789,33.601101,6.550266,16.822441,24.675829,0.473464,145.0,125.66666412353516,37.30508036733647,6.5857026500056195,36.684898,178.093307,3.067434964322119,-2953.0979
4.66158315429675,33.498447,6.557526,16.781776,24.566246,0.469107,145.0,125.66666412353516,37.310224329772424,6.594118140735256,36.639137,178.062851,3.1672097859327204,-2916.990967
4.6675321289062595,33.564743,6.547561,16.776384,24.534327,0.469107,145.0,125.66666412353516,37.311375133635764,6.603486071448507,36.616451,178.15802,3.0945166156982684,-2945.556152
4.673288232421783,33.468594,6.599498,16.706175,24.558689,0.471081,145.0,125.66666412353516,37.31030542681423,6.6124518732652495,36.540134,177.974243,2.99046605504587,-2894.082275
4.679185205078284,33.591881,6.608417,16.790451,24.636177,0.471081,145.0,125.66666412353516,37.309209541054074,6.621637095179895,36.571426,177.86734,2.99046605504587,-2936.977051
4.684525048828164,33.585491,6.552343,16.77607,24.686037,0.471872,145.0,125.66666412353516,37.308217191408204,6.629954523917045,36.598721,177.971252,2.9861885830784916,-2956.68042
4.689641015625057,33.835907,6.566671,16.849491,24.765549,0.471872,145.0,125.66666412353516,37.307266446765325,6.637923238217841,36.530342,177.962662,2.8222724770642214,-2935.185791
4.694679101562542,33.709312,6.558573,16.884832,24.709982,0.473066,145.0,125.66666412353516,37.30633017540047,6.645770644006969,36.556171,177.988052,2.9804878695208967,-2901.859863
4.700379052734661,33.61816,6.585781,16.693888,24.67403,0.473066,145.0,125.66666412353516,37.30527090385777,6.654648982006524,36.539261,177.892197,3.1301515800203865,-2838.743164
4.705555078125144,33.691544,6.588625,16.76853,24.826492,0.474479,145.0,125.66666412353516,37.30430899800361,6.662711244563964,36.597637,178.00032,2.956255861365952,-2993.871582
4.711495996093618,33.845657,6.641157,16.78244,24.778219,0.474479,145.0,125.66666412353516,37.3032049455035,6.671964916422496,36.528038,177.899612,3.2327774719673807,-2903.604004
4.716537988281289,33.475311,6.587666,16.749701,24.725252,0.472753,145.0,125.66666412353516,37.30226794820621,6.679818406651082,36.505001,177.847488,2.9790630988786937,-2893.233643
4.722236962890747,33.765499,6.561418,16.729525,24.7885,0.472753,145.0,125.66666412353516,37.301208858146616,6.688695223540772,36.468212,177.954391,2.92347359836901,-2957.764648
4.728626855468974,33.69968,6.555659,16.793941,24.919809,0.469955,145.0,125.66666412353516,37.300021368786645,6.698648225659346,36.474392,177.952209,2.8379512742099906,-3026.679199
4.734475976562408,33.526928,6.553006,16.623398,24.731796,0.469955,145.0,125.66666412353516,37.29893437569888,6.707758913190648,36.494358,177.770142,2.991890825688073,-2772.515381
4.739537744140762,33.497795,6.532831,16.564882,24.746544,0.474413,145.0,125.66666412353516,37.297993703368604,6.715643205893983,36.462803,177.698883,2.9077948012232406,-2934.667236
4.745640771484432,33.507458,6.547404,16.745249,24.903107,0.474413,145.0,125.66666412353516,37.29685952467222,6.725149381989963,36.360622,177.998306,3.0146965341488277,-2861.887451
4.751475732422023,33.58284,6.572849,16.536539,24.784956,0.470568,145.0,125.66666412353516,37.29577516308955,6.734238013428236,36.347549,177.902283,3.0717109072375135,-2747.202637
4.757527734374889,33.506954,6.5625,16.609577,24.823629,0.470568,145.0,125.66666412353516,37.29465046688566,6.743664711533815,36.250168,177.674179,2.9804878695208967,-2994.343018
4.762589746093909,33.463436,6.585292,16.674131,24.975307,0.47082,145.0,125.66666412353516,37.293709749184615,6.7515493845146155,36.238247,177.759109,3.1629338430173286,-2887.48291
4.767741601562648,33.363762,6.534053,16.843592,24.97241,0.47082,145.0,125.66666412353516,37.292752335037434,6.759573999602917,36.200291,177.847977,2.9334500509683985,-2937.919922
4.773491601562455,33.337311,6.548678,16.713976,24.733768,0.471584,145.0,125.66666412353516,37.29168376248534,6.76853029448301,36.165001,177.72049,2.9462793068297644,-2949.562744
4.779127587890798,33.483276,6.533215,16.734343,24.629789,0.471584,145.0,125.66666412353516,37.29063637808635,6.777308999786462,36.153656,177.576614,2.827973088685014,-2914.304199
4.7844757324219245,33.406441,6.519428,16.733852,24.595182,0.469868,145.0,125.66666412353516,37.289642485834044,6.785639357957458,36.088264,177.734344,2.8122943934760443,-2875.416016
4.790100488281496,33.484409,6.57894,16.718687,24.55588,0.469868,145.0,125.66666412353516,37.28859718849082,6.794400570497473,36.086884,177.69664,2.896391946992863,-2960.969971
4.797101464843763,33.458557,6.548311,16.680363,24.548742,0.469859,145.0,125.66666412353516,37.304782618293416,6.8052822212361335,36.053848,177.637741,2.974785728848114,-2872.39917
4.802489648437586,33.456169,6.579742,16.723417,24.518166,0.469859,145.0,125.66666412353516,37.32221228301604,6.813650506671229,36.068298,177.713287,2.954831090723752,-2979.306396
4.807991601562662,33.468987,6.556723,16.703993,24.522755,0.469585,145.0,125.66666412353516,37.34000996875185,6.822195485400967,36.056816,177.747101,3.046054026503567,-2919.630615
4.814175439453265,33.484169,6.572989,16.686628,24.548201,0.469585,145.0,125.66666412353516,37.36001341133271,6.831799486388078,36.004841,177.562958,2.8408023445463804,-2924.108643
4.8193575683594645,33.490429,6.579411,16.663904,24.482162,0.468137,145.0,125.66666412353516,37.37677653155937,6.839847752207985,36.019363,177.582687,2.733900611620796,-2975.063965
4.824490380859515,33.538338,6.533111,16.757936,24.514675,0.468137,145.0,125.66666412353516,37.39338012336402,6.847819425655536,36.018177,177.619934,2.8179966360856255,-2945.367432
4.830489404297168,33.5434,6.533372,16.80764,24.540905,0.469286,145.0,125.66666412353516,37.412785729234635,6.857136394831393,36.059292,177.492752,2.790914984709479,-2942.303467
4.835643457031438,33.467098,6.554315,16.782982,24.465897,0.469286,145.0,125.66666412353516,37.429458028825,6.86514105608288,36.139435,177.516113,2.7937645259938853,-2883.476318
4.841490380859341,33.575794,6.548032,16.330534,24.470644,0.471949,145.0,125.66666412353516,37.44837162377028,6.874221802248948,36.169365,177.532822,3.299769928644241,-2646.187744
4.8475494628905835,33.452232,6.556915,16.621967,24.861448,0.471949,145.0,125.66666412353516,37.46797150682811,6.883632047284208,36.054634,177.627869,2.39466391437309,-3153.855225
4.852724267578196,33.453434,6.562919,16.558809,24.990158,0.467002,145.0,125.66666412353516,37.48471093471487,6.8916689379993095,36.083061,177.505722,3.080262691131498,-2782.037109
4.8583653808595955,33.460728,6.536217,16.630083,25.015011,0.467002,145.0,125.66666412353516,37.50295877490885,6.900430043720348,35.995506,177.377106,2.5628559633027517,-3035.82373
4.8635104003906235,33.462997,6.583198,16.746017,25.017628,0.46805,145.0,125.66666412353516,37.51960185394667,6.908420675675908,35.973866,177.480698,2.7310494393476046,-3044.025635
4.869475244140631,33.396919,6.558189,16.768129,24.929932,0.46805,145.0,125.66666412353516,37.53889689556439,6.917684561029341,35.927441,177.50412,3.1458303771661553,-2912.371582
4.874490136719032,33.423229,6.518713,16.707134,24.664677,0.470805,145.0,125.66666412353516,37.55511904069659,6.925473095289527,35.898453,177.415939,2.7281983690112117,-2905.442383
4.880232324218923,33.395664,6.520685,16.722771,24.639074,0.470805,145.0,125.66666412353516,37.57369383518124,6.934391177456878,35.893288,177.311005,2.8379512742099906,-2974.969727
4.885475244140707,33.265297,6.522656,16.638931,24.648062,0.471848,145.0,125.66666412353516,37.59065360182911,6.942533856646669,35.861824,177.40036,2.756706320081548,-2936.175781
4.890593164062466,33.297256,6.510999,16.70113,24.618237,0.471848,145.0,125.66666412353516,37.607209019209286,6.950482400714449,35.775364,177.381149,2.7894885830784903,-2919.206299
4.896490136718967,33.230438,6.553878,16.706017,24.533575,0.471749,145.0,125.66666412353516,37.626284511810574,6.959640876763353,35.773304,177.315384,2.651229357798164,-3027.857666
4.901946191406296,33.452473,6.528538,16.710798,24.448288,0.471749,145.0,125.66666412353516,37.643933725549644,6.968114571502977,35.834106,177.303268,2.8550562691131507,-2832.426758
4.907968164062368,33.507633,6.517124,16.607117,24.397083,0.47073,145.0,125.66666412353516,37.66341356741862,6.977467182673892,35.88903,177.41301,2.527222528032621,-2878.055664
4.914027978515605,33.35379,6.567578,16.684778,24.584694,0.47073,145.0,125.66666412353516,37.68301581971044,6.986878565219633,35.737335,177.254257,2.8636080530071353,-2952.061035
4.920326074218792,33.368385,6.565624,16.741585,24.595251,0.468621,145.0,125.66666412353516,37.682476698985575,6.996783142696658,35.741436,177.149216,2.8422271151885834,-2910.627441
4.9256571289065505,33.243942,6.568102,16.71319,24.565321,0.468621,145.0,125.66666412353516,37.67669857218357,7.00519825511919,35.706902,177.401367,2.739601223241589,-2896.297607
4.931531884765718,33.266617,6.600249,16.713261,24.545652,0.471158,145.0,125.66666412353516,37.67033114842296,7.0144716041860224,35.59758,177.1642,2.882137920489297,-2945.933105
4.9374918457033345,33.2878,6.592884,16.612265,24.5467,0.471158,145.0,125.66666412353516,37.663871374128654,7.023879450149516,35.580547,177.207047,2.688287563710498,-2878.432617
4.943226953124849,33.308296,6.556252,16.691549,24.643629,0.468879,145.0,125.66666412353516,37.65765530998202,7.032932363041881,35.569447,177.161163,2.5870879714576964,-2960.969971
4.948475000000144,33.349537,6.591732,16.714237,24.63171,0.468879,145.0,125.66666412353516,37.65196715218132,7.0412164469690985,35.556583,177.267166,2.701116717635065,-2931.88623
4.953496972656467,33.391544,6.581086,16.669437,24.544867,0.465945,145.0,125.66666412353516,37.646524027601856,7.049143670935552,35.56662,177.167572,2.699690417940875,-2873.247559
4.959488916015744,33.254456,6.522727,16.703922,24.571377,0.465945,145.0,125.66666412353516,37.64002958878057,7.058602001407533,35.547649,177.058472,2.795190825688072,-2972.659912
4.96514174804679,33.443649,6.528014,16.689526,24.547764,0.470004,145.0,125.66666412353516,37.63390269979112,7.067525041938367,35.57325,177.082581,2.77380988786952,-2904.59375
4.970490869140576,33.416378,6.532744,16.604986,24.503279,0.470004,145.0,125.66666412353516,37.62810499150059,7.075968672327526,35.451,177.106857,2.6198703363914375,-2916.378174
4.976488671874904,33.29525,6.518835,16.677151,24.540382,0.469244,145.0,125.66666412353516,37.62160420192627,7.085436251869765,35.345047,177.032822,2.7638318042813457,-2984.255615
4.982305810547132,33.230099,6.511539,16.638006,24.482685,0.469244,145.0,125.66666412353516,37.61529922723716,7.0946186517457335,35.398312,177.000656,2.753855249745158,-2848.877686
4.987767724609512,33.370403,6.513773,16.632526,24.5319,0.46766,145.0,125.66666412353516,37.60937926695073,7.103240326737347,35.333931,177.094803,2.6384002038735996,-2904.452393
4.993488671875184,33.296059,6.513337,16.56818,24.520906,0.46766,145.0,125.66666412353516,37.603178550457265,7.112270887709923,35.296844,176.970886,2.7467282364933734,-2950.411133
4.99947475585941,33.158207,6.555955,16.680431,24.470522,0.466281,145.0,125.66666412353516,37.596690462389006,7.121719969111647,35.291225,176.840988,2.481611009174312,-2884.041992
5.004530664062713,33.24968,6.541086,16.591427,24.401289,0.466281,145.0,125.66666412353516,37.591210556364885,7.129700760610008,35.301956,176.995056,2.525796228338431,-2896.863281
5.009656640625053,33.325344,6.514,16.622404,24.341778,0.468708,145.0,125.66666412353516,37.58565470591907,7.137792155573529,35.315239,177.138443,2.7424523955147806,-2943.812012
5.0155484863280435,33.389763,6.530615,16.60832,24.40546,0.468708,145.0,125.66666412353516,37.57926875912877,7.14709248109528,35.376286,176.91423,2.70681743119266,-2870.419434
5.021522607421957,33.356476,6.512412,16.625824,24.426281,0.466884,145.0,125.66666412353516,37.5727936371813,7.156522678978562,35.322132,176.802948,2.8849890927624857,-2922.600342
5.027494531249886,33.301655,6.505449,16.651741,24.278547,0.466884,145.0,125.66666412353516,37.566320896766214,7.165949408460498,35.350441,176.979202,2.782361671763508,-2868.769531
5.032779443359232,33.153027,6.518276,16.301651,24.266401,0.47,145.0,125.66666412353516,37.56059278214435,7.174291684454752,35.292168,176.865417,2.7609822629969427,-2764.077881
5.038500390624904,33.194237,6.546636,16.522594,24.539091,0.47,145.0,125.66666412353516,37.55439206565088,7.183322245427328,35.279621,176.792282,2.5343495412844024,-2980.201904
5.043536523437524,33.377712,6.539777,16.646471,24.661482,0.46776,145.0,125.66666412353516,37.5607079885604,7.190806314391017,35.290127,176.825043,2.8194214067278285,-2931.273438
5.048561425781372,33.41301,6.594891,16.669071,24.642843,0.46776,145.0,125.66666412353516,37.569360274957084,7.198180767844604,35.29826,176.891937,2.591363914373088,-2892.526611
5.053655419922052,33.402245,6.574315,16.61338,24.560139,0.467735,145.0,125.66666412353516,37.578131529240764,7.205656619137437,35.275555,176.73819,2.578534658511722,-2895.072021
5.059490380859643,33.36256,6.557281,16.717606,24.481342,0.467735,145.0,125.66666412353516,37.58817864054582,7.214219899554341,35.193684,176.732224,2.7481530071355764,-2952.626709
5.064591455078244,33.398544,6.613791,16.732283,24.411551,0.468183,145.0,125.66666412353516,37.59696208588506,7.221706141438475,35.152969,176.738998,2.6626322120285413,-2916.990967
5.070503320312582,33.294399,6.547613,16.71525,24.317257,0.468183,145.0,125.66666412353516,37.60714161727635,7.230382285174683,35.195202,176.685333,2.7467282364933734,-2927.691162
5.075783349609537,33.270348,6.546758,16.714237,24.293783,0.468219,145.0,125.66666412353516,37.61623320205436,7.238131158211352,35.202061,176.626328,2.7182202854230373,-2936.929932
5.081489404296917,33.06966,6.536304,16.644482,24.248671,0.468219,145.0,125.66666412353516,37.62605835207201,7.24650525820733,35.193268,176.603821,2.5129686034658505,-2887.294434
5.086514306640765,33.151825,6.547386,16.606836,24.248304,0.470281,145.0,125.66666412353516,37.63471063846868,7.253879711660917,35.174976,176.736801,2.6640569826707443,-2901.341309
5.092474267578382,33.08334,6.5677,16.606541,24.260817,0.470281,145.0,125.66666412353516,37.64497298496153,7.262626439758719,35.021641,176.626923,2.5927886850152913,-2896.533447
5.097691308593767,33.203377,6.554001,16.581251,24.263906,0.468052,145.0,125.66666412353516,37.65395611138319,7.270282872362436,35.035343,176.58371,2.5115438328236506,-2912.795654
5.103489160156187,33.136806,6.571488,16.540205,24.227325,0.468052,145.0,125.66666412353516,37.66393932474187,7.278791691749075,35.009338,176.663193,2.7167955147808343,-2876.782959
5.108597314453164,33.231354,6.518747,16.531635,24.232876,0.469098,145.0,125.66666412353516,37.67273496113667,7.286288324224509,35.013161,176.712219,2.5642822629969415,-2908.647705
5.114489160156154,33.155022,6.565798,16.574062,24.236296,0.469098,145.0,125.66666412353516,37.682880021267415,7.2949350876680725,34.893841,176.563004,2.668332925586136,-2888.001465
5.119756250000137,33.209232,6.518206,16.58024,24.257919,0.468329,145.0,125.66666412353516,37.69194932584044,7.302664971003399,34.911552,176.403351,2.6027667686034657,-2896.9104
5.125474023437619,33.284519,6.507037,16.596785,24.225163,0.468329,145.0,125.66666412353516,37.701794654156934,7.311056269219462,34.873928,176.510147,2.6669081549439357,-2914.82251
5.130535058593978,33.342098,6.555345,16.536959,24.158878,0.470471,145.0,125.66666412353516,37.710509156975085,7.3184837505183085,34.901569,176.433655,2.504416819571866,-2879.139648
5.136488183593883,33.280972,6.502936,16.561094,24.142754,0.470471,145.0,125.66666412353516,37.7207597327936,7.3272204463210615,34.904922,176.402863,2.551453109072374,-2906.903564
5.141650048828069,33.253429,6.532796,16.595179,24.145632,0.46755,145.0,125.66666412353516,37.729647853058154,7.334795903971882,34.860298,176.35144,2.538625382262998,-2906.008057
5.148322900390667,33.248238,6.576566,16.561043,24.153311,0.46755,145.0,125.66666412353516,37.74113771273136,7.344588857124804,34.772583,176.542374,2.5086926605504587,-2844.258301
5.153488916015704,33.200397,6.51489,16.474323,24.191967,0.465988,145.0,125.66666412353516,37.75003297947676,7.352170405811904,34.809231,176.396942,2.651229357798164,-2848.830566
5.160004052734621,33.252689,6.501225,16.600292,24.372108,0.465988,145.0,125.66666412353516,37.76125127287787,7.361731899586194,34.753212,176.359024,2.540050152905198,-2910.344482
5.16549086914074,33.174274,6.524227,16.622665,24.327711,0.469191,145.0,125.66666412353516,37.77069892055444,7.369784249548098,34.7882,176.445175,2.5614311926605517,-2884.513428
5.170658837890642,33.244976,6.504663,16.593399,24.185772,0.469191,145.0,125.66666412353516,37.77959755034964,7.377368664605212,34.773369,176.391724,2.696840876656472,-2897.94751
5.176488916015842,32.998184,6.527596,16.583015,24.184917,0.471144,145.0,125.66666412353516,37.78044807481496,7.386401811708528,34.748672,176.323975,2.5158196738022434,-2889.27417
5.18248989257836,33.092358,6.557665,16.425074,24.228321,0.471144,145.0,125.66666412353516,37.77768475975741,7.395888667562669,34.735184,176.357361,2.521520387359838,-2876.170166
5.1878028808596355,33.141605,6.51791,16.515911,24.330938,0.470224,145.0,125.66666412353516,37.77523824786634,7.404287892831092,34.690887,176.42453,2.371858205912335,-2951.730957
5.193534814453415,33.204956,6.49229,16.492105,24.358095,0.470224,145.0,125.66666412353516,37.772598821059134,7.413349422600968,34.630539,176.284393,2.5657070336391445,-2823.329346
5.199664697265689,33.153549,6.523093,16.578373,24.447048,0.468359,145.0,125.66666412353516,37.76977614756585,7.423040064455556,34.643803,176.214249,2.3276714576962267,-2919.017822
5.206068750000213,33.16724,6.510719,16.49057,24.420504,0.468359,145.0,125.66666412353516,37.76682722497534,7.433164137519428,34.631554,176.430878,2.6227214067278277,-2867.874023
5.211527734375068,33.203541,6.547491,16.487465,24.358339,0.471164,145.0,125.66666412353516,37.76431348515895,7.44179416587169,34.579491,176.266953,2.3319474006116216,-2874.803223
5.217488671874889,33.242939,6.56058,16.550379,24.330975,0.471164,145.0,125.66666412353516,37.761568607191286,7.451217724559027,34.607258,176.229233,2.470208154943935,-2909.071777
5.223672753906158,33.25042,6.533355,16.618599,24.230991,0.470354,145.0,125.66666412353516,37.75872097617388,7.460994049163803,34.523731,176.247208,2.5885128440366985,-2866.50708
5.229104638671743,33.233318,6.548625,16.592665,24.181444,0.470354,145.0,125.66666412353516,37.75621971511955,7.4695812361409715,34.555443,176.364304,2.4972898063200812,-2869.85376
5.2344886718751695,32.921951,6.51859,16.540291,24.120815,0.470367,145.0,125.66666412353516,37.753740488636055,7.47809277528464,34.479858,176.112778,2.6740351681957177,-2884.9375
5.240487695312368,33.033165,6.505222,16.521198,24.106382,0.470367,145.0,125.66666412353516,37.75097807294875,7.487576543472109,34.461971,176.079819,2.572834046890926,-2870.325195
5.245550683594047,32.968559,6.51243,16.537203,24.127115,0.470828,145.0,125.66666412353516,37.748646680448196,7.495580547406331,34.36195,176.196381,2.4887380224260967,-2878.197021
5.251531640625217,33.217468,6.546968,16.442472,24.139471,0.470828,145.0,125.66666412353516,37.745892583935586,7.50503575467707,34.434219,176.143188,2.373282976554535,-2870.277832
5.257487451171983,33.239151,6.547037,16.50235,24.199106,0.47102,145.0,125.66666412353516,37.7431500668148,7.514451208239388,34.41745,176.093155,2.3305226299694186,-2901.435547
5.263488427734501,33.044289,6.54613,16.56373,24.218966,0.47102,145.0,125.66666412353516,37.74038675175724,7.52393806409353,34.329037,176.176743,2.4645060142711523,-2875.69873
5.269487451172154,33.014786,6.498799,16.517744,24.187761,0.467832,145.0,125.66666412353516,37.73762433606993,7.533421832280998,34.311199,176.152634,2.540050152905198,-2863.113037
5.2749544921875895,33.141487,6.519201,16.430534,24.174324,0.467832,145.0,125.66666412353516,37.73510688635131,7.542064597258288,34.293278,175.985977,2.500140876656474,-2827.147461
5.281059472656125,32.990929,6.552168,16.345003,24.159559,0.466669,145.0,125.66666412353516,37.73229567982856,7.55171587136279,34.257153,175.971146,2.5086926605504587,-2805.605713
5.288238427734541,33.241737,6.574751,16.522804,24.338949,0.468946,145.0,125.66666412353516,37.728989932095956,7.56306497617935,34.285145,176.115723,2.3861106014271156,-2921.845947
5.293775292968803,33.088455,6.522063,16.547674,24.295267,0.468946,145.0,125.66666412353516,37.72644032989131,7.571818125240215,34.298267,175.996658,2.4445513761467903,-2857.975098
5.29949233398429,33.064117,6.53866,16.545021,24.151094,0.465621,145.0,125.66666412353516,37.725626712838725,7.580991205910983,34.212875,175.840668,2.376134046890928,-2880.08252
5.304971337890493,33.035301,6.551784,16.282227,24.107727,0.465621,145.0,125.66666412353516,37.72594683304357,7.589864039526613,34.23333,175.966934,2.426021508664628,-2778.45459
5.310182275390616,33.070236,6.55168,16.361094,24.143642,0.469436,145.0,125.66666412353516,37.726251291008644,7.598302759814108,34.243801,176.095932,2.2450003058103962,-2832.945312
5.31624624023425,33.05838,6.512499,16.503887,24.357851,0.469436,145.0,125.66666412353516,37.72660558856002,7.608122893551965,34.236298,175.932159,2.4801847094801226,-2854.109863
5.321989160156136,33.024635,6.553233,16.450518,24.286646,0.468885,145.0,125.66666412353516,37.726941128510944,7.61742311925112,34.124657,175.767212,2.552879408766564,-2843.126953
5.327487207031481,33.074112,6.484733,16.56366,24.302126,0.468885,145.0,125.66666412353516,37.72726236133391,7.6263267915184745,34.204533,175.945862,2.4417002038735984,-2932.640381
5.333327294922128,33.021275,6.508276,16.591915,24.235964,0.465015,145.0,125.66666412353516,37.72760357849015,7.635784373414894,34.190239,175.814484,2.522946687054028,-2905.819336
5.338620263672055,32.996326,6.547369,16.568895,24.198076,0.465015,145.0,125.66666412353516,37.727912829271766,7.644355937125206,34.087952,175.694672,2.3119927624872565,-2856.04248
5.344488183593967,33.06282,6.573704,16.549419,24.17141,0.46926,145.0,125.66666412353516,37.72825567256218,7.653858590897225,34.084705,175.779053,2.1837099898063186,-2924.202881
5.349535058594029,33.007717,6.537002,16.390238,24.105267,0.46926,145.0,125.66666412353516,37.72855054489417,7.662031624339087,34.084412,175.906555,2.4431266055045873,-2830.494141
5.355175195312768,32.969334,6.518486,16.489698,24.223749,0.466513,145.0,125.66666412353516,37.728880079560085,7.6711654003923915,34.002491,175.689331,2.337649643221203,-2840.581543
5.361027001953062,32.771763,6.490597,16.259033,24.337275,0.466513,145.0,125.66666412353516,37.72922198140439,7.680641959920642,34.117325,175.713821,2.551453109072374,-2815.881592
5.366489160156107,33.02483,6.503372,16.495022,24.573088,0.468056,145.0,125.66666412353516,37.729541117370125,7.689487513190514,34.022331,175.816772,2.366155963302751,-2912.324219
5.3725799804687995,32.879223,6.507823,16.487795,24.453209,0.468056,145.0,125.66666412353516,37.729896983998344,7.69935113733465,33.956959,175.6259,2.598490927624873,-2776.852051
5.378487939453407,32.896111,6.511243,16.372192,24.412092,0.470198,145.0,125.66666412353516,37.73024216663969,7.708918631348758,33.89933,175.543167,2.225045667686034,-2915.05835
5.38366298828123,32.990765,6.511452,16.502874,24.414326,0.470198,145.0,125.66666412353516,37.730544527747526,7.717299232638771,33.931915,175.562698,2.3861106014271156,-2915.576904
5.389473046875082,32.844254,6.543093,16.485493,24.344202,0.469105,145.0,125.66666412353516,37.73088399039056,7.726708184353624,33.934723,175.64682,2.319119775739041,-2848.123535
5.394536035156307,32.88171,6.479532,16.527395,24.190083,0.469105,145.0,125.66666412353516,37.73117980416866,7.734907312039255,33.890152,175.470886,2.321969317023444,-2881.213867
5.400487939453342,32.900703,6.494489,16.426329,24.099541,0.467652,145.0,125.66666412353516,37.7315275543903,7.744545972172728,33.841442,175.517776,2.4616548419979605,-2889.557129
5.405767968750297,32.816845,6.548538,16.494427,24.088285,0.467652,145.0,125.66666412353516,37.73183604916216,7.75309658141456,33.888859,175.536606,2.319119775739041,-2870.843506
5.410963769531463,33.003998,6.498922,16.384077,24.074829,0.468299,145.0,125.66666412353516,37.73213962273847,7.761510788927607,33.800568,175.535965,2.500140876656474,-2863.301758
5.416521874999944,32.940548,6.528206,16.521425,24.148216,0.468299,145.0,125.66666412353516,37.73246436458784,7.770511721558095,33.788021,175.43541,2.3675807339449535,-2958.565918
5.422474755859639,32.986393,6.538398,16.404182,24.096504,0.468734,145.0,125.66666412353516,37.72980415814524,7.779835781668133,33.736275,175.445816,2.344775025484199,-2758.798584
5.427667871093945,33.091541,6.557631,16.388353,24.027534,0.468734,145.0,125.66666412353516,37.726704923257195,7.787887977061827,33.662853,175.481979,2.2934628950050975,-2870.796387
5.433487695312579,33.063377,6.525152,16.462473,24.150152,0.463663,145.0,125.66666412353516,37.723231670412424,7.796911917346479,33.610531,175.379929,2.1865611620795105,-2946.923096
5.438517724609483,33.064316,6.522569,16.453974,24.095301,0.463663,145.0,125.66666412353516,37.7202297647005,7.804711239507931,33.720882,175.249084,2.490162793068297,-2810.413818
5.444488671875206,33.127502,6.528381,16.443712,24.076069,0.469055,145.0,125.66666412353516,37.71666632209522,7.813969503940424,33.66898,175.321518,2.346201325178389,-2893.988037
5.449776757812742,33.09874,6.512342,16.501583,24.091164,0.469055,145.0,125.66666412353516,37.71351040898935,7.822168956351095,33.582504,175.500702,2.4459761467889902,-2926.04126
5.455476708984406,33.176117,6.54702,16.40914,23.976521,0.464309,145.0,125.66666412353516,37.71010869600307,7.8310070272389956,33.55809,175.333038,2.433148419979614,-2804.23877
5.460629541015805,32.926727,6.567351,16.423485,23.955753,0.464309,145.0,125.66666412353516,37.707033502004336,7.838996761430114,33.565575,175.253342,2.3091415902140677,-2866.742676
5.46648769531248,32.952698,6.509637,16.48057,23.989925,0.466403,145.0,125.66666412353516,37.70353737388913,7.848080134495398,33.516293,175.386444,2.2834848114169204,-2901.294189
5.471644677734275,33.163486,6.555135,16.385229,24.157133,0.466403,145.0,125.66666412353516,37.70045970295028,7.856076304083146,33.480705,175.238098,2.0967628950050963,-2821.962402
5.477328515625231,32.963497,6.579132,16.466103,24.273138,0.465087,145.0,125.66666412353516,37.69706760631973,7.864889390490017,33.480568,175.150986,2.049725076452598,-2960.592773
5.482487451171892,32.956078,6.579114,16.48106,24.218077,0.465087,145.0,125.66666412353516,37.69398876976201,7.872888588499707,33.437164,175.149918,2.4744840978593268,-2889.085693
5.488472558593912,33.003941,6.54585,16.454218,24.11619,0.467095,145.0,125.66666412353516,37.69041687641988,7.8821688089912865,33.375225,175.252441,2.199388786952091,-2808.952393
5.4937975097655,32.767509,6.574786,16.336294,24.106785,0.467095,145.0,125.66666412353516,37.68723896225773,7.890425422866132,33.319641,175.115128,2.3932376146789003,-2854.439941
5.49953945312518,32.837383,6.56695,16.434322,24.218321,0.468107,145.0,125.66666412353516,37.68381218846562,7.899328604825807,33.324963,175.109955,2.3162686034658524,-2838.837402
5.505472314453073,32.901638,6.558765,16.454741,24.151461,0.468107,145.0,125.66666412353516,37.68027147542843,7.9085278150304115,33.330391,175.200912,2.272081957186543,-2807.962646
5.510487451172139,32.953026,6.523704,16.433746,24.131252,0.467651,145.0,125.66666412353516,37.677278457560426,7.916304045474548,33.345715,175.296616,2.0853600407747193,-2906.620605
5.51565126953119,32.855675,6.550161,16.408283,24.084656,0.467651,145.0,125.66666412353516,37.67419670695552,7.924310814539096,33.327755,175.03212,2.354753109072376,-2757.431396
5.521472314453149,32.736717,6.529201,16.105927,24.01523,0.470467,145.0,125.66666412353516,37.67072272559895,7.933336647587463,33.280914,174.94725,2.162329051987767,-2719.95752
5.526488427734421,33.015186,6.520109,16.357725,24.122089,0.470467,145.0,125.66666412353516,37.66772912492151,7.9411143922425715,33.267704,174.993393,2.075381957186545,-2935.845703
5.5324862304687485,32.90284,6.532831,16.400658,24.166574,0.466199,145.0,125.66666412353516,37.66414965505669,7.9504142974767795,33.222397,175.00769,2.4559542303771646,-2813.289062
5.538130273437673,32.959942,6.56777,16.431931,24.047342,0.466199,145.0,125.66666412353516,37.66078130791073,7.959165679786563,33.228626,174.970413,2.0967628950050963,-2837.989014
5.5445201660159,32.783871,6.539201,16.537813,24.063015,0.469724,145.0,125.66666412353516,37.65712188472183,7.969108037739947,33.210651,174.893753,2.4559542303771646,-2915.05835
5.550487207031438,32.781265,6.526304,16.45153,24.040606,0.469724,145.0,125.66666412353516,37.65423647429875,7.978511562902504,33.225418,174.981293,2.357604281345565,-2798.252197
5.556408105469018,32.791737,6.518381,16.431757,24.066313,0.470436,145.0,125.66666412353516,37.65137337648849,7.987842371471808,33.193638,174.902557,2.038322222222221,-2925.287109
5.5615140625000095,32.788647,6.557107,16.46818,24.031828,0.470436,145.0,125.66666412353516,37.64890435011525,7.995888904970835,33.173531,174.842438,2.2065158002038725,-2922.977295
5.567475244140496,32.822594,6.529027,16.35556,23.934374,0.470195,145.0,125.66666412353516,37.646021773039834,8.005283196280281,33.167667,174.902817,2.015516513761469,-2766.198975
5.572486230468712,32.756886,6.533512,16.318005,23.918266,0.470195,145.0,125.66666412353516,37.64359867050992,8.013180064410124,33.116165,174.795227,2.102463608562691,-2888.708496
5.578443994140798,32.742279,6.566357,16.383047,23.88345,0.465445,145.0,125.66666412353516,37.64071774622063,8.022568969305254,33.179466,174.751541,2.2777840978593282,-2899.833008
5.583503076171837,32.806755,6.548538,16.174582,23.879017,0.465445,145.0,125.66666412353516,37.638271386628674,8.03054163197939,33.14381,174.752228,2.123844546381243,-2729.856201
5.589547021484577,32.869953,6.549131,16.188736,23.930239,0.465213,145.0,125.66666412353516,37.635348788517554,8.040066351464038,33.102779,174.890717,2.122419775739043,-2874.70874
5.5954869628908455,32.860725,6.586374,16.32502,23.898092,0.465213,145.0,125.66666412353516,37.632476482327405,8.049427170055953,33.250301,174.620895,2.353328338430173,-2803.154541
5.600524072265671,32.837971,6.589743,16.242489,23.846258,0.466124,145.0,125.66666412353516,37.63004074778917,8.057365205780918,33.193096,174.598755,2.2578279306829767,-2742.017578
5.605646875000275,32.982235,6.550545,16.24338,23.823919,0.466124,145.0,125.66666412353516,37.62756357554141,8.065438286607643,33.219013,174.696533,2.2036646279306837,-2825.497559
5.611485986328262,32.972267,6.526828,16.351233,23.847654,0.465206,145.0,125.66666412353516,37.624740026542234,8.074640205977262,33.33144,174.661697,2.179434148827726,-2808.056885
5.617488916015645,32.725712,6.534559,16.251652,23.783291,0.465206,145.0,125.66666412353516,37.621837261864734,8.084100288490129,33.368874,174.639877,2.0126653414882774,-2729.14917
5.623318017578185,32.964718,6.481958,16.27434,23.758265,0.465882,145.0,125.66666412353516,37.61901855316781,8.093286433360683,33.515312,174.638443,2.178007849133536,-2870.277832
5.628486962890747,32.863712,6.520615,16.205683,23.736607,0.465882,145.0,125.66666412353516,37.616519068307234,8.101432230780661,33.553585,174.668854,2.247851376146789,-2781.094482
5.634485742187735,32.780258,6.537089,16.246868,23.671213,0.464029,145.0,125.66666412353516,37.61361831058433,8.110885772647574,33.554771,174.54866,2.0782330275229346,-2793.868652
5.6404879394531235,32.79216,6.528172,16.229557,23.662941,0.464029,145.0,125.66666412353516,37.61071590007529,8.1203447009288,33.686047,174.42186,2.4345731906218138,-2824.743408
5.645879785156467,32.803928,6.533878,16.161894,23.747585,0.467219,145.0,125.66666412353516,37.60810862994748,8.1288417695109,33.750725,174.48407,2.371858205912335,-2772.515381
5.651471826171928,32.482471,6.549271,15.959991,23.898249,0.467219,145.0,125.66666412353516,37.60540455377463,8.137654328074314,33.753605,174.457016,2.129545259938838,-2754.603271
5.6564896484374,32.765133,6.514611,16.096571,24.078825,0.467071,145.0,125.66666412353516,37.602978145672445,8.145561969032787,33.757236,174.445236,2.1167175331294583,-2925.098389
5.661957666015496,32.802959,6.511766,16.314932,24.2349,0.467071,145.0,125.66666412353516,37.60033404202506,8.154179077705336,33.82975,174.420471,2.1409481141692153,-2917.933594
5.668372705078127,32.748386,6.518887,16.383694,24.07003,0.463626,145.0,125.66666412353516,37.59723199856215,8.164288607887055,33.795437,174.538635,2.05257624872579,-2799.85498
5.673529687499922,32.820118,6.549463,16.400326,23.946329,0.463626,145.0,125.66666412353516,37.60948218996786,8.17242553387446,33.854042,174.404739,2.250702446483179,-2902.896973
5.679487695312673,32.694408,6.51955,16.383955,23.796764,0.464703,145.0,125.66666412353516,37.62789545599241,8.181829238897967,33.905315,174.344833,2.0611280326197745,-2802.494629
5.685523583984377,32.68906,6.513075,16.313257,23.751808,0.464703,145.0,125.66666412353516,37.64654941337336,8.19135586565162,33.92186,174.372849,2.166604994903159,-2805.322998
5.690697656249995,32.627087,6.489201,16.372473,23.750656,0.467502,145.0,125.66666412353516,37.66253992094827,8.199522261347537,33.922997,174.426498,2.089635983690111,-2850.527344
5.696532617187586,32.737915,6.55688,16.310675,23.845072,0.467502,145.0,125.66666412353516,37.680572909720055,8.208731757744104,33.895473,174.156525,2.0853600407747193,-2826.817383
5.7016214843752095,32.690437,6.511976,16.288895,23.838545,0.468837,145.0,125.66666412353516,37.696300090387794,8.216763671672558,33.95031,174.195206,1.9813078491335379,-2786.32666
5.706928613281434,32.722855,6.504803,16.23418,23.859993,0.468837,145.0,125.66666412353516,37.712701810468175,8.225140074713083,33.938946,174.423569,2.1338226299694174,-2872.870605
5.712153466796735,32.78265,6.565746,16.326572,24.000065,0.466453,145.0,125.66666412353516,37.72884925786169,8.23338662000107,33.947533,174.240814,1.8630032619775734,-2888.048584
5.717502587890522,32.85659,6.524803,16.363571,23.979418,0.466453,145.0,125.66666412353516,37.74538075509975,8.241829300588886,33.976818,174.157974,2.051151478083587,-2806.218506
5.723661523437386,32.798149,6.500422,16.304182,23.929365,0.47022,145.0,125.66666412353516,37.76441498973347,8.25155013596948,34.038059,174.179199,2.082508970438329,-2812.251953
5.729493554687451,32.703186,6.493581,16.237392,23.911634,0.47022,145.0,125.66666412353516,37.782438924284946,8.260755008351119,34.017323,174.276505,2.120993476044853,-2834.453613
5.734650537109246,32.731373,6.529219,16.370359,23.974236,0.466275,145.0,125.66666412353516,37.79837661557475,8.268894430626627,33.954948,174.203156,2.0796577981651376,-2891.206787
5.740485498046837,32.654594,6.506723,16.323938,23.969994,0.466275,145.0,125.66666412353516,37.81640960434654,8.278103927023194,33.999382,174.042908,2.1922617737003063,-2777.370605
5.746326318359479,32.720802,6.501662,16.296293,23.906609,0.465895,145.0,125.66666412353516,37.834460701558925,8.287322671449614,34.003571,174.061035,1.9699049949031606,-2816.588623
5.751471337890507,32.789814,6.468311,16.341232,24.116295,0.465895,145.0,125.66666412353516,37.85036142144916,8.295443212330838,33.993675,174.121643,2.054001019367993,-2861.274658
5.756799218750075,32.592964,6.547648,16.362751,24.12818,0.465382,145.0,125.66666412353516,37.86682727559002,8.30385236881043,33.993015,174.016068,2.1552020387359825,-2833.32251
5.762485253906107,32.713352,6.51852,16.283693,24.064062,0.465382,145.0,125.66666412353516,37.88440000816303,8.312826811114867,33.964584,174.044724,2.0083895005096846,-2801.740479
5.767618310546823,32.72641,6.464401,16.381512,24.086313,0.465361,145.0,125.66666412353516,37.900263756653686,8.320928470601805,34.015022,174.096725,1.9998377166156969,-2895.496338
5.77349135742179,32.724686,6.436077,16.349958,24.029612,0.465361,145.0,125.66666412353516,37.91841445028942,8.330198079192424,33.998615,174.005463,2.082508970438329,-2821.396729
5.7791051269532545,32.726299,6.517735,16.36598,23.98406,0.462995,145.0,125.66666412353516,37.93576384542826,8.339058462461992,34.086555,173.854706,1.9884348623853196,-2881.637939
5.784471093750199,32.742489,6.490196,16.421041,24.016941,0.462995,145.0,125.66666412353516,37.95234740443308,8.347527731135637,34.013729,174.031494,2.0981876656472993,-2904.122559
5.789681054687662,32.821285,6.52517,16.401234,23.962437,0.466583,145.0,125.66666412353516,37.96844882620671,8.355750771014412,34.027378,174.101425,2.1380985728848123,-2830.871338
5.7954862304686685,32.883129,6.48941,16.439436,23.812052,0.466583,145.0,125.66666412353516,37.986389763738735,8.364913256592553,33.986382,173.752548,1.9741808358817534,-2864.5271
5.800607080078407,32.896732,6.516793,16.432629,23.815334,0.464008,145.0,125.66666412353516,37.97346198516983,8.373003028826375,34.038597,173.756546,2.072530886850152,-2862.924561
5.806489160156161,32.791931,6.534035,16.39385,23.837463,0.464008,145.0,125.66666412353516,37.94837250961262,8.382297999268854,34.022438,173.887558,1.9741808358817534,-2844.164062
5.811964990234628,32.77113,6.547037,16.430029,23.920134,0.461674,145.0,125.66666412353516,37.92501585634102,8.390951006036559,34.078861,173.852997,1.944248114169214,-2881.732178
5.8181371093751295,32.861141,6.537072,16.429296,23.847603,0.461674,145.0,125.66666412353516,37.89868924564241,8.40070430150646,34.069908,173.753082,2.0169428134556586,-2881.308105
5.823498925781223,32.646881,6.540772,16.313536,23.735071,0.463747,145.0,125.66666412353516,37.87581890727909,8.409177141786113,34.042629,173.792984,2.1053146788990813,-2783.687012
5.828534082031183,32.606033,6.551069,16.353729,23.755228,0.463747,145.0,125.66666412353516,37.85434190798918,8.417133787716702,34.056835,173.85022,1.8957855249745157,-2887.71875
5.834486962890878,32.477608,6.533093,16.31542,23.795893,0.461194,145.0,125.66666412353516,37.828950438163446,8.426540638847692,34.055756,173.704865,1.962777981651376,-2891.489746
5.840485009765871,32.553329,6.560441,16.376225,23.729626,0.461194,145.0,125.66666412353516,37.80336631682159,8.436018862142044,34.036278,173.689926,2.0411733944954125,-2836.244873
5.845802880859537,32.547287,6.527124,16.415142,23.708126,0.463658,145.0,125.66666412353516,37.78068342317666,8.444422259235726,34.042736,173.712967,1.995561875637104,-2869.759521
5.850898828125082,32.500446,6.541575,16.364496,23.73357,0.463658,145.0,125.66666412353516,37.75894712535964,8.452474968240242,34.042248,173.729721,2.1138664627930686,-2834.170898
5.856488916015678,32.670563,6.489969,16.277254,23.778824,0.46421,145.0,125.66666412353516,37.735103115820216,8.461308527291479,33.981895,173.573898,1.9029125382263004,-2858.87085
5.861510888672001,32.626934,6.55627,16.210184,23.906975,0.46421,145.0,125.66666412353516,37.71368234994582,8.469244340266275,34.04216,173.645966,1.9029125382263004,-2844.352539
5.866660791015875,32.563034,6.553843,16.160027,24.022387,0.463594,145.0,125.66666412353516,37.691715911668986,8.477382310071349,34.077988,173.618118,1.977032008154945,-2789.767578
5.872334863281139,32.516701,6.544245,16.1387,24.135946,0.463594,145.0,125.66666412353516,37.667513674445516,8.486348582766889,33.97448,173.597321,1.9542261977573914,-2678.523926
5.877485742187673,32.585354,6.527857,16.152977,24.129786,0.461397,145.0,125.66666412353516,37.6455430707305,8.494488095753873,34.006363,173.501083,1.982732619775738,-2822.292236
5.883470849609239,32.562065,6.554734,16.379627,24.145405,0.461397,145.0,125.66666412353516,37.620014141444614,8.50394587188791,34.051548,173.491211,2.158053211009174,-2802.44751
5.888792626953091,32.569843,6.524227,16.372612,24.020187,0.467296,145.0,125.66666412353516,37.59731458604694,8.512355441709234,34.050186,173.634552,2.073957186544342,-2790.993164
5.894303613281409,32.510593,6.520807,16.174879,23.896015,0.467296,145.0,125.66666412353516,37.57380797700063,8.521064003025717,34.085945,173.500122,1.885808970438328,-2808.104004
5.899485742187608,32.594067,6.528695,16.36289,23.936958,0.46167,145.0,125.66666412353516,37.551704079263644,8.529252897833839,34.024796,173.406723,1.8458981651376145,-2897.051758
5.905489648437651,32.503403,6.474558,16.343136,23.892176,0.46167,145.0,125.66666412353516,37.52609496529266,8.538740380219652,34.024548,173.417755,1.8900849133537199,-2817.625732
5.9106666503907945,32.416328,6.465955,16.320604,23.860151,0.462677,145.0,125.66666412353516,37.50401293610615,8.546921173322742,34.024811,173.491318,1.9143153924566776,-2777.323486
5.916297509765627,32.243565,6.520754,15.847233,23.788509,0.462677,145.0,125.66666412353516,37.479995019522434,8.555819160218743,33.997742,173.25708,1.9000629969418972,-2645.952148
5.9215235839842535,32.696152,6.439707,16.098125,23.944689,0.464696,145.0,125.66666412353516,37.481313634541564,8.56395414470716,34.051338,173.269302,1.690533843017329,-2896.344727
5.927485498046735,32.725002,6.505187,16.315386,24.094166,0.464696,145.0,125.66666412353516,37.49909070587,8.573149528918263,33.963535,173.4767,2.0654038735983704,-2800.797607
5.932744531250137,32.670235,6.458241,16.334583,23.944235,0.463164,145.0,125.66666412353516,37.514771946389494,8.581260821763935,33.980099,173.344193,1.9599269113149833,-2816.588623
5.938485498047157,32.513317,6.485641,16.344915,23.88633,0.463164,145.0,125.66666412353516,37.53189020323995,8.590115426994242,33.976383,173.200439,1.9528014271151883,-2862.594482
5.944485498047015,32.326492,6.487473,16.308563,23.696903,0.461769,145.0,125.66666412353516,37.54978083816902,8.599369553217501,33.985229,173.223526,1.9314204892966367,-2832.096924
5.951358544921732,32.451603,6.499271,16.139538,23.760569,0.461769,145.0,125.66666412353516,37.57027470025085,8.609970227104109,33.946976,173.212921,1.9271446483180439,-2757.148682
5.957544335937655,32.436367,6.525781,16.17802,23.80364,0.462438,145.0,125.66666412353516,37.588719321718855,8.619510908912327,33.970657,173.16954,1.6620258919469926,-2883.429199
5.963484521484588,32.471519,6.509166,16.093605,23.856573,0.462438,145.0,125.66666412353516,37.6064316035572,8.628672780052389,33.952019,173.132309,1.8473244648318043,-2686.395752
5.969470361328149,32.557068,6.51222,16.24659,23.886852,0.465209,145.0,125.66666412353516,37.62428001612193,8.637905066296769,33.935089,173.138763,1.746123445463812,-2880.883789
5.974792382812666,32.52116,6.50222,16.274286,23.914112,0.465209,145.0,125.66666412353516,37.64014907336553,8.646113509393322,33.924515,173.089844,1.8074136595310906,-2907.516357
5.9804842773437485,32.536987,6.527334,16.322001,23.779261,0.461212,145.0,125.66666412353516,37.65712100788442,8.654892427800267,33.941319,173.009995,1.9485240570846087,-2814.326172
5.986470361327974,32.539867,6.505554,16.304165,23.742889,0.461212,145.0,125.66666412353516,37.67497014842095,8.664125090596007,33.955612,173.059601,1.8430470948012216,-2869.099609
5.991485253906376,32.485779,6.504663,16.332682,23.622871,0.462274,145.0,125.66666412353516,37.689923417141564,8.671859832081685,33.939068,172.955429,1.9071883792048931,-2809.801025
5.996643212890831,32.327366,6.534122,16.108683,23.593971,0.462274,145.0,125.66666412353516,37.70530327733633,8.67981523266432,33.922665,172.865433,1.9114658511722717,-2685.264404
6.002470117187386,32.423485,6.52332,16.116013,23.701756,0.461487,145.0,125.66666412353516,37.72267778025999,8.688802383973345,33.893379,172.858704,1.7019366972477064,-2814.373291
6.007487207031318,32.508781,6.533215,16.319365,23.816189,0.461487,145.0,125.66666412353516,37.7376376007268,8.696540514421262,33.924095,173.036667,1.8672791029561662,-2818.992676
6.01348525390631,32.69265,6.490772,16.308842,23.753622,0.461379,145.0,125.66666412353516,37.75552241188147,8.705791628233642,33.916241,172.867249,1.8458981651376145,-2769.168701
6.019353173828222,32.703789,6.463564,16.310184,23.677025,0.461379,145.0,125.66666412353516,37.77301921406735,8.714842040171145,33.874931,172.836945,1.8287945973496422,-2880.412354
6.024485009765613,32.431328,6.497578,16.231075,23.580742,0.465916,145.0,125.66666412353516,37.78832118127963,8.72275714975826,33.925125,172.8116,1.9841590214067266,-2757.525879
6.030484033203265,32.511192,6.515903,16.275019,23.625454,0.465916,145.0,125.66666412353516,37.806208904321494,8.73200976977608,33.886345,172.87381,1.8957855249745157,-2812.251953
6.036481103515598,32.45179,6.507613,16.346817,23.698526,0.464916,145.0,125.66666412353516,37.82409080358897,8.741259377383022,33.891705,172.7836,1.8715550458715609,-2850.574707
6.042191064453164,32.392323,6.546025,16.319662,23.61788,0.464916,145.0,125.66666412353516,37.84111660802098,8.750066160590608,33.920483,172.769241,1.8943607543323129,-2806.406982
6.047691064453375,32.482746,6.464559,16.231249,23.589556,0.462867,145.0,125.66666412353516,37.825742750445244,8.705411709674946,33.825108,172.816879,1.7589510703363922,-2805.794189
6.053485009765609,32.520779,6.471871,16.21221,23.581301,0.462867,145.0,125.66666412353516,37.587321715806354,8.286726196879279,33.884163,172.667786,1.8687038735983692,-2838.271729
6.06051088867207,32.470421,6.452324,16.262192,23.618649,0.46494,145.0,125.66666412353516,37.29820657444289,7.779017968022305,33.828735,172.578003,1.6834068297655445,-2795.56543
6.065653955078233,32.556152,6.51325,16.265018,23.625769,0.46494,145.0,125.66666412353516,37.08656922758199,7.407366652812735,33.854916,172.593155,1.690533843017329,-2852.931396
6.0714698730471355,32.483063,6.490143,16.214409,23.630045,0.463337,145.0,125.66666412353516,36.847244017436715,6.987093338898258,33.855701,172.525894,1.704787869520898,-2784.629639
6.076483789062422,32.528122,6.508521,16.152506,23.753239,0.463337,145.0,125.66666412353516,36.64092121327445,6.624774765820362,33.763378,172.438889,1.7062126401630981,-2880.978027
6.083132958984606,32.403633,6.525257,16.264425,23.755909,0.461859,145.0,125.66666412353516,36.3673076586482,6.144288505033661,33.798717,172.470352,1.780332008154944,-2881.308105
6.088469873046961,32.646183,6.476705,16.238369,23.542889,0.461859,145.0,125.66666412353516,36.147693474542095,5.758629255509252,33.854111,172.646027,1.8430470948012216,-2811.922119
6.093484765624908,32.548191,6.465833,16.257217,23.4713,0.466155,145.0,125.66666412353516,35.941330484801775,5.396240113492743,33.884792,172.518524,1.7005119266055033,-2855.618164
6.09948378906256,32.4459,6.53421,16.343222,23.460096,0.466155,145.0,125.66666412353516,35.694470478769965,4.962735123588178,33.815838,172.493515,1.686258002038736,-2872.870605
6.105297753906143,32.498344,6.49421,16.260883,23.487495,0.463199,145.0,125.66666412353516,35.45522563978082,4.542602947550928,33.772106,172.458511,1.709063710499491,-2769.545654
6.110485742187393,32.454788,6.494628,16.202559,23.474127,0.463199,145.0,125.66666412353516,35.24173975632909,4.167705461165124,33.754303,172.515167,1.5194907237512745,-2817.060059
6.115732812500028,32.459568,6.498869,16.252907,23.551929,0.464867,145.0,125.66666412353516,35.025822645404645,3.7885385539931837,33.790394,172.365433,1.8159654434250752,-2825.544678
6.121471582031518,32.440098,6.491662,16.221546,23.596746,0.464867,145.0,125.66666412353516,34.78967209592623,3.373840186229196,33.782856,172.355728,1.814540672782875,-2793.868652
6.127278710937389,32.467846,6.489812,16.196083,23.591162,0.464792,145.0,125.66666412353516,34.55070855598351,2.9542019927622434,33.802174,172.423889,1.600735677879714,-2830.494141
6.132483544921797,32.407612,6.494943,16.187218,23.55411,0.464792,145.0,125.66666412353516,34.33652947131023,2.5780871921853503,33.683781,172.296402,1.9143153924566776,-2766.293213
6.138484521484315,32.515369,6.466426,16.259539,23.572784,0.461978,145.0,125.66666412353516,34.089589094122296,2.1444410644035576,33.720482,172.186035,1.6434975535168204,-2812.62915
6.144319482421906,32.435669,6.511924,16.118509,23.569572,0.461978,145.0,125.66666412353516,33.849480265204825,1.7227916561861116,33.798492,172.289993,1.7503992864424047,-2741.970459
6.150471582031514,32.615601,6.535135,16.204931,23.605925,0.462154,145.0,125.66666412353516,33.59632116981189,1.2782249851538339,33.765209,172.362762,1.5836321100917419,-2843.126953
6.155489648437651,32.337345,6.532796,16.226833,23.707148,0.462154,145.0,125.66666412353516,33.38982757694286,0.9156064940868296,33.757496,172.285141,1.6591763506625896,-2834.830811
6.161484521484454,32.431816,6.463686,16.170586,23.594582,0.465938,145.0,125.66666412353516,33.143138359617815,0.4824014221713746,33.779766,172.123779,1.6933849133537218,-2776.192139
6.167294580078305,32.266239,6.490754,16.176414,23.642977,0.465938,145.0,125.66666412353516,32.90405426294091,0.06255152188857949,33.77219,172.16394,1.7404212028542303,-2801.599121
6.173146386718599,32.460178,6.547124,16.228249,23.719015,0.463528,144.68836781173218,125.38965779894676,32.65919589576995,0.0012248759906414676,33.686169,172.145279,1.563675942915393,-2793.632812
6.178484521484279,32.322479,6.500649,16.138334,23.634285,0.463528,144.35587194502278,125.09410598676087,32.43520357215195,0.0012224878984496707,33.660046,172.09967,1.8672791029561662,-2770.111328
6.185337304687437,32.352856,6.552447,16.177427,23.57172,0.461535,143.92903332244484,124.7146939668091,32.14765541154671,0.0012194222062597991,33.752453,172.142181,1.634944240570846,-2830.871338
6.190571435547099,32.264626,6.527648,16.201214,23.523674,0.461535,143.603015536651,124.4249004474195,31.92802717344718,0.0012170806417274446,33.689468,172.146561,1.776056167176351,-2815.315918
6.195654443359672,32.405716,6.493197,16.210987,23.448158,0.463325,143.28641073697617,124.14347402483958,31.714740176981287,0.0012148066842870965,33.653431,172.050217,1.6520493374108052,-2765.256348
6.201725244140562,32.38496,6.464244,16.108351,23.49465,0.463325,142.90827937536648,123.807357337814,31.46000461242217,0.0012120908233019048,33.680481,171.997299,1.672003975535167,-2848.359131
6.207222314453247,32.313545,6.450737,16.167112,23.581091,0.458633,142.5658839061312,123.50300588100278,31.22934322854004,0.0012096316289826505,33.66048,172.076248,1.5365942915392465,-2822.292236
6.2124852539063795,32.36491,6.533111,16.209993,23.509468,0.458633,142.23807172233725,123.21161734154286,31.008506159240554,0.0012072771765070701,33.713345,171.979218,1.6791309887869517,-2797.356689
6.217653222656281,32.139408,6.499201,16.095472,23.438961,0.461129,141.91617496923848,122.92548696146736,30.791654135168027,0.001204965210556192,33.676205,171.876907,1.6164143730886842,-2796.414062
6.222950341797059,32.196136,6.479009,16.143499,23.449154,0.461129,141.58623383866478,122.63220602531382,30.569382859360132,0.0012025954673005133,33.630814,171.855835,1.6263924566768615,-2813.713379
6.228954248047103,32.197872,6.495815,16.190308,23.464285,0.457736,141.21226913003832,122.29979302896004,30.317454241824628,0.0011999095325563713,33.670078,171.964859,1.744697145769622,-2780.292969
6.234485253906314,32.254723,6.499445,16.111336,23.375086,0.457736,140.867759920786,121.99356269257443,30.08536889576628,0.0011974351566768763,33.603882,171.992065,1.666303363914374,-2760.259766
6.239685205078331,32.216503,6.483215,16.132,23.373568,0.460462,140.5438710817719,121.70566156987847,29.867174864175166,0.0011951088829246202,33.673901,171.840408,1.656325178389398,-2840.864258
6.245485253906281,32.325851,6.464366,16.038595,23.351665,0.460462,140.1826040200104,121.38453536809023,29.623800264029143,0.0011925141467617794,33.629066,171.860367,1.614989602446484,-2734.852783
6.250505029297074,32.315552,6.463494,16.018944,23.358593,0.462502,139.8699377718781,121.10660987939349,29.413166549603822,0.0011902684772646134,33.61734,171.949829,1.543721304791028,-2790.568848
6.256483056640718,32.243477,6.499585,16.0546,23.40472,0.462502,139.4975849800992,120.77562969767918,29.16232383128183,0.001187594119825403,33.67205,171.759491,1.6491982670744152,-2794.481445
6.261748193359381,32.130081,6.511592,16.089172,23.475435,0.462121,139.16963593544082,120.4841195041461,28.941394562992524,0.001185238684371102,33.618908,171.727005,1.5551241590214055,-2790.474609
6.267351953124944,32.280125,6.483651,16.131441,23.516867,0.462121,138.82059511090017,120.17386106622692,28.70625640593769,0.0011827317609739692,33.593708,171.844833,1.7033614678899094,-2781.659912
6.2724830566407945,32.259716,6.493634,16.129696,23.423796,0.459702,138.500994578971,119.88977177115669,28.490951276027815,0.0011804362872216256,33.60458,171.698669,1.684833231396533,-2804.568604
6.279033105468898,32.213928,6.467787,15.984913,23.40835,0.459702,138.0930123421566,119.52712097906269,28.21610608735426,0.0011775060276554825,33.61636,171.614975,1.5750787971457705,-2707.843262
6.284953027343818,32.098995,6.505169,15.880584,23.464773,0.457616,137.72427875990326,119.19935787172753,27.96770152009658,0.0011748576645424396,33.646797,171.763062,1.4852821610601423,-2814.514648
6.290801904297041,32.300339,6.491923,16.022329,23.601912,0.457616,137.35997034559924,118.87552824609125,27.72227805350996,0.0011722410844080295,33.603115,171.814804,1.3897817533129457,-2851.045898
6.296484033203342,32.207809,6.476827,16.131895,23.508612,0.459336,137.00604815022788,118.56093081289599,27.483851465817974,0.0011696991014365282,33.553082,171.561523,1.7546752293577994,-2791.653076
6.302034814453236,32.296268,6.478119,16.164373,23.357914,0.459336,136.5537002977073,118.15884390659102,27.240912183909902,0.0011622789618664319,33.612698,171.597809,1.6392201834862379,-2816.353027
6.30849794921869,32.22094,6.490614,16.057827,23.314911,0.457571,135.9459252156978,117.61859947630883,26.950418610014918,0.0011498845670011334,33.598648,171.664902,1.5978845056065252,-2758.845703
6.314529931640664,32.166958,6.489201,16.021074,23.308733,0.457571,135.37869449189586,117.11439446973678,26.67930371067509,0.0011383169957422308,33.582539,171.532028,1.6107137614678884,-2764.784912
6.319736718749937,32.157261,6.517683,16.103395,23.449432,0.461615,134.88906282287394,116.67916638963146,26.44527823375678,0.001128331906810405,33.59919,171.517517,1.4952587155963297,-2837.140381
6.325055810546928,32.188534,6.503442,15.911544,23.388838,0.461615,134.38887033574588,116.23455091716677,26.20620508396454,0.0011181314504612847,33.561737,171.520401,1.5964597349643221,-2598.862061
6.330484765624988,32.096226,6.472621,15.766185,23.468945,0.462447,133.87834661351397,115.78075212608964,25.962193993317364,0.001107720308595246,33.516342,171.614441,1.5209154943934773,-2710.294434
6.33648378906264,32.160164,6.499288,16.15439,23.63261,0.462447,133.31421526024317,115.27930211510132,25.69256047623401,0.0010962159429914187,33.516239,171.4384,1.689109072375126,-2854.675537
6.3424837890624985,32.113674,6.539952,16.150568,23.576292,0.462506,132.74999207377147,114.77777047461421,25.42288306634306,0.0010847097046274411,33.546066,171.462524,1.7389964322120273,-2766.529053
6.347633691406372,32.211472,6.573687,16.143309,23.492487,0.462506,132.26570968870334,114.34729731281266,25.191414345467425,0.0010748337039743756,33.516502,171.532501,1.493833843017328,-2789.060547
6.35274672851574,32.184139,6.483721,16.151527,23.314003,0.461173,131.78489400697006,113.91990566458995,24.961602578078665,0.001065028400016987,33.523865,171.410034,1.6320946992864431,-2844.211182
6.358484765625235,32.186996,6.492918,16.203274,23.326622,0.461173,131.24530507664596,113.44027113714984,24.703699413826264,0.0010540245295633506,33.55315,171.280609,1.523766666666666,-2779.397461
6.363597558593938,32.250622,6.504925,16.224512,23.40938,0.456607,130.76451235321292,113.01289989630182,24.473898619639403,0.0010442196937959997,33.582714,171.287979,1.600735677879714,-2796.602539
6.368675683593665,32.388657,6.532796,16.161022,23.319326,0.456607,130.28697970841264,112.5884265026604,24.245656020122325,0.0010344813410139875,33.514004,171.447739,1.5323183486238519,-2837.140381
6.374485498046852,32.245853,6.550458,16.119574,23.267546,0.455386,129.74064103782072,112.10279220706016,23.984526734511366,0.0010233398226892978,33.505749,171.332199,1.5508482161060138,-2742.960449
6.380468652344007,32.155476,6.521574,16.137339,23.277163,0.455386,129.17800197406493,111.60266867542697,23.715606475551507,0.0010118658894379144,33.530811,171.303452,1.4339683995922523,-2861.274658
6.385485498046819,32.231468,6.53222,16.194077,23.298018,0.456172,128.70623186262256,111.18331753283381,23.49011814971129,0.001002245052355339,33.58287,171.317322,1.545147604485218,-2823.423584
6.391215478515733,32.268051,6.500702,16.211843,23.212938,0.456172,128.1674005562061,110.7043564487586,23.232577101121585,0.0009912566321729434,33.485802,171.391525,1.5536993883792054,-2787.410645
6.3964693847656235,32.132832,6.493791,16.14296,23.161001,0.464472,127.67333793523966,110.26518974533728,22.99643379623661,0.0009811811825638614,33.515976,171.211594,1.523766666666666,-2824.743408
6.40148256835937,32.080101,6.479515,16.180656,23.192171,0.464472,127.20191219830078,109.84614471336454,22.77111006842489,0.0009715673683318499,33.576187,171.296295,1.6263924566768615,-2809.565186
6.407482324219018,32.150108,6.540283,16.12055,23.168592,0.45981,126.63771197012929,109.34463348025214,22.50144363173584,0.00096006159815791,33.540443,171.28717,1.600735677879714,-2793.302979
6.412882470703153,32.143856,6.504122,16.065071,23.289553,0.45981,126.12989732732461,108.89324275938893,22.258727378912845,0.0009497057027163076,33.500076,171.179199,1.5123637104994898,-2781.330078
6.419011376953222,32.150043,6.49044,16.03521,23.286221,0.459601,125.55355215833104,108.38093602506325,21.98325611841877,0.0009379522600124789,33.575821,171.051346,1.7033614678899094,-2760.731201
6.4244842773437085,32.115082,6.507124,15.745399,23.453428,0.459601,125.0388959420576,107.92346390654113,21.737269851429616,0.0009274568439396728,33.428593,171.179199,1.366975942915392,-2696.483154
6.4295194335936685,32.263973,6.533773,15.957774,23.609661,0.457908,124.58046723671396,107.51597161900327,21.524633455197396,0.0009183843576920819,33.461124,171.232224,1.34702130479103,-2906.573486
6.434926416015514,32.17849,6.538608,16.106239,23.62685,0.457908,124.08837264317387,107.07855408761002,21.296464693142724,0.0009086491571917184,33.481144,171.17366,1.5123637104994898,-2870.749268
6.4404823242189195,32.098995,6.512988,16.003132,23.458559,0.462186,123.58272417316925,106.62908866286101,21.062011425518296,0.0008986458177874301,33.462311,171.102661,1.3441702344546371,-2729.196289
6.446550195312739,32.126556,6.528433,15.76978,23.390705,0.462186,123.0304814753842,106.13820613587099,20.80595388218932,0.0008877206959544037,33.483219,171.08905,1.6463470948012235,-2623.514648
6.45333217773441,32.107143,6.500318,15.874667,23.616501,0.462547,122.41324682897836,105.58955297270789,20.51976161952997,0.0008755098260984595,33.46357,171.039017,1.3128127420998978,-2848.783447
6.458727197265489,31.996584,6.489079,15.985087,23.563307,0.462547,121.92224098944935,105.15310322291208,20.292097678414507,0.0008657961646248047,33.412868,170.947479,1.4482224260958212,-2700.159912
6.4644681640625095,32.048534,6.471766,15.93938,23.284719,0.458833,121.39975016147737,104.68866680937019,20.04983513993455,0.0008554596296644919,33.437164,171.004608,1.4867069317023451,-2783.639893
6.469487207031307,31.885294,6.508573,15.864353,23.211105,0.458833,120.94296230515383,104.28263305263643,19.83803699976568,0.0008464229090302537,33.516449,171.038544,1.5152148827726815,-2738.623779
6.474506250000104,32.043999,6.490946,15.819571,23.114822,0.465399,120.4861744488303,103.87659929590268,19.62623885959681,0.0008373861883960156,33.356186,170.932968,1.4881317023445453,-2736.125488
6.479656152343978,32.053661,6.47599,15.842172,22.9921,0.465399,120.01747695679369,103.45997919353174,19.408918596501078,0.0008281138571839025,33.416935,170.871414,1.4966850152905196,-2736.172607
6.485483056640533,32.265694,6.479655,15.707214,22.769079,0.465344,119.4871648755176,102.98859055300423,19.16302958923333,0.0008176225928888659,33.383793,170.957031,1.2614989806320078,-2695.16333
6.4914830566408455,32.218639,6.440125,15.698122,22.671469,0.465344,118.94109919028523,102.50319870528126,18.909836132049257,0.0008068196720645135,33.442554,171.026215,1.308536799184506,-2715.290771
6.497469140625071,32.167801,6.491103,15.558522,22.574697,0.467354,118.39630001482084,102.01893264431449,18.65722991554957,0.0007960418068426589,33.543343,170.754959,1.4439464831804267,-2660.234619
6.502795068359319,32.138042,6.478241,15.544403,22.528204,0.467354,117.91158228519258,101.58807232700994,18.43248157291975,0.0007864525442375463,33.46526,170.862869,1.4111626911314974,-2692.570801
6.508661035156365,32.135155,6.520527,15.503391,22.447018,0.460734,117.37771508877826,101.11352358330716,18.18494417074846,0.0007758909484267262,33.378105,170.927689,1.4496471967380213,-2658.773438
6.514057031250104,32.115509,6.48414,15.440249,22.388029,0.460734,116.88662037137078,100.67699483093196,17.957239019760408,0.0007661755286651768,33.389309,170.88623,1.456774209989806,-2621.11084
6.519482812499973,32.11792,6.513372,15.42182,22.327366,0.466405,116.39281487867042,100.2380564998856,17.72827696765841,0.0007564064811228425,33.439049,170.708817,1.4467960244648326,-2654.719482
6.524645898437484,32.181969,6.517334,15.372255,22.112391,0.466405,115.92291753527465,99.820369862693,17.510400371282728,0.0007471104130241525,33.346222,170.823074,1.3484460754332301,-2624.316162
6.530549951171906,32.165714,6.507334,15.260179,22.074308,0.466558,115.38558410160056,99.34274001839432,17.261255784080483,0.0007364802439854434,33.43158,170.831345,1.5180644240570846,-2581.986816
6.5364837890624585,32.158192,6.524856,15.31229,21.928759,0.466558,114.84553989263357,98.86270059542449,17.010854295764286,0.0007257964471659494,33.401962,170.700378,1.3128127420998978,-2657.736328
6.541626855468621,31.950619,6.484262,15.278206,21.887815,0.467204,114.37746454574615,98.44663351110921,16.793822501776674,0.0007165364239690984,33.450794,170.741562,1.5194907237512745,-2604.188477
6.5471168457033855,32.056576,6.512238,15.246112,21.829298,0.467204,113.88458458039642,98.16458092611799,16.566086817006383,0.0007068197024141271,33.341995,170.794006,1.4410954128440367,-2557.05127
6.552482812499875,32.042603,6.473232,15.071014,21.74415,0.465711,113.40868986786506,98.02898661122119,16.346897697131137,0.0006974676351201147,33.330215,170.684067,1.308536799184506,-2571.522461
6.558322656249857,31.829338,6.507613,15.071119,21.692352,0.465711,112.89076814605104,97.88141774947445,16.10835164192317,0.0006872896720793586,33.367268,170.552994,1.3199396534148835,-2571.239502
6.563486718750028,31.830679,6.546444,15.055482,21.679699,0.466016,112.43277984087503,97.75092541821748,15.897409912836263,0.000678289493390476,33.421631,170.633698,1.3755292558613663,-2545.596924
6.568647607422008,31.997009,6.51517,14.937716,21.540606,0.466016,111.97507301489566,97.62051328742885,15.686597828344576,0.000669294846203246,33.313339,170.7668,1.328491437308868,-2529.004639
6.574481591796939,31.917383,6.463477,14.816685,21.427864,0.470119,111.45767094698313,97.4730924880852,15.448291117004711,0.0006591270951655408,33.305103,170.699951,1.2857310907237514,-2485.732666
6.5795135742187085,32.090248,6.484402,14.746684,21.421774,0.470119,111.01139650683645,97.34593773016455,15.24274459761126,0.0006503571120454312,33.331089,170.529739,1.3912080530071353,-2475.833984
6.585487695312622,32.095482,6.497787,14.520697,21.21652,0.466896,110.48156604978004,97.19497577168033,14.998713578759299,0.0006399451239347581,33.320618,170.555344,1.4211407747196747,-2417.289551
6.590761621093861,32.253414,6.457944,14.474152,21.116362,0.466896,110.01383423395119,97.06170727036542,14.783284152145484,0.0006307534701886706,33.34343,170.677399,1.384081039755351,-2437.794189
6.597323632812731,32.318607,6.474576,14.342947,21.001596,0.462952,109.43186516877907,96.8958897174378,14.515238965193992,0.0006193168777718879,33.311806,170.485031,1.3641264016309889,-2410.501709
6.602481591796732,32.389244,6.498101,14.284883,20.880602,0.462952,108.97441816975044,96.7655516178507,14.304546552636356,0.0006103273365861834,33.396778,170.526169,1.4140137614678903,-2396.832031
6.609388574218883,32.493423,6.47133,14.075947,20.648157,0.45802,108.36185448112835,96.59101689094113,14.02240999545038,0.0005982895124897775,33.336079,170.581055,1.3056857288481134,-2377.835693
6.614568505859552,32.573792,6.45119,13.978756,20.535904,0.45802,107.90245877996915,96.46012355734246,13.810820043387363,0.0005892616762926319,33.33123,170.438629,1.3584241590214075,-2355.728271
6.620482568359421,32.483105,6.52236,13.765508,20.379009,0.457501,107.37795477540298,96.31067923848991,13.569242299183443,0.0005789543612132308,33.336308,170.438034,1.2928581039755358,-2308.025391
6.626473535156492,32.524826,6.501086,13.685525,20.327753,0.457501,106.84663031337982,96.1592916005968,13.324523166710689,0.0005685130135937863,33.326935,170.51683,1.3883568807339437,-2327.257568
6.631537499999922,32.497578,6.482691,13.639154,20.303181,0.45195,106.39751942902086,96.03132866872595,13.11767022870385,0.0005596872899570237,33.244282,170.527069,1.2230144750254839,-2328.247314
6.638316308593858,32.440643,6.5177,13.457687,20.077942,0.45195,105.79632316949376,95.86003280688399,12.840769318632598,0.0005478728534273568,33.317616,170.341003,1.56082640163099,-2235.858398
6.643482324218894,32.561203,6.499497,13.34931,19.958221,0.447855,105.3381616463506,95.72949112149264,12.62974780825632,0.0005388692707374572,33.318455,170.391785,1.3356184505606525,-2270.692871
6.649481347656547,32.552727,6.491173,13.256272,19.735428,0.447855,104.80612266021288,95.57789989779529,12.384699577964927,0.0005284138816138177,33.237701,170.524292,1.3384695208970425,-2210.121582
6.6546302734377605,32.539486,6.494803,13.189204,19.642965,0.440652,104.34947679428238,95.44779006107963,12.174376153870615,0.0005194400839328166,33.267006,170.448227,1.2672012232415895,-2217.757812
6.660526269531147,32.552315,6.476653,13.076917,19.389771,0.440652,103.82657505591246,95.29880226796995,11.933536386593342,0.0005091642558628225,33.287842,170.314758,1.2329925586136583,-2191.549561
6.666945214843963,32.53558,6.48023,13.045939,19.351532,0.430563,103.25729420683494,95.13659990538446,11.671335179087999,0.0004979770065205333,33.258785,170.337372,1.3014097859327216,-2212.949707
6.672472314452989,32.555477,6.50051,12.805728,19.123259,0.430563,102.76743751046598,95.0,11.44567096373746,0.0004883486684650123,33.274368,170.347351,1.3441702344546371,-2100.480469
6.677624169921728,32.755836,6.471574,12.816758,18.999454,0.425268,102.32447945211304,95.0,11.239765048109616,0.00047956334792356145,33.26086,170.233246,1.2500961264016304,-2155.253906
6.683482324218858,32.547405,6.493843,12.756042,18.912577,0.425268,101.82079361142597,95.0,11.005630253043266,0.00046957359499056396,33.28849,170.279282,1.2258656472986755,-2125.981689
6.689482080078051,32.681679,6.477263,12.59255,18.757566,0.4168,101.30493282647556,95.0,10.765836021380188,0.0004593423727222409,33.274406,170.400635,1.1759781855249754,-2085.773682
6.695482080078364,32.773071,6.491121,12.593493,18.709364,0.4168,100.78905105024194,95.0,10.526032032067807,0.0004491107341274776,33.229954,170.314865,1.255798369011212,-2072.528076
6.701298242187477,32.691113,6.450335,12.408518,18.478752,0.411736,100.28897571026744,95.0,10.293575552681867,0.0004391925893421973,33.350933,170.259811,1.1916569826707446,-2029.774658
6.7066629882815505,32.790916,6.514227,12.375743,18.410828,0.411736,99.82771325295309,95.0,10.079160966860321,0.0004300442321448776,33.290775,170.315506,1.2657749235473996,-2031.660156
6.712485986328375,32.824478,6.476339,12.317959,18.311962,0.408923,99.32705015704863,95.0,9.84643127329385,0.0004201144302192713,33.300602,170.218735,1.1617242609582052,-2034.441284
6.718524072265609,32.642651,6.464524,12.213281,18.097231,0.408923,98.80789374063384,95.0,9.605105090689936,0.0004098178446998342,33.27655,170.154984,1.2144626911314993,-1990.36792
6.724982080078007,32.73362,6.474646,12.080732,17.877857,0.405069,98.25263231709333,95.0,9.34699575128193,0.00039880517770322455,33.24456,170.265686,1.23584373088685,-1971.324585
6.730129052734355,32.890808,6.521854,11.961481,17.728224,0.405069,97.81009408440464,95.0,9.14128498864018,0.000390028183690578,33.229744,170.305801,1.237268501529053,-1954.119507
6.735480859375002,32.844746,6.458276,11.874326,17.622534,0.398299,97.34994416510057,95.0,8.927387558231786,0.0003809018917945898,33.323708,170.154297,1.114686442405707,-1913.487183
6.740516992187622,32.745007,6.496548,11.795006,17.509583,0.398299,96.91693597499041,95.0,8.726106768374372,0.00037231390998580165,33.305557,170.222412,1.18452996941896,-1907.500732
6.745762841796932,32.726387,6.489498,11.747414,17.372793,0.399309,96.46589627260062,95.0,8.516444157764218,0.0003633683037648674,33.298923,170.190201,1.1560220183486236,-1911.743164
6.751481835937739,32.782909,6.493983,11.689141,17.234781,0.399309,95.97417546334474,95.0,8.287871222801549,0.00035361585690279335,33.268993,170.292084,1.1218134556574915,-1861.966309
6.757466943359304,32.728481,6.469288,11.52921,17.037905,0.395376,95.45957415538709,95.0,8.048662450096753,0.0003434096142208833,33.280548,170.04184,1.0833289500509675,-1871.063721
6.763401757812517,32.804977,6.466967,11.482159,16.920765,0.395376,94.94929705177124,95.0,7.811463753148727,0.00033328913478565775,33.261509,170.133865,1.1774029561671755,-1857.912476
6.768482812500224,32.798935,6.508904,11.412525,16.832266,0.394235,94.51242646554996,95.0,7.608387555819248,0.00032462454891186976,33.273621,170.210251,1.2315662589194685,-1814.92334
6.774487695312473,32.770454,6.472394,11.376033,16.68586,0.394235,93.9961248636521,95.0,7.368388413520772,0.0003143845837883021,33.34568,170.240875,1.0804777777777788,-1817.562988
6.781270654296804,32.840744,6.508468,11.262786,16.554899,0.391733,93.41292404215557,95.0,7.097291642888208,0.0003028177862997641,33.312347,170.150299,1.1161127420998969,-1780.136108
6.786934716797077,32.816101,6.478346,11.22097,16.443798,0.391733,92.92592627162253,95.0,6.870914179019097,0.00029315901288673885,33.302887,170.168167,1.0505450560652394,-1758.641479
6.792481835937451,32.859516,6.527665,11.188405,16.390308,0.392908,92.44898332574834,95.0,6.64921062916694,0.00028369965983857733,33.246376,170.188431,1.1774029561671755,-1767.550415
6.797627587890474,32.775646,6.526165,11.085577,16.184792,0.392908,92.00655004947573,95.0,6.443548654771714,0.0002749247474581319,33.346096,169.996292,1.2144626911314993,-1734.554443
6.803709619140591,32.743568,6.498677,11.027549,16.04994,0.39141,91.48361520208267,95.0,6.200466095292952,0.00026455322317945576,33.286133,170.104309,1.1588731906218153,-1726.399658
6.809490624999853,32.87426,6.498224,10.891492,15.880531,0.39141,90.96002473469115,95.0,5.953348860517068,0.0002545086408587449,33.261177,170.234955,1.1788278287461773,-1681.053711
6.814634667968676,32.787983,6.521156,10.870305,15.760671,0.387721,90.46992711332693,95.0,5.718810546257954,0.0002454008405746459,33.322224,170.045258,1.1374921508664617,-1666.064087
6.820468652343607,32.799587,6.50421,10.825662,15.696307,0.387721,89.9140954683284,95.0,5.4528149336554,0.00023507146252107068,33.294842,170.02478,1.0647990825688085,-1664.037231
6.825527490234435,32.826637,6.486618,10.690687,15.53374,0.389326,89.4321157430181,95.0,5.222161473296447,0.00022611452233659913,33.302624,170.189667,1.0491202854230366,-1648.529053
6.830769433594014,32.850681,6.522255,10.645416,15.421035,0.389326,88.93269068234838,95.0,4.983159473037432,0.0002168333842302921,33.228245,170.268448,1.0291656472986745,-1622.320801
6.836466455078153,32.776443,6.484873,10.503426,15.369795,0.389863,88.38990814819869,95.0,4.723408568280126,0.00020674650622224983,33.243828,170.081314,1.0149117227319073,-1597.809448
6.841480615234559,32.683586,6.51674,10.47744,15.175378,0.389863,87.9121850847161,95.0,4.494792151656789,0.00019786867033070617,33.351807,170.037903,1.2073357798165136,-1576.126343
6.846564599609337,32.660221,6.456182,10.398294,15.052481,0.394219,87.42780953334977,95.0,4.262992158484895,0.0001888672069649692,33.260197,170.074539,1.1032835881753325,-1567.405884
6.851626367187691,32.774063,6.498468,10.311924,14.991137,0.394219,86.94555068267374,95.0,4.032205121487542,0.0001799050796137483,33.229973,170.16304,1.0419932721712548,-1553.594727
6.8566563964845955,32.721817,6.487508,10.228677,14.844905,0.392776,86.46631569012666,95.0,3.8028651647395333,0.00017099914656897887,33.267197,170.083511,1.1346426095820588,-1530.497559
6.863081445312673,32.745739,6.470178,10.11351,14.691186,0.392776,85.85417050258789,95.0,3.509920465339575,0.00015962325762371865,33.315418,170.218094,1.0006576962283382,-1521.022949
6.868489404296724,32.705292,6.513826,10.039653,14.609999,0.39079,85.33892833785895,95.0,3.2633491222378352,0.00015004818006828072,33.311806,170.41275,1.0676501529051985,-1504.572021
6.873779443359581,32.801563,6.520754,9.890368,14.415373,0.39079,84.83492096910149,95.0,3.0221542388317366,0.00014068188597450486,33.30793,171.187042,1.036292660550459,-1463.939819
6.879480371093905,32.730968,6.498032,9.862828,14.293452,0.393156,84.29176626779746,95.0,2.762225231889895,0.00013058809174413012,33.270042,171.209991,1.0448444444444436,-1459.603149
6.885530419921906,32.859318,6.525693,9.791414,14.022543,0.393156,83.7153491270748,95.0,2.4863783422052665,0.00011987616014278902,33.315296,171.329163,1.0149117227319073,-1423.637451
6.891483300781147,32.832607,6.501295,9.679284,13.913415,0.39761,83.1481896443162,95.0,2.2149617443609384,0.00010933626957196861,33.311508,171.420105,1.0719259938837913,-1401.435913
6.896656152343894,32.751659,6.521801,9.565583,13.837481,0.39761,82.65534729018877,95.0,1.9791099264908798,0.00010017746214816749,33.322903,171.279602,1.0519713557594292,-1366.318726
6.902466210937746,32.805882,6.489532,9.484728,13.639993,0.391835,82.10179516901053,95.0,1.7142051897686015,8.989044595637878e-05,33.361839,171.358017,1.0206123343527003,-1374.049194
6.907561181640631,32.785854,6.534681,9.452162,13.544373,0.391835,81.61637289752264,95.0,1.4819042842027033,8.08695307153317e-05,33.368961,171.392578,1.059098369011214,-1337.187866
6.912628076172041,32.706436,6.484977,9.286263,13.411998,0.394676,81.13362557745654,95.0,1.2508834880881485,7.18983258222994e-05,33.282623,171.507431,0.9664490316004071,-1318.09729
6.918226220703218,32.769779,6.489271,9.231305,13.216813,0.394676,80.60026352440094,95.0,0.9956407948768762,6.198651469204833e-05,33.28315,171.718521,0.9407922528032625,-1305.417358
6.923532128906118,32.792858,6.525292,9.170432,13.112101,0.398679,80.094744226579,95.0,0.7537223713461056,5.2592123445046734e-05,33.312309,172.286697,0.878077166156982,-1270.583008
6.928969140625213,32.71777,6.480388,9.024986,12.92456,0.398679,79.5767340686397,95.0,0.5058263932468892,4.2965606486010914e-05,33.371105,172.441238,0.9023077471967386,-1253.943604
6.934466210937444,32.689793,6.499445,9.026069,12.80339,0.402939,79.46894301987808,95.0,0.45658038538716594,-5.704705517689647e-05,33.382851,172.317795,0.8267635066258908,-1264.031006
6.939668115234326,32.737698,6.489288,8.964881,12.739899,0.402939,79.37375099381143,95.0,0.4132764452064922,-0.00015316788188437732,33.398247,172.313629,0.9935306829765537,-1192.759521
6.9454801269530435,32.712524,6.493075,8.847184,12.604069,0.403066,79.26739433297027,95.0,0.3648935851163285,-0.0002605622781202758,33.438786,172.359879,0.9635979612640172,-1209.446045
6.950490136718599,32.68195,6.477141,8.748946,12.479164,0.403066,79.17571387270304,95.0,0.3231870963357585,-0.0003531372762365857,33.367775,172.414291,0.9179864424057088,-1184.934814
6.956481103515671,32.625515,6.50051,8.613448,12.29644,0.39776,79.06608243103365,95.0,0.27331450103404764,-0.0004638384057515278,33.396446,172.395416,1.0633743119266057,-1133.178101
6.961735009765562,32.587708,6.518398,8.483708,12.060627,0.39776,78.9699387974412,95.0,0.22957766371823135,-0.0005609201249398222,33.383602,172.538483,0.8538451580020373,-1119.55542
6.967313867187386,32.603558,6.493285,8.442905,11.997276,0.398287,78.86784873372275,95.0,0.18313572740300277,-0.0006640062943251249,33.412258,172.713348,0.9707249745157989,-1092.593018
6.972480859375082,32.659351,6.529725,8.348228,11.881446,0.398287,78.77329558031427,95.0,0.14012241769334027,-0.0007594820148130925,33.31498,172.93985,0.9564709480122328,-1090.990356
6.978485986327996,32.716103,6.472464,8.17814,11.737501,0.403106,78.66340501546884,95.0,0.09013194429849203,-0.0008704447958016834,33.345154,172.900482,0.9949570846075424,-1037.301025
6.983700830078305,32.583389,6.502011,8.138994,11.628966,0.403106,78.56797620443098,95.0,0.046720287929261695,-0.0009668047178212915,33.328609,173.110703,0.9764272171253834,-1063.36792
6.989413964843607,32.77459,6.462813,7.920511,11.454794,0.404721,78.46342893818112,95.0,-0.0008394578898561766,-0.0010723720649739531,33.409954,173.246582,0.8652480122324148,-1001.618225
6.994480859375017,32.64444,6.489358,7.979098,11.338877,0.404721,78.37070751756877,95.0,-0.04301949142389205,-0.0011659981802171623,33.482014,173.139465,0.9151369011213057,-1009.207275
7.000465722656372,32.664268,6.482255,7.889481,11.21207,0.404945,78.26118776692354,95.0,-0.09284127720269886,-0.0012765865289244972,33.346046,173.008865,0.9051588175331284,-980.595032
7.005791894531285,32.763081,6.430405,7.769393,11.044232,0.404945,78.16372171160509,95.0,-0.1371796992696993,-0.001375003572874861,33.394756,173.284882,0.9949570846075424,-953.349731
7.011523828125064,32.683762,6.529271,7.711016,10.931248,0.410103,78.05883043700084,95.0,-0.1848959384193617,-0.0014809182849149529,33.418507,173.29454,0.7070333333333333,-941.094055
7.017522607422052,32.736629,6.498869,7.568572,10.66889,0.410103,77.94905603082053,95.0,-0.23483356991038973,-0.0015917637738636322,33.451004,173.379303,0.9422185524974522,-899.189087
7.023483789062539,32.611824,6.491295,7.463213,10.580966,0.412936,77.83996964134903,95.0,-0.28445821474032873,-0.001701914533037451,33.48048,173.609955,0.8253387359836907,-906.448242
7.0286476074220445,32.586334,6.495553,7.505116,10.462396,0.412936,77.74547456727309,95.0,-0.3274451034980811,-0.001797331607505463,33.454929,173.639038,0.8410174311926609,-894.758179
7.034468652344003,32.687153,6.519393,7.41227,10.320493,0.411017,77.63895260371618,95.0,-0.3759031616821428,-0.0019048929193366201,33.412853,173.76178,0.933665239551478,-889.195984
7.0394806152344245,32.569721,6.505431,7.30768,10.244943,0.411017,77.54723640232123,95.0,-0.4176259095100422,-0.0019975040073113644,33.471962,173.588242,0.9151369011213057,-835.978088
7.044526513671826,32.574314,6.518171,7.223141,10.193808,0.405988,77.45489919883197,95.0,-0.459631158285288,-0.0020907421565764047,33.494946,173.812347,0.7341149847094799,-840.833252
7.050174462890482,32.626934,6.489847,7.140314,10.040945,0.405988,77.35154479272009,95.0,-0.5066482583997907,-0.002195105004703821,33.458874,173.805099,0.8837778797145767,-829.520325
7.05651455078123,32.575787,6.489672,7.177557,9.95337,0.407503,77.26298173914684,95.0,-0.5459041366718885,-0.0023184866737079204,33.458454,173.757355,0.8752260958205921,-860.206604
7.062480615234563,32.540096,6.524053,7.019876,9.900664,0.407503,77.27080155245866,95.0,-0.5379474444202966,-0.0024552716395041226,33.544163,173.881958,0.5345639143730889,-804.773315
7.06847744140623,32.565121,6.501697,7.162233,9.882165,0.414217,77.27866168563288,95.0,-0.5299497265426582,-0.0025927618844135683,33.54282,173.998306,0.5944293577981646,-844.934204
7.074248437500046,32.552837,6.492307,7.058445,9.798395,0.414217,77.28622581981732,95.0,-0.5222531888562347,-0.002725074485039285,33.528107,174.066589,0.9222623853211006,-799.399658
7.0794654785158855,32.608345,6.491539,6.906315,9.752025,0.415358,77.29306387647976,95.0,-0.5152954380388567,-0.0028446864641733455,33.522644,173.987579,0.9764272171253834,-790.302185
7.084483544922023,32.513996,6.50585,7.029719,9.719477,0.415358,77.2996411340323,95.0,-0.5086030513899545,-0.0029597365188844455,33.559364,174.096146,0.8082336391437304,-848.233765
7.090566308593679,32.645935,6.500091,6.98115,9.699825,0.410633,77.3076139068221,95.0,-0.500490722239551,-0.003099197067348348,33.522434,174.201492,0.9236886850152903,-787.709656
7.095839257812713,32.586159,6.498712,6.914937,9.67,0.410633,77.31452524323446,95.0,-0.49345840897483434,-0.0032200908632834617,33.59177,174.28743,1.1203886850152913,-769.184692
7.101540429687702,32.578175,6.454628,6.976281,9.61232,0.413732,77.32199785773123,95.0,-0.48585499294753254,-0.0033508025922711817,33.546326,174.20459,0.44476646279306786,-852.900391
7.10747939453131,32.694603,6.429863,6.965723,9.600191,0.413732,77.32978215116428,95.0,-0.47793444231888643,-0.0034869662407533367,33.573883,174.246368,0.8438686034658498,-778.140808
7.114514306640558,32.759209,6.443983,6.993821,9.59506,0.410909,77.33900291969479,95.0,-0.4685522723622788,-0.003648256857008097,33.580566,174.30925,0.6443175331294603,-820.658508
7.119645166015744,32.585255,6.45585,6.957101,9.605915,0.410909,77.34572801674277,95.0,-0.4617094584178726,-0.003765892935134421,33.563919,174.238419,0.7056077471967375,-800.625244
7.1254791503906745,32.674652,6.513773,6.95841,9.573228,0.412131,77.35337471064544,95.0,-0.4539289158781157,-0.0038996496787063024,33.553169,174.482407,0.8723750254841993,-767.864868
7.131481103515853,32.686672,6.464471,6.834186,9.546735,0.412131,77.36124156379672,95.0,-0.4459243603961361,-0.004037257470134621,33.54282,174.510742,0.8723750254841993,-773.898438
7.137355126953025,32.54781,6.470387,6.901394,9.596107,0.413437,77.36894073752028,95.0,-0.4380904194224773,-0.004171932196044375,33.614006,174.440262,0.8680990825688075,-752.969543
7.142465234374868,32.500809,6.472167,6.954955,9.594711,0.413437,77.37563863466107,95.0,-0.4312752814956421,-0.004289092490641924,33.651424,174.55954,0.8752260958205921,-794.1203
7.1474820800781345,32.66222,6.477561,6.974291,9.626788,0.410904,77.38221429221907,95.0,-0.42458452284777365,-0.004404114558086624,33.573902,174.649002,0.7726002038735977,-824.665161
7.15352700195308,32.461048,6.498991,6.823679,9.596299,0.410904,77.39013746517814,95.0,-0.41652266172941155,-0.004542707501292173,33.650028,174.572983,0.6428919469928644,-826.126465
7.159227197265864,32.583355,6.479602,7.026735,9.609214,0.413415,77.39760879967929,95.0,-0.40892054810293665,-0.004673396840466774,33.634686,174.492767,0.6286380224260957,-787.096863
7.16448403320328,32.552631,6.436408,6.918689,9.594746,0.413415,77.40449901616373,95.0,-0.40190972445186335,-0.004793921204485427,33.662907,174.593262,0.6086833843017323,-754.572205
7.170944970703204,32.6423,6.440335,6.916944,9.504571,0.417226,77.41296746726182,95.0,-0.39329304058125214,-0.004942052208079596,33.635017,174.694824,0.47042252803262,-742.740723
7.1763280273439705,32.676506,6.431033,6.849456,9.540889,0.417226,77.42002312318164,95.0,-0.3861138816233052,-0.005065470455443858,33.673134,174.719681,0.7740249745158008,-768.666199
7.181618066406372,32.760647,6.439358,6.861708,9.462319,0.414658,77.42689459933463,95.0,-0.37914290943226014,-0.005165022497006376,33.637375,174.792603,1.0035087665647309,-743.02356
7.187538964843952,32.638245,6.451155,6.749386,9.52253,0.414658,77.434525459995,95.0,-0.3714217901316569,-0.005255478242476387,33.68198,174.80098,1.3527235474006116,-756.551941
7.193464990234588,32.708565,6.449899,6.910888,9.486595,0.410416,77.4421629282784,95.0,-0.3636939850523421,-0.005346012314297002,33.635086,174.819702,1.036292660550459,-737.178589
7.198915917968861,32.690186,6.430457,6.847031,9.499771,0.410416,77.44918809016049,95.0,-0.35658572880029815,-0.005429288144294896,33.638142,174.687042,0.5830265035677873,-760.511475
7.203981835937611,32.650131,6.440335,6.822336,9.535897,0.417,77.45571705101744,95.0,-0.3499795426924507,-0.005506682038344983,33.671021,174.738892,0.305080937818553,-811.278198
7.209464990234665,32.591339,6.513617,6.802056,9.426559,0.417,77.46278374653002,95.0,-0.3428292615456484,-0.005590450205403822,33.638893,174.874542,0.7198617737003051,-845.26416
7.214478906249951,32.555935,6.513878,6.838846,9.426193,0.412174,77.46924568721047,95.0,-0.33629088833616094,-0.005667049646469202,33.658543,174.876526,0.22668552497451647,-736.848572
7.219498925781409,32.367046,6.498206,6.827816,9.48211,0.412174,77.47571549410881,95.0,-0.32974455586630264,-0.0057437423331900645,33.642086,174.742889,0.7155851172273194,-776.726685
7.2247838378907545,32.484535,6.456024,6.917206,9.473768,0.415171,77.482526694864,95.0,-0.3228527914963472,-0.005824481881358847,33.660637,174.899567,0.7554951070336388,-802.416443
7.230584863281365,32.561901,6.53599,6.71347,9.458968,0.415171,77.49000306300483,95.0,-0.3152879920694285,-0.00591310628215519,33.678158,175.010101,1.114686442405707,-744.343384
7.236487695312462,32.605488,6.455501,6.791288,9.439091,0.415575,77.49761063966022,95.0,-0.3075904321795231,-0.006003286020484974,33.622627,174.99382,1.198783995922529,-816.557617
7.241508691406125,32.522022,6.436146,6.73867,9.476927,0.415575,77.50408170515342,95.0,-0.3010428262280054,-0.006079993626510714,33.704163,174.988434,0.8652480122324148,-816.086243
7.24666665039058,32.402008,6.428921,6.879073,9.448288,0.412216,77.51072928857631,95.0,-0.29431661447376467,-0.00615879366504547,33.680305,175.032547,0.721286544342508,-784.928528
7.252479638671957,32.627708,6.455449,6.852476,9.461394,0.412216,77.51822107450421,95.0,-0.28673621489651896,-0.006247600827326558,33.675575,174.986832,1.0035087665647309,-699.704468
7.257530664062415,32.593163,6.450737,6.808514,9.393052,0.415143,77.52473084178948,95.0,-0.28014944938397646,-0.0063247672019772685,33.705437,174.913162,0.13546258919469992,-798.032654
7.263495507812422,32.542191,6.436234,6.860853,9.425059,0.415143,77.53241833921874,95.0,-0.27237102340870273,-0.00641589431616675,33.691494,174.973663,0.015731600407746685,-760.982849
7.2687596679688795,32.567322,6.458904,6.778985,9.42382,0.425692,77.53920279483307,95.0,-0.26550632052400835,-0.006496316829106894,33.731335,175.1241,0.16539531090723777,-790.019348
7.274464501953389,32.642956,6.462185,6.698757,9.429475,0.425692,77.5465551913798,95.0,-0.258066959040535,-0.00658347167837284,33.734024,175.07373,1.2087605504587167,-765.413757
7.280828515625217,32.64444,6.454855,6.889404,9.424727,0.420379,77.5547571394597,95.0,-0.24976799743700434,-0.006680697058430846,33.702713,174.931259,0.8994565749235469,-829.520325
7.287140527344036,32.62965,6.429741,6.678268,9.451743,0.420379,77.56289206736311,95.0,-0.24153684873183376,-0.006777127985504145,33.730499,175.158081,1.2657749235473996,-758.296021
7.292640527343792,32.751793,6.442987,6.829264,9.440033,0.421333,77.5699804736371,95.0,-0.2343646000264078,-0.006861153510572114,33.675243,175.144531,0.9023077471967386,-813.163696
7.29796840820336,32.712002,6.454628,6.80827,9.425739,0.421333,77.57684705256631,95.0,-0.22741680246344126,-0.006942549508155491,33.734215,174.956543,1.2002087665647292,-779.602051
7.303479394531223,32.700756,6.429968,6.833156,9.408392,0.42232,77.58394961803252,95.0,-0.22023022708934767,-0.007026742875403327,33.716259,175.076401,0.6400408766564731,-769.750366
7.309108544921855,32.733959,6.443825,6.762126,9.425024,0.42232,77.58198259055472,95.0,-0.2221125114720195,-0.007111388067077608,33.708317,175.080887,0.03711264016309885,-734.774536
7.314580468750137,32.701607,6.507421,6.807467,9.426508,0.42142,77.57444732814537,95.0,-0.22956604902542746,-0.007192843790429063,33.753551,175.075867,0.39202803261977526,-799.965271
7.3198524414065105,32.686466,6.473511,6.842475,9.427659,0.42142,77.56718741396756,95.0,-0.2367472246792128,-0.00727132301632704,33.765385,175.044449,0.7355404689092768,-743.164978
7.325475244140762,32.699631,6.440893,6.763644,9.4382,0.421939,77.5594443796326,95.0,-0.24440628073563267,-0.00735502474141995,33.748772,175.183899,0.5673477064220181,-802.934937
7.331360253906496,32.671837,6.470353,6.886699,9.437922,0.421939,77.55134026593174,95.0,-0.2524225000157334,-0.0074426297122577156,33.779697,175.210464,0.49465382262996915,-779.083496
7.3364784179689195,32.627499,6.478608,6.730485,9.395809,0.421612,77.54429215808587,95.0,-0.2593941665159629,-0.007518819324729938,33.769871,175.195999,1.2244408766564727,-777.00946
7.3423001953124185,32.577042,6.471889,6.821446,9.439265,0.421612,77.53627512032149,95.0,-0.26732425425515743,-0.0076054830100482276,33.772717,175.138229,0.9393674821610595,-775.029724
7.347479150390882,32.600197,6.475117,6.81895,9.435426,0.420659,77.52914329854441,95.0,-0.2743787267541733,-0.007682577564969676,33.776817,175.263489,0.9379427115188594,-741.845154
7.3535001464842935,32.631054,6.498747,6.684482,9.429649,0.420659,77.52085192115008,95.0,-0.2825801787303544,-0.00777220684482037,33.812679,175.208542,0.16396972477064192,-785.447021
7.358601220703349,32.65588,6.460387,6.796088,9.445355,0.424319,77.5138273473411,95.0,-0.28952856643574437,-0.007848142055800842,33.735943,175.062958,0.5987053007135579,-752.922363
7.363933251953313,32.668739,6.449428,6.758688,9.443227,0.424319,77.50648472783367,95.0,-0.2967915504256801,-0.00792751532122697,33.708542,175.216919,0.6785261977573899,-756.504822
7.369479150390816,32.607224,6.45852,6.793278,9.419107,0.423843,77.49884759666467,95.0,-0.30434585190532204,-0.008010072239607003,33.787167,175.259796,0.624362079510704,-809.487
7.375339013672146,32.683205,6.457368,6.814291,9.426437,0.423843,77.4907781116181,95.0,-0.3123278181015875,-0.008097302876821193,33.782871,175.222198,0.28797655453618803,-785.117065
7.380482080078309,32.633072,6.441033,6.832283,9.418916,0.411651,77.48369571131849,95.0,-0.3193334051314403,-0.008173863188609966,33.821774,175.155304,0.5730492354740058,-777.150879
7.385493066406525,32.732399,6.449759,6.809788,9.466525,0.411651,77.47679519550393,95.0,-0.32615908033260477,-0.00824845734029821,33.866467,175.355988,1.0690749235474015,-742.080811
7.391479150390751,32.670944,6.457229,6.823889,9.444239,0.414704,77.46855189478494,95.0,-0.3343129770564708,-0.008337566914244329,33.801441,175.276978,1.0847537206931706,-785.494202
7.397341943359606,32.616077,6.463965,6.859422,9.47588,0.414704,77.46047837533203,95.0,-0.34229893390328014,-0.00842484116314282,33.875298,175.233719,0.8666743119266045,-782.053162
7.402631982422008,32.558529,6.447997,6.863488,9.447695,0.413865,77.45319358231524,95.0,-0.349504718568753,-0.008503589327760647,33.78624,175.261246,0.49607940876656503,-785.164246
7.408478906249911,32.690296,6.435309,6.825966,9.450504,0.413865,77.44514191589657,95.0,-0.3574690593917828,-0.008590627346702512,33.802471,175.319122,0.12120856269113085,-800.106689
7.414464013671932,32.669102,6.419078,6.720729,9.467938,0.416621,77.4368999599797,95.0,-0.3656216258988009,-0.00867972238342053,33.80687,175.283279,0.16539531090723777,-763.056885
7.420647851562535,32.780422,6.454331,6.873733,9.448026,0.416621,77.42838433683391,95.0,-0.3740448915343816,-0.008771775746056903,33.866222,175.129166,0.3620953109072374,-778.376465
7.426283837890878,32.627838,6.429043,6.734848,9.432459,0.415221,77.4206231476705,95.0,-0.381721905518249,-0.008855673723729163,33.877079,175.306,1.1346426095820588,-814.389282
7.431488916015496,32.710155,6.42845,6.803452,9.486229,0.415221,77.4246301553843,95.0,-0.37765454831282497,-0.008915931794742676,33.847446,175.364624,0.8695238532110104,-751.932495
7.436562890625282,32.702641,6.429654,6.769159,9.472511,0.412879,77.43301935174408,95.0,-0.3692134990310414,-0.008967761628100932,33.821949,175.36467,1.5009608562691124,-760.228638
7.442627832031121,32.735268,6.464087,6.904378,9.498183,0.412879,77.44304699048581,95.0,-0.3591238802917801,-0.009029714027672013,33.910343,175.314484,0.5673477064220181,-794.1203
7.448463769531372,32.836334,6.439322,6.76614,9.49239,0.415089,77.45269599928069,95.0,-0.34941523177945016,-0.009089327189226927,33.907116,175.354172,0.793980428134557,-744.390564
7.453477685547114,32.838581,6.429776,6.980295,9.494413,0.415089,77.46098589610216,95.0,-0.34107409579811976,-0.009140543533723799,33.871807,175.317368,0.860972069317023,-835.553894
7.459479638671837,32.712547,6.415064,6.836647,9.457031,0.412392,77.47090939142568,95.0,-0.331089264178846,-0.009201852518147577,33.869419,175.171249,0.30650570846075453,-807.7901
7.464669824218618,32.716702,6.442726,6.859631,9.478428,0.412392,77.47949072835549,95.0,-0.3224548867222018,-0.009254869427514039,33.916714,175.326218,0.44048980632008217,-743.164978
7.470477685546939,32.728687,6.414977,6.817205,9.473245,0.411528,77.4890933166345,95.0,-0.31279294564707555,-0.00931419579549554,33.912037,175.384201,0.776876146788991,-781.487549
7.476477685546797,32.81728,6.428921,6.920242,9.457904,0.411528,77.49901358270473,95.0,-0.30281136324082464,-0.009375484829062038,33.956329,175.426071,0.9849788990825691,-794.591675
7.482463769531478,32.666592,6.431469,6.781446,9.48923,0.41336,77.50891084034537,95.0,-0.29285293147736163,-0.009436631712770408,33.904827,175.393326,0.9137106014271159,-809.53418
7.487996728515554,32.694626,6.455291,6.970138,9.46389,0.41336,77.51805891122548,95.0,-0.2836483171352041,-0.009493149997589644,33.882473,175.415146,1.525191437308869,-757.777527
7.493477685547077,32.768688,6.444872,6.765267,9.53923,0.413785,77.52712100323707,95.0,-0.2745302130897804,-0.009549137090833777,33.846066,175.441925,0.839592660550458,-783.797241
7.499463525390638,32.64362,6.434035,6.883732,9.477764,0.413785,77.53701785722103,95.0,-0.26457218747794525,-0.009610281480684988,33.943729,175.226135,1.3028345565749244,-718.135132
7.50447866210925,32.664257,6.418659,6.809386,9.447363,0.414787,77.5453097723258,95.0,-0.25622902073847564,-0.009661510294467662,33.954933,175.346802,0.32218521916411763,-755.562073
7.509844628906194,32.683956,6.430317,6.925984,9.458166,0.414787,77.55418174205064,95.0,-0.24730221410977327,-0.009716322780989392,33.94062,175.359131,0.045664424057084915,-728.693848
7.515478417969007,32.79697,6.430387,6.756262,9.491883,0.413451,77.56349652313123,95.0,-0.23792985914531015,-0.009773871028815747,33.955318,175.417435,0.0670453618756367,-819.998596
7.521564599609519,32.63076,6.442272,6.957189,9.514048,0.413451,77.57355928000237,95.0,-0.22780490521442517,-0.009836040393959756,33.919765,175.24118,0.4490424057084611,-811.18396
7.528399560546859,32.771893,6.429008,6.873855,9.506718,0.414302,77.58486005184898,95.0,-0.21643428424089814,-0.009905858419013779,33.928772,175.510315,1.1873811416921516,-809.015625
7.533770410156194,32.726105,6.413668,6.97574,9.475863,0.414302,77.59374009470702,95.0,-0.2074993545796386,-0.00996072078267871,33.973713,175.401382,0.7968307849133529,-814.860657
7.539478417968894,32.846348,6.429358,6.874954,9.500836,0.41154,77.60317758741218,95.0,-0.1980035295203065,-0.010019027163081734,33.983833,175.235535,1.3313426095820597,-792.753296
7.545478417968752,32.701225,6.429392,6.863907,9.489091,0.41154,77.61309785348242,95.0,-0.1880219471140556,-0.01008031619664823,33.955353,175.36084,0.5459667686034663,-793.884583
7.551334374999897,32.88435,6.441993,6.779299,9.45108,0.41455,77.62277996212339,95.0,-0.1782799941682412,-0.010140133854490271,33.955509,175.50145,0.19390254841998017,-775.171143
7.5568082519530435,32.825317,6.409636,6.86005,9.450696,0.41455,77.62956770078729,95.0,-0.17144503256437219,-0.010187376134716302,33.987743,175.38681,0.3036553516819572,-741.845154
7.562478417969032,32.827969,6.43475,6.885931,9.44492,0.414954,77.63456601443,95.0,-0.1664056339756228,-0.010228520868800136,33.941689,175.377594,0.45331824668705395,-838.523499
7.568510156249886,32.841331,6.453057,6.88642,9.505286,0.414954,77.63988305799757,95.0,-0.16104488557804944,-0.010272289299382491,34.000309,175.397171,0.6015563710499492,-757.871765
7.57433413085937,32.808697,6.437595,6.83525,9.539598,0.415449,77.64501695560561,95.0,-0.15586878855610686,-0.010314550123131464,33.980534,175.427521,0.9578973496432214,-804.254761
7.579478173828193,32.772995,6.436338,6.820556,9.531238,0.415449,77.64955148600183,95.0,-0.15129698540153425,-0.010351877121932168,33.956051,175.333954,0.6599963302752294,-761.171387
7.585463281250213,32.739639,6.435867,6.827798,9.502965,0.416947,77.6548274239545,95.0,-0.1459776804971988,-0.010395307182473189,33.910168,175.400787,0.2936779816513767,-834.045471
7.590522119140587,32.627281,6.431993,6.808828,9.510941,0.416947,77.65928684513817,95.0,-0.1414816039349824,-0.010432015903030827,34.017239,175.477661,1.295707645259939,-762.349792
7.596635156250159,32.838966,6.46304,6.953035,9.512023,0.418017,77.66467555451598,95.0,-0.13604860065129262,-0.010476374266721898,34.034061,175.505341,0.7355404689092768,-852.193298
7.6024630371093735,32.802643,6.429392,6.88443,9.544676,0.418017,77.66981289552632,95.0,-0.13086903192311022,-0.010518663435605221,33.95528,175.452271,0.4020053007135582,-764.235291
7.6075660644532945,32.747429,6.430684,6.887101,9.529633,0.415428,77.67431127019843,95.0,-0.1263336816840558,-0.010555692810495223,34.019226,175.488541,0.01145575942915384,-836.025269
7.613480126953164,32.843468,6.430143,6.957206,9.561657,0.415428,77.67952458127189,95.0,-0.12107751843695722,-0.010598607343905204,34.025841,175.50737,-0.0056485219164122335,-771.871521
7.618732080078189,32.766365,6.471208,6.961063,9.524885,0.414667,77.68415423565646,95.0,-0.11640980939750936,-0.010636717377042403,33.951408,175.312775,0.47327370030581023,-794.261719
7.62447695312494,32.8102,6.442377,6.883052,9.565374,0.414667,77.68921840436805,95.0,-0.11130401442692331,-0.010678404211820734,34.048267,175.502838,0.7726002038735977,-766.450745
7.6304779296874585,32.820858,6.441329,6.933715,9.539999,0.41494,77.69450833114256,95.0,-0.10597060571598856,-0.010721949424470061,33.993343,175.46225,1.2272904179408757,-790.255066
7.635515039062739,32.693775,6.410195,6.873418,9.541656,0.41494,77.69894859840096,95.0,-0.10149384051973122,-0.010758500475217862,33.980865,175.415146,1.2486713557594304,-769.561829
7.640628076172106,32.798901,6.410684,6.903628,9.533071,0.415425,77.70345579679145,95.0,-0.09694959403343723,-0.010795602484514643,34.031933,175.233826,0.6428919469928644,-810.948242
7.646477929687535,32.834145,6.429916,7.016002,9.50279,0.415425,77.70861250693969,95.0,-0.0917504969576558,-0.0108380510947787,34.069401,175.501724,0.1668200815494393,-786.012695
7.651530908203313,32.806709,6.444401,6.873959,9.532407,0.416059,77.71306676301991,95.0,-0.08725962795479915,-0.01087471729763481,33.995281,175.455627,0.3863266055045866,-760.841431
7.657478906250162,32.857124,6.429619,6.850556,9.497695,0.416059,77.7183099886508,95.0,-0.08197330425974207,-0.010917878079399479,33.969418,175.421387,0.26802120285423064,-791.622009
7.662759912109323,32.828197,6.430056,6.871551,9.57527,0.413877,77.72296525333995,95.0,-0.0772797744051355,-0.010956198929473426,34.039558,175.438232,0.8196364933741092,-804.961853
7.668477929687469,32.987797,6.402324,6.90279,9.562372,0.413877,77.72800574866076,95.0,-0.07219784741494825,-0.01099769089145308,34.075336,175.539322,0.8025322120285416,-823.769592
7.674805810546786,32.923935,6.434873,6.885024,9.571273,0.414958,77.73358384516476,95.0,-0.06657390028806796,-0.01104360823753355,34.059452,175.477448,1.0305904179408776,-767.959167
7.680462792968683,32.860191,6.454349,6.894622,9.541901,0.414958,77.73857053732472,95.0,-0.06154621870787802,-0.011084657306788944,34.077499,175.307068,1.1745518858307855,-816.416199
7.685517724609326,32.806873,6.450754,7.004169,9.509405,0.415894,77.73029146444739,95.0,-0.0697857712290814,-0.011124346182547144,34.080433,175.424957,0.7740249745158008,-788.840942
7.691562646484272,32.883904,6.444209,6.901045,9.569807,0.415894,77.7189937200957,95.0,-0.08103593786402297,-0.011172138064316628,34.04668,175.465225,0.37064699286442454,-811.042542
7.6974637695311685,32.954117,6.444541,7.024501,9.575461,0.411295,77.70796473064799,95.0,-0.09201848139121087,-0.011218793055199107,34.080101,175.537033,0.5032064220183481,-810.194092
7.703724755859639,32.857353,6.428659,6.987939,9.580016,0.411295,77.69626316950503,95.0,-0.10367076424068891,-0.011268293168606959,34.07024,175.4655,0.40913231396534133,-821.601257
7.708840722656532,32.787098,6.458433,6.882545,9.580173,0.412092,77.68670160921062,95.0,-0.1131920583374256,-0.011308740619434082,34.066784,175.512863,0.631489092762487,-740.43103
7.715223535156383,32.818066,6.430125,6.92382,9.565078,0.412092,77.67477235927802,95.0,-0.12507107112029767,-0.011359203905257239,34.154724,175.509674,0.7611966360856264,-795.8172
7.7205106445312595,32.811436,6.430597,6.896629,9.5752,0.413518,77.66489093958171,95.0,-0.13491087760843556,-0.011401004429958367,34.141041,175.400467,1.0434196738022437,-765.272339
7.726171533203342,32.836575,6.429427,6.868846,9.555461,0.413518,77.65431093965105,95.0,-0.1454463224292914,-0.011445760098883609,34.137779,175.468063,0.8937559633027511,-789.689392
7.7320226074220955,32.768326,6.419724,6.936822,9.51663,0.411496,77.64337548968608,95.0,-0.1563357203926601,-0.011492019397691665,34.11113,175.446564,0.8680990825688075,-814.907776
7.7374796386720845,32.913963,6.453093,6.814849,9.557206,0.411496,77.63317649203869,95.0,-0.16649176742917923,-0.011535163345240594,34.107166,175.405167,0.45616931702344526,-762.161255
7.743481591796808,32.823704,6.416548,6.873366,9.563001,0.410836,77.62195905475507,95.0,-0.1776619651898175,-0.011582615510887646,34.154743,175.474777,-0.08689418960244578,-788.699524
7.749652490234439,32.850048,6.430178,6.963838,9.582634,0.410836,77.610425864681,95.0,-0.18914658602442103,-0.011631403378561533,34.115353,175.639404,0.11978307849133538,-821.789795
7.756303369140824,32.81596,6.418345,7.006822,9.565339,0.410114,77.59799560815317,95.0,-0.2015244955344807,-0.011683986029739413,34.111305,175.457291,0.38204994903160083,-803.877686
7.761462304687484,32.683193,6.422848,6.96595,9.561954,0.410114,77.58835374079065,95.0,-0.2111257585055207,-0.011724773196688966,34.11134,175.289673,0.768323547400612,-813.682251
7.76647646484389,32.870552,6.449358,6.99752,9.584013,0.413968,77.57898245349278,95.0,-0.22045758089439105,-0.011764415751930553,34.09729,175.54834,1.076201936799183,-748.632874
7.771633447265685,32.94902,6.448468,6.944169,9.645741,0.413968,77.56934423645154,95.0,-0.23005520891659909,-0.011805187477238178,34.090431,175.461075,0.983554128440366,-830.981567
7.777592431640642,32.76284,6.463913,6.982267,9.626805,0.414815,77.55820710623603,95.0,-0.24114543780293404,-0.011852299926762795,34.088371,175.450882,1.0548225280326209,-797.042786
7.782958398437586,32.865307,6.441469,6.924518,9.595671,0.414815,77.54817830481817,95.0,-0.25113200535016267,-0.011894723907756798,34.136139,175.444214,0.3763484199796132,-840.786133
7.789156396484486,32.787384,6.460579,6.956491,9.577678,0.41123,77.53659446653639,95.0,-0.26266706109980975,-0.011943726028212448,34.113083,175.505875,0.5873023445463815,-744.956177
7.79464028320308,32.764282,6.43037,6.983088,9.578359,0.41123,77.52634527697144,95.0,-0.27287308868276844,-0.011987082298337897,34.186871,175.482407,0.05564169215086645,-835.365356
7.800821191406158,32.677174,6.428625,6.934309,9.584188,0.413601,77.51479337900084,95.0,-0.2843763386301358,-0.01203594930442667,34.21085,175.389694,0.58587757390418,-752.35675
7.806478173828054,32.834232,6.449532,6.979632,9.549876,0.413601,77.50422067971273,95.0,-0.29490451355332764,-0.012080674090068055,34.202736,175.519592,0.5730492354740058,-826.692078
7.811524316406121,32.974316,6.422883,6.926682,9.612023,0.413884,77.51316815367237,95.0,-0.28591348026593044,-0.012124192219659432,34.191147,175.438934,1.3227908256880723,-751.366882
7.817131249999875,32.814304,6.421853,6.873959,9.621395,0.413884,77.52621638745528,95.0,-0.2728161967876644,-0.012173158956997856,34.240902,175.478729,0.7355404689092768,-812.786621
7.823810205078189,32.864815,6.439445,6.990871,9.620034,0.410693,77.54175938717658,95.0,-0.25721476928113635,-0.012231487923007055,34.165581,175.466354,0.9208376146788976,-782.524536
7.82946206054703,32.844856,6.479428,6.944693,9.623699,0.410693,77.55491216136777,95.0,-0.24401255241612463,-0.012280846974186386,34.171268,175.483368,0.8167854230377164,-800.483826
7.835367089843658,32.873901,6.429934,6.930766,9.596265,0.413915,77.56865411166417,95.0,-0.23021894467037787,-0.012332417055001698,34.113937,175.388687,0.3293122324159022,-776.302429
7.841532128906238,32.827175,6.447299,7.009754,9.596352,0.413915,77.58300114638882,95.0,-0.21581797791982602,-0.012386257865385303,34.166279,175.317154,0.35924413863404714,-837.863586
7.847462060547059,33.033699,6.431068,6.885478,9.577661,0.410918,77.5968010484333,95.0,-0.20196620057925285,-0.012438045424525465,34.130032,175.470993,0.40057981651376134,-817.217529
7.852478906249871,32.820934,6.434192,6.971412,9.535967,0.410918,77.60847605304905,95.0,-0.19024730838231438,-0.012481858778421106,34.130764,175.509506,1.1973575942915404,-770.740234
7.858268945312375,32.921959,6.435937,6.821306,9.586788,0.416624,77.62195040262651,95.0,-0.1767223072950307,-0.012532424621089314,34.122387,175.450882,-0.13820713557594294,-812.692322
7.863622949219007,32.899151,6.418817,6.954989,9.579109,0.416624,77.63441002845857,95.0,-0.1642158444073544,-0.012579182460932196,34.162769,175.408264,1.0377174311926591,-757.400391
7.869475976562626,32.968079,6.415099,6.925687,9.599458,0.411649,77.64803096186935,95.0,-0.15054370846256862,-0.01263029839583385,34.175476,175.506409,0.3293122324159022,-822.355469
7.874537011718985,32.846153,6.415937,6.984833,9.642285,0.411649,77.65980880243018,95.0,-0.13872159374932058,-0.012674497667149077,34.167377,175.467743,1.2386932721712531,-750.848328
7.880503808593858,32.956036,6.42838,6.983576,9.671239,0.410006,77.67369449578796,95.0,-0.1247837025967985,-0.012726607179495636,34.204899,175.265778,0.6799509683995929,-807.271545
7.885636865234574,33.004456,6.428398,6.912092,9.600889,0.410006,77.68563994189462,95.0,-0.11279335229067017,-0.01277143543224058,34.205982,175.458237,-0.1667143730886853,-807.412964
7.891477929687426,33.005871,6.422062,6.92005,9.631762,0.412565,77.69923303574015,95.0,-0.0991491605630069,-0.012822446892260687,34.220608,175.418228,0.30793119266055,-816.27478
7.897461816406121,32.873913,6.381521,6.965862,9.621919,0.412565,77.71315849990542,95.0,-0.08517134910030985,-0.012874705654438027,34.145424,175.393265,-0.16956544342507662,-817.12323
7.902958886718807,33.021545,6.429689,6.9567,9.595793,0.415191,77.72595106421161,95.0,-0.07233069618745441,-0.01292271292857858,34.16235,175.468597,0.9593221202854244,-813.965027
7.90856264648437,33.034702,6.433424,6.973192,9.590941,0.415191,77.73899191198744,95.0,-0.059240826481078035,-0.012971651948091287,34.215511,175.498672,0.4832509683995918,-816.604736
7.914475732422034,32.835278,6.44318,6.948428,9.565566,0.411369,77.75275261137881,95.0,-0.04542839916053448,-0.01302329238954111,34.211094,175.393265,0.9849788990825691,-793.366089
7.920476708984552,32.882114,6.444436,6.97232,9.569615,0.411369,77.76671784635157,95.0,-0.03141066738766246,-0.013075700401549229,34.218357,175.333099,0.21670825688073347,-795.86438
7.926111718750235,32.825962,6.429218,6.886717,9.563367,0.410563,77.77983141788965,95.0,-0.01824780054268038,-0.01312491233503822,34.24963,175.440323,0.37064699286442454,-782.665955
7.931532617187713,32.852097,6.414732,6.963454,9.564292,0.410563,77.79244671802533,95.0,-0.005585078155176282,-0.013172254381361582,34.224552,175.39444,0.3150582059123345,-835.176758
7.937540673828153,32.8634,6.430003,6.975391,9.608865,0.415513,77.79489767555587,95.0,-0.0035385082366623027,-0.012767767869708499,34.273853,175.401001,0.17109673802242648,-802.086487
7.943532617187429,32.947376,6.416426,7.007433,9.615583,0.415513,77.79129698531649,95.0,-0.007782058705157167,-0.012124803760110032,34.214848,175.462936,0.6599963302752294,-788.699524
7.948656640624904,32.90382,6.415379,6.959527,9.641797,0.413533,77.78821784720199,95.0,-0.011410940147229048,-0.011574971598913249,34.224831,175.447678,0.36352079510703433,-822.072632
7.954476464843992,32.857159,6.409549,6.962494,9.63986,0.413533,77.78472058713085,95.0,-0.015532594226517666,-0.010950476694272076,34.270607,175.392624,0.30793119266055,-831.641479
7.959550439453324,32.909874,6.443127,6.928323,9.665549,0.414682,77.78167152445533,95.0,-0.019126030619245886,-0.010406015011112522,34.22427,175.232651,0.7241376146788994,-792.894714
7.9654764648439595,32.830479,6.429532,6.958707,9.625444,0.414682,77.77811044576974,95.0,-0.023322897364214955,-0.00977012421405089,34.225388,175.34787,0.6885034658511728,-803.264893
7.970643457031201,32.922886,6.397821,6.995775,9.614589,0.413685,77.77500548679056,95.0,-0.026982209677918464,-0.009215681300978242,34.267517,175.473984,0.3734981651376148,-808.591431
7.9764615722656345,32.938301,6.413877,6.921359,9.600103,0.413685,77.77150925368561,95.0,-0.031102653438449007,-0.008591369778513953,34.25518,175.384888,0.704182262996942,-743.683472
7.981476464844036,32.938583,6.409863,6.957101,9.595758,0.415276,77.76849569469906,95.0,-0.03465424738268374,-0.008053247879183711,34.294899,175.201874,0.6828020387359842,-853.890259
7.9864955078123785,32.898674,6.382202,6.990941,9.609056,0.415276,77.76547964165171,95.0,-0.0382087806724738,-0.007514680623138185,34.2286,175.401062,0.17964852191641253,-804.160522
7.991645410156252,33.023052,6.395989,7.07225,9.6015,0.415882,77.76238495233461,95.0,-0.041855989798596546,-0.0069620715318343485,34.263226,175.402237,0.9978066258919484,-790.349304
7.997476464843658,32.940296,6.42386,7.006334,9.638324,0.415882,77.75888094362837,95.0,-0.045985597401152524,-0.00633637154431653,34.241112,175.388733,0.6656977573904181,-797.278503
8.002574365234523,32.923061,6.429829,6.998812,9.698028,0.413343,77.75581750342593,95.0,-0.04959597825649381,-0.005789342510680641,34.271324,175.42955,0.6813764525993883,-799.823914
8.008463281249988,32.964237,6.411783,7.021622,9.671989,0.413343,77.75227872457802,95.0,-0.05376656379414465,-0.0051574337266027115,34.286087,175.395935,0.6799509683995929,-770.504578
8.013686181640878,32.981876,6.389497,6.915652,9.677312,0.4128,77.74914016913284,95.0,-0.05746547082150523,-0.004596991596600673,34.331165,175.306427,0.5758994903160042,-808.591431
8.019475244140722,32.928757,6.374628,6.980295,9.682339,0.4128,77.74566139445345,95.0,-0.06156533916314848,-0.003975797571143358,34.272022,175.156372,0.5887279306829759,-811.231079
8.025500146484319,33.082443,6.400265,7.007957,9.652321,0.412808,77.74204089843718,95.0,-0.06583223149340624,-0.003329296805276471,34.280815,175.429382,0.5089078491335368,-792.281921
8.031476220703098,33.178463,6.414558,6.933261,9.579702,0.412808,77.7384497443126,95.0,-0.07006454328771897,-0.002688035530177612,34.308739,175.284134,0.49607940876656503,-798.221252
8.0367352539065,33.174099,6.426356,6.956996,9.598987,0.412979,77.73528947586757,95.0,-0.07378903991167886,-0.002123716177007233,34.231533,175.379822,0.3720725790010189,-869.539795
8.042476220703065,33.037548,6.383772,7.077643,9.622931,0.412979,77.73183960295151,95.0,-0.07785484642541625,-0.0015076830499564254,34.281673,175.241348,0.5844520897043831,-802.369324
8.047594140625279,33.087723,6.41393,6.98143,9.647224,0.410366,77.72876413257347,95.0,-0.08147940530049501,-0.0009585058251056454,34.293415,175.379456,0.9978066258919484,-833.385559
8.053637109374904,33.087231,6.41927,7.056421,9.645741,0.410366,77.72513278005727,95.0,-0.08575909242905243,-0.00031006644765458995,34.363522,175.390976,0.42908695208970477,-832.207153
8.059037011718829,32.992119,6.429148,7.133926,9.663926,0.410325,77.72154240722665,95.0,-0.08958854888952618,-7.101497898223487e-05,34.334934,175.164474,0.6828020387359842,-790.72644
8.065309960937611,32.928974,6.429567,7.047032,9.656945,0.410325,77.71708659569464,95.0,-0.09404143043524751,-7.408607627455616e-05,34.340607,175.228867,0.48182538226299737,-761.548462
8.070475976562648,33.052731,6.398118,6.994833,9.686004,0.412651,77.71341706304042,95.0,-0.09770855013274357,-7.661524334490405e-05,34.279839,175.326965,0.6699735983690109,-848.705139
8.077373925781103,33.055752,6.394889,7.041744,9.717486,0.412651,77.70851730048787,95.0,-0.10260509077230187,-7.999232682343002e-05,34.320259,175.336838,0.39630387359836955,-807.224426
8.082581933593701,32.969135,6.395483,6.94368,9.733002,0.411148,77.70481793987446,95.0,-0.10630201881516509,-8.254205234066352e-05,34.310501,175.253342,0.4903779816513763,-764.235291
8.088539941406452,32.944584,6.415274,7.121029,9.718708,0.411148,77.7005858380364,95.0,-0.11053133777063265,-8.545896128134263e-05,34.328548,175.467102,0.5744740061162072,-827.210571
8.094460839844032,32.993786,6.418869,6.96745,9.716405,0.413513,77.69638009579018,95.0,-0.11473431446740365,-8.835770229221584e-05,34.23745,175.288925,0.4433408766564735,-816.27478
8.100657861328273,32.998314,6.430195,6.980627,9.724031,0.413513,77.69197821737043,95.0,-0.11913329836539713,-9.139162704394744e-05,34.318653,175.143356,0.615809582059124,-811.702454
8.107303857421812,33.100353,6.408537,7.045043,9.703036,0.415184,77.68725742257303,95.0,-0.1238509889327524,-9.464535984115964e-05,34.342735,175.424896,0.46329633027522976,-812.456665
8.112475976562564,33.192642,6.410911,6.97396,9.682757,0.415184,77.68358355445963,95.0,-0.1275224412385867,-9.717751505785717e-05,34.369003,175.245285,0.8053832823649344,-764.565247
8.11761293945301,33.17757,6.394506,7.020906,9.711535,0.416656,77.67993465859114,95.0,-0.13116893772039268,-9.96924585515807e-05,34.39785,175.255325,0.8652480122324148,-851.580505
8.123073876953185,33.014698,6.395047,6.979318,9.658289,0.416656,77.67605563654911,95.0,-0.13504540905279305,-0.00010236601285354391,34.365005,175.220535,0.5203107033639142,-754.713623
8.128525781250119,33.039032,6.416216,6.949056,9.653106,0.413297,77.67218303098666,95.0,-0.13891546812485278,-0.00010503514469890965,34.292595,175.35759,0.46187074413863394,-805.951721
8.133590722656209,33.026249,6.417577,7.028393,9.630087,0.413297,77.66858529353655,95.0,-0.1425108398282674,-0.00010751482806570725,34.329247,175.333359,0.01715718654434253,-807.601501
8.139478662109468,33.065483,6.429776,7.005199,9.646945,0.413908,77.66440296276993,95.0,-0.14669042044001185,-0.00011039743308629231,34.32642,175.255753,0.6143848114169209,-824.523804
8.144657617187477,33.063705,6.41393,7.027503,9.669302,0.413908,77.66072423894225,95.0,-0.15036672526718498,-0.00011293293502690148,34.355827,175.278793,0.7398164118246686,-804.679016
8.150315576172034,33.218243,6.41639,7.041534,9.692775,0.413363,77.65670526827772,95.0,-0.1543830531967441,-0.00011570294669303155,34.32745,175.34494,0.6044067278287466,-817.500366
8.155475732422019,33.094006,6.430108,6.959946,9.607259,0.413363,77.65303989766433,95.0,-0.15804601359023546,-0.00011822924514288377,34.406403,175.280441,0.5473923547400608,-793.554626
8.161474755859672,33.069473,6.430457,7.055671,9.637678,0.4132,77.64877866154053,95.0,-0.16230444767373606,-0.00012116623442703255,34.452652,175.080566,0.785427930682977,-818.348816
8.166713525390605,33.091858,6.430405,7.080959,9.672251,0.4132,77.64505745021283,95.0,-0.16602321206262405,-0.00012373102020186833,34.414028,175.243805,0.5644966360856268,-813.163696
8.172517480468741,33.13781,6.428607,6.997241,9.650732,0.414067,77.6409347753646,95.0,-0.17014317598363415,-0.00012657250832868216,34.360764,175.247101,0.6357650356778802,-818.584473
8.177938623046884,33.155949,6.442865,7.067626,9.683037,0.414067,77.63708402051645,95.0,-0.17399139870966912,-0.00012922657991644562,34.430363,175.158493,0.7597718654434249,-810.194092
8.183460595703309,33.08466,6.429218,7.016892,9.691187,0.413476,77.63316164388257,95.0,-0.177911196125452,-0.00013193001568190536,34.390068,175.268494,0.2737226299694193,-805.951721
8.188514550781292,33.213848,6.428764,7.010976,9.697958,0.413476,77.63238134946197,95.0,-0.17866679323248377,-0.0001565405401502278,34.427868,175.339233,0.4689977573904185,-783.09021
8.194474511718909,33.143646,6.417438,6.936996,9.658865,0.415538,77.63233011102228,95.0,-0.17868199888454994,-0.00019240897827957188,34.411587,175.266525,-0.028454332313965925,-849.695068
8.20046035156247,32.91872,6.409636,6.952633,9.677644,0.415538,77.63227865009878,95.0,-0.1786972705614858,-0.00022843316171621195,34.344883,175.156311,0.43336360856269046,-771.258728
8.205646386718854,33.109528,6.406879,7.035112,9.699703,0.413005,77.63223406518416,95.0,-0.17871050169622238,-0.0002596439335801939,34.438969,175.215103,0.8096592252803262,-859.311035
8.210927392578014,33.048061,6.417037,6.927258,9.746056,0.413005,77.63218866379596,95.0,-0.17872397512977323,-0.00029142626133604516,34.428986,175.186127,0.7298390417940881,-763.999634
8.216463281250071,33.034756,6.399218,7.047904,9.733752,0.413433,77.63214107115218,95.0,-0.17873809884600297,-0.0003247425334392271,34.426052,175.103607,0.9464943934760451,-845.21698
8.221475488281158,33.053951,6.428363,7.061971,9.70431,0.413433,77.63209798065705,95.0,-0.17875088649293558,-0.0003549071670126923,34.442059,175.052338,0.2637452599388374,-788.13385
8.226521386719014,33.015514,6.414157,6.998899,9.727749,0.411542,77.63205460051321,95.0,-0.178763760096774,-0.00038527456334471274,34.475758,175.238571,0.19960397553516884,-868.078552
8.232065332031198,33.041702,6.40215,6.955792,9.705969,0.411542,77.6320069386056,95.0,-0.178777904367916,-0.00041863932219450567,34.506523,175.161438,0.41483374108053,-745.474731
8.238746240234377,33.090363,6.429201,6.984641,9.706964,0.413735,77.63194950210298,95.0,-0.1787949493731917,-0.0004588465894978606,34.447414,175.150879,0.19960397553516884,-848.987976
8.244474267578425,32.940166,6.427054,7.010923,9.662914,0.413735,77.63190025762191,95.0,-0.17880956329293515,-0.0004933191970429478,34.457954,175.216278,0.36494556574923587,-782.288879
8.250460351562651,32.954586,6.43023,7.084641,9.62534,0.416129,77.6318487945995,95.0,-0.17882483559274714,-0.0005293448497749398,34.427258,175.318207,0.37064699286442454,-837.392212
8.256060205078029,33.010269,6.401556,6.977503,9.628569,0.416129,77.63180065204293,95.0,-0.17883912250252273,-0.0005630460772603062,34.458008,175.147934,0.878077166156982,-902.818665
8.2615353027345,33.075344,6.430265,7.077957,9.656631,0.417401,77.63175358202619,95.0,-0.1788530911225963,-0.0005959964948208776,34.507397,175.096359,0.5046311926605511,-814.719238
8.267460107421812,33.154346,6.429794,7.07431,9.708796,0.417401,77.63170264582865,95.0,-0.17886820708049986,-0.0006316533544195554,34.52663,175.264557,0.8267635066258908,-809.109924
8.272475244140878,33.046471,6.429899,7.017817,9.702845,0.414628,77.63165953014669,95.0,-0.17888100220194603,-0.0006618356195372428,34.470764,175.154663,0.27657370030581063,-829.237488
8.277847070312419,33.079979,6.429829,7.060208,9.722461,0.414628,77.63161334796627,95.0,-0.17889470734541693,-0.0006941645251639821,34.517014,175.104202,0.38490101936799215,-807.507263
8.283969140625231,33.19944,6.429392,7.113577,9.708551,0.417854,77.63156071585445,95.0,-0.17891032658723288,-0.0007310085754069541,34.509808,175.113525,0.2922524974515798,-809.958374
8.290103173828356,33.11797,6.429375,6.989335,9.684625,0.417854,77.63150798089634,95.0,-0.1789259763499792,-0.0007679246211221666,34.489212,175.216919,0.7084589194699292,-812.079529
8.296618066406154,33.15152,6.423529,7.07979,9.68972,0.416925,77.63145197164832,95.0,-0.17894259779948704,-0.000807132767586264,34.519176,175.167679,0.6713991845056068,-794.591675
8.30175209960953,33.214741,6.41023,6.9878,9.693909,0.416925,77.6314078338002,95.0,-0.17895569626160812,-0.0008380305795403021,34.540573,175.061996,0.52173628950051,-797.278503
8.307478906250253,33.159092,6.429619,7.043454,9.721693,0.412672,77.63135859981364,95.0,-0.1789703070669709,-0.0008724958406086301,34.483994,175.283005,0.16539531090723777,-788.18103
8.312516992187739,33.254818,6.416844,7.015688,9.706771,0.412672,77.63163664033318,95.0,-0.17871951011415993,-0.0008452111101216559,34.467434,175.14122,0.2637452599388374,-806.98877
8.318172998046975,33.08144,6.429026,6.981028,9.713735,0.416884,77.63197867444516,95.0,-0.1784134284514517,-0.0008092215423311301,34.474098,175.099182,0.4761239551478087,-837.62793
8.325060937499984,33.112473,6.432673,7.012808,9.699302,0.416884,77.63239520694403,95.0,-0.17804067919820407,-0.0007653930934135272,34.513226,175.15802,0.8552714576962271,-775.076843
8.330459863281249,33.149536,6.428991,6.919719,9.732862,0.412493,77.63272169472201,95.0,-0.1777485097378022,-0.0007310393444551084,34.533821,175.179138,0.21100682976554477,-819.998596
8.335479882812706,33.148174,6.429759,6.97965,9.747592,0.412493,77.63302526900483,95.0,-0.17747684525173982,-0.0006990966029301465,34.47963,175.130707,0.6044067278287466,-834.375427
8.340653955078324,33.121613,6.444925,7.082739,9.733019,0.418212,77.633338159277,95.0,-0.17719684401386804,-0.0006661736128932571,34.495129,174.99649,0.2865510703363911,-795.675842
8.345723779296804,33.053375,6.411609,6.957555,9.712042,0.418212,77.63364474538523,95.0,-0.1769224842863332,-0.0006339139605974028,34.525166,175.143356,0.253767176350663,-776.019592
8.351474755859272,33.382084,6.413633,7.128953,9.721675,0.412856,77.63399252263484,95.0,-0.1766112631680721,-0.0005973200874643417,34.54007,175.22113,0.142589602446483,-861.903564
8.357709863281343,33.249592,6.402795,7.058096,9.736894,0.412856,77.63436957659893,95.0,-0.17627384271726249,-0.0005576456552201046,34.583469,175.167999,0.4989297655453624,-823.203918
8.363178857422099,33.098171,6.424052,7.103734,9.80302,0.413552,77.63470030160184,95.0,-0.17597788142204399,-0.0005228460563045967,34.598846,175.141647,0.24378990825688002,-812.503784
8.368503808593687,33.286449,6.419462,6.995932,9.76836,0.413552,77.63502231593327,95.0,-0.1756897151879468,-0.0004889630130500036,34.522911,175.143723,0.52173628950051,-842.954407
8.37447475585941,33.220577,6.404104,7.034048,9.757557,0.412445,77.6353833954117,95.0,-0.17536659008651564,-0.0004509694506788338,34.581657,175.041245,0.45616931702344526,-822.30835
8.380292626953178,33.074265,6.395745,7.124362,9.751658,0.412445,77.6357352179562,95.0,-0.17505174888902192,-0.0004139499228829072,34.487362,174.9384,0.3834754332313963,-854.64447
8.385822656250184,33.21978,6.426879,7.062198,9.764014,0.418005,77.6360696339216,95.0,-0.17475248460180282,-0.00037876195292463897,34.589737,175.10788,0.3763484199796132,-828.907532
8.391573632812651,33.12616,6.426914,6.972127,9.751885,0.418005,77.63641741117121,95.0,-0.17444126348354172,-0.00034216807979157776,34.591011,175.032394,0.4590196738022426,-785.58844
8.39745961914059,33.2383,6.429113,7.127975,9.747923,0.412691,77.63677335282985,95.0,-0.17412273614697535,-0.0003047151299119305,34.571255,175.082428,0.3107823649337417,-843.802917
8.402513574219029,33.088268,6.428677,7.106928,9.711344,0.412691,77.63707897928782,95.0,-0.17384923519736067,-0.0002725564540871938,34.480503,174.986145,0.41910958205912285,-834.564026
8.40764663085929,33.123695,6.383232,7.070383,9.733054,0.415976,77.63738938923319,95.0,-0.17357145357011325,-0.0002398944493910395,34.583298,175.113373,0.018582772680938376,-755.986328
8.413461572265533,33.106571,6.410736,6.950679,9.749808,0.415976,77.6377410346115,95.0,-0.17325677091623554,-0.0002028935634051654,34.594379,175.037354,0.3264610601427119,-815.284912
8.418473535156409,33.136883,6.405622,7.078899,9.738359,0.415605,77.63804412168729,95.0,-0.17298554242511724,-0.00017100208685784791,34.551727,174.994888,0.3720725790010189,-848.516602
8.423496484374937,33.103802,6.383738,7.047206,9.795306,0.415605,77.63834787313633,95.0,-0.17271371939543884,-0.00013904070352283352,34.651779,175.032761,0.8338905198776754,-793.601807
8.428766503906445,33.147377,6.39468,7.068969,9.791082,0.413805,77.63866656560153,95.0,-0.17242852585414217,-0.00010550719420672472,34.550575,175.102386,0.873801325178389,-810.241211
8.434484521484592,33.123302,6.417037,6.992494,9.718813,0.413805,77.63901234973139,95.0,-0.17211908835156137,-6.912304143675424e-05,34.552494,175.080399,0.39202803261977526,-836.308105
8.439497460937673,33.161545,6.425326,6.960487,9.720751,0.411777,77.63885864739,95.0,-0.17227915131236715,-6.286996390599201e-05,34.58218,174.877426,0.19675280326197717,-769.608948
8.44546132812502,33.025921,6.396722,7.147347,9.732304,0.411777,77.63853067138811,95.0,-0.1726065931513821,-6.357667935732828e-05,34.609005,175.046951,0.15541722731906193,-871.048157
8.450684472656121,33.137527,6.380998,7.003664,9.732792,0.412707,77.63824343057493,95.0,-0.17289336614564627,-6.41956195229533e-05,34.60199,175.169754,0.17109673802242648,-795.911499
8.45647524414062,33.146786,6.429165,6.998393,9.717731,0.412707,77.63792497377173,95.0,-0.17321130428956288,-6.4881823215038e-05,34.612408,174.956055,0.5887279306829759,-772.625732
8.462298242187444,33.13467,6.427839,7.096718,9.732985,0.415171,77.63760474470585,95.0,-0.17353101180971786,-6.557184573959266e-05,34.659283,174.837692,0.3136326197757387,-851.062012
8.467474267578382,33.200375,6.408293,7.053472,9.745655,0.415171,77.63732009515552,95.0,-0.17381519776145174,-6.618520230925781e-05,34.595268,175.047913,0.41055790010193716,-838.476379
8.472731347656463,33.129749,6.399445,7.079423,9.766859,0.410398,77.63703098809604,95.0,-0.17410383396251236,-6.680816382119591e-05,34.499458,175.003799,0.6143848114169209,-793.743164
8.478459130859392,33.268711,6.419899,7.063559,9.801484,0.410398,77.63671599526077,95.0,-0.17441831378014497,-6.748690343163476e-05,34.642948,175.025146,0.5388405708460761,-859.028198
8.484513330078244,33.161961,6.429934,7.124677,9.773176,0.41619,77.63638305155294,95.0,-0.1747507152343734,-6.820432318610654e-05,34.590034,175.083817,0.34641651376146826,-808.63855
8.49047329101586,33.175465,6.402045,7.072338,9.768115,0.41619,77.63605529037078,95.0,-0.17507794260354126,-6.891057574865858e-05,34.612965,175.106964,0.47327370030581023,-802.887817
8.495634179687386,33.205917,6.415308,7.016124,9.756039,0.411934,77.63577147324682,95.0,-0.17536129748461776,-6.95221386242848e-05,34.646595,174.95285,0.11408165137614669,-840.97467
8.501473046875162,33.115833,6.429165,7.069894,9.7326,0.411934,77.63545037147587,95.0,-0.17568187628852644,-7.021404163452543e-05,34.631725,174.856461,0.37064699286442454,-816.321899
8.506500146484541,33.076435,6.387246,7.001255,9.745027,0.413972,77.6351739119272,95.0,-0.17595788557734077,-7.080975056929149e-05,34.61705,175.014099,-0.09544678899082616,-787.898193
8.513021142578054,33.167805,6.401068,7.107818,9.761763,0.413972,77.63481529726327,95.0,-0.17631591617829412,-7.158248553347979e-05,34.58979,174.912308,0.6571451580020392,-795.722961
8.519277001953014,33.312431,6.413982,7.034955,9.732548,0.411016,77.6344712634876,95.0,-0.17665938963837757,-7.232380192143788e-05,34.634415,174.924484,0.42196075433231456,-802.6521
8.524293115234286,33.355995,6.429602,7.053978,9.732949,0.411016,77.63419540811938,95.0,-0.17693479573074702,-7.291820898149827e-05,34.641518,174.920959,0.3734981651376148,-836.7323
8.529474023437615,33.183208,6.401801,7.121343,9.747016,0.413372,77.63391049004439,95.0,-0.17721924976978976,-7.353214416214372e-05,34.651833,175.160904,0.34071508664627953,-847.80957
8.535473046875268,33.175072,6.429846,7.020627,9.732461,0.413372,77.63358058066505,95.0,-0.17754862183742834,-7.424302561253813e-05,34.657433,174.993668,0.6044067278287466,-766.545044
8.54064907226575,33.161533,6.386286,7.062355,9.734381,0.41029,77.6332959311147,95.0,-0.17783280778916222,-7.485638218220327e-05,34.678078,174.837524,0.061343934760448006,-841.398865
8.546506005859555,33.190758,6.429776,7.079755,9.746179,0.41029,77.63297383580256,95.0,-0.1781543785161136,-7.555042605307102e-05,34.655968,174.937332,-0.1823938837920484,-872.179504
8.552474023437753,33.309975,6.401242,6.977328,9.738307,0.417999,77.63264563155472,95.0,-0.17848204822934105,-7.625763332374054e-05,34.597015,174.855881,0.2865510703363911,-794.1203
8.5577347656249,33.37299,6.372411,7.151378,9.732042,0.417999,77.63235632310177,95.0,-0.17877088549588327,-7.688102879391387e-05,34.651711,174.942398,0.4518934760448524,-829.001831
8.56313491210949,33.326469,6.411155,7.027468,9.726213,0.41016,77.6320593482702,95.0,-0.17906737665509284,-7.75209436075747e-05,34.690662,174.805573,0.6885034658511728,-848.752319
8.568472802734505,33.303509,6.395605,7.130052,9.737976,0.41016,77.63528281041758,95.0,-0.1758289140834021,-9.248466825329164e-05,34.680016,175.000977,0.615809582059124,-804.867554
8.573496728515693,33.438477,6.396408,7.169825,9.779076,0.413005,77.63843084996522,95.0,-0.17266628495926553,-0.00010703349854053705,34.714397,174.873108,0.4932283384301737,-809.015625
8.57945888671884,33.260403,6.398834,7.033297,9.782444,0.413005,77.64216679484775,95.0,-0.16891302585534196,-0.00012429936424394943,34.697224,174.850647,0.305080937818553,-834.799683
8.584682763671935,33.341301,6.429497,7.094799,9.752234,0.416279,77.64544012569627,95.0,-0.16562452476829997,-0.0001394272348657878,34.707817,174.967209,0.3492668705402656,-816.698975
8.590473779297099,33.231201,6.416862,7.170034,9.745847,0.416279,77.64906883101602,95.0,-0.16197900222847494,-0.00015619748729136178,34.682354,175.119186,0.2053054026503561,-840.314758
8.596472802734297,33.299133,6.430335,7.138185,9.77007,0.41561,77.6528278760041,95.0,-0.15820253596167136,-0.00017357011134706176,34.558933,174.950134,0.44048980632008217,-824.570923
8.60338466796884,33.208973,6.429165,7.06766,9.754485,0.41561,77.65715891632061,95.0,-0.15385142345640213,-0.00019358624188755186,34.603558,174.858856,0.253767176350663,-798.315491
8.609500634765482,33.254543,6.417141,7.09876,9.772705,0.4158,77.6609912391269,95.0,-0.15000133976562824,-0.00021129752323295882,34.690155,175.020706,0.5915791029561677,-807.177307
8.615473535156525,33.20763,6.415623,7.080208,9.78377,0.4158,77.66473391516602,95.0,-0.14624131830960718,-0.00022859449733041528,34.66581,174.925278,0.6086833843017323,-799.635315
8.621472558593723,33.285141,6.440248,7.099598,9.775533,0.416667,77.6684929601541,95.0,-0.1424648520428036,-0.0002459671213861153,34.691814,174.76738,0.5758994903160042,-812.362366
8.627377587890805,33.265537,6.409567,7.035252,9.798517,0.416667,77.67219310752209,95.0,-0.138747556356853,-0.00026306754699392966,34.697678,174.851028,0.7897045871559627,-821.601257
8.632475488281216,33.277592,6.428659,7.111151,9.809669,0.414308,77.67538750026164,95.0,-0.13553835921713606,-0.0002778306009947058,34.659561,174.854858,0.36637115188583025,-838.052124
8.638474511718869,33.325848,6.402237,7.170087,9.828186,0.414308,77.67914654524971,95.0,-0.13176189295033247,-0.0002952032250504058,34.728603,174.909866,0.40770672782874545,-817.783142
8.644458398437564,33.235901,6.428607,7.253962,9.753019,0.413563,77.68289610542624,95.0,-0.12799495545239353,-0.00031253201455086184,34.685287,174.864258,0.13546258919469992,-808.167175
8.65004946289082,33.294422,6.416478,7.004885,9.75843,0.413563,77.68639951944512,95.0,-0.12447530487547395,-0.00032872322664184283,34.657955,175.041992,0.17679816513761515,-800.90802
8.655473535156489,33.371014,6.416478,7.13232,9.797033,0.416406,77.68979829457534,95.0,-0.12106077813570612,-0.00034443084460722976,34.618496,174.870071,0.15826829765545325,-857.425537
8.66145839843739,33.16927,6.424925,7.016962,9.765655,0.416406,77.6935484666752,95.0,-0.11729322587848559,-0.000361762462143508,34.727818,174.693008,0.6443175331294603,-803.594849
8.666473291015791,33.300793,6.421277,7.051098,9.732932,0.414614,77.69669084593207,95.0,-0.11413628327770373,-0.00037628513309939817,34.712425,174.837585,0.6614218144750249,-824.85376
8.671841455078265,33.320282,6.42927,7.027939,9.743263,0.414614,77.70005458845192,95.0,-0.1107569515068069,-0.0003918308460139648,34.703873,174.859985,0.8552714576962271,-802.60498
8.677458398437466,33.297409,6.443494,7.100034,9.752304,0.415788,77.70357421843892,95.0,-0.10722100980892518,-0.0004080970010542338,34.758011,174.680374,0.5730492354740058,-841.257507
8.68374038085949,33.26498,6.429689,7.083036,9.779145,0.415788,77.70751056821054,95.0,-0.10326641704028108,-0.0004262890484894127,34.724884,174.746521,0.5074822629969424,-784.504272
8.68957436523442,33.176697,6.428712,7.079057,9.767889,0.416393,77.71116619815662,95.0,-0.09959384509206612,-0.0004431837344911629,34.743732,174.945129,0.20815565749235454,-849.836426
8.694949365234606,33.430473,6.39358,7.095793,9.759616,0.416393,77.71216186902772,95.0,-0.09859403178629655,-0.0004472677165662591,34.68581,174.805313,0.047089908256880385,-800.625244
8.700474267578102,33.243332,6.429183,7.064327,9.794678,0.41661,77.71251643413261,95.0,-0.09823844168978124,-0.00044822843601666126,34.697014,174.804565,0.4433408766564735,-862.610657
8.70562124023445,33.244442,6.430876,7.162617,9.778273,0.41661,77.71284674529218,95.0,-0.09790717565289499,-0.00044912343767169343,34.653473,174.897385,0.2323869520897037,-853.890259
8.711094140624937,33.261448,6.431033,7.113682,9.768115,0.411717,77.7131979731294,95.0,-0.09755493247156119,-0.0004500751145572288,34.748726,174.926926,0.4390650356778792,-776.019592
8.71648110351589,33.408939,6.432324,7.050662,9.779808,0.411717,77.7135436858576,95.0,-0.09720822034254614,-0.0004510118478613881,34.78157,174.759903,0.32218521916411763,-866.52301
8.722476220703356,33.307945,6.45845,7.165358,9.794398,0.415408,77.71392842738281,95.0,-0.09682236659044582,-0.0004520543324757971,34.678253,174.695999,0.20815565749235454,-842.577332
8.727618066406194,33.257523,6.430021,7.134659,9.838971,0.415408,77.714258409516,95.0,-0.09649143053111268,-0.00045294844261034947,34.816563,174.832779,0.7697491335372064,-825.136536
8.733190087890762,33.250942,6.417682,7.077207,9.768762,0.412572,77.71461599853009,95.0,-0.09613280778375213,-0.0004539173555584948,34.73843,174.823502,0.5915791029561677,-820.51709
8.738969140625159,33.195534,6.428939,7.147207,9.786406,0.412572,77.71498687394316,95.0,-0.09576086022853278,-0.00045492226895268257,34.768795,174.726196,0.6001307849133534,-859.68811
8.74447207031244,33.408276,6.429445,7.056613,9.77801,0.418154,77.71534002893495,95.0,-0.09540668432153078,-0.0004558791676010284,34.754242,174.729294,0.03283598369011169,-783.84436
8.750472070312753,33.433842,6.443249,7.135794,9.811379,0.418154,77.71572508381861,95.0,-0.09502051630509417,-0.00045692250128256105,34.695515,174.814102,0.04994026503567776,-826.739197
8.755485009765835,33.368385,6.429427,7.113263,9.7885,0.416957,77.71604679328829,95.0,-0.09469787682423916,-0.0004577941960450492,34.726089,174.879501,0.1283355759429154,-842.388794
8.760662011718978,33.309048,6.414261,7.070383,9.814067,0.416957,77.71637903160243,95.0,-0.0943646780616847,-0.0004586944194628918,34.773788,174.656052,0.5630710499490309,-801.567993
8.766473046875035,33.345348,6.430544,7.103804,9.861834,0.415544,77.71675195951346,95.0,-0.09399067207506263,-0.0004597048942467395,34.719563,174.678772,0.2480657492354743,-811.089661
8.773309960937695,33.347572,6.429811,7.138987,9.842374,0.415544,77.7171907240383,95.0,-0.09355063915138544,-0.00046089375803326456,34.740158,174.784714,0.768323547400612,-832.254272
8.779412988281365,33.269783,6.415099,7.019231,9.810839,0.414569,77.71758239078562,95.0,-0.09315784015745306,-0.00046195500703110606,34.740017,174.71344,0.7797265035677884,-819.432983
8.784945947265896,33.267296,6.429462,7.173787,9.836702,0.414569,77.71793747293198,95.0,-0.09280173152478285,-0.0004629171274422623,34.755077,174.828995,-0.042708256880734624,-775.029724
8.791092919921994,33.427528,6.445047,7.077922,9.877995,0.416152,77.7183319599055,95.0,-0.09240610415182383,-0.00046398601804421656,34.796265,174.901428,-0.028454332313965925,-855.068665
8.79647182617191,33.141922,6.395832,7.12335,9.852095,0.416152,77.71867715559223,95.0,-0.09205991055896368,-0.00046492135038762183,34.789967,174.776611,0.13261151885830716,-820.941345
8.80260976562522,33.218102,6.403284,7.187906,9.83836,0.412054,77.71907106285259,95.0,-0.09166486457502679,-0.00046598867021539737,34.835445,174.645386,0.5345639143730889,-830.463074
8.80795180664063,33.417458,6.39735,7.150104,9.795899,0.412054,77.71941389268291,95.0,-0.09132104367790564,-0.0004669175921020191,34.760487,174.808777,0.13261151885830716,-834.18689
8.814449853515725,33.283928,6.40667,7.040732,9.819111,0.415904,77.71983091013017,95.0,-0.09090282069916718,-0.00046804753063016337,34.710102,174.690186,0.7084589194699292,-817.170349
8.81984975585965,33.340439,6.414471,7.10314,9.786667,0.415904,77.72067283269172,95.0,-0.09006283581799736,-0.0004660729340640077,34.835812,174.621689,0.2323869520897037,-823.251099
8.825135644531201,33.398621,6.428869,7.135758,9.823683,0.417433,77.72533161593266,95.0,-0.08542870330892385,-0.00044158656675894636,34.784294,174.7901,0.5445419979612633,-794.638794
8.83047158203135,33.44931,6.429724,7.081831,9.83836,0.417433,77.73003451032616,95.0,-0.08075069304989144,-0.0004168683531051003,34.756092,174.7798,0.34356544342507694,-847.80957
8.836291650390649,33.349396,6.412813,7.129598,9.844695,0.41224,77.73516409942971,95.0,-0.07564824582418346,-0.00038990745013593687,34.78801,174.723053,0.15826829765545325,-830.038818
8.841457666015685,33.259865,6.429288,7.058044,9.870751,0.41224,77.73971723108082,95.0,-0.07111920587720662,-0.00036597638311015987,34.859772,174.577744,0.05279133537206907,-838.005005
8.846681542968781,33.334988,6.430771,7.221221,9.858587,0.416095,77.74432135952783,95.0,-0.0665394389705212,-0.00034177727908603177,34.880558,174.663895,-0.8622919469928648,-872.697998
8.852472558593945,33.303703,6.428921,7.089092,9.804556,0.416095,77.74942534264524,95.0,-0.06146246224356985,-0.00031495096009494337,34.825726,174.663467,0.3364384301732924,-851.721924
8.857912500000111,33.254902,6.404035,7.110628,9.809023,0.413473,77.75421990216556,95.0,-0.05669327187974481,-0.00028975095841874467,34.800453,174.620361,-0.02132731906218139,-823.863831
8.863472558593912,33.269291,6.399916,7.110855,9.859338,0.413473,77.75912032845207,95.0,-0.05181877491601841,-0.00026399452550546275,34.832706,174.544189,0.3791995922528035,-837.53363
8.868997460937408,33.264122,6.430073,7.116875,9.851642,0.410898,77.76398976934358,95.0,-0.04697509939616558,-0.00023840095051522956,34.761692,174.757782,0.6186606523955153,-798.079834
8.874457421874922,33.365341,6.415728,7.063768,9.822025,0.410898,77.76880197332494,95.0,-0.04218835793235698,-0.000213108210299517,34.804695,174.673538,0.5459667686034663,-848.422363
8.879516503906416,33.404316,6.415274,7.224433,9.861135,0.411983,77.77326085773299,95.0,-0.0377530665438289,-0.00018967250278968,34.817173,174.616943,0.43478837920489344,-881.889771
8.885473535156507,33.337288,6.381452,7.194014,9.90213,0.411983,77.77851116077113,95.0,-0.03253054410969682,-0.00016207713249530574,34.797363,174.679993,0.4162593272171259,-830.887329
8.890636376953353,33.449921,6.42927,7.136544,9.903858,0.410812,77.78306149512964,95.0,-0.028004286654180782,-0.00013816076792091508,34.757278,174.706726,0.11835830784913384,-802.133606
8.897313378906347,33.283688,6.395745,7.01972,9.83487,0.410812,77.7889463532358,95.0,-0.022150566734054633,-0.00010723020307743794,34.80595,174.633804,-0.05981253822629925,-832.819946
8.902476464843858,33.36013,6.386355,7.182792,9.86426,0.415721,77.79349690277066,95.0,-0.01762409524073391,-8.331270754524835e-05,34.852146,174.541306,0.3193341488277263,-838.947754
8.908457421875028,33.291008,6.397141,7.115706,9.846127,0.415721,77.7987682930915,95.0,-0.01238059710174344,-5.560650338657698e-05,34.835289,174.692688,-0.14960998980632031,-851.297729
8.914180322265565,33.416752,6.421417,7.06588,9.843002,0.415909,77.80381224200613,95.0,-0.007363336922297112,-2.9095721621395538e-05,34.825077,174.557999,0.4433408766564735,-824.995178
8.919938378906409,33.508591,6.430405,7.116491,9.83569,0.415909,77.80888717631574,95.0,-0.002315255298977234,-2.4220819331653557e-06,34.878464,174.564346,0.38775208970438346,-820.234314
8.925457177734643,33.374046,6.415099,7.104903,9.900578,0.409664,77.81375123779841,95.0,0.002523069275758655,2.314321911209402e-05,34.880714,174.61412,0.26659561671763476,-845.358398
8.930471337890594,33.454926,6.42941,7.107277,9.91302,0.409664,77.81817052975732,95.0,0.006918977708226068,4.6370830386924375e-05,34.820557,174.678772,0.31648379204892896,-821.648438
8.936047265624893,33.505157,6.41393,7.129493,9.876824,0.412384,77.82308494250684,95.0,0.011807387129256497,7.220077555713806e-05,34.834538,174.533722,0.027134556574922995,-831.405823
8.94164907226559,33.371189,6.419864,7.170872,9.86768,0.412384,77.82802216394988,95.0,0.01671848455758275,9.815060225404034e-05,34.795635,174.528717,0.27087227319062196,-837.015137
8.947472070312415,33.355309,6.412289,7.146177,9.880943,0.411845,77.82951126479932,95.0,0.01820933762145376,9.648294290903903e-05,34.80946,174.60228,0.4547438328236498,-849.789307
8.953470117187408,33.473064,6.429235,7.154136,9.854294,0.411845,77.83069452428387,95.0,0.019397184053980446,9.200865503928414e-05,34.893856,174.591827,0.27087227319062196,-825.089417
8.958748193359497,33.559509,6.4166,7.088376,9.882724,0.412921,77.83173575217367,95.0,0.02044244830116355,8.807143469345905e-05,34.886459,174.497833,0.15114138634046909,-843.850037
8.964459130859268,33.352863,6.411714,7.059528,9.870716,0.412921,77.83286237240578,95.0,0.021573435917154445,8.381131820659377e-05,34.862705,174.540665,0.6001307849133534,-804.301941
8.969471093750144,33.470623,6.428974,7.095304,9.842217,0.411768,77.8338511030293,95.0,0.022565999390507605,8.007260705069185e-05,34.919842,174.697235,0.05991834862385361,-842.67157
8.975472070312662,33.479458,6.415431,7.069301,9.849861,0.411768,77.8350349404654,95.0,0.023754426015039763,7.559613375866258e-05,34.883961,174.572723,0.1482910295616717,-831.311523
8.98089199218748,33.391075,6.406705,7.108568,9.837959,0.417283,77.83610415084303,95.0,0.02482778122515424,7.155310255105274e-05,34.809109,174.462189,0.19390254841998017,-831.641479
8.986529931640689,33.367458,6.384802,7.202286,9.882584,0.417283,77.83721637044889,95.0,0.025944312390342242,6.734743950252418e-05,34.78862,174.546371,0.36494556574923587,-821.507019
8.991574853515885,33.401871,6.429968,7.118359,9.870053,0.415416,77.83821160302739,95.0,0.026943403023756907,6.358414234603545e-05,34.854172,174.619247,0.5288624872579002,-837.580811
8.99745693359364,33.350834,6.399776,7.137242,9.889093,0.415416,77.83937198526287,95.0,0.028108283522733847,5.919636077464159e-05,34.855793,174.441605,0.23381253822629955,-796.61853
9.00258901367215,33.270523,6.441068,7.076212,9.870158,0.412709,77.84038441190016,95.0,0.029124634868311166,5.5368047305489945e-05,34.903126,174.395187,0.13261151885830716,-837.675049
9.008472802734559,33.332283,6.440091,7.139232,9.872235,0.412709,77.84154513127405,95.0,0.030289853812624633,5.097899090443602e-05,34.969093,174.633423,0.279424057084608,-817.688904
9.01445693359392,33.421482,6.429881,7.125288,9.865114,0.41239,77.84272564548871,95.0,0.03147494433312535,4.651508379048445e-05,34.920925,174.528549,0.12976116207951122,-824.288086
9.019472802734526,33.331192,6.428956,7.154572,9.865062,0.41239,77.8437151467143,95.0,0.03246828139581913,4.2773458738216696e-05,34.924694,174.469559,0.12690998980631954,-857.614075
9.024850732421783,33.283024,6.400597,7.153699,9.853823,0.411834,77.84477607311962,95.0,0.03353332052052191,3.876175191653968e-05,34.921486,174.4879,0.3321624872579006,-811.985291
9.030456689453331,33.37336,6.420562,7.168289,9.846807,0.411834,77.845881983421,95.0,0.03464351792298356,3.4579946394506486e-05,34.978237,174.527542,0.3606697247706416,-833.244141
9.035473779296808,33.36013,6.409968,7.18637,9.848395,0.417923,77.84687172545974,95.0,0.03563709673234629,3.083741074962441e-05,34.914276,174.474945,0.3834754332313963,-859.405273
9.041299707031158,33.192871,6.392778,7.164171,9.920647,0.417923,77.8480210302904,95.0,0.036790856884551776,2.649151643848955e-05,34.958168,174.464111,0.36922222222222156,-847.80957
9.046734765624933,33.238609,6.427577,7.2026,9.881467,0.412524,77.84909322675105,95.0,0.037867209753361164,2.2437193882462062e-05,34.918396,174.503113,0.37777400611620765,-802.416443
9.052471582031103,33.363827,6.42372,7.146998,9.886965,0.412524,77.85022495222191,95.0,0.03900332239873369,1.815777283217305e-05,34.938152,174.477768,0.18249959225280385,-847.856689
9.058472558593621,33.278725,6.404279,7.1837,9.857697,0.413774,77.85140878965801,95.0,0.040191749023265846,1.368129954014378e-05,34.94445,174.456863,-0.001372680937817939,-854.738708
9.064258691406394,33.383865,6.429183,7.191274,9.896545,0.413774,77.85255024398006,95.0,0.041337628234063735,9.365090548235985e-06,34.916267,174.505997,0.07559714576962277,-826.50354
9.070561669921972,33.462833,6.429043,7.12691,9.862845,0.412235,77.85379365858901,95.0,0.04258586298449281,4.663336643422319e-06,34.981556,174.625748,0.3307370030581037,-817.830322
9.076569482421746,33.360924,6.416111,7.209948,9.880071,0.412235,77.85034452879724,95.0,0.039144396171940044,-2.9391795189359182e-06,34.915253,174.387772,0.2323869520897037,-851.109131
9.08331044921897,33.418736,6.413912,7.134816,9.887941,0.415005,77.83769596688809,95.0,0.02651024498789231,-1.7381284423627657e-05,34.949425,174.332458,0.2936779816513767,-810.241211
9.088736474609505,33.254402,6.429288,7.150558,9.88199,0.415005,77.82751472432423,95.0,0.016340602089574215,-2.900620860264232e-05,35.005394,174.549362,0.23808848114169276,-831.217285
9.094471582031474,33.556595,6.4003,7.121605,9.863421,0.410286,77.81675352886562,95.0,0.005591667046856992,-4.1293321938490846e-05,35.015011,174.433701,0.28084964322120237,-850.35498
9.100456445312375,33.322529,6.413947,7.081675,9.856825,0.410286,77.80552369848493,95.0,-0.005625368994059528,-5.411552177310796e-05,34.917747,174.400253,-0.06408848114169247,-840.786133
9.105515527343869,33.474964,6.384802,7.226073,9.885708,0.415709,77.7960309781966,95.0,-0.015107274062178655,-6.495429247445968e-05,34.953876,174.439529,0.07132120285423099,-899.377625
9.110608544921888,33.379601,6.430649,7.167103,9.897593,0.415709,77.78647458219548,95.0,-0.024652782296231017,-7.586576798844955e-05,35.023022,174.562851,0.22526004077471953,-811.890991
9.116471337890744,33.256748,6.416181,7.274381,9.907784,0.416386,77.77547380114133,95.0,-0.03564102997048121,-8.842643972005172e-05,34.986198,174.373367,0.23951396534148825,-812.786621
9.122472314453262,33.467472,6.415047,7.090139,9.909687,0.416386,77.76421373624956,95.0,-0.04688826607579769,-0.0001012831612642668,34.939022,174.397217,0.3364384301732924,-863.364807
9.127540429687542,33.333481,6.423825,7.269843,9.908989,0.41418,77.75470406631105,95.0,-0.056387101483050116,-0.00011214128504524164,34.9744,174.386597,0.35924413863404714,-867.230103
9.132803369140674,33.289719,6.423284,7.239546,9.905464,0.41418,77.74482883364742,95.0,-0.066251083123502,-0.00012341680767862832,34.988255,174.399307,0.4590196738022426,-828.294739
9.138471337890678,33.384945,6.394453,7.06691,9.904399,0.415765,77.73419361531839,95.0,-0.07687418456455275,-0.00013556008055781862,34.920959,174.384415,0.21100682976554477,-838.617798
9.145385156250086,33.291737,6.413424,7.150349,9.914574,0.415765,77.7212207195629,95.0,-0.08983230007579998,-0.00015037250925637954,34.97686,174.385757,0.18107410805300692,-850.072144
9.150471337890849,33.341312,6.429427,7.129964,9.908011,0.412699,77.71167715032406,95.0,-0.09936499616131905,-0.00016126933919660057,34.97171,174.54039,0.206730886850153,-819.621521
9.155710107421783,33.390987,6.430056,7.127399,9.903509,0.412699,77.70184726942708,95.0,-0.10918367770517098,-0.00017249307926559028,34.968708,174.449814,0.29510275229357824,-850.920593
9.161488183593974,33.369183,6.445641,7.198621,9.910647,0.413394,77.69100544860554,95.0,-0.12001314625295476,-0.00018487225049370007,34.983387,174.297943,0.3791995922528035,-852.09906
9.167309228515478,33.377842,6.429585,7.218412,9.937209,0.413394,77.68008300242104,95.0,-0.13092314830580506,-0.00019734347961407114,34.985779,174.425018,0.41483374108053,-843.048706
9.172470117187459,33.397041,6.444872,7.173979,9.948867,0.417358,77.6703992549944,95.0,-0.1405958628717239,-0.0002084003647533373,34.967155,174.383942,0.198178389398573,-823.015381
9.177723046875144,33.433407,6.416914,7.238464,9.90871,0.417358,77.66054280437554,95.0,-0.15044108386610916,-0.00021965444208227677,34.948586,174.268021,0.05279133537206907,-897.633545
9.183471093750086,33.318657,6.414576,7.250646,9.928396,0.416394,77.64975732968831,95.0,-0.161214270475693,-0.0002319692773970449,34.948257,174.246887,0.25234240570846145,-815.944824
9.18917617187526,33.291161,6.416303,7.150994,9.933928,0.416394,77.63905248036401,95.0,-0.1719069235802103,-0.00024419205481955174,34.983074,174.484222,0.27087227319062196,-858.698242
9.194476953125104,33.402473,6.409549,7.177382,9.937419,0.412653,77.63823996019543,95.0,-0.1727194475728062,-0.00024422156341412637,34.912704,174.34404,-0.18096829765545402,-823.0625
9.199766992187506,33.356312,6.41838,7.157748,9.915289,0.412653,77.64546671243406,95.0,-0.16550267454893572,-0.00023428323183663553,34.975098,174.326797,-0.03985718654434186,-833.621277
9.205098046875264,33.478901,6.401399,7.20473,9.916476,0.413256,77.65274949634963,95.0,-0.15822994722065273,-0.00022426784470694702,34.995079,174.409439,0.16396972477064192,-842.011658
9.21050893554684,33.403912,6.416879,7.153123,9.923562,0.413256,77.6601413419221,95.0,-0.15084830883556682,-0.00021410247444887383,34.976006,174.483261,0.3834754332313963,-844.604248
9.216479882812564,33.336033,6.403319,7.18096,9.917034,0.411531,77.66829828670242,95.0,-0.14270262774618156,-0.00020288492897210193,34.932392,174.370499,0.6215110091743111,-855.728577
9.221759912109519,33.670296,6.385396,7.203595,9.903509,0.411531,77.6755113645437,95.0,-0.1354995102370784,-0.0001929654026186593,34.956074,174.270905,0.2737226299694193,-845.358398
9.227455957031452,33.224091,6.399445,7.21747,9.904365,0.416093,77.6832927636797,95.0,-0.12772885621179125,-0.00018226431280721203,34.968517,174.313843,0.3150582059123345,-819.857178
9.233173974609599,33.320251,6.411487,7.198761,9.868849,0.416093,77.69110417978551,95.0,-0.11992822666628314,-0.0001715219432356589,34.995586,174.358337,-0.0056485219164122335,-847.385315
9.238492822265925,33.347858,6.394645,7.110819,9.869076,0.413767,77.69837028760675,95.0,-0.11267215240478959,-0.00016152948930602923,35.024643,174.327179,0.36637115188583025,-818.301697
9.243736718749915,33.271778,6.364802,7.221396,9.884347,0.413767,77.70553400420881,95.0,-0.10551832797338319,-0.0001516778452247607,34.967033,174.241348,-0.1567370030581034,-877.176025
9.250326806640714,33.385433,6.429532,7.231676,9.9048,0.412317,77.71453676049352,95.0,-0.09652800333643766,-0.00013929712784100536,34.990124,174.382278,0.33501365953109086,-856.765625
9.255475732421928,33.326424,6.424558,7.193071,9.933509,0.412317,77.72157073708169,95.0,-0.08950373976465308,-0.00012962390405619448,35.004993,174.37738,-0.0156258919469927,-880.994141
9.261455712890893,33.348503,6.415064,7.164206,9.93248,0.411537,77.72974002217181,95.0,-0.08134573540584362,-0.00011838938801137904,35.066738,174.212112,0.6386152905198772,-828.907532
9.26677480468743,33.506084,6.387228,7.275411,9.919704,0.411537,77.73700646351493,95.0,-0.07408932808301429,-0.00010839647541774819,35.018536,174.301407,0.5844520897043831,-895.276733
9.27251577148445,33.37336,6.429497,7.20253,9.92775,0.413407,77.74484923067808,95.0,-0.06625739077194201,-9.761099143008447e-05,35.005394,174.374176,-0.056961467889907934,-808.025757
9.278455712890718,33.369499,6.3955,7.218726,9.942079,0.413407,77.7529638181788,95.0,-0.05815400847220191,-8.645169628146193e-05,35.036949,174.224487,0.17822293577981668,-804.301941
9.284122705078062,33.351131,6.398851,7.161082,9.908606,0.413009,77.76070552821031,95.0,-0.050422988745873615,-7.580518748615469e-05,35.07056,174.303284,-0.2094755351681964,-841.116089
9.289947656250206,33.375401,6.429916,7.07417,9.930071,0.413009,77.76866302690244,95.0,-0.04247647833529,-6.486192308208626e-05,35.031609,174.399567,-0.1866697247706427,-820.941345
9.295457666015864,33.470547,6.424157,7.244869,9.903474,0.409522,77.77619028236089,95.0,-0.03495961704787387,-5.451033523953545e-05,35.01543,174.245621,0.11550713557594361,-844.36853
9.300470605468945,33.376076,6.407996,7.165637,9.915341,0.409522,77.78303848725822,95.0,-0.028120868640123642,-4.509258730337983e-05,34.998814,174.258957,0.56877257900102,-858.933899
9.307461572265765,33.44149,6.429968,7.189494,9.967,0.41543,77.79258888648071,95.0,-0.018583657289812983,-3.19587436296928e-05,34.970924,174.250366,0.3478412844036698,-859.735291
9.313106591796895,33.426033,6.457211,7.221431,9.921991,0.41543,77.80030057954244,95.0,-0.010882613083705694,-2.135351459449142e-05,34.991276,174.245941,-0.01990254841997986,-818.678772
9.318181542968887,33.439327,6.428956,7.149406,9.910717,0.417286,77.80723349899897,95.0,-0.003959267096665081,-1.1819266002036983e-05,35.000282,174.213608,0.3392895005096837,-853.607422
9.32390639648429,33.356037,6.417717,7.147661,9.904085,0.417286,77.8150542537176,95.0,0.0038506881662451198,-1.0640538384508978e-06,35.018394,174.151138,-0.035581243628950085,-840.220459
9.331152490234672,33.353092,6.415431,7.210663,9.905097,0.415786,77.82474349402528,95.0,0.013535355055860338,3.5086911667053026e-06,35.08852,174.310211,-0.1310801223241584,-866.098755
9.337338525390805,33.411198,6.416687,7.087643,9.94508,0.415786,77.83293570106325,95.0,0.02172710871755364,3.9824843255243636e-06,35.014103,174.135193,0.2965283384301726,-807.931458
9.342469384765536,33.357643,6.425221,7.171379,9.9233,0.410706,77.83973053187508,95.0,0.028521563487233427,4.375460765091078e-06,35.062305,174.082916,-0.07121549439347556,-886.462036
9.348455468750217,33.454075,6.418241,7.245707,9.904853,0.410706,77.84765794226121,95.0,0.03644853515157387,4.833939510891242e-06,35.016022,174.22049,0.17394709480122383,-851.910461
9.353795312500097,33.544662,6.40948,7.206248,9.92782,0.413333,77.85472953245517,95.0,0.04351973398686299,5.242922223405667e-06,35.046318,174.187622,0.543116411824669,-803.029236
9.359628320312368,33.485218,6.395099,7.150261,9.938414,0.413333,77.86245422306023,95.0,0.051243997089127434,5.689676748249973e-06,35.104259,174.150879,0.012881345565749686,-880.899841
9.365483300781307,33.454391,6.405204,7.181798,9.930071,0.41406,77.87020801219846,95.0,0.058997357114177904,6.138114175623828e-06,34.976982,174.151306,0.26802120285423064,-838.146423
9.370568261718745,33.478725,6.414541,7.260297,9.963545,0.41406,77.87694205940767,95.0,0.0657310316451491,6.527575218795483e-06,35.030628,174.382019,-0.09972262996941901,-857.661194
9.376374169921746,33.45665,6.443336,7.274224,9.993509,0.415666,77.88463086182183,95.0,0.0734194085426441,6.972254163853345e-06,35.054485,174.240112,0.05421692150866492,-846.254028
9.381455224609454,33.385708,6.417037,7.173211,10.035866,0.415666,77.89135973595847,95.0,0.08014791028734222,7.361416024353081e-06,35.112045,174.108566,-0.08261834862385294,-858.368286
9.386469140625195,33.472607,6.430562,7.251449,10.019164,0.414103,77.89799969791042,95.0,0.08678750476797192,7.745435682679193e-06,35.085342,174.137695,0.38775208970438346,-839.230591
9.392470117187713,33.372532,6.445641,7.236405,9.997925,0.414103,77.90594683063571,95.0,0.09473419767997845,8.205055062416053e-06,35.063599,174.331345,0.43478837920489344,-840.12616
9.397962060546888,33.512802,6.415239,7.188708,9.988641,0.413872,77.9132198473426,95.0,0.1020068118807753,8.625687200218357e-06,35.101555,174.128036,0.43051253822629915,-832.301392
9.403471093749886,33.443813,6.430597,7.195323,9.951188,0.413872,77.92051549624195,95.0,0.10930205702151685,9.04762826221031e-06,35.090996,174.074326,0.41910958205912285,-828.389038
9.409470117187539,33.484825,6.392796,7.189476,9.935167,0.417349,77.92846004243096,95.0,0.11724616354038685,9.50709805061121e-06,35.152359,174.188004,0.14116401630988717,-880.051392
9.416403955078295,33.544327,6.373004,7.250733,9.946825,0.417349,77.93764256954775,95.0,0.12642818247423135,1.0038165992185926e-05,35.062252,174.110382,0.01145575942915384,-835.506714
9.421681054687724,33.44754,6.376809,7.19452,9.991939,0.411834,77.94463106726366,95.0,0.13341629343000927,1.0442343083032638e-05,35.135517,174.123886,0.09412701325178324,-837.957886
9.427470117187568,33.632622,6.386006,7.197242,10.016285,0.411834,77.95229756080238,95.0,0.14108236268670163,1.0885731802817846e-05,35.070717,174.247742,0.10410428134556622,-865.62738
9.433454980468923,33.555473,6.410509,7.193769,9.93515,0.411,77.96022335460334,95.0,0.14900771785533173,1.1344117054033035e-05,35.058834,174.144684,0.24664097859327277,-826.362122
9.439590966796914,33.480602,6.395745,7.238744,9.907052,0.411,77.9683492816491,95.0,0.1571331951929013,1.1814076934868123e-05,35.147263,173.968964,0.25946941896024456,-830.840149
9.444802880859243,33.450977,6.398886,7.17616,9.910455,0.413652,77.96903782643572,95.0,0.15782328112871724,1.0255163739479369e-05,35.139095,174.061417,0.08985107033639146,-874.442078
9.450454980468749,33.529011,6.430387,7.230768,10.029112,0.413652,77.95395796889342,95.0,0.14274999325232635,3.577173067515156e-06,35.061626,174.189651,0.3549682976554543,-811.749573
9.455572900390507,33.523067,6.444838,7.207557,9.974591,0.416633,77.94030330802957,95.0,0.12910128115553646,-2.4696809973799144e-06,35.108677,174.154022,0.4020053007135582,-827.304871
9.461231835937724,33.469227,6.395553,7.319058,10.007681,0.416633,77.92520521213855,95.0,0.11400976287611594,-9.15574837181119e-06,35.079006,173.976059,-0.001372680937817939,-891.929993
9.466469873047117,33.60149,6.41023,7.214817,9.9896,0.414906,77.91123007743293,95.0,0.10004071655466257,-1.534452163719896e-05,35.095882,174.040985,0.15969388379204907,-820.941345
9.472468896484315,33.552048,6.410056,7.311973,9.993632,0.414906,77.89522462369317,95.0,0.084042235724518,-2.2432404959366663e-05,35.050316,174.223633,0.042814067278287536,-861.055115
9.479304833984315,33.503727,6.43105,7.164031,9.989112,0.415142,77.87698627497456,95.0,0.06581183269488881,-3.0509107426430634e-05,35.063545,174.061783,0.05279133537206907,-853.560303
9.484727685547114,33.541237,6.429916,7.197051,9.984557,0.415142,77.86251805348394,95.0,0.05134991440581298,-3.691624011208866e-05,35.031242,174.026215,0.21100682976554477,-832.44281
9.49046865234368,33.568298,6.424489,7.182548,9.994766,0.414835,77.8472010974083,95.0,0.0360396312900369,-4.369922791612471e-05,35.034504,174.114914,0.4989297655453624,-871.142456
9.496537744140824,33.492634,6.376635,7.265777,9.990717,0.414835,77.83100870059417,95.0,0.019854288828838607,-5.086989743857982e-05,35.027069,174.068619,0.18107410805300692,-861.809326
9.502570703125002,33.459934,6.362289,7.30473,9.990578,0.414547,77.8149127064804,95.0,0.0037653070693683677,-5.799787581942331e-05,35.115238,173.94838,0.15826829765545325,-850.35498
9.507624658202985,33.641697,6.383842,7.233194,9.968204,0.414547,77.80142870445098,95.0,-0.009712820541929984,-6.396915502551942e-05,35.122585,174.084885,-0.06123741080530115,-828.011902
9.513470605468683,33.65398,6.389793,7.302531,9.991032,0.413896,77.7858316594486,95.0,-0.025303070561375346,-7.087617790315681e-05,35.075745,174.012024,0.07274678899082539,-869.775513
9.519296533203033,33.474583,6.420038,7.141588,10.008135,0.413896,77.77028802675318,95.0,-0.04083993154337684,-7.775954758071208e-05,35.058136,173.923096,0.33358807339449503,-821.035645
9.524454492187488,33.513718,6.429165,7.235707,9.961363,0.41306,77.75652654127539,95.0,-0.05459542171505452,-8.385370804577139e-05,35.057766,173.971954,-0.05553588175331354,-857.896912
9.529786523437451,33.496822,6.414506,7.17157,9.907523,0.41306,77.74230062927488,95.0,-0.0688151360781653,-9.015353597008128e-05,35.136024,174.168533,0.07274678899082539,-844.085693
9.535468652343752,33.552376,6.444087,7.279616,9.914399,0.413742,77.72714065327214,95.0,-0.08396850751072207,-9.686700644216866e-05,35.109985,174.054794,0.008605402650356463,-905.175537
9.540571435547008,33.533264,6.416373,7.146265,9.947087,0.413742,77.7135263773233,95.0,-0.09757685228651775,-0.00010289597638017237,35.080559,173.958145,0.18392436289500538,-789.689392
9.546469384765714,33.584259,6.40119,7.24459,9.986669,0.415256,77.69779059059674,95.0,-0.11330578358615284,-0.00010986443988729135,35.081329,174.038635,0.21955861365953086,-854.125916
9.55163442382809,33.566826,6.407507,7.237487,10.012969,0.415256,77.68401021540065,95.0,-0.12708015524668265,-0.00011596696550847727,35.092426,174.137329,-0.09117013251783901,-842.200195
9.55745449218739,33.57468,6.410056,7.289773,10.02974,0.412941,77.66848221557555,95.0,-0.1426013901689444,-0.0001228434122982036,35.101257,173.915512,0.2751481141692148,-850.826355
9.56291738281243,33.609314,6.373249,7.186649,10.004121,0.412941,77.653907169471,95.0,-0.1571700865329081,-0.00012929785138402587,35.155918,173.90683,0.04994026503567776,-870.246826
9.568469384765649,33.704056,6.389951,7.369739,10.03002,0.412264,77.63909437346351,95.0,-0.17197642922207945,-0.0001358575760555795,35.079845,174.032135,0.11265688073394516,-907.815186
9.57357241210957,33.774746,6.361818,7.22089,10.044348,0.412264,77.65314122946634,95.0,-0.15795358135238308,-0.00011173406467929512,35.125969,173.975052,0.07559714576962277,-859.68811
9.579469384765616,33.684509,6.40742,7.255672,10.041625,0.41257,77.67847145638862,95.0,-0.13266094490843497,-7.394014267274039e-05,35.062027,173.917648,-0.08404393476044879,-859.452454
9.58458535156251,33.729012,6.428816,7.240768,9.994539,0.41257,77.70044690166297,95.0,-0.11071811156062787,-4.115171691935155e-05,35.16803,173.909592,-0.10827441386340508,-849.977844
9.5904771972655,33.667351,6.364924,7.224363,9.956302,0.414456,77.72575510594862,95.0,-0.08544746507135902,-3.3906537503449353e-06,35.071102,174.142181,0.13973843017329277,-829.850281
9.595646386718727,33.691196,6.408834,7.172164,9.973283,0.414456,77.74795916716522,95.0,-0.0632763550511672,2.9738878030924543e-05,35.104015,174.073898,0.7198617737003051,-850.826355
9.601517236328164,33.672401,6.395256,7.221937,10.002725,0.413124,77.77317718351036,95.0,-0.03809576266201342,6.736537643663878e-05,35.078239,173.887619,-0.08974536187563747,-829.001831
9.607470117187404,33.701153,6.395832,7.236841,9.977629,0.413124,77.7987475620417,95.0,-0.012563330997991451,0.00010551761624312317,35.181713,173.906296,0.4590196738022426,-862.846313
9.614512109375028,33.59499,6.314191,7.215899,9.993824,0.41177,77.82899617781327,95.0,0.01764039532432532,0.00015065001196876135,35.17379,173.996597,0.06847013251783823,-856.859863
9.620469140625119,33.519489,6.339113,7.241675,10.007088,0.41177,77.85458438419333,95.0,0.04319062838023052,0.00018882885178659424,35.064068,173.818481,0.13403700305810407,-852.85321
9.625552148437691,33.600151,6.370317,7.270821,9.973178,0.410923,77.876418255375,95.0,0.06499209773367093,0.00022140604215574507,35.11866,173.919632,-0.1125510703363908,-879.061523
9.631469140625086,33.518311,6.351085,7.256562,9.967733,0.410923,77.90183447544987,95.0,0.09037059971493808,0.00025932827009939247,35.184071,173.989716,0.05991834862385361,-855.351501
9.63766005859361,33.550194,6.353319,7.245689,9.995552,0.409236,77.92842733353945,95.0,0.11692399356049724,0.0002990060987920403,35.146336,173.794479,0.09412701325178324,-855.351501
9.64428505859405,33.456932,6.333685,7.210663,10.029984,0.409236,77.9568847748644,95.0,0.14533920356890065,0.00034146597573043015,35.158447,173.887665,-0.12395392456676818,-860.489441
9.649469140625115,33.475075,6.384052,7.24206,10.007035,0.413195,77.97915280659696,95.0,0.16757418917173225,0.0003746909546112442,35.187035,174.090118,0.11978307849133538,-834.045471
9.655470117187633,33.582951,6.339758,7.108114,10.022986,0.413195,78.00492977843392,95.0,0.19331290755345967,0.00041315144160806116,35.176022,173.892685,0.05421692150866492,-829.190369
9.660724023437524,33.500977,6.376146,7.235183,10.012847,0.410562,78.02749773750354,95.0,0.21584737539620882,0.00044682392656214987,35.185589,173.760452,0.4590196738022426,-873.405029
9.666507958984312,33.564156,6.33639,7.326772,9.992184,0.410562,78.0523424177228,95.0,0.24065518569651415,0.00048389338943609567,35.136772,173.90416,-0.1652895005096834,-876.75177
9.672567041015554,33.551567,6.380858,7.192059,9.978029,0.413507,78.07836897944166,95.0,0.2666431235646066,0.0005227262765917914,35.153736,173.942352,0.13973843017329277,-819.338684
9.678454003906154,33.718815,6.357141,7.254154,10.012009,0.413507,78.10365620978766,95.0,0.2918928272398952,0.0005604560456297998,35.107925,173.812836,-0.0042230377166153155,-870.576843
9.683670800781329,33.50222,6.374087,7.270088,9.975638,0.412677,78.12606476691589,95.0,0.3142681296963945,0.000593890695188302,35.136147,173.762466,-0.17384128440366947,-863.506226
9.688783837890696,33.642437,6.368624,7.280437,10.033492,0.412677,78.14802762782645,95.0,0.33619839735581336,0.0006266603444630919,35.148537,173.837265,0.091275840978593,-862.893433
9.694453759765565,33.719109,6.360701,7.268168,10.023545,0.410426,78.17238256655475,95.0,0.3605171929496799,0.0006629990893782293,35.138641,173.915787,-0.11682691131498509,-864.920349
9.699505761718683,33.594643,6.421364,7.308657,10.026913,0.410426,78.16894170676989,95.0,0.35709593057078054,0.0006435108706728213,35.164314,173.872955,0.3720725790010189,-883.398132
9.704751855468658,33.706402,6.395954,7.269197,10.038292,0.410789,78.16419393653761,95.0,0.3523709310368916,0.0006208505123896809,35.189304,173.778,0.41055790010193716,-858.981079
9.711291650390649,33.657688,6.338799,7.278046,10.058694,0.410789,78.15827535308581,95.0,0.34648073360044884,0.0005926020473240405,35.194088,173.93158,0.2124323139653417,-875.00769
9.716999658203349,33.652527,6.340945,7.199494,10.034313,0.412219,78.15310954575006,95.0,0.34133970190357976,0.0005679464638979505,35.151329,173.851822,5.290519877645765e-05,-853.277466
9.722076806640871,33.613304,6.329479,7.191937,10.0407,0.412219,78.14851467280933,95.0,0.336766866353191,0.0005460158602654027,35.164524,173.803818,-0.14533414882772747,-836.685181
9.727463769531369,33.617962,6.358449,7.269442,10.040002,0.413434,78.14363941451748,95.0,0.33191499020300214,0.0005227470215871872,35.194454,173.800293,0.04423883792048907,-889.007446
9.733317773437648,33.672718,6.342271,7.287662,10.031084,0.413434,78.13834147917545,95.0,0.3266424641966922,0.000497460812032406,35.162899,173.803711,0.11408165137614669,-859.68811
9.738493554687466,33.498447,6.426024,7.286999,10.023144,0.411341,78.13365734249803,95.0,0.32198079302587845,0.0004751041666674312,35.180229,173.726624,0.08557441386340431,-843.755737
9.745440576171859,33.488686,6.395274,7.321013,10.052411,0.411341,78.12737021470765,95.0,0.3157238188199585,0.00044509669761741454,35.145622,173.866394,0.06847013251783823,-853.795959
9.751367578125155,33.638794,6.381137,7.207906,10.039827,0.415785,78.12200621536249,95.0,0.31038554565892806,0.0004194951749982876,35.191208,173.891785,0.108380224260958,-845.641235
9.75646767578155,33.594402,6.366128,7.277854,10.025186,0.415785,78.11739057313649,95.0,0.30579204043448005,0.0003974654428438385,35.229042,173.752441,-0.04840968399592187,-860.58374
9.762453515625111,33.484715,6.375902,7.291833,10.08297,0.414414,78.11197332487909,95.0,0.3004007737474041,0.0003716097715674965,35.18639,173.738312,0.32218521916411763,-855.634338
9.767482568359355,33.568115,6.396478,7.183438,10.062254,0.414414,78.10742197905748,95.0,0.29587125655647994,0.000349886916007444,35.172482,173.900681,0.11978307849133538,-837.250793
9.772501611328153,33.678555,6.372289,7.315446,10.04262,0.413905,78.10287969217944,95.0,0.29135075486168804,0.0003282072973558803,35.23489,173.935303,-0.06693883792048985,-887.121948
9.778453515625188,33.62886,6.356687,7.320559,10.071363,0.413905,78.09749315595026,95.0,0.28599005290540186,0.00030249820974490304,35.14386,173.705612,0.01145575942915384,-861.573608
9.783468408203134,33.50074,6.363196,7.293718,10.053528,0.411366,78.09295462521956,95.0,0.28147328934315263,0.00028083651859198106,35.227646,173.693283,-0.2550869520897045,-850.3078
9.789330468749995,33.481815,6.358624,7.251414,10.048257,0.411366,78.08764939853269,95.0,0.2761935069619069,0.00025551550859866,35.1992,173.748383,0.07702262996941824,-844.509949
9.795633447265573,33.598873,6.326617,7.246213,10.05426,0.411593,78.08194513642889,95.0,0.27051660297054386,0.0002282899655143415,35.190491,173.773361,0.028560040774719915,-852.523254
9.801495263671768,33.491924,6.325709,7.243351,9.9955,0.411593,78.07664013069187,95.0,0.2652370404794478,0.00020297001007976403,35.25494,173.649536,0.09982844036697193,-851.863342
9.807467431640816,33.513706,6.35351,7.288901,10.005988,0.413536,78.07123525562568,95.0,0.2598580876407476,0.0001771733940930654,35.250858,173.718628,0.13261151885830716,-880.098511
9.8132003417968,33.699268,6.411539,7.246649,10.02632,0.413536,78.06604691140592,95.0,0.2546946271486227,0.00015241024567512506,35.243282,173.786484,0.004328746177370752,-871.330994
9.81847426757804,33.471844,6.38824,7.227592,10.041486,0.412156,78.06127395289151,95.0,0.24994456013768318,0.00012962966769521067,35.202271,173.757141,0.21813384301732933,-833.102722
9.823795312499897,33.750774,6.32173,7.246492,10.017629,0.412156,78.05914629351211,95.0,0.2477921786148497,0.00015432715712377919,35.200211,173.816513,-0.15531141692150902,-873.169373
9.829516259765569,33.647556,6.329217,7.266318,10.044331,0.41001,78.05842989599492,95.0,0.24702125011781584,0.00020875180137499153,35.232952,173.802368,0.0342614678899086,-843.944275
9.834936181640842,33.64175,6.365745,7.305864,10.040822,0.41001,78.05775119395585,95.0,0.24629088641559452,0.0002603127241069044,35.154121,173.737396,0.007179918450560994,-840.079041
9.840527246093643,33.602745,6.376356,7.201623,10.025989,0.413941,78.05705106082986,95.0,0.24553746032800128,0.00031350176426382046,35.19569,173.665222,-0.014201121304791167,-887.687622
9.84554628906244,33.547718,6.390317,7.194031,10.045046,0.413941,78.05642255828396,95.0,0.24486111722033163,0.0003612490367648414,35.241554,173.702988,0.08557441386340431,-828.766113
9.85146816406268,33.56002,6.401399,7.260803,10.048501,0.417109,78.05568099987586,95.0,0.2440631126274902,0.0004175851512596738,35.143543,173.772614,0.15969388379204907,-872.132324
9.85701503906239,33.659184,6.346634,7.281083,10.119723,0.417109,78.05498640031153,95.0,0.24331564130701866,0.00047035380731683867,35.208885,173.668472,0.01715718654434253,-867.748596
9.86245620117188,33.551929,6.334645,7.233002,10.024854,0.413016,78.0543050384942,95.0,0.242582415368667,0.0005221167931243225,35.252708,173.624893,0.29795392456676845,-830.510193
9.867509179687659,33.65942,6.349881,7.257906,10.011363,0.413016,78.05367228641751,95.0,0.24190149926304205,0.0005701869020334397,35.253143,173.769241,-0.3705412844036691,-881.984009
9.872567041015827,33.693989,6.395483,7.251972,10.034348,0.413895,78.05303892289753,95.0,0.24121992517209975,0.0006183034622242973,35.180073,173.80867,0.21670825688073347,-843.284363
9.878228906250115,33.56242,6.354732,7.334381,10.050613,0.413895,78.05232992384401,95.0,0.2404569582974054,0.00067216604596645,35.208675,173.588242,0.061343934760448006,-883.492432
9.88356997070332,33.563457,6.383685,7.306022,10.073737,0.415138,78.05166109661388,95.0,0.23973722105805875,0.0007229767804982544,35.253563,173.595825,-0.00707410805300663,-816.887573
9.889467919922026,33.674137,6.395954,7.318831,10.06831,0.415138,78.05092253427784,95.0,0.23894244059327216,0.0007790852837125585,35.263546,173.698563,-0.1823938837920484,-899.094788
9.89537587890618,33.632534,6.366966,7.236475,10.085814,0.416148,78.0501827184831,95.0,0.23814631125858507,0.0008352890120544306,35.232273,173.628036,-0.03700682976554593,-847.950989
9.90065883789066,33.541183,6.373476,7.21822,10.026983,0.416148,78.04952116742798,95.0,0.2374344040445145,0.0008855469763335234,35.255013,173.537735,0.10695535168195754,-844.934204
9.906467919921852,33.689419,6.375919,7.270157,10.04063,0.417195,78.04879373335962,95.0,0.23665159891250304,0.0009408100662201511,35.174297,173.595764,0.08700000000000015,-865.203186
9.912452783203207,33.741306,6.350317,7.292078,10.024818,0.417195,78.04804428733323,95.0,0.23584510630906821,0.0009977454022494353,35.225605,173.690613,0.13973843017329277,-859.028198
9.917612939453193,33.814419,6.361469,7.249093,10.019094,0.415745,78.04739811407656,95.0,0.23514974742572814,0.0010468351167927557,35.207508,173.606659,0.05421692150866492,-806.046021
9.922639794921906,33.703247,6.330404,7.264608,10.000438,0.415745,78.0467686332214,95.0,0.2344723515415508,0.0010946567113445614,35.23613,173.587189,-0.1624384301732921,-889.761658
9.928477685547023,33.676666,6.366024,7.313439,10.009531,0.414646,78.0460375916377,95.0,0.2336856642961672,0.0011501938637934579,35.264103,173.666824,0.13118674821610563,-861.196533
9.934467675781434,33.741184,6.330823,7.33946,10.033039,0.414646,78.04528750359586,95.0,0.23287848080814919,0.0012071779736685696,35.208797,173.67482,-0.014201121304791167,-862.28064
9.939524804687608,33.768017,6.399148,7.27726,10.014679,0.417307,78.04465423179238,95.0,0.2321970054150045,0.0012552875661671662,35.200527,173.595078,-0.08689418960244578,-875.667603
9.945016748046783,33.643127,6.394331,7.241117,10.027734,0.417307,78.04396651096495,95.0,0.23145693642935275,0.0013075336453047509,35.275745,173.594284,-0.21660244648318056,-862.32782
9.950514794922128,33.804611,6.337385,7.195846,10.05358,0.416325,78.36673872005775,95.0,0.38392506851661723,0.001296612243152111,35.194748,173.616791,-0.1367823649337414,-853.701721
9.956466699218709,33.782658,6.378397,7.34021,10.011974,0.416325,78.91589913798862,95.0,0.6435890413891571,0.001245746196828718,35.264225,173.608307,-0.20377400611620733,-908.663696
9.961563623046914,33.812378,6.411661,7.295882,10.041015,0.414768,79.38617363838416,95.0,0.8659527462851747,0.0012021869676112165,35.295395,173.567123,0.19390254841998017,-867.984253
9.966662744140649,33.805584,6.340212,7.262723,10.024889,0.414768,79.85665087243413,95.0,1.0884123113787334,0.0011586089601658583,35.215275,173.620361,0.40913231396534133,-848.516602
9.972466699218785,33.861671,6.394698,7.338884,10.043755,0.414219,80.3921605576333,95.0,1.3416216976168438,0.0011090073145181279,35.235432,173.698242,0.08129857288481146,-897.020752
9.9784525390628,33.789951,6.326669,7.325271,10.048711,0.414219,80.94445208422707,95.0,1.6027661779847395,0.0010578512488978423,35.245831,173.444534,0.08129857288481146,-852.664673
9.9835125976565,33.68837,6.348921,7.278605,10.037472,0.414311,81.41132516442048,95.0,1.8235215617886797,0.0010146070766143753,35.206112,173.524445,-0.022752905198777235,-832.348572
9.988634423827989,33.752911,6.368781,7.223735,10.040002,0.414311,81.88389731289958,95.0,2.046971682256829,0.0009708350274811679,35.287334,173.639679,-0.24510968399592295,-866.193054
9.994452539062422,33.910931,6.32468,7.178569,10.018047,0.414656,82.42071350387175,95.0,2.300798834212426,0.0009211123665872521,35.294174,173.58078,-0.30639989806320017,-804.726135
10.000301416015645,33.910545,6.356041,7.318133,10.019967,0.414656,82.96036796600596,95.0,2.5559680289335973,0.0008711268105033468,35.277195,173.458618,-0.09259561671763447,-881.324097
10.005467431640682,33.732601,6.343196,7.259826,10.043755,0.412656,83.43701731353528,95.0,2.7813460044856275,0.0008269771103432503,35.247211,173.428528,0.045664424057084915,-866.051636
10.010622460937611,34.028969,6.377594,7.25288,10.067385,0.412656,83.91265299279245,95.0,3.006244679049953,0.0007829213013224355,35.293442,173.684326,0.3036553516819572,-837.816467
10.016467431640649,33.943478,6.365151,7.314887,10.050648,0.416468,84.451947039541,95.0,3.261243455642162,0.0007329691287547195,35.269478,173.650604,0.206730886850153,-840.079041
10.02151333007805,33.668911,6.380456,7.312112,10.047611,0.416468,84.91751361396142,95.0,3.481381073728616,0.0006898459717174381,35.255432,173.470352,0.2551927624872574,-846.536865
10.02745546874985,33.695351,6.348258,7.286946,10.02529,0.414952,85.46577299342815,95.0,3.740619001278751,0.0006390633841845179,35.25494,173.54866,-0.00707410805300663,-874.724915
10.032659326172052,33.674072,6.360509,7.26843,10.054296,0.414952,85.945913865006,95.0,3.967647902455099,0.0005945902812113394,35.267754,173.638397,0.19105137614678847,-866.852966
10.038467431640584,33.812695,6.405099,7.325027,10.088292,0.415154,86.48180649155243,95.0,4.221038357955232,0.0005449531655776581,35.246811,173.475098,-0.08546870540265032,-873.499329
10.043488183594036,33.699539,6.383965,7.241222,10.0718,0.415154,86.9450528919277,95.0,4.440078909336493,0.000502044914925844,35.320892,173.555649,-0.23940825688073425,-834.23407
10.04946621093768,33.728905,6.382761,7.308168,10.079357,0.413062,87.49662358775014,95.0,4.7008825534464656,0.00045095561633793637,35.327438,173.561356,-0.3790937818552491,-912.623169
10.05464833984388,33.785686,6.360701,7.277435,10.036686,0.413062,87.97475964874529,95.0,4.926963503780463,0.00040666820917355977,35.36454,173.43985,0.18962579001019406,-843.001587
10.060467187499853,33.717777,6.386548,7.294381,10.077751,0.412165,88.51164341760227,95.0,5.18082260913524,0.0003569392888703584,35.328781,173.361694,0.2608941896024461,-845.829773
10.066805078125071,33.818707,6.347507,7.272426,10.108223,0.412165,89.09641738082823,95.0,5.457326023375821,0.0003027745338535291,35.277401,173.528122,0.12120856269113085,-867.512878
10.072466210937364,33.792538,6.374698,7.26939,10.084854,0.413729,89.61874937848937,95.0,5.704304496773765,0.00025439347301646313,35.276337,173.644638,0.2480657492354743,-817.358948
10.077484033203291,33.807995,6.360055,7.199092,10.058903,0.413729,90.10184095266253,95.0,5.929904575543493,0.0002530092775184203,35.32674,173.443634,0.18392436289500538,-854.361633
10.083466210937786,33.758366,6.343964,7.213805,10.050578,0.41666,90.68418236647935,95.0,6.200991626533247,0.00026457565729289553,35.321136,173.452118,-0.12680428134556554,-865.391724
10.088501123047081,33.772816,6.383197,7.355673,10.026948,0.41666,91.17431120691292,95.0,6.429152596723089,0.00027431052445565116,35.322918,173.56488,0.047089908256880385,-852.758972
10.094466943359294,33.74004,6.355797,7.38131,10.042271,0.414828,91.75506029020997,95.0,6.699498398379442,0.0002858452775948209,35.273495,173.510254,-0.10399857288481079,-892.07135
10.09973012695309,33.565529,6.416932,7.312932,10.072655,0.414828,92.26741045953874,95.0,6.938003668968231,0.00029602150153385437,35.301922,173.372528,-0.21375137614678924,-889.148865
10.10546694335926,33.678261,6.365203,7.346912,10.093441,0.416025,92.82586691555912,95.0,7.197971979956977,0.00030711348177874756,35.338608,173.375031,-0.1310801223241584,-846.631104
10.110488916015584,33.77383,6.368205,7.320071,10.158345,0.416025,93.31473615125319,95.0,7.42554658873383,0.00031682333085685866,35.254993,173.48822,-0.056961467889907934,-888.818909
10.116642968750057,33.631737,6.330194,7.29302,10.200231,0.417077,93.91380891859107,95.0,7.704422289435733,0.00032872202632170766,35.281384,173.417435,-0.03273017329255877,-898.670593
10.121780908203164,33.877235,6.375919,7.447384,10.212795,0.417077,94.41396706468645,95.0,7.93725202408371,0.00033865609408295454,35.289322,173.296768,0.21100682976554477,-917.572571
10.1272838378909,33.751644,6.372149,7.506634,10.290231,0.413292,94.94965557088693,95.0,8.186621575947116,0.00034929586064691285,35.299427,173.481827,0.09840285423037753,-920.825073
10.132466943359304,33.817398,6.364593,7.424103,10.34627,0.413292,95.45421045050702,95.0,8.421498043829109,0.00035931725568474936,35.27002,173.51474,0.21528267074413907,-909.653564
10.138466943359617,33.713154,6.354191,7.491171,10.42168,0.416017,96.03828679160655,95.0,8.693392724689582,0.0003709180943305276,35.29414,173.2957,-0.5558391437308867,-928.69696
10.143714746093792,33.857208,6.361294,7.609671,10.502815,0.416017,96.54913969492421,95.0,8.931200999636518,0.0003810645797915872,35.295151,173.404633,-0.3847952089704378,-951.841309
10.149504785156296,33.731335,6.391853,7.678852,10.59943,0.412911,97.1127771666656,95.0,9.193581136814537,0.0003922594646110564,35.307297,173.383087,-0.4346825688073391,-963.295654
10.155465722656118,33.653336,6.357333,7.712639,10.742678,0.412911,97.69305092741943,95.0,9.463705670013159,0.00040378477696356783,35.376827,173.312729,0.047089908256880385,-970.130554
10.162356835937771,33.655331,6.34913,7.82873,10.936378,0.41443,98.36387363265524,95.0,9.775981844409632,0.0004171085591744945,35.371452,173.317261,0.06989571865443407,-988.514099
10.16833461914075,33.787464,6.337088,7.921803,11.014983,0.41443,98.94578725618317,95.0,10.046869753787428,0.0004286664422409772,35.306339,173.361633,-0.09829704383282317,-1036.1698
10.173465722656147,33.800205,6.327786,7.902012,11.126816,0.412577,99.44527995071803,95.0,10.279389712594579,0.00043858729290090236,35.326897,173.458084,0.010030173292557995,-1020.237427
10.178538720703273,33.83112,6.375605,8.000686,11.256415,0.412577,99.93911630698867,95.0,10.509276576754727,0.0004483957981995931,35.30941,173.270416,0.012881345565749686,-1071.89978
10.184442773437695,33.702541,6.347559,8.201246,11.328563,0.410157,100.51385256011409,95.0,10.776823332420777,0.00045981112538753474,35.388905,173.314163,-0.18524413863404685,-1080.620117
10.190481591796924,33.792538,6.395047,8.262921,11.551339,0.410157,101.10170771543216,95.0,11.050477097520217,0.0004714870182872468,35.288082,173.388687,-0.21090101936799185,-1111.259277
10.195605615234399,33.699879,6.407316,8.277407,11.641846,0.409591,101.60051119227937,95.0,11.282676217063658,0.00048139417980651734,35.296093,173.292618,-0.20234852191641187,-1138.363159
10.201481591796892,33.755692,6.396425,8.346169,11.716279,0.409591,102.14192700804814,95.07386592869508,11.525063437418213,0.0004993447313823554,35.289845,173.180649,-0.15531141692150902,-1130.396973
10.207986474609243,33.75565,6.392254,8.557862,11.928008,0.410783,102.72213179943648,95.20190469026896,11.778431274120623,0.0005233439629323001,35.257942,173.283325,-0.1952215086646273,-1156.793823
10.21394863281239,33.861156,6.379846,8.648719,12.050173,0.410783,103.25392812170396,95.31926074027629,12.010659766092907,0.0005453408565549244,35.290562,173.363983,0.061343934760448006,-1186.301758
10.219508447265525,33.735664,6.375937,8.813623,12.269686,0.407925,103.74983728377748,95.42869726322036,12.227216805021895,0.0005658533359156394,35.274349,173.212646,0.24664097859327277,-1199.688721
10.225466455078276,33.885853,6.427298,8.871181,12.410839,0.407925,104.28126341082452,95.54597161907716,12.459283637587784,0.0005878349170125037,35.28756,173.255905,-0.012775535168195322,-1239.943848
10.231139550781336,33.814518,6.413808,8.932438,12.637979,0.405459,104.78727672479731,95.6576379117769,12.680253027373622,0.0006087653382527854,35.281139,173.326706,-0.08831977573904164,-1254.320679
10.237483544921815,33.857723,6.406373,9.133312,12.760806,0.405459,105.35313100734597,95.78250982363312,12.927354184734083,0.0006321709842453283,35.320702,173.266373,-0.23513231396534104,-1293.350342
10.243466455078305,33.85685,6.443494,9.228932,12.947946,0.405263,105.88677830571568,95.90027434439311,13.160390973738332,0.0006542444404967526,35.293266,173.31192,-0.20519959225280318,-1311.450928
10.250355371093974,33.998604,6.433459,9.357938,13.11498,0.405263,106.50123704309014,96.03587221766026,13.428717060220537,0.0006796605310479006,35.274662,173.276123,-0.06978990825688117,-1333.982544
10.255500390625002,33.963417,6.441068,9.41635,13.176813,0.404547,106.96014845930836,96.13714413108946,13.62911766788705,0.0006986426585694265,35.274872,173.198456,0.13261151885830716,-1340.770264
10.26152626953126,33.959042,6.430457,9.444152,13.271403,0.404547,107.49762836701917,96.25575442658436,13.863828107216312,0.000720874644499307,35.306652,173.194519,0.17822293577981668,-1376.123169
10.267453271484555,33.890522,6.429968,9.600854,13.535419,0.407506,108.02628891800758,96.3724184790813,14.094687248922677,0.0007427418320213762,35.374752,173.26268,-0.008499694189602475,-1397.806274
10.27254824218744,33.929646,6.435117,9.685323,13.616188,0.407506,108.48073621539098,96.47270525716587,14.293138434335624,0.0007615393084969727,35.275272,173.320251,-0.2123266055045877,-1400.163208
10.278502343750006,34.065392,6.42831,9.834591,13.836974,0.407345,109.011813923407,96.58990272441041,14.525053116871968,0.0007835064778048864,35.268833,173.18129,-0.19379673802242578,-1451.448486
10.284451318359515,34.024368,6.43037,9.87213,13.916905,0.407345,109.54243433144484,96.70699927535135,14.756768102494531,0.0008054547316398025,35.27412,173.19371,-0.11825249745157948,-1463.138428
10.28964125976563,33.938667,6.467787,9.910909,14.003276,0.403332,110.00535256651965,96.8091554078216,14.95891843550083,0.00082460259473426,35.353355,173.243698,-0.10684964322120355,-1464.458252
10.295794091796779,34.055672,6.480126,10.003021,14.308147,0.403332,110.55415609273828,96.9302645832151,15.198573750790356,0.0008473029638050341,35.229061,173.279388,-0.009924464831804007,-1520.221558
10.301451074218676,33.931576,6.430056,10.087385,14.416595,0.406004,111.05873217820816,97.04161371038926,15.418915521704314,0.0008681739364158948,35.20002,173.176697,0.09555249745158015,-1517.723389
10.306469140625268,34.024696,6.454942,10.263372,14.624554,0.406004,111.50631997591856,97.14038674391986,15.614371253410564,0.0008866876807965269,35.273319,173.217819,0.09412701325178324,-1532.713013
10.3124662109376,34.020203,6.446286,10.351366,14.749686,0.401251,112.0412302932757,97.25842998589931,15.84795958627192,0.000908813379782897,35.20639,173.294373,-0.07121549439347556,-1579.755859
10.318149072265896,34.009632,6.429183,10.453495,14.800158,0.401251,112.54811465482601,97.37028850012972,16.069309351131622,0.0009297798304955551,35.209515,173.252075,-0.1624384301732921,-1582.442749
10.323504052734279,34.119274,6.4551,10.505189,15.006686,0.397801,113.02575359396097,97.47569317646814,16.277888022886263,0.0009495365916731744,35.288048,173.201813,-0.22230387359836926,-1606.954102
10.328765039062546,33.961498,6.455466,10.584823,15.120055,0.397801,113.50639827183376,97.6723564758285,16.49186589961573,0.0009715229573899899,35.199986,173.278534,-0.09972262996941901,-1611.762085
10.334451074219032,34.09866,6.457159,10.692922,15.412186,0.398089,114.06007863358353,98.16451644327296,16.75033994177787,0.0010030226118824656,35.274418,173.196426,-0.13820713557594294,-1656.589478
10.340370019531292,34.208652,6.494716,10.779658,15.539308,0.398089,114.63643873192021,98.67683616206743,17.01940154238667,0.001035812548486827,35.21072,173.070969,0.08985107033639146,-1668.939453
10.345465966796837,34.012314,6.471557,10.8802,15.678471,0.401239,115.13265900632138,99.1179205330622,17.251051550203346,0.0010640432177964638,35.274715,173.183731,0.021433027522935376,-1685.390381
10.351450830078193,34.181133,6.484384,10.963987,15.90226,0.401239,115.71543789803172,99.6359458418614,17.523109629617807,0.0010971983285834343,35.206181,173.29982,0.004328746177370752,-1740.72937
10.356465966796804,34.189846,6.478049,11.09172,16.035261,0.396271,116.20378920722295,100.07003558214667,17.751086176380138,0.0011249813213951318,35.195324,173.172485,-0.0056485219164122335,-1749.30835
10.362769921875042,33.981567,6.429741,11.188231,16.227707,0.396271,116.81763981352354,100.6156801729317,18.037649432827912,0.0011599041457253255,35.208031,173.20636,-0.018476962283384014,-1758.500122
10.368485742187659,34.112686,6.430387,11.263449,16.336311,0.394402,117.37422051894586,101.1104182217857,18.297477439487427,0.0011915688048484614,35.244698,173.225296,-0.25366146788990757,-1821.192627
10.374470849609224,34.151257,6.429462,11.395597,16.59202,0.394402,117.95702318396499,101.62846466239972,18.569546616971536,0.0012247252681324046,35.1511,173.206512,-0.12395392456676818,-1798.048218
10.379489892578022,34.080544,6.446251,11.492229,16.6649,0.392922,118.44575486609689,102.06289251172232,18.797700732848277,0.0012525299008956641,35.275482,173.118118,-0.07121549439347556,-1836.842163
10.38463369140618,34.009151,6.441295,11.535422,16.762196,0.392922,118.94663470902114,102.50811871842421,19.03152596231647,0.0012810256596119357,35.206757,173.190292,-0.11967726809378246,-1866.821411
10.39052480468763,34.209785,6.491034,11.579717,16.912563,0.389796,119.52028465015562,103.01802941032781,19.299322382985103,0.0013136614115614178,35.199181,173.220276,0.08129857288481146,-1855.932739
10.396465722656103,34.161106,6.484995,11.677501,17.021463,0.389796,120.09878434628352,103.5322509924572,19.569382809862457,0.0013465730728933155,35.187874,173.20694,0.06276870540265099,-1883.460815
10.403207666015533,34.217247,6.464384,11.735738,17.24534,0.392753,120.75528426855574,104.11580605905138,19.875856003263383,0.0013839222767924016,35.155533,173.116516,0.07844821610601409,-1874.928955
10.408465722656274,34.334164,6.491819,11.800573,17.313055,0.392753,121.26729001999433,104.5709219550948,20.11487512932805,0.0014130510040918625,35.225937,173.198944,-0.00707410805300663,-1890.390015
10.414465722656132,34.341232,6.467648,11.891987,17.537699,0.385737,121.85154285684975,105.09025743641361,20.387621289060842,0.0014462899696911359,35.153561,173.194778,-0.10684964322120355,-1981.553345
10.420482568359603,34.172756,6.498311,12.082547,17.57564,0.385737,122.43743605201175,105.61105101295584,20.661133215599527,0.0014796222575815207,35.152901,173.04216,-0.05126004077471924,-1968.967651
10.426648583984388,34.126026,6.507525,12.086875,17.842274,0.386905,123.03785473884525,106.14475612836061,20.941426062694724,0.0015137809211221804,35.200352,173.164536,-0.052685626911315085,-1996.684326
10.432523583984675,34.275482,6.484628,12.224485,17.951557,0.386905,123.60993564159949,106.65327212048528,21.20849001076642,0.0015463274082714688,35.186703,173.251328,-0.04555861365953055,-2014.832153
10.438450585937517,34.195869,6.437682,12.321344,18.135416,0.385235,124.1870802591263,107.16628918916922,21.477917847673687,0.001579161977275927,35.18269,173.017242,0.045664424057084915,-2010.872681
10.44390249023445,34.238003,6.47297,12.3459,18.184805,0.385235,124.7179620177452,107.6381837461895,21.725748841040918,0.0016093645871716536,35.122185,173.153275,-0.1054240570846077,-2039.060669
10.449477441406543,34.292126,6.478032,12.450263,18.315626,0.385101,125.26082552399492,108.12072873788526,21.979173261512045,0.001640248855541584,35.179565,173.129059,-0.04413302752293615,-2057.067139
10.455450341797132,34.21656,6.440963,12.517559,18.483795,0.385101,125.84648991611424,108.64131954107944,22.259149285453873,0.0016231005767301644,35.159916,173.1035,-0.09402120285423032,-2050.986328
10.460464501953084,34.254398,6.431853,12.592813,18.582975,0.378734,126.33839180487166,109.0785658961565,22.494697682389738,0.0016056607910723618,35.117943,173.015808,-0.06408848114169247,-2082.002686
10.465484521484541,34.146706,6.42948,12.578729,18.708561,0.378734,126.83086851324785,109.51632320227661,22.730521333076037,0.0015882006258812165,35.174244,173.114655,-0.14960998980632031,-2095.625244
10.47063637695328,34.383392,6.4277,12.752656,18.911339,0.378984,127.33627866304623,109.96557690686498,22.972538193147155,0.0015702819211898663,35.038414,173.20166,-0.11682691131498509,-2122.964844
10.476466455078025,34.354256,6.430003,12.832447,19.035248,0.378984,127.90822418371657,110.47397319468466,23.246415674831272,0.0015500042855141273,35.004433,173.079498,-0.07264097859327248,-2148.560303
10.481512353515882,34.386414,6.460474,12.868137,19.143801,0.379678,128.4032396787423,110.91398720124482,23.483455029582,0.0015324541107173861,35.037525,172.969238,0.035687054026503004,-2149.314697
10.48745229492215,34.417412,6.435082,13.019342,19.250677,0.379678,128.98596306726446,111.4319638211214,23.762493519086803,0.0015117943587914762,35.038517,173.104462,-0.02132731906218139,-2187.26001
10.492736230468836,34.544178,6.459724,13.044333,19.320677,0.380244,129.50433060930249,111.89273521380485,24.010715057449005,0.001493416265452698,35.02597,173.155563,0.007179918450560994,-2204.087891
10.49846425781243,34.461021,6.443441,13.127511,19.43717,0.380244,130.06626468827935,112.392232437625,24.279798536313024,0.0014734935733160068,35.051014,173.095551,0.020008256880733846,-2207.858887
10.50450722656251,34.357563,6.429567,13.164265,19.600592,0.374457,130.65909532176477,112.91919328000827,24.563676904262998,0.0014524754812621585,35.039948,173.013519,-0.06978990825688117,-2218.134766
10.5104642578126,34.44154,6.429968,13.208436,19.690069,0.374457,131.24349526750834,113.43866017376035,24.84351821720657,0.0014317562890306665,35.104767,173.025833,-0.19379673802242578,-2263.763672
10.516250146484253,34.424404,6.429392,13.309868,19.8559,0.37214,131.81110569022047,113.94320303913047,25.115319826856148,0.0014116323490022185,35.078518,173.038269,-0.06551406727828686,-2257.635742
10.521491113281172,34.436443,6.430562,13.34643,19.9681,0.37214,132.32525788838757,114.40022745749835,25.36152283771515,0.0013934037055746184,35.022968,172.978577,-0.09544678899082616,-2273.709717
10.527450097656128,34.510975,6.432796,13.526624,20.127699,0.377569,132.9098494406707,114.91986466826478,25.64145590190887,0.0013726777201653454,34.98283,173.054855,-0.042708256880734624,-2304.301758
10.532465234375195,34.537296,6.450719,13.545716,20.201311,0.377569,133.40184713269792,115.35719618184902,25.877050174469804,0.0013552345379186522,35.002148,173.141281,-0.042708256880734624,-2310.85376
10.537748193359675,34.413311,6.435361,13.544983,20.203964,0.375445,133.92011887146617,115.8178824160253,26.125225837206933,0.0013368598411687646,35.030594,173.041687,0.06989571865443407,-2300.012207
10.543495996093952,34.418926,6.430701,13.752437,20.459377,0.375445,134.48399296665636,116.31910409961569,26.395238297478677,0.0013168683681070424,35.005184,173.019226,0.0029039755351677726,-2351.391846
10.548510156249904,34.458652,6.430125,13.750551,20.5221,0.374335,134.97589485541377,116.75635045469275,26.630786694414542,0.0012994285824492397,35.016041,173.078598,-0.03700682976554593,-2343.472656
10.554464990234464,34.5299,6.429445,13.777428,20.58231,0.374335,135.5600792438003,117.27562574180371,26.9105247872017,0.001278717032542751,34.975357,173.06398,-0.1111254841997964,-2355.445557
10.559731103515787,34.497135,6.400719,13.798161,20.801928,0.372352,136.0766983761646,117.73484299173127,27.157909095406325,0.0012604009269512229,35.015953,172.804611,-0.1681398572884808,-2358.462402
10.566322900390787,34.454998,6.429358,13.847132,20.93219,0.372352,136.72337044727425,118.30966291514547,27.467569564647164,0.001237473951940965,34.947243,172.925598,-0.20234852191641187,-2399.613037
10.57195791015647,34.568077,6.429288,14.102962,21.119991,0.371592,137.27617926480323,118.80104879115743,27.73228339022301,0.001217874784896085,34.961136,173.036285,-0.074065749235474,-2430.723633
10.577449853515645,34.633392,6.431626,14.140083,21.203012,0.371592,137.8149529033074,119.27995894586863,27.9902764367257,0.00119877321812365,34.907139,172.978943,0.04138848114169169,-2424.407227
10.583196923828382,34.606583,6.429253,14.145633,21.466225,0.374028,138.17382915687324,119.59895996558782,28.24438460226827,0.0011980959708641728,34.936108,172.926773,-0.10114821610601486,-2442.837891
10.588293847656132,34.597157,6.431365,14.132579,21.57757,0.374028,138.46165714410054,119.85480692796371,28.46738828052048,0.0012003648479133116,34.915272,172.908005,0.0014783893985733758,-2452.736572
10.593463769531354,34.559612,6.439689,14.186715,21.683626,0.367703,138.75360739832888,120.11431812570626,28.693585813244,0.001202666219776729,34.866074,173.019119,0.08414964322120277,-2462.022705
10.60039882812498,34.569836,6.430632,14.272021,21.856577,0.367703,139.145236550275,120.46243274050958,28.997012669805397,0.0012057533358114964,34.906212,172.813095,-0.05838705402650378,-2487.854004
10.606315820312375,34.506626,6.429008,14.349247,21.92642,0.366465,139.4793745537449,120.75944413966376,29.255896472369013,0.0012083872632993025,34.924694,172.898926,-0.09117013251783901,-2481.631836
10.611469873047099,34.592304,6.441242,14.383715,22.000296,0.366465,139.77042866297302,121.01815876450051,29.481399688903114,0.0012106815710726591,34.913177,172.907364,-0.04413302752293615,-2495.065918
10.617463769531241,34.621372,6.462691,14.390504,22.065775,0.369985,140.1089095229825,121.31903047850588,29.743648254538506,0.0012133497322276818,34.805042,172.890335,-0.08974536187563747,-2500.345215
10.62374282226574,34.574261,6.477595,14.441604,22.202791,0.369985,140.46349341930375,121.63421599488012,30.01837314800829,0.001216144829647177,34.803055,172.886658,0.045664424057084915,-2499.638184
10.629449609375115,34.637047,6.484053,14.412755,22.286737,0.369269,140.78576094823214,121.92067586677436,30.268059931509054,0.001218685185111258,34.782494,172.911514,-0.06693883792048985,-2510.102539
10.634463769531521,34.619179,6.451138,14.493,22.395098,0.369269,141.0689151946121,122.17236839507228,30.487442483788783,0.0012209172202137734,34.835899,172.910019,0.004328746177370752,-2550.923584
10.640463525390714,34.574108,6.447595,14.577434,22.615656,0.362162,141.40772693892933,122.4735342283044,30.749947412324882,0.0012235879896482032,34.768044,172.732178,0.008605402650356463,-2539.516357
10.645727685547172,34.559593,6.479114,14.675043,22.694,0.362162,141.70499891577444,122.73777584361065,30.980268115034765,0.0012259313113387493,34.771675,172.853851,0.014306829765545155,-2548.990723
10.651464501953342,34.598053,6.487333,14.563367,22.800213,0.364887,142.0289622267802,123.02574307654203,31.23126875840165,0.0012284850342347909,34.784119,172.941177,-0.18096829765545402,-2531.455811
10.6574645019532,34.574787,6.470178,14.656282,22.846094,0.364887,142.3677877579436,123.32692116474193,31.493784368725276,0.0012311559123475292,34.700329,172.866821,-0.049834454638124845,-2579.25293
10.663468652343909,34.567818,6.477805,14.752548,22.967545,0.363973,142.70684766549167,123.62830758739412,31.756481569436904,0.001233828637991514,34.779388,172.862076,-0.02132731906218139,-2577.555908
10.6693705078128,34.65847,6.432394,14.795794,22.928625,0.363973,143.0401308844998,123.92455917854583,32.014703101173694,0.0012364558274241854,34.705547,172.842484,0.035687054026503004,-2604.141357
10.674449609375188,34.645859,6.429392,14.860612,22.982605,0.365818,143.32695243195764,124.17951152827365,32.236927008936256,0.0012387167709567947,34.735218,172.841858,0.031411213047910155,-2628.275635
10.679469384765525,34.616627,6.416583,14.968012,23.138941,0.365818,143.6104237757992,124.43148592083055,32.456555242329166,0.0012409513056604086,34.710209,172.678345,0.2295366972477067,-2638.881348
10.685463525390787,34.53191,6.429288,14.996529,23.195818,0.36429,143.94891842265483,124.73236988980369,32.718814489752084,0.0012436195754937397,34.644257,172.783066,0.15256687054026455,-2631.197998
10.690930322265558,34.598389,6.440509,15.063091,23.268751,0.36429,144.25763348181053,125.00678312836865,32.95800107611141,0.0012460531001804436,34.651028,172.93158,0.07702262996941824,-2679.136719
10.696936425781132,34.494049,6.43379,15.168764,23.307371,0.361145,144.59680368412788,125.3082675907631,33.22078373112327,0.0012487266952508974,34.638149,172.796021,0.007179918450560994,-2679.136719
10.702465478515478,34.493645,6.428747,15.221557,23.364126,0.361145,144.90903438905372,125.58580584611235,33.4626941733026,0.0012511879329063003,34.62286,172.655258,0.09555249745158015,-2671.736084
10.707794335937706,34.555119,6.429183,15.372238,23.578421,0.364379,145.0,125.66666412353516,33.70542881381962,0.0012583358909749325,34.604412,172.787766,-0.02132731906218139,-2743.950195
10.714395410156158,34.538822,6.465902,15.518226,23.739714,0.364379,145.0,125.66666412353516,34.01125738487368,0.0012697534913447093,34.655495,172.771332,-0.009924464831804007,-2777.936279
10.71948037109405,34.367325,6.449306,15.591455,23.932734,0.365724,145.0,125.66666412353516,34.246844243291974,0.0012785487343546106,34.662407,172.652527,0.10980570846075491,-2776.852051
10.725449365234454,34.44577,6.478206,15.675068,24.045929,0.365724,145.0,125.66666412353516,34.523388467483876,0.001288873052404787,34.629143,172.713989,0.1482910295616717,-2780.717285
10.732550195312797,34.474743,6.428607,15.717301,24.159245,0.366422,145.0,125.66666412353516,34.85237078825861,0.0013011550594598561,34.619789,172.760986,0.14686544342507585,-2781.282959
10.737780175781154,34.389118,6.463703,15.77718,24.207727,0.366422,145.0,125.66666412353516,35.094676419189895,0.0013102011366520063,34.601498,172.693069,0.025709785932721465,-2761.391113
10.743449121093818,34.334057,6.475414,15.606428,24.329159,0.369095,145.0,125.66666412353516,35.357319344697515,0.001320006472867193,34.539108,172.692642,-0.18524413863404685,-2745.2229
10.748467187499955,34.465851,6.468695,15.56327,24.378269,0.369095,145.0,125.66666412353516,35.58980697135057,0.001328686011220636,34.590416,172.682831,-0.25366146788990757,-2739.189453
10.75423818359377,34.506886,6.447037,15.446724,24.345303,0.373741,145.0,125.66666412353516,35.857177921959924,0.0013386678603788866,34.567291,172.727112,-0.2565125382263003,-2700.159912
10.75945107421876,34.421284,6.465955,15.275466,24.212648,0.373741,145.0,125.66666412353516,36.09869177835264,0.0013476843779872702,34.458759,172.557739,-0.06408848114169247,-2649.345947
10.7644649902345,34.329987,6.457857,15.109689,24.125441,0.374394,145.0,125.66666412353516,36.330987116903465,0.0013563567375846556,34.484291,172.625381,-0.21517696228338365,-2591.272949
10.77129604492211,34.465851,6.455239,14.957994,24.078005,0.374394,145.0,125.66666412353516,36.64747071103367,0.0013681721254959788,34.416767,172.713348,-0.10684964322120355,-2573.784912
10.776443994140664,34.255379,6.4466,14.765079,23.948807,0.381574,145.0,125.66666412353516,36.88597582417983,0.0013770763166860488,34.431988,172.637009,-0.09544678899082616,-2496.244385
10.781470117187382,34.326202,6.429863,14.641186,23.85652,0.381574,145.0,125.66666412353516,37.118836715972485,0.0013857697902718389,34.366802,172.503372,-0.017051376146789615,-2488.937988
10.787515039062782,34.294472,6.430614,14.415792,23.722837,0.38312,145.0,125.66666412353516,37.398898681328596,0.0013962254373298933,34.312756,172.636627,-0.10684964322120355,-2419.269287
10.793324853515514,34.32415,6.443808,14.396438,23.714251,0.38312,145.0,125.66666412353516,37.66806809124698,0.0014062744289712712,34.268478,172.671997,-0.1567370030581034,-2442.460693
10.799287988281321,34.313244,6.430317,14.266994,23.622593,0.3896,145.0,125.66666412353516,37.944340849882806,0.0014165886123070133,34.172001,172.488281,-0.2180280326197764,-2331.499756
10.804464990234464,34.167858,6.429514,13.882333,23.547583,0.3896,145.0,125.66666412353516,38.184191979744526,0.0014255430547894868,34.177639,172.603607,-0.20804994903160054,-2245.23877
10.81044887695316,34.245083,6.429253,13.698928,23.459223,0.392348,145.0,125.66666412353516,38.461426178891465,0.0014358931319055173,34.240623,172.556717,-0.39334780835881816,-2213.845459
10.815502832031143,34.246502,6.446391,13.08758,23.266743,0.392348,145.0,125.66666412353516,38.695576532075506,0.0014446347453848703,34.112091,172.515869,-0.18524413863404685,-2082.144043
10.821278955078014,34.110756,6.440667,12.98566,23.06072,0.396951,145.0,125.66666412353516,38.963185015046435,0.001454625462418251,34.032089,172.38858,-0.2465351681957184,-2091.76001
10.826610742187768,34.114441,6.47962,12.759881,22.926723,0.396951,145.0,125.66666412353516,39.21020736001461,0.0014638476302736973,33.999138,172.556351,-0.19664709480122317,-2018.980225
10.832464746094047,34.122013,6.435972,12.383352,22.755693,0.402807,145.0,125.66666412353516,39.48142407266844,0.0014739730545531007,33.969856,172.584518,-0.21090101936799185,-1911.083252
10.83764077148453,34.2971,6.436705,12.411991,22.70372,0.402807,145.0,125.66666412353516,39.71052290464074,0.0018938331475463128,33.938911,172.505508,-0.19379673802242578,-1992.91333
10.843454736328113,34.057232,6.464977,12.009248,22.548378,0.408478,145.0,125.66666412353516,39.75700193207871,0.010457514655307663,33.8316,172.463852,-0.1624384301732921,-1771.132935
10.848469628906514,33.9422,6.473634,11.696053,22.527803,0.408478,145.0,125.66666412353516,39.79709287449087,0.01784420239575135,33.771545,172.483322,-0.27646799184505666,-1741.766357
10.854290673828018,34.077717,6.456687,11.575562,22.562586,0.412561,145.0,125.66666412353516,39.84362850274331,0.026418312507011696,33.768494,172.501251,-0.4204294597349647,-1699.86145
10.859914697265594,33.88356,6.461801,10.711089,22.556511,0.412561,145.0,125.66666412353516,39.8885890669518,0.034702219755386204,33.625454,172.280029,-0.2607883792048932,-1632.078125
10.865465722656154,33.759991,6.461906,10.477789,22.511921,0.420287,145.0,125.66666412353516,39.93296605724562,0.0428786045056159,33.595104,172.40741,-0.8394861365953111,-1444.990601
10.870493554687528,34.460659,6.464,11.121022,22.397541,0.420287,145.0,125.66666412353516,39.973160442525604,0.05028435141797154,33.545681,172.422348,-0.3562880733944958,-1494.626099
10.876485498046804,34.674526,6.486269,10.843568,22.435289,0.422969,145.0,125.66666412353516,40.02106229733412,0.05911018644127661,33.413322,172.396423,-0.5216304791029557,-1170.793579
10.882463525390904,33.212822,6.472499,9.677958,22.371536,0.422969,145.0,125.66666412353516,40.06885290226593,0.06791552386460088,33.446167,172.247543,-0.09544678899082616,-1639.525879
10.88772158203119,33.761135,6.429724,9.662565,22.017136,0.424239,145.0,125.66666412353516,40.11088778989218,0.07566038019418247,33.230354,172.338165,-0.44893659531090674,-1421.751953
10.89346254882821,33.757076,6.441993,10.120317,21.884098,0.424239,145.0,125.66666412353516,40.156783243415475,0.08411653920379902,33.163078,172.374344,-0.26363955147808343,-1194.315063
10.898479394531478,34.11525,6.415431,9.446421,21.766384,0.431858,145.0,125.66666412353516,40.19688979984542,0.09150610380038035,33.166325,172.326218,-0.7026508664627933,-1272.657104
10.904462548828178,34.086136,6.429759,9.474309,21.543991,0.431858,145.0,125.66666412353516,40.24472139157392,0.10031899297106599,33.059761,172.284607,-0.19807257900101863,-1055.495972
10.909748437500184,33.310848,6.429165,8.521493,21.58811,0.437742,145.0,125.66666412353516,40.28697877895358,0.10810484450060914,32.940388,172.332138,0.0014783893985733758,-1252.058105
10.914926416015533,34.325306,6.429707,9.771937,21.492002,0.437742,145.0,125.66666412353516,40.3283734918507,0.11573174972854694,32.905346,172.2883,-0.3349078491335365,-1234.004517
10.920929345703371,34.528954,6.442743,9.469736,21.235577,0.444226,145.0,125.66666412353516,40.37636317550925,0.12457376706762631,32.780964,172.016403,-0.06978990825688117,-1110.599365
10.926463281250108,33.098152,6.460667,8.272223,21.091928,0.444226,145.0,125.66666412353516,40.420603543147465,0.13272497932665153,32.808083,172.166885,-0.2978481141692156,-1140.013062
10.931730371093636,32.493248,6.459131,7.863984,20.926971,0.446073,145.0,125.66666412353516,40.462710645605966,0.1404831411158698,32.629845,172.181015,-0.6427862385321105,-1199.358765
10.938312402343854,34.14183,6.4429,9.17237,20.861212,0.446073,145.0,125.66666412353516,40.51532988553742,0.15017814629976356,32.542114,172.192322,-0.45606360856269124,-1036.122681
10.943463281249933,34.053829,6.429602,8.983834,20.682816,0.448166,145.0,125.66666412353516,40.55650795393778,0.1577651351487914,32.422619,172.205765,-0.4304067278287463,-973.053101
10.948593164062459,32.972279,6.44379,7.363299,20.755766,0.448166,145.0,125.66666412353516,40.59751817164697,0.16532119779433946,32.348778,172.194565,0.04994026503567776,-1072.323975
10.955060205078098,33.967201,6.46051,9.082858,20.847965,0.452946,145.0,125.66666412353516,40.61857311129122,0.17533024074486278,32.347137,172.185547,-0.06266289500509663,-1002.231018
10.96050624999998,33.802376,6.467822,9.134272,20.741577,0.452946,145.0,125.66666412353516,40.61407159496993,0.1841097939484152,32.184502,171.948914,-0.30925096839959293,-970.743347
10.966448144531114,33.367283,6.47599,7.784856,20.627632,0.455686,145.0,125.66666412353516,40.60916022615172,0.19368870486732223,32.039055,172.072037,-0.6271067278287459,-861.149353
10.971466210937706,33.916622,6.472115,7.900284,20.629866,0.455686,145.0,125.66666412353516,40.60501246237946,0.20177831514866068,31.867746,172.02594,-0.6071519877675835,-1213.499878
10.976738183593625,33.170261,6.430352,8.220408,20.544945,0.457222,145.0,125.66666412353516,40.600654828298595,0.21027724695829492,31.799927,172.045731,-0.8793962283384295,-908.710815
10.98244814453119,33.972569,6.442778,8.179553,20.404472,0.457222,145.0,125.66666412353516,40.59593516793537,0.21948225840423943,31.75532,171.861694,-0.10969999999999948,-1221.984619
10.987464013671797,33.766533,6.430614,7.651696,20.199497,0.460579,145.0,125.66666412353516,40.591789220348474,0.22756832648004455,31.658319,172.071396,0.47897512742099896,-1148.450562
10.99352309570304,33.330547,6.474367,8.376588,20.327648,0.460579,145.0,125.66666412353516,40.58678098831091,0.2373361550273958,31.642178,172.022217,-0.37481794087665626,-906.118286
10.999270166015776,33.695919,6.442796,7.861366,20.374472,0.459292,145.0,125.66666412353516,40.582030654594895,0.24660099038901429,31.563486,171.991959,-0.30925096839959293,-1332.144165
11.004463037109417,33.593464,6.42859,8.106848,20.112951,0.459292,145.0,125.66666412353516,40.57773840318709,0.2549724027994487,31.411844,171.916534,0.2993795107033643,-1121.110962
11.010463037109275,33.286144,6.429811,8.463429,19.945761,0.457705,145.0,125.66666412353516,40.57277900635596,0.2646449853757926,31.421913,171.979431,-0.7069275229357804,-827.446289
11.01644790039063,33.162735,6.418729,8.32184,20.05344,0.457705,145.0,125.66666412353516,40.567832121024,0.2742931660917959,31.269468,171.868423,-0.5786448521916415,-880.287048
11.02206191406276,33.304096,6.444942,7.810388,20.129496,0.459134,145.0,125.66666412353516,40.56319176742162,0.2833435012294517,31.231337,171.681717,-0.14960998980632031,-1230.186401
11.02746181640623,33.253563,6.429392,6.941307,20.173546,0.459134,145.0,125.66666412353516,40.558728390992954,0.2920486681168042,31.12158,171.857224,-0.1054240570846077,-1256.394775
11.033468896484464,33.737289,6.429235,8.71666,20.200544,0.456333,145.0,125.66666412353516,40.55376314200898,0.30173266446653335,31.0672,171.845215,-0.2978481141692156,-990.11676
11.040398828125035,33.604534,6.455169,8.544425,19.833612,0.456333,145.0,125.66666412353516,40.54803509517257,0.3129043871402607,30.98411,171.734039,0.36352079510703433,-923.841858
11.045504785156481,33.287975,6.428974,7.505185,19.710297,0.461228,145.0,125.66666412353516,40.543814683985794,0.32113568564293227,30.90444,171.769043,-0.08974536187563747,-899.236206
11.051449853515805,33.985023,6.464977,7.941279,19.579056,0.461228,145.0,125.66666412353516,40.53890069178873,0.330719713080943,30.789902,171.793304,-0.4589138634046897,-1214.112671
11.056461816406227,32.80658,6.475274,7.948469,19.549038,0.462083,145.0,125.66666412353516,40.53475797297581,0.3387994839024666,30.784597,171.760818,-0.29072110091743103,-739.818237
11.062600732421743,33.53838,6.451626,7.114537,19.648743,0.462083,145.0,125.66666412353516,40.52968375287007,0.34869601258419547,30.711491,171.59407,0.10410428134556622,-511.909912
11.067611718749959,33.569916,6.443843,7.71859,19.783037,0.46082,145.0,125.66666412353516,40.52554184125064,0.35677420909214874,30.568331,171.714096,-0.7482632008154946,-847.338196
11.073942773437466,32.944145,6.430178,6.978341,19.70719,0.46082,145.0,125.66666412353516,40.520308805824826,0.36698048396884764,30.49353,171.706512,-0.7967249745158,-659.732178
11.079560693359326,33.380024,6.434104,7.795397,19.779703,0.459953,145.0,125.66666412353516,40.51566522344847,0.37603711636078496,30.350336,171.546478,-0.014201121304791167,-657.516724
11.08480361328111,32.958229,6.429846,7.0804,19.854538,0.459953,145.0,125.66666412353516,40.51133160337407,0.38448921234170075,30.349201,171.619827,0.06419418960244645,-1309.754028
11.090468652344043,33.335358,6.484681,8.423552,19.728865,0.461989,145.0,125.66666412353516,40.51917435179803,0.3942897502420264,30.375589,171.673706,-0.0156258919469927,-966.548157
11.096447656249893,33.113781,6.429358,7.762447,19.478706,0.461989,145.0,125.66666412353516,40.52890414467933,0.4047109010175534,30.224419,171.60788,0.27657370030581063,-950.144409
11.10146450195316,33.538239,6.45838,7.631643,19.273661,0.461732,145.0,125.66666412353516,40.53706819179726,0.4134550507638296,30.237158,171.422195,-1.1103055045871566,-1049.038208
11.107215478515627,32.685223,6.486583,7.408972,19.103661,0.461732,145.0,125.66666412353516,40.54642690968669,0.4234787595293794,30.186285,171.61882,-0.7824717635066253,-984.413147
11.112462548828262,32.483597,6.436618,7.010383,19.20785,0.463734,145.0,125.66666412353516,40.55496560746558,0.43262418102662836,30.057348,171.568359,-0.5358836901121304,-1024.856812
11.118461572265915,33.656849,6.474943,8.041122,19.367083,0.463734,145.0,125.66666412353516,40.56472797866523,0.4430802249978921,30.024172,171.505249,-0.6598905198776766,-901.168823
11.124378564453309,33.268082,6.469026,7.812238,19.412493,0.466347,145.0,125.66666412353516,40.574356858218984,0.45339329197199063,30.015411,171.510803,0.6343394495412844,-973.571594
11.129634423828065,33.241772,6.443965,7.409652,19.353994,0.466347,145.0,125.66666412353516,40.58290985867422,0.4625540324332216,29.832548,171.463806,-0.3947725790010197,-855.210083
11.1354625488284,32.709251,6.444523,7.500369,19.29682,0.465126,145.0,125.66666412353516,40.59239412227825,0.4727122076603911,29.805096,171.480606,-0.08546870540265032,-1236.408569
11.141462304687593,32.538113,6.443127,7.004885,18.97537,0.465126,145.0,125.66666412353516,40.602157685367594,0.4831695282119867,29.710592,171.313049,-0.49882395514780803,-923.559021
11.146493310547157,33.451622,6.45674,8.22786,18.859243,0.467251,145.0,125.66666412353516,40.6103447756863,0.49193835851134504,29.700157,171.410187,-0.2094755351681964,-734.067505
11.15176235351555,33.225346,6.424471,6.994187,19.041042,0.467251,145.0,125.66666412353516,40.61891923015606,0.501122077418549,29.612267,171.406509,-0.12965535168195685,-877.553101
11.15746132812501,32.712284,6.419026,6.8434,19.204393,0.470636,145.0,125.66666412353516,40.628193323877106,0.5110551489805386,29.482248,171.348846,-0.6014505606523948,-696.829102
11.163457421875137,32.882137,6.449201,7.216998,19.08942,0.470636,145.0,125.66666412353516,40.63795092751798,0.521506086630475,29.497572,171.231903,0.1283355759429154,-917.902527
11.168610253906536,33.065647,6.415169,7.151692,18.975544,0.466488,145.0,125.66666412353516,40.64633626882271,0.5304872547916949,29.429945,171.379776,-0.7297333333333327,-840.267578
11.174470361328076,32.593761,6.428503,7.074519,18.805281,0.466488,145.0,125.66666412353516,40.65587257827677,0.5407011740266877,29.388897,171.291611,0.22811111111111085,-1086.276611
11.18044716796885,32.200665,6.430771,7.013157,18.890291,0.469551,145.0,125.66666412353516,40.66559879548899,0.5511184950612192,29.22113,171.093582,-0.36626534148827733,-1142.181274
11.186504296875228,33.141563,6.430579,8.171124,18.722872,0.469551,145.0,125.66666412353516,40.675455723271156,0.5616758144054751,29.211882,171.281845,-0.25936289500509624,-907.956604
11.192555078125224,32.717205,6.444227,7.559409,18.422993,0.46851,145.0,125.66666412353516,40.68530232134263,0.5722220700535217,29.121374,171.317261,-0.5216304791029557,-914.650085
11.197614160156263,32.297241,6.43112,6.998393,18.440689,0.46851,145.0,125.66666412353516,40.69353510076633,0.5810398359322669,29.13195,171.231705,-0.46176503567787996,-560.838318
11.202638085937451,32.591732,6.430195,7.102216,18.594599,0.468506,145.0,125.66666412353516,40.70171066948465,0.5897963259550842,29.051392,171.038651,0.0029039755351677726,-1155.521118
11.207951074218727,32.924129,6.459114,6.979928,18.476326,0.468506,145.0,125.66666412353516,40.70770982121632,0.5990258366034739,29.047237,171.16864,-0.20804994903160054,-403.305817
11.21392519531264,32.678341,6.397001,6.749246,18.477776,0.466801,145.0,125.66666412353516,40.69868019438175,0.6092202512104554,28.922682,171.12085,0.4233855249745161,-911.303345
11.219117089843621,32.909985,6.407909,7.128342,18.653378,0.466801,145.0,125.66666412353516,40.690832869319884,0.6180798515795634,28.822105,171.118347,-0.7995761467889902,-756.59906
11.224462060547012,32.438786,6.475466,7.265585,18.461456,0.47285,145.0,125.66666412353516,40.68275417621448,0.627200665596345,28.763205,171.079712,0.7298390417940881,-1139.777344
11.22976406250018,33.160629,6.449166,7.463789,18.379047,0.47285,145.0,125.66666412353516,40.67474042852481,0.636248156483955,28.670429,171.063339,-0.686972171253823,-412.874664
11.235189111328054,32.377605,6.47777,6.871708,18.469589,0.471096,145.0,125.66666412353516,40.666540700781,0.6455056181505565,28.634111,171.104309,-0.2180280326197764,-996.150269
11.240639062500122,32.506023,6.433633,7.311065,18.554546,0.471096,145.0,125.66666412353516,40.65830333421671,0.6548055739033825,28.45006,170.901337,-1.6790251783893988,-819.055847
11.24645693359389,32.413994,6.448415,7.220349,18.377949,0.46635,145.0,125.66666412353516,40.64950987253025,0.6647333589497401,28.457111,171.000397,0.27657370030581063,-1011.752686
11.251495996094036,33.501469,6.464035,7.617786,18.313759,0.46635,145.0,125.66666412353516,40.64189354650387,0.6733321622798627,28.439571,171.060242,0.018582772680938376,-624.143555
11.257461816406249,33.173664,6.438014,7.295463,18.133881,0.468553,145.0,125.66666412353516,40.63287646594279,0.6835124121914361,28.345678,170.995865,0.2352381243628954,-834.516846
11.26263076171881,32.133987,6.424715,6.771463,18.193636,0.468553,145.0,125.66666412353516,40.62506382763706,0.6923328513438273,28.281752,170.799759,-0.34060927624872517,-732.841919
11.268312890625111,33.029598,6.430963,7.119947,18.267633,0.464144,145.0,125.66666412353516,40.616475534423,0.7020290019593929,28.181473,170.963058,-0.9235829765545364,-730.720764
11.273461816406325,32.249596,6.44379,6.78703,18.090897,0.464144,145.0,125.66666412353516,40.608693154776866,0.7108152791993292,28.078104,170.903305,-0.054111111111110555,-843.425781
11.278533837890791,32.684425,6.430073,7.227452,17.825029,0.467754,145.0,125.66666412353516,40.60102701266456,0.7194703247023959,28.048086,170.843826,-0.18524413863404685,-846.489685
11.283657861328265,32.570507,6.43489,7.075234,17.671312,0.467754,145.0,125.66666412353516,40.593282271838895,0.7282141078561077,28.046812,170.702087,-1.2713713557594297,-637.247681
11.289912744140565,32.657082,6.446059,7.057067,17.987999,0.462809,145.0,125.66666412353516,40.583828285753825,0.7388876224548355,27.901941,170.807449,-0.11825249745157948,-775.972473
11.295907617187368,32.164101,6.463529,6.638391,17.960405,0.462809,145.0,125.66666412353516,40.574767293235524,0.7491174488003374,27.869673,170.807236,0.2623197757390419,-1156.605347
11.301461816406118,32.815308,6.44763,7.640998,17.842291,0.467563,145.0,125.66666412353516,40.566372360236485,0.7585952964631422,27.846775,170.654236,-0.4161535168195715,-795.722961
11.306643701172106,32.199451,6.425291,6.83532,17.667263,0.467563,145.0,125.66666412353516,40.55854016450442,0.7674378158760226,27.776688,170.808411,0.01715718654434253,-879.580017
11.312461572265875,32.372864,6.429567,6.940103,17.830702,0.466233,145.0,125.66666412353516,40.549746702817956,0.7773656009223802,27.691853,170.769363,-0.17954271151885817,-534.158691
11.317812646484526,32.130486,6.44215,6.653347,17.820894,0.466233,145.0,125.66666412353516,40.541658784511455,0.7864968301563737,27.63447,170.625229,0.08700000000000015,-1128.370117
11.324279687500166,31.877701,6.399951,6.948043,17.522079,0.469488,145.0,125.66666412353516,40.531884130436225,0.7975323777053862,27.577856,170.665924,-0.5658164118246682,-767.817749
11.329670556640849,31.957207,6.429497,7.08972,17.316963,0.469488,145.0,125.66666412353516,40.52373606381857,0.8067315141556011,27.510927,170.708923,0.091275840978593,-915.781372
11.335462548828218,32.726192,6.429567,7.126997,17.321781,0.460773,145.0,125.66666412353516,40.51498171698476,0.8166151386809803,27.498657,170.665558,-0.8195307849133537,-505.169281
11.3404754882813,32.735104,6.428834,7.102722,17.367138,0.460773,145.0,125.66666412353516,40.540815498837176,0.8251203738662506,27.435934,170.410995,-0.2807438328236495,-838.146423
11.34634243164055,31.952496,6.428659,6.752614,17.370384,0.46107,145.0,125.66666412353516,40.575413149436606,0.835068162791369,27.367243,170.517197,-0.74113618756371,-698.290405
11.352509423827996,32.728458,6.430562,7.117294,17.214083,0.46107,145.0,125.66666412353516,40.611780202582196,0.8455247042689809,27.337278,170.560989,-0.1610128440366977,-555.087585
11.358928369140813,31.840702,6.428886,6.381111,17.10745,0.465829,145.0,125.66666412353516,40.64963303557126,0.8564084488663433,27.256927,170.534531,-0.14675973496432188,-787.191101
11.364561425781176,32.38858,6.415239,7.138237,17.170208,0.465829,145.0,125.66666412353516,40.68285144480436,0.8659596674535538,27.225706,170.465988,-0.6128535168195711,-655.159851
11.369872460937586,31.758646,6.428537,6.545283,17.117992,0.468742,145.0,125.66666412353516,40.71417087766775,0.8749648774022462,27.217417,170.468811,0.11123129459734932,-888.441833
11.375291406250199,32.194645,6.429934,6.917991,17.174589,0.468742,145.0,125.66666412353516,40.74612666197572,0.8841530561289712,27.13047,170.472229,-0.11540142711518817,-649.644775
11.38046035156276,31.88909,6.368118,6.852807,17.296284,0.46603,145.0,125.66666412353516,40.77660818411343,0.8929173433880369,27.076666,170.209885,-0.3477354740061169,-978.615234
11.385521386718665,32.129646,6.327594,6.837641,17.316963,0.46603,145.0,125.66666412353516,40.806453354806536,0.9014986618690699,27.002319,170.379303,-1.1559170234454637,-577.006348
11.390629296874977,31.826162,6.341765,6.70853,17.197155,0.466042,145.0,125.66666412353516,40.83657494965657,0.9101594600002891,26.909212,170.39328,-0.038431600407747464,-817.594604
11.396461328125042,32.120274,6.311224,6.681201,17.035513,0.466042,145.0,125.66666412353516,40.87096672184746,0.9200480531442793,26.901428,170.355087,-0.4731678899082573,-497.721619
11.402460351562695,31.698751,6.334941,6.256363,17.142023,0.467933,145.0,125.66666412353516,40.9063432550974,0.9302197925420577,26.820084,170.190674,0.024284199796127066,-985.544434
11.408446191406256,31.802811,6.337297,6.359383,17.120487,0.467933,145.0,125.66666412353516,40.9416420440532,0.9403691782882211,26.791271,170.373322,-0.5658164118246682,-492.253693
11.413955224609253,32.015377,6.30707,6.410501,17.05101,0.467333,145.0,125.66666412353516,40.974129081037766,0.9497101069676475,26.747692,170.26152,0.4975049949031594,-1099.14502
11.419461083984515,32.277344,6.307681,7.14061,16.950434,0.467333,145.0,125.66666412353516,41.006597401803376,0.9590456542124259,26.621811,170.262695,-0.42327971457696173,-672.553467
11.425446191406536,32.11602,6.29269,6.490309,16.771969,0.460835,145.0,125.66666412353516,41.04189187163172,0.9691937980890553,26.5812,170.177399,0.21385718654434216,-884.43512
11.43050722656244,32.17622,6.292673,6.67319,16.77504,0.460835,145.0,125.66666412353516,41.071737042324834,0.9777751165700883,26.569925,170.242737,-0.7311588175331296,-595.201355
11.435833154297143,31.888741,6.329165,6.739473,16.676575,0.460256,145.0,125.66666412353516,41.103144297446406,0.9868055778659752,26.544184,170.155365,-0.49597359836901067,-880.899841
11.44146108398445,32.176144,6.259077,6.853767,16.609961,0.460256,145.0,125.66666412353516,41.136332472787345,0.9963481033664467,26.404375,169.995438,-0.6285322120285428,-464.254211
11.447545068359432,31.498608,6.27173,6.041144,16.600241,0.465437,145.0,125.66666412353516,41.17221002482171,1.0066638996301873,26.399855,170.081696,0.2637452599388374,-595.719849
11.453250146484606,32.217636,6.298292,6.844553,16.796192,0.465437,145.0,125.66666412353516,41.205853148254256,1.016337235388257,26.312088,170.093002,-1.1516403669724764,-691.92688
11.459043115234635,31.360945,6.277646,6.210516,16.712126,0.465442,145.0,125.66666412353516,41.24318448710705,1.0262446090175448,26.231215,170.074539,0.10267869520897038,-1011.517029
11.464461083984588,31.462931,6.290857,5.871579,16.603434,0.465442,145.0,125.66666412353516,41.28188435593253,1.035612154773131,26.184862,170.007492,0.0513658511722736,-558.669983
11.470525048828222,32.542934,6.258152,6.463485,16.756804,0.466267,145.0,125.66666412353516,41.32519849354461,1.0460966132030718,26.157024,170.081955,0.3620953109072374,-881.512634
11.477094873047008,32.005341,6.269042,6.439227,16.63558,0.466267,145.0,125.66666412353516,41.37212592100017,1.0574556910817137,26.066465,169.969727,-0.8124044852191646,-922.192017
11.482462792968818,31.675301,6.284662,6.628547,16.45188,0.46239,145.0,125.66666412353516,41.410468297345965,1.0667367035424233,26.023045,169.778641,0.09555249745158015,-747.030212
11.48846083984381,31.436272,6.224557,5.875488,16.36474,0.46239,145.0,125.66666412353516,41.45331159120431,1.0771071912913077,25.973812,169.967224,0.2509168195718656,-816.416199
11.4942857910155,32.023941,6.225359,6.496103,16.487307,0.466141,145.0,125.66666412353516,41.49491848424266,1.08717840047401,25.905592,169.977142,-0.51735382262997,-747.077393
11.499336816406412,31.966085,6.225796,6.529227,16.48469,0.466141,145.0,125.66666412353516,41.53099732283902,1.095911509438381,25.894581,169.914932,-1.061842915392457,-764.753845
11.504461816406547,32.017242,6.194993,6.215141,16.408197,0.465837,145.0,125.66666412353516,41.567604552759015,1.1047725188337152,25.832485,169.941238,0.14401437308868453,-517.424988
11.510445703125242,31.724798,6.163754,6.469384,16.471268,0.465837,145.0,125.66666412353516,41.6103467024036,1.115118523991854,25.791647,169.912598,-0.1681398572884808,-809.43988
11.515604638671903,31.524666,6.136284,6.129207,16.565092,0.462594,145.0,125.66666412353516,41.64719632966347,1.124038207182251,25.669413,169.850128,0.305080937818553,-706.869324
11.521332666015496,31.637014,6.165237,5.687843,16.675772,0.462594,145.0,125.66666412353516,41.68811090799726,1.1339418372524366,25.584002,169.666519,0.2894013251783895,-774.228394
11.526445703124864,31.661896,6.145673,6.234897,16.63237,0.465039,145.0,125.66666412353516,41.724632688495284,1.1427821630797275,25.621508,169.84613,-0.29214668705402685,-505.499268
11.531460595703265,31.650988,6.139774,5.641123,16.367603,0.465039,145.0,125.66666412353516,41.76045343495996,1.1514527992263341,25.505083,169.838013,-0.6342336391437315,-662.513245
11.536580712890554,31.536098,6.156441,5.815156,16.624201,0.465661,145.0,125.66666412353516,41.79702578756487,1.1603053663489977,25.507353,169.665451,-0.9435376146788984,-610.568054
11.543331689453225,31.923721,6.176406,6.809962,16.563206,0.465661,145.0,125.66666412353516,41.84524716341032,1.1719776525437287,25.50346,169.563019,-0.12680428134556554,-962.918579
11.548466699218807,31.745306,6.178623,5.695714,16.372087,0.47039,145.0,125.66666412353516,41.88192589182625,1.1808559685980384,25.457125,169.761246,0.2936779816513767,-507.149048
11.555278466797063,32.018299,6.136057,6.741183,16.299994,0.47039,145.0,125.66666412353516,41.930581490244585,1.1926333610875213,25.41161,169.729187,-0.3306311926605508,-852.617554
11.560445458984304,31.781836,6.176721,6.193501,15.99233,0.466408,145.0,125.66666412353516,41.96748866507437,1.2015669740278252,25.303425,169.531876,-0.6998006116207948,-639.463135
11.566630517578233,31.498848,6.171764,5.940794,16.014791,0.466408,145.0,125.66666412353516,42.011667760100714,1.2122608008200033,25.279724,169.598236,-0.22515423037716661,-658.318054
11.572461572265638,31.883165,6.121816,6.31687,15.883742,0.466301,145.0,125.66666412353516,42.05331824978293,1.2223425628435443,25.149305,169.557739,-0.008499694189602475,-587.9422
11.57772451171877,31.31571,6.168012,5.743882,15.864912,0.466301,145.0,125.66666412353516,42.09091076385426,1.2314420664418304,25.106459,169.554382,-0.2778927624872582,-611.039429
11.583459375000075,31.589502,6.178937,6.264339,15.893638,0.464183,145.0,125.66666412353516,42.13187417042918,1.2413575156937553,25.039024,169.382339,-0.23228124362894972,-926.764343
11.588491357421844,31.489916,6.181101,5.683148,15.767477,0.464183,145.0,125.66666412353516,42.26208116562693,1.2502947528896808,24.969984,169.524033,-0.11397584097859377,-426.685883
11.594460351562702,31.705362,6.196075,5.687336,15.714788,0.466537,145.0,125.66666412353516,42.457779627320384,1.2609999271688364,24.899548,169.545578,-0.05838705402650378,-735.575867
11.599475488281314,31.484505,6.124835,5.6095,15.720146,0.466537,145.0,125.66666412353516,42.62220507621837,1.269994392792887,24.819616,169.453461,-0.6556146788990822,-553.81488
11.60546035156267,31.562407,6.145568,5.915453,15.87404,0.46534,145.0,125.66666412353516,42.8184238209504,1.2807280277996038,24.754938,169.448914,0.16539531090723777,-666.897034
11.610628320312571,31.480961,6.108291,5.864336,16.042051,0.46534,145.0,125.66666412353516,42.98785999572757,1.2899965921229366,24.728325,169.576462,-0.6427862385321105,-367.764374
11.61650722656259,31.44899,6.085655,5.618383,15.950305,0.465636,145.0,125.66666412353516,43.18060485063281,1.3005401970410135,24.644606,169.488083,-0.1781172273190627,-924.454651
11.621584375000111,31.538399,6.134015,5.840287,15.723619,0.465636,145.0,125.66666412353516,43.34706340555845,1.3096458784312266,24.570051,169.244614,-0.24225851172273125,-517.802063
11.627445214843647,31.354944,6.054119,5.792835,15.729169,0.468464,145.0,125.66666412353516,43.53921593823517,1.3201570819056183,24.524082,169.348373,0.5787506625891944,-473.634521
11.632654199218905,31.277916,6.0274,5.37997,15.663357,0.468464,145.0,125.66666412353516,43.70999684455819,1.3294992062632633,24.549685,169.405075,-1.2528414882772678,-517.236389
11.638281152344007,31.421524,6.110647,5.350127,15.785313,0.46552,145.0,125.66666412353516,43.89448120568178,1.339590942399137,24.505793,169.281998,-0.29357227319062124,-259.961609
11.643460107422015,31.253263,6.024293,4.643682,15.70437,0.46552,145.0,125.66666412353516,44.06427757640873,1.348879210303089,24.473959,169.18689,0.2423643221202856,-727.939697
11.649459130859668,31.031918,5.994538,4.144359,15.68156,0.469585,145.0,125.66666412353516,44.26096057369825,1.3596382410359376,24.362318,169.2715,0.9065835881753315,164.131699
11.65469301757821,31.236609,5.95445,3.334126,15.740252,0.469585,145.0,125.66666412353516,44.432557924174105,1.3690250268429862,24.405285,169.280029,0.6086833843017323,-132.172684
11.66029921874997,31.204432,5.818812,3.61624,15.840252,0.465559,145.0,125.66666412353516,44.61636191517033,1.3790795451043567,24.308809,169.219757,-1.5678467889908259,-95.169991
11.66546010742195,31.236195,5.595303,3.327739,15.475781,0.465559,145.0,125.66666412353516,44.78556596366875,1.3883354115646238,24.239962,169.249252,-0.8907990825688068,-244.783447
11.671444970703305,31.283478,5.488391,3.135469,15.298642,0.468727,145.0,125.66666412353516,44.98178470840078,1.3990690465713405,24.227362,169.343033,-0.9677689092762489,-42.98912
11.676652001953244,31.156776,5.240047,3.287617,15.144191,0.468727,145.0,125.66666412353516,45.15250157988828,1.408407668070209,24.136854,169.165344,0.223835270132518,-199.908829
11.6824630371093,31.017496,5.132507,3.142869,15.122341,0.470336,145.0,125.66666412353516,45.34302122425932,1.418829548645793,24.133398,169.020081,-0.2864452599388382,-168.515457
11.68844497070313,30.913612,4.900272,3.14259,15.184,0.470336,145.0,125.66666412353516,45.53914391673807,1.4295579293643446,23.9505,169.198471,0.5288624872579002,-76.503662
11.693463037109268,31.239346,4.833709,3.182572,15.316216,0.471029,145.0,125.66666412353516,45.70366541788933,1.4385576492765604,24.001793,169.124588,0.5374149847094802,-141.977219
11.698631005859625,31.046249,4.737356,3.113567,15.296478,0.471029,145.0,125.66666412353516,45.8731015926665,1.4478262135998932,23.978231,169.088364,-0.29642262996941865,-152.724503
11.703715966797063,31.187634,4.577826,3.071263,15.24332,0.474833,145.0,125.66666412353516,46.03981628693421,1.4569459064252133,23.992159,168.889221,-0.605726503567788,-88.38224
11.710003808593683,31.072832,4.116776,3.107371,15.325798,0.474833,145.0,125.66666412353516,46.24596843552576,1.4682229223996763,23.87673,169.06842,-0.44893659531090674,-117.18306
11.715484765625206,31.212164,3.843284,3.098279,15.348433,0.47053,145.0,125.66666412353516,46.96930451167065,1.4814060877550566,23.849522,169.081909,-0.11825249745157948,-156.778305
11.72099892578126,31.012228,3.452513,3.132275,15.027873,0.47053,145.0,125.66666412353516,47.78005418115992,1.4951812712694874,23.762018,168.924591,-0.6570394495412837,-79.520447
11.726211816406249,30.819633,3.245182,3.114858,14.87384,0.476003,145.0,125.66666412353516,48.54650804385959,1.5082038391611075,23.729086,169.013474,-0.5544135575942909,-103.701828
11.731459863281543,30.745996,3.078374,3.102711,14.787121,0.476003,145.0,125.66666412353516,49.3181309472219,1.5213142325386957,23.753763,169.02713,-0.4874211009174306,-145.748199
11.736703759765533,30.928644,2.818216,3.095277,14.786423,0.471662,145.0,125.66666412353516,50.0891436166171,1.534414257629746,23.632662,168.8992,0.19960397553516884,-79.756134
11.741872705078094,30.888264,2.78921,3.129169,14.724311,0.471662,145.0,125.66666412353516,50.849136178488465,1.5473270436639057,23.582541,168.803986,0.26517084607543323,-121.095451
11.747511621093963,30.828251,2.644951,3.102676,14.672059,0.476015,145.0,125.66666412353516,51.67822876310697,1.5614138856736821,23.605595,168.936111,-0.10684964322120355,-128.967361
11.75344472656252,30.926418,2.474025,3.107424,14.657679,0.476015,145.0,125.66666412353516,52.5505761671594,1.5762356562292341,23.480724,168.937454,-0.31637798165137604,-101.250687
11.758458642578262,30.921335,2.391912,3.146411,14.555776,0.473611,145.0,125.66666412353516,53.28777469555314,1.5887611562662425,23.458578,168.833649,-0.25081111111111165,-105.021667
11.763626611328164,30.727388,2.391179,3.105015,14.60855,0.473611,145.0,125.66666412353516,54.047623672961656,1.6016715027035697,23.457983,168.719376,-0.5472865443425078,-116.476006
11.769446679687462,30.801908,2.381633,3.078174,14.627644,0.473813,145.0,125.66666412353516,54.903351175439056,1.6162108899257657,23.384842,168.865921,-0.5729434250764528,-107.33139
11.774461572265864,30.987556,2.358282,3.091053,14.593803,0.473813,145.0,125.66666412353516,55.64069328829565,1.6287388295596064,23.345819,168.812683,-0.36626534148827733,-101.43924
11.780458642578196,30.884371,2.391336,3.106115,14.637416,0.478411,145.0,125.66666412353516,56.52244547466483,1.643720393707684,23.321753,168.790268,-0.05126004077471924,-108.226997
11.786198632812557,30.830627,2.378841,3.093444,14.456769,0.478411,145.0,125.66666412353516,57.36639905118843,1.658059733989619,23.204771,168.75032,-0.03700682976554593,-107.284248
11.791505517578116,30.82799,2.391965,3.084526,14.421551,0.476797,145.0,125.66666412353516,58.14667291843753,1.6713171130763624,23.14156,168.700607,-0.27646799184505666,-93.378777
11.796703515625268,30.843052,2.370376,3.100827,14.607067,0.476797,145.0,125.66666412353516,58.91093711807872,1.6843024771162876,23.13217,168.696075,-0.37481794087665626,-122.038193
11.802478417968814,30.797447,2.384792,3.097895,14.500138,0.474882,145.0,125.66666412353516,59.760023839149255,1.6987290329849827,23.157999,168.540192,-0.32492976554536207,-117.890121
11.807903466797143,30.856817,2.390202,3.084265,14.324971,0.474882,145.0,125.66666412353516,60.557671426403346,1.7122816032884525,23.146778,168.711319,-0.38194413863404647,-94.415794
11.813458398437433,30.885166,2.394286,3.102013,14.2371,0.471656,145.0,125.66666412353516,61.374415747216645,1.7261586399706381,22.996288,168.623306,-0.4589138634046897,-120.105568
11.818982324218723,30.917889,2.439382,3.085085,14.235424,0.471656,145.0,125.66666412353516,62.186601261334424,1.7399582194533936,22.992517,168.625809,-0.397623649337411,-115.580399
11.82512636718775,30.659445,2.391912,3.052467,14.269421,0.47568,145.0,125.66666412353516,63.08996290936271,1.755306942924755,22.930878,168.589752,-0.07121549439347556,-99.270927
11.83065029296904,30.703554,2.391476,3.082641,14.114847,0.47568,145.0,125.66666412353516,63.90214842348048,1.7691065224075104,22.926828,168.63504,-0.12110285423037685,-114.731926
11.836446435546804,30.644207,2.391563,3.09306,13.950536,0.46949,145.0,125.66666412353516,64.75435810661803,1.7835861395073114,22.890005,168.635574,-0.23085565749235532,-111.432327
11.841595361328018,30.600817,2.417061,3.08135,14.000152,0.46949,145.0,125.66666412353516,64.85569539371993,1.7973700520023455,22.807211,168.402512,-0.3477354740061169,-98.139633
11.847522363281314,30.573427,2.432663,3.081786,13.941198,0.476705,145.0,125.66666412353516,64.8515766579848,1.8134065663863588,22.7514,168.514801,-0.5116523955147813,-111.526596
11.85259926757817,30.598036,2.444443,3.067545,13.925317,0.476705,145.0,125.66666412353516,64.8480486640147,1.8271429966131396,22.657053,168.543335,-0.4589138634046897,-113.082123
11.8584591308595,30.377844,2.424932,3.094526,13.750866,0.47254,145.0,125.66666412353516,64.84397658364584,1.8429978558727307,22.673563,168.455002,-0.3178027522935776,-93.944427
11.86370717773434,30.406815,2.461023,3.09594,13.839802,0.47254,145.0,125.66666412353516,64.8403296609057,1.8571973415257665,22.634731,168.341385,-0.25366146788990757,-99.365204
11.869620263672005,30.183088,2.439452,3.075504,13.899941,0.474909,145.0,125.66666412353516,64.83622059555557,1.8731962037567178,22.568867,168.482635,-0.20804994903160054,-102.806221
11.875467187499908,30.286209,2.406398,3.066446,13.943834,0.474909,145.0,125.66666412353516,64.83215750694822,1.8890160531196019,22.539217,168.401825,-0.32350417940876625,-88.38224
11.881458154296979,30.282991,2.391214,3.055486,13.944933,0.475606,145.0,125.66666412353516,64.82799432137321,1.9052256352948833,22.413317,168.242432,-0.2607883792048932,-111.055229
11.888276025390496,30.304501,2.411633,3.067807,13.844566,0.475606,145.0,125.66666412353516,64.82325651134153,1.9236725480389603,22.357279,168.450089,-0.39904923547400545,-95.169991
11.893669091797165,30.331694,2.404199,3.068505,13.833309,0.469824,145.0,125.66666412353516,64.81950881301022,1.9382644087607486,22.32815,168.357269,-0.3534369011213041,-98.611008
11.899458154297008,30.272335,2.401546,3.068889,13.884078,0.469824,145.0,125.66666412353516,64.8154859328458,1.953927704434585,22.330227,168.331619,-0.4332577981651376,-97.856812
11.904501123046884,30.232512,2.395787,3.067894,13.935544,0.468076,145.0,125.66666412353516,64.81198152104265,1.9675723162530214,22.295532,168.23288,-0.3790937818552491,-100.166534
11.910495996093687,30.292688,2.413448,3.068418,13.80844,0.468076,145.0,125.66666412353516,64.80781562097361,1.9837924674537237,22.216299,168.303925,-0.14818521916411878,-95.547089
11.915627099609537,30.192219,2.394181,3.021419,13.728317,0.472102,145.0,125.66666412353516,64.80424996339873,1.9976755429082202,22.160698,168.273254,-0.19094566768603446,-97.668266
11.921443994140645,30.154533,2.395403,3.108488,13.678771,0.472102,145.0,125.66666412353516,64.8002077424643,2.013414142888181,22.222111,168.120956,-0.2565125382263003,-91.587563
11.926546044921906,30.241859,2.390272,3.06779,13.900971,0.468446,145.0,125.66666412353516,64.79666227393882,2.027218611216109,22.066788,168.223389,-0.3847952089704378,-94.462936
11.93245986328111,30.193125,2.40474,3.025556,13.999698,0.468446,145.0,125.66666412353516,64.79255269962107,2.043219455139327,22.034605,168.324417,-0.5059509683995925,-96.301285
11.937630761718992,30.102329,2.409818,3.081891,13.988319,0.470117,145.0,125.66666412353516,64.78895938813818,2.0572102025402987,22.000277,168.214264,-0.28787084607543256,-96.536972
11.943458886718872,30.216324,2.39474,3.068802,14.005911,0.470117,145.0,125.66666412353516,64.78490936303338,2.0729791884683446,21.982651,168.05722,-0.34916106014271125,-94.604347
11.950297753906398,30.105373,2.396031,3.012868,13.745473,0.469287,145.0,125.66666412353516,64.78015696259624,2.0914829097240593,21.861446,168.232498,-0.20092375127421033,-96.348419
11.956015771484545,30.098631,2.390185,3.031821,13.865736,0.469287,145.0,125.66666412353516,64.77618345229214,2.1069539812480524,21.846577,168.187698,-0.32920642201834927,-93.237366
11.961583886718927,30.120808,2.411546,3.043427,13.791389,0.468249,145.0,125.66666412353516,64.77231411069675,2.122019466421517,21.831602,167.967758,-0.4061754332313971,-90.927643
11.967449853515518,30.007565,2.403029,3.073043,13.644687,0.468249,145.0,125.66666412353516,64.7747591996728,2.1378233627903125,21.774639,168.12262,-0.4460855249745154,-103.418999
11.972602685546917,30.028288,2.391336,3.06779,13.414755,0.463551,145.0,125.66666412353516,64.77820595702674,2.1516925148055703,21.688354,168.102402,-0.4104520897043828,-93.143097
11.979314599609552,29.96472,2.429766,3.06772,13.312049,0.463551,145.0,125.66666412353516,64.78269559282579,2.1697580282711004,21.716627,168.008728,-0.3434596330275226,-91.446152
11.984443750000082,30.03492,2.398754,3.080931,13.47041,0.467841,145.0,125.66666412353516,64.7861265094016,2.183563439750706,21.653049,167.907852,-0.30497512742099864,-95.594231
11.989560693359635,29.905872,2.398492,3.007109,13.489346,0.467841,145.0,125.66666412353516,64.78954926062785,2.197335995284099,21.496609,168.034592,-0.2807438328236495,-91.870392
11.995458642578342,29.93203,2.432209,3.049866,13.395208,0.46294,145.0,125.66666412353516,64.7934944309186,2.2132106742561732,21.486713,167.924225,-0.4332577981651376,-86.213928
12.001332666015514,29.855011,2.391389,3.076097,13.252136,0.46294,145.0,125.66666412353516,64.79742359712422,2.229020955573671,21.37118,167.873016,-0.31495249745158055,-94.557205
12.00646450195336,29.853888,2.410761,3.15793,13.247878,0.46796,145.0,125.66666412353516,64.80085631007692,2.2428335953614433,21.334322,167.964081,-0.4475110091743123,-85.601143
12.013371484375057,29.909309,2.374722,3.112258,13.287023,0.46796,145.0,125.66666412353516,64.80547642816185,2.2614241468474505,21.247061,167.934143,-0.3206539245667692,-92.718857
12.018443505859523,29.710682,2.391912,3.068313,13.460043,0.465985,145.0,125.66666412353516,64.80886913090174,2.2750757924987814,21.259138,167.880112,-0.31495249745158055,-92.62458
12.02461757812489,29.691921,2.390028,3.067894,13.386046,0.465985,145.0,125.66666412353516,64.81299900139942,2.2916936729741844,21.163046,167.724396,-0.3106765545361873,-92.813133
12.030520410156441,29.67207,2.391284,3.066079,13.202868,0.464843,145.0,125.66666412353516,64.81694743783,2.307581494324744,21.13069,167.97757,-0.42470530071355755,-91.917526
12.03645839843739,29.532408,2.390865,3.020547,13.115329,0.464843,145.0,125.66666412353516,64.82091939046728,2.323563940800396,21.140045,167.918411,-0.470316819571866,-85.318321
12.042457421875042,29.656483,2.390883,3.044177,13.167284,0.46741,145.0,125.66666412353516,64.82493216985233,2.3397106670071106,21.093029,167.693344,-0.22800530071355793,-98.940971
12.047649316406478,29.874687,2.366886,3.039919,13.120669,0.46741,145.0,125.66666412353516,64.82840505632485,2.353684958050249,21.059992,167.771545,-0.3619895005096845,-91.540428
12.053461328125195,29.781559,2.387288,3.013391,13.010354,0.466099,145.0,125.66666412353516,64.83229274255474,2.3693283311609865,20.908072,167.782654,-0.25366146788990757,-89.136429
12.05859340820325,29.8169,2.364303,3.036324,12.997265,0.466099,145.0,125.66666412353516,64.83572561881444,2.3831416280676834,20.914789,167.753784,-0.3733923547400619,-91.776115
12.06444643554687,29.679857,2.323954,3.061193,13.027457,0.467557,145.0,125.66666412353516,64.83964074061883,2.398895397157695,20.890427,167.668655,-0.2778927624872582,-90.739098
12.069641259765831,29.787569,2.331772,3.014072,12.946165,0.467557,145.0,125.66666412353516,64.84311558677524,2.4128775736279247,20.881142,167.751709,-0.35486248725789993,-89.937767
12.075288232421826,29.78038,2.314914,2.999971,12.96182,0.465338,145.0,125.66666412353516,64.84689287747915,2.4280767343458685,20.880653,167.683853,-0.4147279306829771,-89.27784
12.080919335937779,29.95715,2.371441,3.031891,12.868765,0.465338,145.0,125.66666412353516,64.85065955322864,2.4432331823337354,20.859152,167.67131,-0.47744373088685016,-88.240822
12.086458154296906,29.659132,2.356572,3.032728,12.772953,0.469752,145.0,125.66666412353516,64.8543644989355,2.458141239368236,20.694666,167.685883,-0.5088020387359838,-87.109535
12.091492089843996,29.564585,2.354704,3.014473,12.863861,0.469752,145.0,125.66666412353516,64.87670309270645,2.4719533238496036,20.775854,167.708817,-0.468892048929663,-87.29808
12.098300195312731,29.877939,2.376432,3.029238,12.825519,0.460699,145.0,125.66666412353516,64.90980883021531,2.4906734789338016,20.695574,167.602875,-0.30354954128440426,-86.166786
12.103459130859392,29.63339,2.389731,2.981227,12.764786,0.460699,145.0,125.66666412353516,64.9348951580967,2.5048589338962985,20.675295,167.467163,-0.20377400611620733,-87.29808
12.109458154297045,29.643295,2.359207,2.971087,12.842954,0.465588,145.0,125.66666412353516,64.96406657680386,2.5213543671147205,20.607283,167.642731,-0.28787084607543256,-83.338554
12.114613183593974,29.569592,2.277653,2.96662,12.852221,0.465588,145.0,125.66666412353516,64.98913390978456,2.535529081114679,20.623112,167.635254,-0.3178027522935776,-88.476509
12.119773095703295,29.857193,2.269765,3.017283,12.810929,0.463184,145.0,125.66666412353516,65.01422498639108,2.5497172213178105,20.629604,167.593002,-0.42755637104994887,-88.853607
12.125097070312677,29.604191,2.340795,3.033234,12.781784,0.463184,145.0,125.66666412353516,65.04011384882585,2.5643564819475566,20.568226,167.553955,-0.389071151885831,-81.311661
12.13045791015611,29.578417,2.334669,3.031123,12.67386,0.467104,145.0,125.66666412353516,65.06618197563571,2.5790971104112597,20.419865,167.526962,-0.5515624872578996,-85.789688
12.135619042968756,29.533531,2.272994,3.034317,12.562707,0.467104,145.0,125.66666412353516,65.09127898814872,2.5932886071651846,20.425747,167.544846,-0.3477354740061169,-90.032036
12.141459863281398,29.391035,2.357619,3.038819,12.643004,0.46142,145.0,125.66666412353516,65.11968111337866,2.609349031400799,20.390301,167.337753,-0.22087838939857232,-72.732689
12.14745888671905,29.50419,2.237897,3.004037,12.782743,0.46142,145.0,125.66666412353516,65.14885253208583,2.625844464619221,20.39559,167.464874,-0.14248379204893008,-81.877304
12.154360986328356,29.595139,2.204948,2.948993,12.586861,0.464575,145.0,125.66666412353516,65.18241533439212,2.6448230741145005,20.290649,167.408813,-0.2123266055045877,-84.516983
12.159477929687455,29.546741,2.198141,2.939883,12.499373,0.464575,145.0,125.66666412353516,65.20729746709127,2.658893063729709,20.211416,167.414413,-0.4004740061162084,-70.281555
12.16545791015642,29.482103,2.352087,2.94463,12.524644,0.460679,145.0,125.66666412353516,65.23637628565766,2.675336134755756,20.265921,167.507278,-0.5729434250764528,-94.462936
12.171456933593618,29.470354,2.345472,2.943618,12.521224,0.460679,145.0,125.66666412353516,65.26554770436482,2.691831567974178,20.197281,167.504623,-0.6969494393476046,-86.072517
12.178277734375115,29.426256,2.25165,2.977335,12.327139,0.461726,145.0,125.66666412353516,65.29871517530087,2.7105866311866262,20.08927,167.330444,-0.470316819571866,-77.917778
12.183442773437491,29.367628,2.337165,2.902884,12.385411,0.461726,145.0,125.66666412353516,65.32383118271454,2.7247888689030892,20.071608,167.181458,-0.3320567787971452,-87.29808
12.188559716797045,29.2911,2.230812,2.852186,12.529653,0.462686,145.0,125.66666412353516,65.34871331541369,2.738858858518298,20.107611,167.33252,-0.12537869520897116,-93.850151
12.194458642578411,29.291046,2.264564,2.967231,12.357348,0.462686,145.0,125.66666412353516,65.37739798979113,2.755079054571672,20.055325,167.258118,-0.2408337410805297,-77.96492
12.199831689453276,29.235296,2.333745,3.01128,12.259651,0.459222,145.0,125.66666412353516,65.40352547566559,2.7698532485433076,19.960262,167.312408,-0.389071151885831,-83.527107
12.20598378906243,29.23402,2.304739,2.932518,12.187556,0.459222,145.0,125.66666412353516,65.43344125704284,2.786769593231205,19.896389,167.300095,-0.4603394495412841,-84.422714
12.21310366210946,29.253273,2.349242,2.927492,12.263386,0.461736,145.0,125.66666412353516,65.46138684121671,2.806301460138163,19.922253,167.395584,-0.5943236493374107,-76.975037
12.218464746094014,29.107395,2.308962,2.849952,12.390437,0.461736,145.0,125.66666412353516,65.4741153306515,2.8209517361705343,19.868116,167.299988,-0.30925096839959293,-87.675179
12.223845605468796,29.26996,2.316397,2.861959,12.360315,0.459583,145.0,125.66666412353516,65.48689077157061,2.8356560525671584,19.920454,167.073639,-0.3178027522935776,-87.29808
12.229554589843701,29.294601,2.308352,2.898679,12.147992,0.459583,145.0,125.66666412353516,65.50044525934068,2.8512570387113807,19.863543,167.306335,-0.37481794087665626,-74.618179
12.234957666015816,29.303436,2.272313,2.847858,12.167364,0.462708,145.0,125.66666412353516,65.51327344822366,2.866022067122165,19.732059,167.13504,-0.45321243628950103,-83.432831
12.240095605468923,29.403316,2.237426,2.899359,12.274014,0.462708,145.0,125.66666412353516,65.52547213942796,2.8800625543529703,19.752705,167.135681,-0.39192222222222234,-89.560669
12.245906396484315,29.260809,2.234494,2.940634,12.190035,0.457222,145.0,125.66666412353516,65.5392683403951,2.8959417482983447,19.73089,167.185776,-0.2864452599388382,-74.382492
12.251458398437535,29.343401,2.233028,2.970581,12.290315,0.457222,145.0,125.66666412353516,65.55245011453037,2.9111137473535,19.70396,167.238739,-0.37481794087665626,-80.180367
12.257456445312528,29.08584,2.251877,2.898906,12.402462,0.463238,145.0,125.66666412353516,65.56669090547868,2.9275046568467964,19.613892,167.177994,-0.2550869520897045,-82.065849
12.264071435547066,29.177662,2.27877,2.932606,12.31323,0.463238,145.0,125.66666412353516,65.58239646680822,2.945581492271775,19.644852,167.061752,-0.4574890927624867,-72.355591
12.26946035156243,29.151024,2.218717,3.006725,12.130645,0.459623,145.0,125.66666412353516,65.59519103610984,2.9603078251130945,19.511412,167.231277,-0.5031006116207952,-85.695419
12.275457421875217,29.148691,2.221108,2.983042,12.025199,0.459623,145.0,125.66666412353516,65.60942950846632,2.9766960659464283,19.507294,167.053635,-0.5358836901121304,-84.422714
12.282274316406529,29.029591,2.294163,2.870615,11.911569,0.460084,145.0,125.66666412353516,65.62561443865431,2.9953246468187755,19.470278,166.937943,-0.3947725790010197,-75.985153
12.287659326172161,28.874702,2.18514,2.873425,11.895635,0.460084,145.0,125.66666412353516,65.63839973358866,3.0100403050202424,19.525757,167.096313,-0.1880953109072371,-85.883965
12.29390932617207,29.13859,2.230725,2.85634,11.831568,0.459657,145.0,125.66666412353516,65.65323872122609,3.0271197287840166,19.488985,166.931274,-0.3106765545361873,-72.968376
12.30007119140646,28.958637,2.173255,2.864612,11.836943,0.459657,145.0,125.66666412353516,65.66786845595193,3.0439583059861213,19.371288,166.968826,-0.24510968399592295,-78.059189
12.305458154296957,29.081161,2.239957,2.873897,11.782003,0.457025,145.0,125.66666412353516,65.6806583880699,3.0586793015075147,19.385633,166.966522,-0.3947725790010197,-81.358795
12.310611230469021,29.11154,2.208421,2.90908,11.815581,0.457025,145.0,125.66666412353516,65.69289301744739,3.072761152967748,19.329351,167.14566,-0.4888466870540265,-78.671974
12.31646108398445,28.827953,2.248543,2.898085,11.820293,0.464487,145.0,125.66666412353516,65.70678196208725,3.0887470933116457,19.321987,166.959595,-0.4475110091743123,-76.550804
12.321604150390613,29.013557,2.235594,2.836671,11.692195,0.464487,145.0,125.66666412353516,65.7189928258986,3.1028015910072573,19.266872,166.827133,-0.45036218144750256,-79.897545
12.326633203124857,29.037193,2.267008,2.899097,11.732318,0.462631,145.0,125.66666412353516,65.73093299411515,3.1165445226521786,19.254133,166.932602,-0.35913843017329317,-78.389153
12.332465234374922,28.947805,2.34816,2.898591,11.752283,0.462631,145.0,125.66666412353516,65.74477962445432,3.13248175995175,19.200241,166.964127,-0.3277808358817534,-73.486885
12.3376971679686,28.847271,2.344425,2.816113,12.009632,0.466482,145.0,125.66666412353516,65.75720148012114,3.1467791057040024,19.167831,166.839142,-0.21090101936799185,-81.54734
12.343502099609395,28.70846,2.39076,2.828538,11.950225,0.466482,145.0,125.66666412353516,65.74074791662616,3.162494225761382,19.104637,166.756027,-0.4133024464831802,-77.493546
12.349456933593956,28.735806,2.351371,2.844961,11.921534,0.460749,145.0,125.66666412353516,65.71504586957766,3.1785719534047714,19.110764,166.929886,-0.3220794087665647,-74.052528
12.354611962890885,28.8874,2.360464,2.821994,11.706052,0.460749,145.0,125.66666412353516,65.69279591166577,3.1924902519243137,18.992193,166.780029,-0.5002495412844039,-77.587822
12.36092910156276,29.032635,2.350446,2.861139,11.706419,0.463782,145.0,125.66666412353516,65.66553009774341,3.209546182504146,18.995806,166.828903,-0.470316819571866,-74.052528
12.366519921874897,28.872564,2.311545,2.932117,11.703539,0.463782,145.0,125.66666412353516,65.6413991938276,3.2246410930462974,18.981705,166.783722,-0.4133024464831802,-79.096207
12.373145898437542,28.832294,2.2424,2.839132,11.607221,0.461685,145.0,125.66666412353516,65.61280038455793,3.242530869121144,18.94352,166.922043,-0.4603394495412841,-75.513786
12.378516015624882,28.728933,2.218421,2.826095,11.582928,0.461685,145.0,125.66666412353516,65.5896220717836,3.2570298932383994,18.9916,166.651108,-0.21660244648318056,-74.75959
12.38445693359381,28.762791,2.224773,2.817753,11.587325,0.459556,145.0,125.66666412353516,65.56398008855706,3.273070048397033,18.886574,166.626038,-0.26648980632008185,-73.486885
12.390441796875166,28.900925,2.279224,2.860127,11.602177,0.459556,145.0,125.66666412353516,65.53814843010325,3.289228853507526,18.890377,166.756454,-0.30069847094801294,-80.698875
12.396652734375039,28.868311,2.315175,2.868713,11.581723,0.464262,145.0,125.66666412353516,65.51134099798017,3.3059980467036976,18.821354,166.68364,-0.417578287461773,-74.382492
12.40245693359384,28.745394,2.31521,2.8573,11.475021,0.464262,145.0,125.66666412353516,65.48628911546075,3.3216690686787675,18.731842,166.538757,-0.5472865443425078,-74.948135
12.40746669921873,28.659769,2.303029,2.827474,11.467709,0.461683,145.0,125.66666412353516,65.46466613955016,3.335195163190774,18.727568,166.644165,-0.5344581039755346,-79.944679
12.413456689453142,28.821049,2.327165,2.821104,11.408215,0.461683,145.0,125.66666412353516,65.43881235231983,3.351367810795651,18.685699,166.758972,-0.5344581039755346,-77.446411
12.41860683593768,28.625269,2.219328,2.849027,11.514916,0.463372,145.0,125.66666412353516,65.41658346943318,3.3652729259872087,18.653605,166.59407,-0.26363955147808343,-74.712448
12.42446669921901,28.544149,2.249957,2.873233,11.528163,0.463372,145.0,125.66666412353516,65.39129133162587,3.381094237901301,18.628666,166.516998,-0.32492976554536207,-73.251198
12.430468652343734,28.533241,2.226484,2.87175,11.481915,0.459705,145.0,125.66666412353516,65.36538591058365,3.3972991846597393,18.622749,166.629715,-0.2550869520897045,-73.911118
12.43645668945328,28.728466,2.27507,2.819777,11.429156,0.459705,145.0,125.66666412353516,65.33954055336342,3.4134665589334228,18.671144,166.504089,-0.39334780835881816,-69.480225
12.441778710937797,28.537386,2.235559,2.87901,11.411058,0.459652,145.0,125.66666412353516,65.31656982958783,3.4278357272700317,18.617113,166.461411,-0.3876455657492352,-71.082886
12.4473246093753,28.625422,2.23706,2.824298,11.480623,0.459652,145.0,125.66666412353516,65.29263281590435,3.4428093511947266,18.489328,166.432922,-0.49312252803261936,-72.119904
12.452456689453356,28.781017,2.231405,2.810668,11.443153,0.455515,145.0,125.66666412353516,65.27048191061115,3.4566656880727424,18.586082,166.599045,-0.38194413863404647,-74.806725
12.457598535156194,28.606365,2.192801,2.805903,11.340866,0.455515,145.0,125.66666412353516,65.24828885526743,3.4705483916067266,18.449154,166.459381,-0.3505866462793071,-68.867439
12.464090478515573,28.711962,2.200759,2.78777,11.388022,0.458987,145.0,125.66666412353516,65.2665558882624,3.4882754240160647,18.447844,166.376114,-0.3106765545361873,-74.09967
12.46947841796873,28.484331,2.228892,2.829446,11.304235,0.458987,145.0,125.66666412353516,65.30757922879386,3.503099108414244,18.435627,166.429291,-0.35201213047910257,-73.204063
12.475441552734537,28.557434,2.182469,2.802203,11.318074,0.458953,145.0,125.66666412353516,65.35298206047997,3.519505311297272,18.345383,166.392807,-0.4190038735983689,-74.806725
12.48046035156267,28.652069,2.152225,2.845293,11.255944,0.458953,145.0,125.66666412353516,65.39119479378483,3.5333133896050057,18.352764,166.392334,-0.32920642201834927,-73.015511
12.485734521484574,28.537136,2.155331,2.791819,11.196625,0.456627,145.0,125.66666412353516,65.43135190219488,3.5478240631313946,18.305889,166.327835,-0.35913843017329317,-70.375832
12.491441308593949,28.57,2.162783,2.819655,11.132994,0.456627,145.0,125.66666412353516,65.47480292330697,3.5635249840071683,18.338385,166.429352,-0.3320567787971452,-72.8741
12.496458398437426,28.567043,2.156954,2.767805,11.10446,0.45702,145.0,125.66666412353516,65.51300264454134,3.5773283604348536,18.294788,166.306335,-0.39192222222222234,-71.601395
12.502456445312419,28.510445,2.166693,2.860406,11.16111,0.45702,145.0,125.66666412353516,65.55867129423898,3.593830616010298,18.205679,166.198746,-0.38622079510703367,-63.588074
12.507756250000057,28.367861,2.199887,2.846462,11.463485,0.457069,145.0,125.66666412353516,65.59902358370641,3.6084118177374123,18.19313,166.345444,-0.3961980632008152,-65.096466
12.513456445312386,28.437866,2.188124,2.831278,11.444585,0.457069,145.0,125.66666412353516,65.64242441540374,3.624094602790142,18.241299,166.464294,-0.3733923547400619,-78.671974
12.51891738281256,28.322496,2.199328,2.739201,11.303903,0.457521,145.0,125.66666412353516,65.68400355723199,3.639119124636102,18.129045,166.239227,-0.45036218144750256,-63.682346
12.52407729492188,28.428093,2.202312,2.780981,11.205909,0.457521,145.0,125.66666412353516,65.72329071578618,3.6533154438964,18.045311,166.149551,-0.35913843017329317,-63.210976
12.529466210937699,28.364326,2.185541,2.798242,11.250569,0.452846,145.0,125.66666412353516,65.76432149178649,3.668141815083179,18.009657,166.249954,-0.3562880733944958,-75.042412
12.53447915039078,28.373499,2.172155,2.735274,11.319627,0.452846,145.0,125.66666412353516,65.80248961227824,3.681933772659318,17.911942,166.185135,-0.32920642201834927,-65.096466
12.540441308593927,28.365646,2.180777,2.80435,11.267166,0.451163,145.0,125.66666412353516,65.8478850084955,3.698337288753747,17.865658,166.207642,-0.2807438328236495,-67.029091
12.545455224609668,28.424242,2.166361,2.791784,11.370901,0.451163,145.0,125.66666412353516,65.8860605644561,3.7121319331184854,17.879412,166.0634,-0.3106765545361873,-65.473564
12.551369042968872,28.55798,2.162469,2.769987,11.316277,0.457049,145.0,125.66666412353516,65.93108790496512,3.7284024531772606,17.895449,166.23645,-0.4218549439347602,-70.187279
12.55645620117184,28.440037,2.156501,2.759358,11.26659,0.457049,145.0,125.66666412353516,65.96982112108974,3.742398606686929,17.806095,166.138199,-0.49597359836901067,-65.850662
12.562456201172154,28.356462,2.207077,2.780755,11.17104,0.456706,145.0,125.66666412353516,66.01550464172506,3.758906235839571,17.758591,166.047302,-0.4061754332313971,-71.224297
12.568441064453054,28.387299,2.173551,2.833163,11.134356,0.456706,145.0,125.66666412353516,66.06107291259316,3.775372219768928,17.785938,166.152817,-0.39904923547400545,-71.459984
12.574060937500235,28.363268,2.156902,2.810772,10.9002,0.451463,145.0,125.66666412353516,66.1038621769773,3.7908340164593852,17.680788,166.086716,-0.2565125382263003,-66.369171
12.579454980468654,28.330208,2.153726,2.772098,10.866605,0.451463,145.0,125.66666412353516,66.1449319891891,3.805674493286309,17.752359,166.010223,-0.22943088685015234,-66.651993
12.58459291992176,28.171164,2.16685,2.790667,10.978159,0.456652,145.0,125.66666412353516,66.18405184969409,3.8198103598031286,17.698257,165.907166,-0.29072110091743103,-65.709244
12.591229882812513,28.217947,2.183394,2.744367,11.052976,0.456652,145.0,125.66666412353516,66.19776097601122,3.8374320142005636,17.656548,166.226212,-0.3505866462793071,-64.106583
12.596619042968996,28.308086,2.169974,2.732255,10.969398,0.454719,145.0,125.66666412353516,66.19265574480148,3.8514591500785547,17.623266,166.019775,-0.4289811416921504,-67.689011
12.602455957031452,28.098291,2.182818,2.753041,11.022976,0.454719,145.0,125.66666412353516,66.18712634968676,3.8666517189184115,17.609026,165.832535,-0.42755637104994887,-69.055984
12.60845693359397,28.130598,2.228386,2.771278,10.965209,0.454904,145.0,125.66666412353516,66.18144153573664,3.882271316629792,17.536232,165.999344,-0.4161535168195715,-65.379288
12.61431093750025,27.969625,2.163377,2.757281,10.826098,0.454904,145.0,125.66666412353516,66.17589595115989,3.8975083676437663,17.487226,165.96402,-0.36769092762487315,-69.385948
12.619461816406329,28.159395,2.189276,2.742866,10.742329,0.453243,145.0,125.66666412353516,66.17101644730636,3.91091529492264,17.473475,165.949677,-0.26648980632008185,-65.944931
12.625455712890925,28.27051,2.18226,2.740492,10.691351,0.453243,145.0,125.66666412353516,66.16533834041905,3.926516464304743,17.42248,165.886993,-0.24225851172273125,-69.621635
12.631452783203258,28.228527,2.212121,2.774053,10.716412,0.456215,145.0,125.66666412353516,66.15965722691739,3.94212589466204,17.367592,165.968872,-0.30925096839959293,-65.614975
12.637228662109464,28.17664,2.20151,2.757805,10.65868,0.456215,145.0,125.66666412353516,66.15418565130989,3.957159598594336,17.448868,165.894623,-0.3876455657492352,-71.271439
12.642444726562644,28.366289,2.183499,2.743337,10.940096,0.45655,145.0,125.66666412353516,66.14924439622264,3.9707361935944845,17.369093,165.777634,-0.4332577981651376,-60.288471
12.647457666015725,28.126879,2.180183,2.759062,10.995786,0.45655,145.0,125.66666412353516,66.14449556445543,3.98378408618227,17.316772,165.92247,-0.3334822629969421,-67.311913
12.653304589843628,28.199644,2.153307,2.758224,11.033709,0.459231,145.0,125.66666412353516,66.13895668694153,3.9990027088669673,17.385359,165.948929,-0.30925096839959293,-63.682346
12.65840859375021,28.166658,2.152626,2.746287,10.947635,0.459231,145.0,125.66666412353516,66.13412158846954,4.012287627896834,17.313089,165.803833,-0.1624384301732921,-67.406189
12.663464746093723,28.115808,2.182958,2.743896,10.851875,0.455547,145.0,125.66666412353516,66.1293318204912,4.025447996839173,17.355219,165.709137,-0.35913843017329317,-67.830421
12.669454736328134,27.959665,2.167164,2.7714,10.774755,0.455547,145.0,125.66666412353516,66.12365741405237,4.041038998867193,17.268011,165.833069,-0.22230387359836926,-65.473564
12.67446669921901,28.228985,2.205908,2.775938,10.467649,0.454706,145.0,125.66666412353516,66.11890950739728,4.054084349616457,17.223804,165.839737,-0.46319062181447435,-70.941475
12.680336572265787,28.025875,2.187408,2.789673,10.402395,0.454706,145.0,125.66666412353516,66.11334888974865,4.069362705506397,17.189249,165.795715,-0.27219133537206947,-65.709244
12.685456445312411,28.161619,2.169467,2.792395,10.441488,0.455372,145.0,125.66666412353516,66.10849875820479,4.08268892941223,17.187433,165.610718,-0.389071151885831,-62.26823
12.691440576171772,28.075876,2.153307,2.744541,10.397893,0.455372,145.0,125.66666412353516,66.10282990243864,4.098264680409124,17.242392,165.853973,-0.25366146788990757,-65.80352
12.6964994140626,28.033991,2.158961,2.743773,10.511524,0.454664,145.0,125.66666412353516,66.098037590402,4.111432039407395,17.144503,165.773209,-0.27646799184505666,-60.901253
12.702312402343978,27.968927,2.217688,2.76318,10.696831,0.454664,145.0,125.66666412353516,66.09253086053411,4.126562333203489,17.121256,165.629929,-0.2850196738022423,-63.399525
12.707923486328127,28.140406,2.197688,2.764367,10.617511,0.457734,145.0,125.66666412353516,66.08721539759613,4.141167101885371,17.114641,165.728027,-0.24225851172273125,-70.564377
12.714227441406365,27.984306,2.198752,2.760248,10.45716,0.457734,145.0,125.66666412353516,66.08124356761213,4.157575304997883,17.091726,165.68338,-0.397623649337411,-63.305248
12.719980371093698,28.076715,2.214215,2.761243,10.358905,0.454532,145.0,125.66666412353516,66.07579373213935,4.172549275724936,17.097975,165.620758,-0.24510968399592295,-65.00219
12.725103417968967,28.065666,2.234843,2.758067,10.424944,0.454532,145.0,125.66666412353516,66.07459847972508,4.186804736324164,16.969631,165.548996,-0.389071151885831,-64.955055
12.73045839843735,27.974991,2.214215,2.733826,10.370144,0.45664,145.0,125.66666412353516,66.07355455512385,4.2017573038267555,17.033331,165.699173,-0.2465351681957184,-65.80352
12.737220361328127,28.131525,2.23137,2.7551,10.3914,0.45664,145.0,125.66666412353516,66.07223634687728,4.220638550390048,16.952738,165.60022,-0.31495249745158055,-62.26823
12.742619287109392,28.002151,2.170567,2.756234,10.288957,0.453208,145.0,125.66666412353516,66.07118385537404,4.23571382520323,16.968079,165.49971,-0.3106765545361873,-66.180618
12.747637353515529,27.975624,2.196606,2.732168,10.252447,0.453208,145.0,125.66666412353516,66.07020561035473,4.24972563665797,16.930887,165.594833,-0.31210132517838884,-62.26823
12.75344619140651,27.901125,2.17877,2.743128,10.245012,0.45581,145.0,125.66666412353516,66.06907320869351,4.265945497996037,16.944937,165.624115,-0.3619895005096845,-64.106583
12.758495263672103,27.865435,2.198002,2.752744,10.313058,0.45581,145.0,125.66666412353516,66.0680889192489,4.28004388627547,16.91984,165.516937,-0.30069847094801294,-63.163837
12.763554101562477,27.829571,2.190148,2.782552,10.27777,0.452888,145.0,125.66666412353516,66.06710272604829,4.294169542846145,16.910242,165.444397,-0.30354954128440426,-61.4669
12.76863808593771,27.858597,2.211091,2.746304,10.35332,0.452888,145.0,125.66666412353516,66.06611163067599,4.30836541526677,16.909178,165.483765,-0.2565125382263003,-67.12336
12.774454248046823,27.817354,2.187094,2.721365,10.17852,0.450331,145.0,125.66666412353516,66.06497780119777,4.3246057278232675,16.813906,165.486435,-0.3206539245667692,-61.891132
12.779475244140485,28.100266,2.160148,2.708223,10.12564,0.450331,145.0,125.66666412353516,66.06399898505165,4.33862571976538,16.775354,165.386139,-0.2123266055045877,-63.399525
12.784552148437797,27.749521,2.182155,2.711173,10.184175,0.45151,145.0,125.66666412353516,66.06300926990245,4.352801822674854,16.747553,165.35173,-0.3463107033639139,-64.625092
12.790619042968956,27.580956,2.166955,2.673721,10.127646,0.45151,145.0,125.66666412353516,66.061826561489,4.3697422486089925,16.656523,165.523346,-0.36341508664627886,-66.746262
12.797215966797012,27.921097,2.159502,2.729183,10.112288,0.456862,145.0,125.66666412353516,66.06054052671878,4.388162661050295,16.690536,165.38652,-0.39904923547400545,-63.776623
12.802481103515674,27.778164,2.168769,2.743878,10.174471,0.456862,145.0,125.66666412353516,66.05951411667272,4.402864360273459,16.67284,165.267288,-0.31637798165137604,-62.59819
12.808454980468923,27.917398,2.191405,2.744454,10.196268,0.452694,145.0,125.66666412353516,66.05834954153514,4.419545055733518,16.739159,165.320526,-0.18524413863404685,-64.625092
12.81362587890635,27.889433,2.18514,2.706513,10.257159,0.452694,145.0,125.66666412353516,66.05734150273446,4.433983615946196,16.738914,165.492142,-0.3135269113149847,-63.069565
12.819310937500177,27.697699,2.164424,2.713337,10.195134,0.449972,145.0,125.66666412353516,66.05623323118051,4.449857851692769,16.551723,165.358078,-0.20092375127421033,-57.743061
12.824587060546946,27.862534,2.201353,2.730911,10.212168,0.449972,145.0,125.66666412353516,66.05520467940896,4.464590227743582,16.555021,165.239502,-0.3334822629969421,-59.675686
12.830454980468858,27.738798,2.190183,2.730039,10.083964,0.451662,145.0,125.66666412353516,66.05406076002396,4.480975062243663,16.566103,165.421677,-0.3904966360856265,-63.540936
12.836002832031227,27.772951,2.194232,2.714838,10.064627,0.451662,145.0,125.66666412353516,66.05297923624177,4.496466178498285,16.472507,165.249527,-0.3477354740061169,-54.632008
12.841563867187688,27.746489,2.19219,2.731505,10.0755,0.452268,145.0,125.66666412353516,66.05189514238899,4.5119941069460845,16.48284,165.239502,-0.2750424057084608,-59.487137
12.847518945312459,27.755737,2.250271,2.715152,10.017681,0.452268,145.0,125.66666412353516,66.04989241380632,4.528899725145296,16.489489,165.297211,-0.23655708460754402,-60.288471
12.853439843750039,27.680029,2.178735,2.745658,9.960455,0.450636,145.0,125.66666412353516,66.04757148419807,4.545816960619303,16.505718,165.331299,-0.25936289500509624,-56.706043
12.858651757812368,27.778971,2.151649,2.749131,9.88981,0.450636,145.0,125.66666412353516,66.04552846897141,4.560708480613494,16.444078,165.173676,-0.22800530071355793,-64.059448
12.8646178222657,27.566034,2.192277,2.730562,9.901537,0.449285,145.0,125.66666412353516,66.0431898347624,4.577754764766484,16.438686,165.063889,-0.33918379204892973,-59.062904
12.870560693359494,27.709326,2.258718,2.664698,10.080125,0.449285,145.0,125.66666412353516,66.04086029210514,4.594734780678915,16.454428,165.310974,-0.30497512742099864,-59.534275
12.87734877929688,27.734512,2.216169,2.649445,10.101503,0.45031,145.0,125.66666412353516,66.03819943416238,4.614129750789393,16.35434,165.267136,-0.3263553516819565,-62.26823
12.883515771484326,27.751276,2.180166,2.713948,9.97543,0.45031,145.0,125.66666412353516,66.03578203840515,4.631750127173749,16.36228,165.030334,-0.3334822629969421,-59.722824
12.889516748046844,27.718237,2.153673,2.708416,9.944714,0.452495,145.0,125.66666412353516,66.03342971901826,4.648896162467791,16.324217,165.164871,-0.22372945973496364,-57.083141
12.895455712890907,27.545723,2.174773,2.730807,9.871589,0.452495,145.0,125.66666412353516,66.0311017075697,4.665865017413391,16.300011,165.127472,-0.2465351681957184,-63.446663
12.900624658203014,27.644884,2.159485,2.730772,9.903893,0.45131,145.0,125.66666412353516,66.0290755356389,4.680633766772441,16.269121,165.069061,-0.1952215086646273,-58.26157
12.90645449218755,27.558977,2.179136,2.729986,9.946057,0.45131,145.0,125.66666412353516,66.0267903023338,4.697290812207202,16.260883,165.090179,-0.19094566768603446,-61.278351
12.912539453125191,27.635057,2.174337,2.729969,9.929164,0.447234,145.0,125.66666412353516,66.02440506195956,4.714676808288108,16.219154,165.175537,-0.3349078491335365,-59.769962
12.918986474609483,27.598124,2.186832,2.726985,9.867488,0.447234,145.0,125.66666412353516,66.02187789767764,4.733097286482159,16.167339,165.032791,-0.28216941896024533,-61.231213
12.925258447265605,27.484118,2.201789,2.711487,9.867767,0.445844,145.0,125.66666412353516,66.01941935068622,4.751017613850098,16.157305,164.933945,-0.2679153924566763,-56.093258
12.930469384765729,27.547926,2.213656,2.720457,9.892828,0.445844,145.0,125.66666412353516,66.01737671826173,4.76590634360258,16.131615,165.158463,-0.2650650356778803,-69.150261
12.936439355468792,27.583366,2.24165,2.724384,9.780943,0.451927,145.0,125.66666412353516,66.01503655284401,4.782963788722402,16.112698,164.992188,-0.27361681957186496,-62.079681
12.942554345703229,27.47357,2.199346,2.700946,9.837069,0.451927,145.0,125.66666412353516,66.01263954130279,4.800435584735821,16.130236,164.876801,-0.2550869520897045,-55.810436
12.947605371093687,27.587673,2.187653,2.690248,9.901816,0.453291,145.0,125.66666412353516,66.01065959273504,4.814867412408662,16.108492,164.919006,-0.22087838939857232,-58.638668
12.953439355468618,27.598516,2.170794,2.710213,9.972393,0.453291,145.0,125.66666412353516,66.00837273252067,4.831536316370681,16.065123,165.079895,-0.307825484199796,-59.722824
12.958938378906169,27.488949,2.158612,2.714681,9.876441,0.447623,145.0,125.66666412353516,66.00621717345354,4.847248167426946,16.038544,164.953629,-0.2493855249745158,-53.500713
12.964104394531205,27.476852,2.16397,2.729951,9.95323,0.447623,145.0,125.66666412353516,66.00419214992927,4.862008546060872,16.027601,164.822235,-0.3306311926605508,-61.4669
12.969469384765489,27.618303,2.152731,2.712272,9.803997,0.448417,145.0,125.66666412353516,66.00787986175442,4.876881748989451,16.015226,164.928558,-0.27361681957186496,-64.860779
12.97551430664089,27.487848,2.16507,2.68304,9.732949,0.448417,145.0,125.66666412353516,66.01299861766512,4.89356407157473,16.001684,164.885986,-0.3277808358817534,-54.349182
12.982307275390667,27.485165,2.153918,2.644977,9.711012,0.449332,145.0,125.66666412353516,66.01875080928303,4.9123107978918865,15.950689,164.875641,-0.2550869520897045,-56.140396
12.987616113281547,27.495615,2.166605,2.704471,9.861031,0.449332,145.0,125.66666412353516,66.0232462594962,4.926961731034733,15.921334,164.917725,-0.25936289500509624,-58.402981
12.993453271484668,27.525774,2.191597,2.719253,9.83021,0.446562,145.0,125.66666412353516,66.02818908401434,4.943070683001269,15.880322,164.958374,-0.2750424057084608,-56.894592
12.998537255859446,27.662151,2.184633,2.694087,9.820629,0.446562,145.0,125.66666412353516,66.03249413139255,4.957101082254736,15.870304,164.811401,-0.27219133537206947,-59.298588
13.0045121093749,27.287727,2.225838,2.702464,9.654449,0.448411,145.0,125.66666412353516,66.03755355438943,4.973590035430403,15.862433,164.757095,-0.39192222222222234,-59.25145
13.009591210937742,27.385328,2.187688,2.704646,9.592477,0.448411,145.0,125.66666412353516,66.04185446706981,4.9876069594636885,15.873742,164.811935,-0.36341508664627886,-59.062904
13.015439111328305,27.551973,2.183726,2.710265,9.489388,0.451549,145.0,125.66666412353516,66.04680638792317,5.003745556914625,15.819309,164.792206,-0.34060927624872517,-55.998985
13.020455957031118,27.371235,2.159659,2.734419,9.478184,0.451549,145.0,125.66666412353516,66.05105458320625,5.01759067189059,15.819955,164.742279,-0.17099102956167248,-55.009106
13.025475976562575,27.473919,2.187077,2.740807,9.636509,0.449648,145.0,125.66666412353516,66.05530546604291,5.031444545759673,15.81074,164.739655,-0.27931824668705363,-57.837337
13.031601953125119,27.372696,2.201021,2.725449,9.565287,0.449648,145.0,125.66666412353516,66.06049285793756,5.0483505569999725,15.759029,164.868591,-0.23655708460754402,-60.524155
13.037454003906532,27.403172,2.163202,2.731103,9.498847,0.451003,145.0,125.66666412353516,66.06544829328406,5.064500608388063,15.694003,164.759338,-0.3534369011213041,-53.783539
13.043487939453371,27.313927,2.201126,2.717386,9.635846,0.451003,145.0,125.66666412353516,66.07055774612466,5.081152611727933,15.70889,164.638412,-0.3463107033639139,-58.780079
13.048496972656267,27.409695,2.181632,2.729847,9.681919,0.44807,145.0,125.66666412353516,66.0747993258912,5.094976166351606,15.695416,164.673248,-0.2379826707441384,-59.628548
13.05361391601582,27.46096,2.173831,2.698572,9.601972,0.44807,145.0,125.66666412353516,66.07913228247976,5.109097523341302,15.649273,164.77359,-0.30925096839959293,-59.015766
13.059454980468672,27.324093,2.156029,2.730213,9.526979,0.448172,145.0,125.66666412353516,66.08407841475616,5.125217255483983,15.679518,164.589127,-0.18381865443425138,-54.961967
13.065524804687357,27.392145,2.186745,2.729934,9.443541,0.448172,145.0,125.66666412353516,66.08921825762579,5.14196830169219,15.70341,164.570389,-0.2778927624872582,-56.234673
13.071453759765518,27.336134,2.183639,2.737264,9.502389,0.445429,145.0,125.66666412353516,66.09423881446308,5.158330587798147,15.609587,164.758865,-0.27931824668705363,-59.722824
13.076628808593796,27.243376,2.17788,2.724297,9.472337,0.445429,145.0,125.66666412353516,66.09862097395578,5.172612299908008,15.567021,164.666199,-0.3135269113149847,-54.160633
13.08251381835953,27.275761,2.168002,2.6877,9.490277,0.448738,145.0,125.66666412353516,66.10360431851262,5.188853309032327,15.57093,164.583405,-0.27931824668705363,-54.584869
13.088201806640882,27.364439,2.263971,2.663825,9.389387,0.448738,145.0,125.66666412353516,66.10842082801211,5.2045505930223035,15.555887,164.587784,-0.25081111111111165,-59.345726
13.09346572265622,27.369316,2.182644,2.656059,9.338427,0.449639,145.0,125.66666412353516,66.11288326711308,5.2188624707169256,15.553426,164.683487,-0.3220794087665647,-53.642124
13.098645654296888,27.305201,2.204075,2.665344,9.3297,0.449639,145.0,125.66666412353516,66.11727781645821,5.232804533774257,15.528801,164.505798,-0.28929561671763554,-50.248249
13.10451259765614,27.176174,2.163394,2.677874,9.396001,0.445419,145.0,125.66666412353516,66.12225521266471,5.248595725617153,15.426479,164.392654,-0.3206539245667692,-60.288471
13.110438623046775,27.353184,2.167024,2.663075,9.338391,0.445419,145.0,125.66666412353516,66.12728273287277,5.264545939907137,15.461401,164.486008,-0.15246116207951055,-54.349182
13.115453759765842,27.28067,2.2524,2.678258,9.492721,0.445465,145.0,125.66666412353516,66.13153747353583,5.2780444486182505,15.444979,164.533157,-0.24795993883791995,-56.706043
13.120643701171957,27.332796,2.17863,2.669689,9.424326,0.445465,145.0,125.66666412353516,66.13594051496388,5.29201345349513,15.454613,164.402634,-0.27361681957186496,-62.315369
13.127302636718923,27.263893,2.201178,2.667822,9.304238,0.444001,145.0,125.66666412353516,66.1415898213403,5.30993633467007,15.387282,164.505478,-0.36056391437308866,-48.409897
13.132438623047165,27.202974,2.15308,2.722918,9.34279,0.444001,145.0,125.66666412353516,66.14594708837022,5.32376011656841,15.370039,164.516464,-0.36056391437308866,-55.433338
13.137454492187771,27.173296,2.179084,2.711522,9.375634,0.443176,145.0,125.66666412353516,66.15020245040519,5.337260596632174,15.379498,164.366623,-0.26363955147808343,-60.80698
13.142618554687488,27.119837,2.185541,2.687927,9.297484,0.443176,145.0,125.66666412353516,66.15458353669206,5.351159947048758,15.396985,164.35376,-0.29214668705402685,-56.281807
13.148382470703382,26.857946,2.152295,2.682813,9.263348,0.44392,145.0,125.66666412353516,66.15947352658175,5.366673835285574,15.424682,164.301224,-0.2579381243628947,-52.369423
13.154850488281227,27.16626,2.151631,2.649602,9.329875,0.44392,145.0,125.66666412353516,66.16496086201093,5.384082850536451,15.296758,164.354507,-0.31495249745158055,-56.94173
13.16045351562525,27.283079,2.164598,2.623651,9.463663,0.445745,145.0,125.66666412353516,66.1697143572021,5.3991636983078495,15.325449,164.288467,-0.3577136595310902,-53.736401
13.165595361328087,27.20293,2.186169,2.639794,9.394797,0.445745,145.0,125.66666412353516,66.17407659520737,5.413003251027388,15.324402,164.225037,-0.29072110091743103,-52.180874
13.171455468750082,27.021212,2.161527,2.646268,9.284726,0.444895,145.0,125.66666412353516,66.1790481919426,5.428776043578885,15.306496,164.390091,-0.3705412844036691,-56.894592
13.17745229492175,27.149506,2.174215,2.640928,9.316647,0.444895,145.0,125.66666412353516,66.18413577810298,5.444916821958356,15.198398,164.311935,-0.29499704383282427,-59.062904
13.183345361328065,26.974548,2.129258,2.625151,9.204062,0.445282,145.0,125.66666412353516,66.18913533657462,5.4607783253790965,15.235047,164.191055,-0.22087838939857232,-51.662365
13.18938637695328,27.014698,2.138158,2.646897,9.15298,0.445282,145.0,125.66666412353516,66.1942604121742,5.477038042035108,15.247508,164.228622,-0.2864452599388382,-56.706043
13.194453271484235,27.129827,2.167024,2.597751,9.163661,0.445166,145.0,125.66666412353516,66.19855906311963,5.490675859666812,15.170177,164.333435,-0.28359418960244687,-58.26157
13.200453271484548,27.009474,2.173167,2.670405,9.188094,0.445166,145.0,125.66666412353516,66.20364934189166,5.506825180574431,15.145395,164.121872,-0.2693409785932721,-51.898048
13.206629296875235,27.098568,2.160916,2.64187,9.174848,0.441841,145.0,125.66666412353516,66.20888895704856,5.523448283235567,15.128816,164.12294,-0.25081111111111165,-58.685806
13.211863183593778,27.049603,2.177932,2.641783,9.178041,0.441841,145.0,125.66666412353516,66.21332928079184,5.537535569271437,15.096478,164.296478,-0.3334822629969421,-52.840794
13.216991113281438,27.181911,2.167618,2.633354,9.118809,0.44844,145.0,125.66666412353516,66.21767971273063,5.551337666290628,15.090351,164.136444,-0.28216941896024533,-54.06636
13.222930078125046,27.08345,2.16479,2.617141,9.098704,0.44844,145.0,125.66666412353516,66.21891355382387,5.567671079560371,15.06187,164.100754,-0.2379826707441384,-54.537731
13.22863417968756,26.965124,2.187321,2.637734,9.077884,0.444755,145.0,125.66666412353516,66.21657308758985,5.583681381117868,15.02529,164.110458,-0.29357227319062124,-55.574749
13.234438134765696,27.021942,2.195681,2.648485,9.048931,0.444755,145.0,125.66666412353516,66.21419165017412,5.5999719520357925,15.011049,164.291458,-0.29357227319062124,-54.25491
13.240646142578044,26.897049,2.179188,2.621766,9.099211,0.441861,145.0,125.66666412353516,66.21164442472475,5.617396620243465,15.089409,164.0625,-0.2408337410805297,-53.029343
13.246454980469025,26.822573,2.183429,2.647944,9.227379,0.441861,145.0,125.66666412353516,66.20926098382824,5.633700896264588,15.073353,163.992355,-0.2550869520897045,-52.510834
13.251839013671997,27.060848,2.17678,2.662708,9.356856,0.443191,145.0,125.66666412353516,66.20705184575861,5.648812828307367,14.988501,164.163162,-0.21375137614678924,-57.27169
13.257453027343672,26.964949,2.172766,2.677054,9.223871,0.443191,145.0,125.66666412353516,66.20474834374477,5.664570270710836,14.988815,164.001205,-0.22372945973496364,-55.339066
13.263451074218665,26.974047,2.171719,2.714698,9.143225,0.443078,145.0,125.66666412353516,66.20228726796847,5.681405619480936,14.940124,163.966537,-0.28929561671763554,-50.71962
13.268464990234406,26.974276,2.181352,2.666426,9.186069,0.443078,145.0,125.66666412353516,66.20022999374112,5.695478704701203,15.029007,164.036682,-0.3505866462793071,-57.743061
13.273967919922143,26.786436,2.152644,2.641434,9.152195,0.444315,145.0,125.66666412353516,66.19797207091476,5.7109243560068865,14.990647,164.140442,-0.3705412844036691,-55.951847
13.279453027343607,26.960182,2.181824,2.624907,9.184097,0.444315,145.0,125.66666412353516,66.19572146079322,5.726319983685892,14.907977,163.919754,-0.25223669724770603,-50.436798
13.285437890624962,26.833807,2.180096,2.608711,9.164586,0.439654,145.0,125.66666412353516,66.193265794415,5.743118328677353,14.90398,163.94136,-0.16386401630988795,-54.537731
13.290452783203364,27.030645,2.182626,2.609252,9.123172,0.439654,145.0,125.66666412353516,66.19120811949148,5.75719415491826,14.814189,163.974106,-0.2565125382263003,-60.618431
13.296020898437746,27.011034,2.185105,2.605814,9.011094,0.441272,145.0,125.66666412353516,66.18892345019687,5.772822769351655,14.836004,163.945831,-0.23370682976554555,-49.871151
13.301437890625039,26.738028,2.202662,2.623947,8.953503,0.441272,145.0,125.66666412353516,66.18670078863205,5.78802721084103,14.794329,163.832794,-0.28359418960244687,-49.588326
13.306594873046834,26.904631,2.214128,2.635675,9.049228,0.442738,145.0,125.66666412353516,66.18458481241817,5.802501855585039,14.806702,163.853394,-0.27931824668705363,-53.877811
13.312275781250264,26.762712,2.171911,2.636059,8.925003,0.442738,145.0,125.66666412353516,66.18225386271779,5.818447057902339,14.821885,164.042282,-0.29357227319062124,-54.914829
13.317711816406245,26.755198,2.171283,2.645919,8.954113,0.441601,145.0,125.66666412353516,66.18002338757798,5.833704949294191,14.762566,163.891632,-0.27646799184505666,-49.776875
13.322893701171779,26.691912,2.194738,2.65674,8.880832,0.441601,145.0,125.66666412353516,66.17789719361217,5.848249490064516,14.754311,163.88913,-0.26648980632008185,-49.635464
13.328781640625039,26.720194,2.186832,2.675326,8.946556,0.442582,145.0,125.66666412353516,66.1754812963272,5.86477578875747,14.739825,163.875687,-0.25223669724770603,-53.642124
13.334439599609595,26.770674,2.174616,2.683494,8.931164,0.442582,145.0,125.66666412353516,66.17315976298644,5.880656577089733,14.712373,163.950699,-0.21660244648318056,-47.137192
13.340060693359646,26.831158,2.151893,2.652097,8.905317,0.441719,145.0,125.66666412353516,66.17085335592549,5.896433891892841,14.631797,163.753632,-0.20662517838939903,-58.26157
13.345452539062535,26.722866,2.153045,2.660195,8.843467,0.441719,145.0,125.66666412353516,66.16864101228663,5.911567752100739,14.683315,163.707764,-0.2607883792048932,-51.803776
13.350561669922172,26.826019,2.166064,2.638258,8.931931,0.446107,145.0,125.66666412353516,66.17766192999451,5.925754412728523,14.639127,163.849335,-0.29499704383282427,-49.541191
13.356452539062502,26.655424,2.153045,2.545919,8.96797,0.446107,145.0,125.66666412353516,66.18875724055263,5.942102152170459,14.593717,163.856918,-0.32920642201834927,-58.214432
13.36172255859401,26.964361,2.15294,2.603179,8.931006,0.443163,145.0,125.66666412353516,66.1986831957811,5.9567269730745,14.6452,163.730225,-0.28787084607543256,-53.972084
13.367451562500264,26.877209,2.176431,2.629305,8.880849,0.443163,145.0,125.66666412353516,66.20947363705746,5.972625520620792,14.470103,163.7435,-0.22515423037716661,-46.147312
13.373188623047099,26.893167,2.209171,2.60461,8.977761,0.440273,145.0,125.66666412353516,66.22027925282293,5.9885464261347385,14.428252,163.940506,-0.20377400611620733,-53.736401
13.378451562500231,26.823675,2.214424,2.597944,8.92167,0.440273,145.0,125.66666412353516,66.23019187289428,6.0031515991278095,14.469282,163.74852,-0.25081111111111165,-55.951847
13.383621484374999,26.660791,2.153394,2.564645,8.766834,0.438239,145.0,125.66666412353516,66.23992929659103,6.017498639221573,14.519038,163.654678,-0.3648398572884804,-42.282063
13.389453515625064,26.492128,2.17137,2.575343,8.834898,0.438239,145.0,125.66666412353516,66.25091378739515,6.0336830977482,14.478462,163.674469,-0.31210132517838884,-53.453575
13.394576318359668,26.700037,2.187513,2.647228,8.966487,0.445002,145.0,125.66666412353516,66.26056246332209,6.047899377606881,14.477852,163.834457,-0.3277808358817534,-57.507374
13.400437402343869,26.656395,2.15404,2.61482,8.980274,0.445002,145.0,125.66666412353516,66.2716016742537,6.064164460319905,14.381603,163.629822,-0.2565125382263003,-48.598446
13.405778466797074,26.738367,2.152434,2.597053,8.914898,0.44392,145.0,125.66666412353516,66.28166144088638,6.078986437847827,14.344186,163.571152,-0.19949816513761448,-47.231468
13.411452294922128,26.465219,2.126378,2.575954,8.962159,0.44392,145.0,125.66666412353516,66.29234795990378,6.0947318671913795,14.327344,163.769806,-0.3178027522935776,-53.123615
13.41646425781255,26.607868,2.150846,2.58639,8.871408,0.436981,145.0,125.66666412353516,66.30178787164682,6.108640555616241,14.349962,163.664017,-0.2650650356778803,-51.379539
13.422451318359435,26.574142,2.140881,2.578746,8.807271,0.436981,145.0,125.66666412353516,66.31306435640859,6.125255235641712,14.34902,163.52655,-0.30925096839959293,-50.578209
13.427628320312579,26.670271,2.161125,2.571486,8.669172,0.442919,145.0,125.66666412353516,66.32281511526246,6.139621923646446,14.25251,163.615372,-0.32920642201834927,-51.426678
13.433437158203105,26.731047,2.133167,2.587821,8.703588,0.442919,145.0,125.66666412353516,66.33375592193119,6.155742018326789,14.282423,163.81546,-0.25936289500509624,-54.349182
13.4385941406249,26.856113,2.146553,2.58091,8.607218,0.437705,145.0,125.66666412353516,66.34346897447871,6.170053150169468,14.339142,163.609238,-0.13820713557594294,-53.500713
13.444451074218705,26.442553,2.133533,2.628921,8.604146,0.437705,145.0,125.66666412353516,66.35450036824925,6.186306715141577,14.251934,163.463394,-0.1781172273190627,-49.682602
13.449756250000064,26.523531,2.13746,2.606862,8.687881,0.442938,145.0,125.66666412353516,66.36449253943032,6.201029098086302,14.237605,163.549652,-0.2436840978593271,-49.211231
13.455312158203014,26.60668,2.119851,2.640701,8.638317,0.442938,145.0,125.66666412353516,66.3749569591067,6.216447288085064,14.195633,163.452713,-0.23513231396534104,-51.04958
13.460451074218781,26.385004,2.131335,2.616059,8.715648,0.44051,145.0,125.66666412353516,66.38463598401191,6.230708283879059,14.200589,163.461472,-0.3192283384301734,-49.965424
13.465651025390798,26.611916,2.136431,2.621835,8.685298,0.44051,145.0,125.66666412353516,66.39442996716818,6.245138658215906,14.266733,163.498123,-0.21945280326197794,-50.436798
13.471149072265689,26.50201,2.137792,2.60913,8.656415,0.441017,145.0,125.66666412353516,66.39612332556281,6.260461636901767,14.159874,163.532196,-0.3178027522935776,-49.635464
13.476271142578298,26.617903,2.105977,2.583807,8.581738,0.441017,145.0,125.66666412353516,66.39181818771532,6.274781162012121,14.127867,163.486908,-0.22800530071355793,-51.568089
13.48143691406267,26.599895,2.143691,2.638659,8.6346,0.443691,145.0,125.66666412353516,66.38747631871077,6.289222860382473,14.192178,163.355789,-0.2094755351681964,-48.079937
13.486452050781281,26.578854,2.137722,2.622534,8.673396,0.443691,145.0,125.66666412353516,66.38326105933692,6.303243436398531,14.195948,163.459015,-0.13963272171253877,-45.675941
13.49172597656252,26.470629,2.152923,2.610474,8.675961,0.440636,145.0,125.66666412353516,66.37882828584875,6.317987496524072,14.056697,163.556854,-0.22657981651376102,-52.887932
13.497274072265554,26.380968,2.138961,2.636809,8.683797,0.440636,145.0,125.66666412353516,66.37416507052062,6.3334980402863605,14.078268,163.428345,-0.2465351681957184,-49.918285
13.502452050781358,26.46055,2.152033,2.576914,8.640202,0.438871,145.0,125.66666412353516,66.36981294141634,6.34797386526565,14.116052,163.277756,-0.23513231396534104,-49.494053
13.508450830078345,26.534536,2.145488,2.630457,8.554024,0.438871,145.0,125.66666412353516,66.3647709232061,6.364744363429925,14.123556,163.358566,-0.3320567787971452,-50.0597
13.51360292968775,26.459688,2.134319,2.582813,8.523499,0.44058,145.0,125.66666412353516,66.36044054551326,6.379147839998267,14.053259,163.513153,-0.2693409785932721,-51.096718
13.519452783203178,26.451715,2.127478,2.584121,8.460253,0.44058,145.0,125.66666412353516,66.35552370051974,6.3955019935335,14.011914,163.324112,-0.1952215086646273,-48.692719
13.525436914062539,26.231819,2.14856,2.66208,8.483325,0.44367,145.0,125.66666412353516,66.35049399442917,6.41223153976705,13.966557,163.320419,-0.19807257900101863,-51.426678
13.53045083007828,26.545181,2.145104,2.644104,8.451387,0.44367,145.0,125.66666412353516,66.34627976106529,6.426248703122214,13.96989,163.361771,-0.21375137614678924,-52.887932
13.535711816406547,26.624382,2.152836,2.61674,8.502399,0.440678,145.0,125.66666412353516,66.34185786328285,6.4409565890422815,13.980588,163.35643,-0.20804994903160054,-45.958763
13.541458642578164,26.38928,2.102329,2.577996,8.477181,0.440678,145.0,125.66666412353516,66.33702761353106,6.457022713998079,13.957359,163.229416,-0.22230387359836926,-47.797115
13.547456689453156,26.517979,2.128525,2.620369,8.622453,0.438749,145.0,125.66666412353516,66.33198621092681,6.473791164565818,14.030606,163.305862,-0.28216941896024533,-48.645584
13.553450585937753,26.359972,2.15123,2.600753,8.678823,0.438749,145.0,125.66666412353516,66.32694829675646,6.490548012086519,13.935474,163.349335,-0.26363955147808343,-47.84425
13.559414697265765,26.357027,2.07369,2.592568,8.675839,0.435822,145.0,125.66666412353516,66.32193541722945,6.507221590681411,13.933746,163.242645,-0.3192283384301734,-50.625343
13.564486718750231,26.24205,2.10294,2.606565,8.583134,0.435822,145.0,125.66666412353516,66.31767234579085,6.52140119669512,13.92043,163.272675,-0.27361681957186496,-49.682602
13.570451562500239,26.414946,2.084476,2.621958,8.550795,0.436061,145.0,125.66666412353516,66.31265885065785,6.5380768228865485,13.877621,163.309174,-0.17954271151885817,-49.258366
13.576493554687659,26.461739,2.043917,2.606687,8.597095,0.436061,145.0,125.66666412353516,66.30758051169457,6.554968129246464,13.938075,163.316956,-0.23228124362894972,-50.71962
13.582956689453113,26.422188,2.071858,2.586914,8.562051,0.438114,145.0,125.66666412353516,66.30214819929051,6.573036803614738,13.877358,163.158844,-0.19807257900101863,-49.965424
13.588452539062473,26.348038,2.076849,2.621853,8.536728,0.438114,145.0,125.66666412353516,66.29752889718922,6.588401285490772,13.852874,163.18306,-0.2707664627930676,-47.137192
13.593601464843687,26.186159,2.052625,2.607717,8.504075,0.438471,145.0,125.66666412353516,66.29320118712232,6.60279588914079,13.812419,163.232513,-0.36056391437308866,-53.736401
13.60009243164086,26.185919,2.110235,2.59482,8.436169,0.438471,145.0,125.66666412353516,66.32162634664222,6.619912440372672,13.759748,163.094833,-0.2579381243628947,-49.918285
13.605436425781136,26.410267,2.108053,2.599148,8.521178,0.438551,145.0,125.66666412353516,66.34836860255861,6.633902918850994,13.766677,163.126083,-0.21660244648318056,-46.100174
13.610453515625068,26.291014,2.143534,2.597245,8.543168,0.438551,145.0,125.66666412353516,66.37347497375336,6.647037567886105,13.816765,163.129028,-0.13963272171253877,-45.110294
13.616450341796735,26.302271,2.110759,2.559898,8.62973,0.435793,145.0,125.66666412353516,66.40348411222813,6.662737148628169,13.708667,163.154785,-0.1866697247706427,-53.265026
13.6219144531251,26.339596,2.073795,2.575291,8.49034,0.435793,145.0,125.66666412353516,66.43082745498772,6.67704209169653,13.790674,163.037216,-0.26363955147808343,-48.268486
13.627451318359363,26.185549,2.084284,2.584366,8.389205,0.438599,145.0,125.66666412353516,66.45853487067266,6.691537503154791,13.774269,163.077652,-0.32492976554536207,-41.669277
13.633455468750071,26.212315,2.102399,2.569392,8.569067,0.438599,145.0,125.66666412353516,66.48858066078421,6.7072562585669795,13.735246,163.252518,-0.3349078491335365,-51.473816
13.639436425781241,26.414335,2.100759,2.575744,8.681005,0.437337,145.0,125.66666412353516,66.5185103873793,6.72291429419044,13.742262,163.070404,-0.19664709480122317,-49.258366
13.644967187500242,26.033148,2.088786,2.56995,8.45561,0.437337,145.0,125.66666412353516,66.54618726003359,6.737393726756932,13.739347,162.929733,-0.1667143730886853,-49.116955
13.650485253906481,26.235964,2.096709,2.589479,8.413202,0.43378,145.0,125.66666412353516,66.57380060318413,6.751839923228541,13.724652,163.032425,-0.22943088685015234,-47.278603
13.656436181640856,26.13858,2.045714,2.567612,8.261125,0.43378,145.0,125.66666412353516,66.60358005806842,6.767419342704493,13.66083,163.072632,-0.2850196738022423,-47.702839
13.661477197265867,26.029549,2.085156,2.585989,8.246272,0.44029,145.0,125.66666412353516,66.6288061579433,6.780616628995342,13.630935,162.951599,-0.30639989806320017,-49.352642
13.666726220703367,26.174007,2.080968,2.584837,8.218401,0.44029,145.0,125.66666412353516,66.65507316430278,6.794358475917721,13.548665,162.985428,-0.22230387359836926,-43.64904
13.67245107421877,26.203142,2.051037,2.565971,8.292346,0.441534,145.0,125.66666412353516,66.68372130533176,6.809346037242505,13.598945,163.146042,-0.1880953109072371,-52.133736
13.678450097656423,26.190653,2.06547,2.557053,8.252851,0.441534,145.0,125.66666412353516,66.71374143929756,6.825051370385606,13.596449,163.011612,-0.1282298674821614,-45.817352
13.68346914062522,26.160494,2.038681,2.54173,8.356535,0.439696,145.0,125.66666412353516,66.7388575842621,6.838191132666083,13.551108,162.901505,-0.15531141692150902,-45.487392
13.688735986328084,26.091776,2.100374,2.532323,8.309012,0.439696,145.0,125.66666412353516,66.76521377627108,6.85197963795243,13.640656,162.893723,-0.29214668705402685,-44.026138
13.694436181640867,26.180868,2.067442,2.542847,8.430933,0.440892,145.0,125.66666412353516,66.79373852345623,6.866902644554462,13.593116,163.049118,-0.3135269113149847,-42.282063
13.699451074218814,25.992887,2.026814,2.575029,8.40062,0.440892,145.0,125.66666412353516,66.81883389915994,6.880031541188535,13.507723,162.915756,-0.24510968399592295,-51.992325
13.704476953124868,26.104734,2.076657,2.567053,8.218699,0.437465,145.0,125.66666412353516,66.84398425231883,6.893189199827795,13.476221,162.76062,-0.24795993883791995,-44.120411
13.709705957031474,26.16094,2.060968,2.574889,8.213759,0.437465,145.0,125.66666412353516,66.87015107753776,6.906878635985167,13.497111,162.903488,-0.3192283384301734,-49.305504
13.715463037109657,26.17115,2.084633,2.588537,8.181612,0.435557,145.0,125.66666412353516,66.89896048576858,6.921950565858497,13.489066,162.980087,-0.2094755351681964,-46.665821
13.721043847656347,26.070637,2.095436,2.522463,8.229902,0.435557,145.0,125.66666412353516,66.92688781127421,6.936561025337504,13.469485,162.778503,-0.19379673802242578,-48.409897
13.726651025390765,26.238243,2.080095,2.567263,8.164143,0.436197,145.0,125.66666412353516,66.95494708267225,6.9512405136289575,13.425838,162.872818,-0.14960998980632031,-47.042919
13.731787011719007,26.127041,2.082626,2.563249,8.330375,0.436197,145.0,125.66666412353516,66.9596133213982,6.9654599118875,13.43575,162.943329,-0.2379826707441384,-49.494053
13.73747988281275,26.157057,2.103865,2.558327,8.263131,0.435053,145.0,125.66666412353516,66.9410558854446,6.982093651381382,13.38903,162.878571,-0.27361681957186496,-53.500713
13.742598779297168,26.046946,2.069798,2.551835,8.160391,0.435053,145.0,125.66666412353516,66.92436947324634,6.997050320734165,13.387006,162.765747,-0.32920642201834927,-45.958763
13.747629785156278,26.044643,2.064458,2.554435,8.132223,0.433747,145.0,125.66666412353516,66.90796956404763,7.011750186492396,13.369904,162.796799,-0.2607883792048932,-38.841045
13.752755761718618,25.826973,2.065889,2.556198,8.162764,0.433747,145.0,125.66666412353516,66.89126007244107,7.0267275428014075,13.336971,162.857819,-0.22087838939857232,-47.938526
13.758489892578382,26.188623,2.05184,2.546966,8.165644,0.440935,145.0,125.66666412353516,66.87256813924603,7.043481837316066,13.364423,162.717209,-0.17954271151885817,-50.955307
13.764435693359246,26.124531,2.098507,2.559863,8.028714,0.440935,145.0,125.66666412353516,66.8531862113271,7.060854600487607,13.315104,162.659973,-0.17526687054026532,-43.17767
13.769529687499926,25.956947,2.070427,2.575046,8.018539,0.436395,145.0,125.66666412353516,66.8365809749787,7.075738508821934,13.268436,162.843689,-0.31210132517838884,-46.571548
13.774722802734232,26.21068,2.146693,2.558414,7.958784,0.436395,145.0,125.66666412353516,66.81965262691416,7.090912034543453,13.2543,162.901779,-0.2864452599388382,-48.645584
13.780474755859359,26.045168,2.100776,2.579985,7.942518,0.432868,145.0,125.66666412353516,66.80090259727756,7.10771840312034,13.213253,162.674042,-0.28787084607543256,-46.382999
13.787309716797154,26.00132,2.100444,2.59482,7.947457,0.432868,145.0,125.66666412353516,66.77862221401325,7.12768916265678,13.222259,162.668076,-0.2565125382263003,-46.241585
13.792452539062651,26.007919,2.040479,2.563388,7.96182,0.434719,145.0,125.66666412353516,66.7618578093318,7.142715739654748,13.228489,162.845932,-0.2693409785932721,-43.790451
13.798129541015896,26.083574,2.12116,2.572376,7.972833,0.434719,145.0,125.66666412353516,66.74335210308645,7.159303111832946,13.181106,162.701569,-0.26363955147808343,-46.382999
13.80410659179688,26.083061,2.083743,2.535657,7.958731,0.434808,145.0,125.66666412353516,66.72386830743434,7.1767671829492174,13.113112,162.577927,-0.2436840978593271,-44.30896
13.809492578125173,26.068924,2.085802,2.563912,7.926253,0.434808,145.0,125.66666412353516,66.70631124445416,7.192504249892117,13.128016,162.604004,-0.35201213047910257,-45.770214
13.815510644531514,26.038797,2.104842,2.587612,7.92456,0.436045,145.0,125.66666412353516,66.68669374740226,7.210088162685846,13.054648,162.68338,-0.35201213047910257,-45.770214
13.820999414062499,26.189999,2.08191,2.597036,7.904699,0.436045,145.0,125.66666412353516,66.66880163508092,7.22612554716571,13.105521,162.52121,-0.2850196738022423,-43.743317
13.827096582031118,26.26441,2.082538,2.569793,7.868626,0.436251,145.0,125.66666412353516,66.64892628532945,7.243940583194537,13.071996,162.594833,-0.29642262996941865,-42.140652
13.83245058593775,25.977758,2.103411,2.575587,7.918661,0.436251,145.0,125.66666412353516,66.63147347760743,7.259584202162752,13.04559,162.736511,-0.22230387359836926,-49.164093
13.839408349609585,25.900707,2.118979,2.568467,7.868189,0.436939,145.0,125.66666412353516,66.60879278598544,7.279913773388248,13.006148,162.583099,-0.2607883792048932,-42.894844
13.844931298828214,25.925337,2.073463,2.589182,7.826112,0.436939,145.0,125.66666412353516,66.59078925583096,7.296051025932661,13.007021,162.450211,-0.29072110091743103,-46.147312
13.850491357422015,25.95793,2.058542,2.575343,7.898574,0.436697,145.0,125.66666412353516,66.57266475774334,7.312296706661439,12.998591,162.519989,-0.24225851172273125,-44.921745
13.856445458984581,25.884258,2.11931,2.570736,7.932326,0.436697,145.0,125.66666412353516,66.58168628516275,7.328501207115925,12.935991,162.511078,-0.30639989806320017,-46.147312
13.861564355469,26.044481,2.054214,2.587385,7.920755,0.434183,145.0,125.66666412353516,66.59181751675133,7.342333011831921,12.926166,162.324692,-0.31495249745158055,-48.692719
13.867450341796939,25.757545,2.046221,2.574959,7.859917,0.434183,145.0,125.66666412353516,66.60346695932154,7.358237575188528,12.880231,162.3862,-0.3349078491335365,-45.393116
13.8726092773436,26.043936,2.066797,2.560875,7.7677,0.429891,145.0,125.66666412353516,66.61367743553168,7.372177569725358,12.856339,162.548691,-0.2379826707441384,-43.366219
13.878450341796906,25.949759,2.038664,2.560578,7.745553,0.429891,145.0,125.66666412353516,66.62523796950207,7.387960749380541,12.790492,162.467117,-0.2465351681957184,-44.261826
13.884530175781492,25.888121,2.107862,2.56112,7.788049,0.432458,145.0,125.66666412353516,66.63727107200842,7.404389109796551,12.857841,162.360123,-0.23370682976554555,-44.921745
13.891274316406452,25.779711,2.091579,2.561521,7.872954,0.432458,145.0,125.66666412353516,66.65061895875441,7.422612497666761,12.845362,162.362198,-0.25223669724770603,-42.659161
13.89645107421893,25.745035,2.132643,2.579148,7.778328,0.4364,145.0,125.66666412353516,66.66086470848514,7.436600649867743,12.724628,162.357819,-0.2693409785932721,-43.507629
13.90251625976589,25.999683,2.084929,2.561678,7.754158,0.4364,145.0,125.66666412353516,66.67286881905676,7.452989428641985,12.759706,162.233261,-0.30925096839959293,-41.245045
13.907747216796906,25.773525,2.06301,2.546145,7.753843,0.433968,145.0,125.66666412353516,66.68322183894597,7.46712403291751,12.763442,162.237747,-0.28787084607543256,-41.197906
13.913523095703113,25.787041,2.110986,2.561451,8.020127,0.433968,145.0,125.66666412353516,66.69465335880685,7.482731074266823,12.742796,162.345444,-0.2379826707441384,-45.864491
13.919450097656409,25.860971,2.05931,2.56105,7.966375,0.428857,145.0,125.66666412353516,66.70638397879425,7.498746466220382,12.662219,162.293915,-0.10114821610601486,-45.628803
13.924492089843625,25.746006,2.084162,2.511782,7.714489,0.428857,145.0,125.66666412353516,66.71636300272554,7.512370467317094,12.659846,162.254227,-0.2807438328236495,-41.575005
13.929658105468661,25.804382,2.08547,2.516302,7.64571,0.433609,145.0,125.66666412353516,66.72658749170415,7.52632959298078,12.660841,162.305923,-0.389071151885831,-46.335861
13.935450097656485,25.818356,2.05821,2.552585,7.624837,0.433609,145.0,125.66666412353516,66.73805090269322,7.541980174136038,12.621626,162.484512,-0.4061754332313971,-44.403236
13.941434960937386,25.598034,2.040461,2.560596,7.650457,0.432246,145.0,125.66666412353516,66.74989604082279,7.558151913574582,12.662952,162.200134,-0.2850196738022423,-38.275402
13.946452050781318,25.781149,2.06362,2.562341,7.798067,0.432246,145.0,125.66666412353516,66.75982577846506,7.571708625880287,12.623981,162.144547,-0.1823938837920484,-41.904964
13.951726953125217,25.808048,2.070322,2.560858,7.766356,0.432158,145.0,125.66666412353516,66.77026577415843,7.585961975081119,12.598746,162.222702,-0.24225851172273125,-45.770214
13.957436914062782,25.805071,2.10376,2.561451,7.828678,0.432158,145.0,125.66666412353516,66.78156683031304,7.601390899042474,12.520316,162.173141,-0.2408337410805297,-36.908421
13.962449853515864,25.752146,2.034283,2.560805,7.759358,0.432583,145.0,125.66666412353516,66.79148835357381,7.614936396549679,12.599636,162.035507,-0.28929561671763554,-40.396576
13.968018945312451,25.716642,2.102225,2.497053,7.632952,0.432583,145.0,125.66666412353516,66.80251060395618,7.629984677056028,12.566721,162.194214,-0.31637798165137604,-41.386456
13.973365869140707,25.8862,2.077442,2.517646,7.770109,0.434195,145.0,125.66666412353516,66.8130931433286,7.644432635995553,12.464574,162.223068,-0.35913843017329317,-41.575005
13.978488916015522,25.574114,2.051805,2.551835,7.730213,0.434195,145.0,125.66666412353516,66.81349998019418,7.658108983729498,12.481765,162.18103,-0.3192283384301734,-40.726536
13.984448876953138,25.717297,2.078437,2.557612,7.685518,0.433484,145.0,125.66666412353516,66.80213641557506,7.673816827348393,12.480525,162.119965,-0.28787084607543256,-37.851166
13.990434716797154,25.662388,2.089362,2.532795,7.82407,0.433484,145.0,125.66666412353516,66.79072350891722,7.689592876416394,12.436913,162.170044,-0.33775820591233385,-38.652496
13.996069726562382,25.715965,2.127757,2.561695,8.020407,0.436298,145.0,125.66666412353516,66.77997951272789,7.70444429123565,12.414713,162.099854,-0.2493855249745158,-40.208027
14.001448632812753,25.705418,2.065767,2.555901,7.784803,0.436298,145.0,125.66666412353516,66.76972381652568,7.7186207294878,12.389041,161.935226,-0.30925096839959293,-41.857826
14.007434716796979,25.671518,2.101666,2.515465,7.632778,0.433025,145.0,125.66666412353516,66.7583104443769,7.734397422003434,12.359111,161.951706,-0.3648398572884804,-39.029594
14.012449609374926,25.854219,2.059641,2.550613,7.515342,0.433025,145.0,125.66666412353516,66.74874879515353,7.7476144798346525,12.385184,162.092865,-0.40332507645259974,-42.612022
14.017821679687586,25.628401,2.06999,2.556599,7.51084,0.431415,145.0,125.66666412353516,66.73850613269741,7.761772901553076,12.35316,162.021957,-0.3790937818552491,-40.11375
14.023449609374893,25.73596,2.032364,2.577647,7.478257,0.431415,145.0,125.66666412353516,66.72777563574509,7.776605656390973,12.346894,161.923813,-0.3277808358817534,-36.10709
14.029509667968796,25.726164,2.070374,2.552673,7.560805,0.43698,145.0,125.66666412353516,66.71622121984407,7.792577313539432,12.332182,162.0242,-0.1667143730886853,-37.379795
14.035434472656107,25.927181,2.064982,2.553231,7.611643,0.43698,145.0,125.66666412353516,66.7049246859191,7.808192500699162,12.37658,162.142303,-0.19664709480122317,-32.24184
14.040782617187688,25.700598,2.058926,2.541049,7.815763,0.428939,145.0,125.66666412353516,66.69472764157426,7.822287864549542,12.337592,161.911865,-0.24225851172273125,-37.992577
14.046450585937691,25.674517,2.084214,2.540613,7.916654,0.428939,145.0,125.66666412353516,66.68392080410919,7.837226144799266,12.345376,161.897781,-0.35201213047910257,-37.474068
14.052491601562451,25.75338,2.088018,2.568432,8.038801,0.434463,145.0,125.66666412353516,66.67240269650082,7.853147613032345,12.189075,161.94339,-0.4332577981651376,-42.046375
14.058231347656147,25.671944,2.10554,2.546879,7.874874,0.434463,145.0,125.66666412353516,66.6614590047019,7.868275066886195,12.21061,161.875961,-0.33918379204892973,-44.591785
14.063449365234646,25.588839,2.085052,2.557647,7.670946,0.433522,145.0,125.66666412353516,66.65151006702354,7.882027473148141,12.226911,161.782501,-0.3790937818552491,-35.022934
14.069434472656212,25.626284,2.072329,2.570579,7.763197,0.433522,145.0,125.66666412353516,66.64009855683848,7.897801591873243,12.182181,161.865936,-0.2408337410805297,-33.703094
14.074451318359479,25.498774,2.064109,2.548519,7.934211,0.430068,145.0,125.66666412353516,66.63053318368765,7.911023797285526,12.182949,161.949036,-0.22943088685015234,-36.531326
14.080087304687368,25.650433,2.087268,2.540823,8.029482,0.430068,145.0,125.66666412353516,66.6197873255346,7.925877785895315,12.134799,161.810028,-0.07691692150866425,-37.285519
14.085434228515624,25.676579,2.103359,2.539863,7.757491,0.433748,145.0,125.66666412353516,66.60959260864442,7.93996993250753,12.229913,161.740311,-0.29214668705402685,-36.342777
14.090449365234235,25.616663,2.119293,2.550229,7.495133,0.433748,145.0,125.66666412353516,66.6000304939301,7.953187633786382,12.081534,161.832748,-0.4603394495412841,-35.682854
14.095777246093803,25.768694,2.108088,2.560997,7.31932,0.432094,145.0,125.66666412353516,66.58987208533257,7.967229591483217,12.075426,161.81366,-0.45321243628950103,-35.682854
14.101018212890722,25.782862,2.099467,2.573318,7.424731,0.432094,145.0,125.66666412353516,66.57987939150665,7.981042481822673,12.072355,161.643326,-0.3463107033639139,-32.194702
14.106434228515809,25.672695,2.044632,2.546879,7.559653,0.429238,145.0,125.66666412353516,66.56955294068287,7.995316724115051,12.066195,161.687607,-0.13963272171253877,-36.43705
14.111451318359286,25.637629,2.088088,2.503475,7.597664,0.429238,145.0,125.66666412353516,66.57268330096541,8.00964603649167,12.030313,161.712296,-0.22515423037716661,-36.531326
14.118302148437579,25.625063,2.063149,2.503353,7.689427,0.431652,145.0,125.66666412353516,66.58411703713861,8.029836616504317,12.011621,161.683868,-0.30354954128440426,-33.844505
14.123963281249871,25.588205,2.064109,2.521782,7.775432,0.431652,145.0,125.66666412353516,66.5935652205385,8.046520953104341,12.012424,161.61702,-0.3306311926605508,-38.935322
14.129450097656445,25.602003,2.088018,2.52543,7.724,0.431129,145.0,125.66666412353516,66.60272247747007,8.06269154913457,11.994518,161.742645,-0.3876455657492352,-33.373131
14.135448144531438,25.631628,2.0591,2.507035,7.64934,0.431129,145.0,125.66666412353516,66.6127329557247,8.080368829693022,11.966891,161.845505,-0.4218549439347602,-35.824268
14.142270166015805,25.569063,2.089293,2.517018,7.349704,0.431589,145.0,125.66666412353516,66.62411861161321,8.100474505801978,11.959824,161.566666,-0.2679153924566763,-30.40349
14.147651025390587,25.40534,2.057024,2.537961,7.404678,0.431589,145.0,125.66666412353516,66.63309903088756,8.116332828152526,11.945513,161.599426,-0.29499704383282427,-30.120667
14.153449121093672,25.548578,2.084964,2.510735,7.587821,0.433993,145.0,125.66666412353516,66.6427757993697,8.13342081805739,11.921359,161.691223,-0.27219133537206947,-41.433594
14.159433984375028,25.73572,2.068175,2.512707,7.39145,0.433993,145.0,125.66666412353516,66.6527642747822,8.151059244287035,11.842685,161.596054,-0.29357227319062124,-27.763807
14.164493066406521,25.680799,2.064755,2.507803,7.450037,0.43374,145.0,125.66666412353516,66.66120766172425,8.165969233204823,11.85176,161.469574,-0.3904966360856265,-34.928661
14.169701074218665,25.459627,2.037599,2.504295,7.518047,0.43374,145.0,125.66666412353516,66.66989959929052,8.181318132133223,11.783749,161.545273,-0.40332507645259974,-35.352894
14.175433984375104,25.61157,2.024667,2.49728,7.532707,0.430894,145.0,125.66666412353516,66.67946757594206,8.198214008967868,11.803295,161.690369,-0.40332507645259974,-27.669533
14.18051088867196,25.630648,2.074964,2.549671,7.563406,0.430894,145.0,125.66666412353516,66.68794070746702,8.213176523182009,11.794413,161.448456,-0.2693409785932721,-42.51775
14.186450830078229,25.40906,2.07205,2.524645,7.390123,0.430341,145.0,125.66666412353516,66.69785421023221,8.230682556883863,11.741393,161.544632,-0.3505866462793071,-29.130785
14.191608789062684,25.533253,2.083655,2.532987,7.260664,0.430341,145.0,125.66666412353516,66.70646261849033,8.245883953267713,11.779753,161.620438,-0.3648398572884804,-23.615734
14.197448876953331,25.413881,2.046325,2.537803,7.456302,0.431072,145.0,125.66666412353516,66.7162094700993,8.263095701405076,11.770503,161.483078,-0.3434596330275226,-31.770468
14.203277734375206,25.518364,2.066151,2.4944,7.498484,0.431072,145.0,125.66666412353516,66.72593757854644,8.28027435141049,11.769892,161.403488,-0.31495249745158055,-32.713211
14.20843374023434,25.428867,2.036901,2.493824,7.4596,0.433282,145.0,125.66666412353516,66.73454272712425,8.29546999159748,11.705092,161.525223,-0.2750424057084608,-27.905218
14.214138818359515,25.752441,2.059729,2.526756,7.825222,0.433282,145.0,125.66666412353516,66.74406425333127,8.312283842626865,11.607412,161.568054,-0.36626534148827733,-33.23172
14.22078872070324,25.55304,2.002363,2.545901,7.467942,0.434057,145.0,125.66666412353516,66.75516264989183,8.331882253887493,11.681008,161.372604,-0.4888466870540265,-29.22506
14.226383691406227,25.531551,2.044563,2.527367,7.382217,0.434057,145.0,125.66666412353516,66.76450041162097,8.348371599318869,11.6486,161.419006,-0.4517869520897041,-24.322792
14.231488671875013,25.67358,2.057687,2.51817,7.285027,0.431786,145.0,125.66666412353516,66.76575454311039,8.362759305434512,11.699194,161.440567,-0.4574890927624867,-33.325996
14.236617578124878,25.413063,2.055034,2.541625,7.184659,0.431786,145.0,125.66666412353516,66.76262409496287,8.376817110830657,11.549455,161.448669,-0.29499704383282427,-26.962475
14.242683740234497,25.451611,2.09547,2.540491,7.295201,0.433795,145.0,125.66666412353516,66.758921589007,8.393443838300099,11.579105,161.378891,-0.2864452599388382,-24.181379
14.247708642578345,25.625608,2.103411,2.536686,7.371624,0.433795,145.0,125.66666412353516,66.75585462005364,8.407216579668313,11.601375,161.437149,-0.2650650356778803,-37.521206
14.253448632812706,25.584312,2.076954,2.510386,7.339634,0.431338,145.0,125.66666412353516,66.75235119438742,8.422949303519646,11.565231,161.467499,-0.4218549439347602,-27.339571
14.25871865234376,25.509268,2.094772,2.512131,7.365882,0.431338,145.0,125.66666412353516,66.74913461719244,8.437393885930213,11.532247,161.320328,-0.4318323139653421,-34.268738
14.264448632812673,25.494585,2.05088,2.518606,7.254049,0.428288,145.0,125.66666412353516,66.74563730102612,8.453099174041768,11.518599,161.272949,-0.34916106014271125,-30.639175
14.269561425781376,25.408241,2.062696,2.522323,7.198482,0.428288,145.0,125.66666412353516,66.74251668768333,8.467112814588516,11.521147,161.40535,-0.2978481141692156,-34.504425
14.275433496093683,25.438946,2.025016,2.508868,7.235777,0.430137,145.0,125.66666412353516,66.73893264642078,8.483207556372031,11.585004,161.474762,-0.25366146788990757,-32.10043
14.280628564453309,25.55221,2.038978,2.536599,7.238377,0.430137,145.0,125.66666412353516,66.735761815969,8.497446705316461,11.476033,161.267731,-0.25366146788990757,-31.299095
14.286448388671943,25.277296,2.030077,2.541381,7.070453,0.431505,145.0,125.66666412353516,66.73220966331571,8.513398245921627,11.479541,161.332108,-0.3705412844036691,-33.56168
14.291482324219032,25.452406,2.050741,2.557751,6.94389,0.431505,145.0,125.66666412353516,66.72913718091122,8.52719574637208,11.475247,161.432083,-0.42755637104994887,-30.120667
14.297452294922095,25.476938,2.034231,2.533789,7.072704,0.432496,145.0,125.66666412353516,66.72549338575934,8.543558823073905,11.432804,161.370041,-0.27219133537206947,-26.53824
14.30306044921872,25.571354,2.076483,2.539601,7.094432,0.432496,145.0,125.66666412353516,66.72207042667725,8.558930198157439,11.454829,161.215027,-0.25936289500509624,-29.319334
14.308439355468636,25.612268,2.038367,2.545413,7.217155,0.431172,145.0,125.66666412353516,66.71878739004426,8.573673227883631,11.341128,161.269745,-0.29214668705402685,-32.666073
14.3135924316407,25.542252,2.023882,2.508013,7.20822,0.431172,145.0,125.66666412353516,66.71564218968965,8.587797280553874,11.330918,161.354736,-0.3776682976554536,-32.10043
14.319448388671844,25.41736,2.041177,2.500473,7.161151,0.431973,145.0,125.66666412353516,66.71206798323182,8.603847857487992,11.354689,161.2435,-0.3790937818552491,-26.066868
14.32500429687525,25.305023,2.068455,2.478152,7.091221,0.431973,145.0,125.66666412353516,66.708676912759,8.619076031393176,11.323554,161.211716,-0.43753374108052934,-36.814148
14.330301171874908,25.373981,2.037669,2.537245,6.989143,0.426342,145.0,125.66666412353516,66.70544394422281,8.633594221886073,11.261739,161.27684,-0.39904923547400545,-23.1915
14.335449121093916,25.239719,2.064772,2.537088,6.971412,0.426342,145.0,125.66666412353516,66.70230187312426,8.647704222104233,11.247899,161.320267,-0.3320567787971452,-27.480984
14.342334130859399,25.348587,2.038629,2.551608,7.050051,0.428463,145.0,125.66666412353516,66.69809958027355,8.666575326920336,11.243955,161.16835,-0.3021240570846073,-31.299095
14.34761928710941,25.235149,2.017739,2.527646,7.037102,0.428463,145.0,125.66666412353516,66.69487376432261,8.681061397522763,11.200569,161.173462,-0.2679153924566763,-30.969135
14.352954248046899,25.438086,2.091282,2.434923,6.992965,0.430217,145.0,125.66666412353516,66.69161754988433,8.695683977659689,11.226869,161.307846,-0.38622079510703367,-31.676193
14.358433251953102,25.368996,2.101334,2.454452,6.971883,0.430217,145.0,125.66666412353516,66.7120586975412,8.711057247176456,11.161057,161.252197,-0.43753374108052934,-32.006153
14.364338037109519,25.112003,2.031456,2.476703,6.954379,0.426295,145.0,125.66666412353516,66.73721822688888,8.727672025565148,11.197043,161.090454,-0.4047506625891941,-29.177923
14.369494042968654,25.447836,2.035156,2.529566,7.033768,0.426295,145.0,125.66666412353516,66.7591873040531,8.742179902220684,11.207026,161.14151,-0.3790937818552491,-29.319334
14.375049951172059,25.371286,2.008262,2.515569,7.056142,0.429802,145.0,125.66666412353516,66.7828603136192,8.757813016906514,11.15254,161.179382,-0.27361681957186496,-31.959017
14.380449121093989,25.37661,2.002189,2.50084,7.043036,0.429802,145.0,125.66666412353516,66.80586548154793,8.773005104232483,11.112593,161.113937,-0.33918379204892973,-30.497765
14.386345117187375,25.360258,2.067687,2.494452,7.202461,0.430315,145.0,125.66666412353516,66.83098756183183,8.789595152115016,11.005332,161.148819,-0.3463107033639139,-27.810944
14.391483056640482,25.306431,2.049048,2.541957,7.198778,0.430315,145.0,125.66666412353516,66.85287966036496,8.804052193841223,11.031283,161.147064,-0.3762427115188578,-29.649294
14.396497949218883,25.268766,2.048489,2.549339,7.088778,0.431048,145.0,125.66666412353516,66.87424747200521,8.818163008481184,10.951894,161.194534,-0.3733923547400619,-30.544901
14.402446923828393,25.282553,2.011229,2.500735,7.035287,0.431048,145.0,125.66666412353516,66.89959528692356,8.834902126359182,10.913516,160.932236,-0.32920642201834927,-24.605616
14.408343896484439,25.262604,1.99006,2.507297,6.975845,0.428145,145.0,125.66666412353516,66.92472152821456,8.851494922075732,10.894581,161.037857,-0.4076010193679915,-25.406946
14.414324853515609,25.230961,2.050531,2.526372,6.725285,0.428145,145.0,125.66666412353516,66.95020561611499,8.868324031517814,10.867722,161.160553,-0.4460855249745154,-31.204823
14.419447900390878,25.217501,2.025051,2.493283,6.649158,0.426489,145.0,125.66666412353516,66.97203425929004,8.882739168775249,10.880601,160.981369,-0.31495249745158055,-23.851419
14.425432763671779,25.113235,1.997512,2.495447,6.587831,0.426489,145.0,125.66666412353516,66.99753499121881,8.899579269553401,10.874633,160.925629,-0.42613088685015343,-28.470865
14.431621728515893,25.320784,2.043201,2.483492,6.594516,0.440281,145.0,125.66666412353516,67.02390537362864,8.916993667641277,10.756813,160.965317,-0.30639989806320017,-28.329453
14.437448876953113,25.312756,2.008524,2.47454,6.562858,0.440281,145.0,125.66666412353516,67.04873410291297,8.933389993225553,10.746569,161.030548,-0.27361681957186496,-26.491102
14.442567773437531,25.281561,2.012049,2.48913,6.583137,0.443955,145.0,125.66666412353516,67.0705450618079,8.947793452188412,10.694369,160.875641,-0.29927370030580996,-31.299095
14.44844765625021,25.275648,1.996761,2.510526,6.518564,0.443955,145.0,125.66666412353516,67.0955984854749,8.96433816080965,10.744318,160.945786,-0.28216941896024533,-26.396828
14.4542467285155,25.316618,1.954876,2.508554,6.642893,0.442837,145.0,125.66666412353516,67.12030758580549,8.980655486165915,10.747441,160.978333,-0.4076010193679915,-31.487644
14.459489648437739,25.295904,1.983026,2.519496,6.564952,0.442837,145.0,125.66666412353516,67.1426469926004,8.995407920049036,10.678366,160.878738,-0.28929561671763554,-33.891644
14.465447656250035,25.136763,2.017931,2.507402,6.455737,0.437451,145.0,125.66666412353516,67.1680332968343,9.012172455391699,10.652956,160.800903,-0.25366146788990757,-25.171261
14.47164052734388,25.308798,2.016884,2.526495,6.440134,0.437451,145.0,125.66666412353516,67.19442032327247,9.029597844815644,10.632118,160.901352,-0.4076010193679915,-29.979254
14.477062646484228,25.326761,2.003201,2.479618,6.501985,0.441777,145.0,125.66666412353516,67.21752327486773,9.044854506241034,10.587127,160.820053,-0.28216941896024533,-30.073528
14.48244863281252,25.187897,1.998175,2.507716,6.458162,0.441777,145.0,125.66666412353516,67.22051379009233,9.060027409456145,10.587266,160.705414,-0.3691165137614676,-21.871658
14.488446435546848,25.192261,1.975557,2.474889,6.612422,0.440967,145.0,125.66666412353516,67.2218311880034,9.076925671739852,10.700443,160.750809,-0.26648980632008185,-32.807487
14.494478417968821,25.387877,2.000653,2.512271,6.494026,0.440967,145.0,125.66666412353516,67.22315609337194,9.093920232176353,10.599657,160.847,-0.39334780835881816,-25.35981
14.499823388671757,25.252558,2.007861,2.515657,6.479716,0.436515,145.0,125.66666412353516,67.22433009884543,9.108979199741672,10.601699,160.762924,-0.32920642201834927,-30.309216
14.505447412109334,25.136272,1.996866,2.479252,6.573853,0.436515,145.0,125.66666412353516,67.22556539734666,9.12482437294017,10.573479,160.714279,-0.3106765545361873,-26.53824
14.511447412109646,25.293385,2.009205,2.471887,6.58558,0.440044,145.0,125.66666412353516,67.22688327787999,9.141728825819412,10.551123,160.729324,-0.30354954128440426,-31.770468
14.518169335937728,25.270489,2.007774,2.514941,6.744517,0.440044,145.0,125.66666412353516,67.22835972663994,9.160667233254479,10.561908,160.714279,-0.2379826707441384,-26.962475
14.524546289062528,25.074055,2.015173,2.514924,6.720136,0.443026,145.0,125.66666412353516,67.22976040370419,9.178633717190264,10.450616,160.616974,-0.2679153924566763,-37.09697
14.529586328124878,25.321505,2.071369,2.51372,6.377289,0.443026,145.0,125.66666412353516,67.23086743193214,9.192833567663861,10.482379,160.683075,-0.3733923547400619,-20.127581
14.535446435546874,25.203583,2.013166,2.442811,6.33605,0.439295,145.0,125.66666412353516,67.23215458551458,9.209343885960593,10.49395,160.714966,-0.5002495412844039,-31.864742
14.540791406250264,25.1877,2.010339,2.431345,6.258719,0.439295,145.0,125.66666412353516,67.23332859098807,9.22440285352591,10.476008,160.588867,-0.35201213047910257,-26.821062
14.546548242187782,25.25259,1.997494,2.425063,6.29687,0.427985,145.0,125.66666412353516,67.234593061324,9.240622213832411,10.401488,160.575851,-0.3648398572884804,-26.114004
14.552446191406489,25.095871,2.036168,2.436878,6.305962,0.427985,145.0,125.66666412353516,67.23588852673434,9.257239147941167,10.476969,160.596756,-0.26648980632008185,-27.622395
14.558261132812731,25.115612,1.992119,2.473894,6.221651,0.428658,145.0,125.66666412353516,67.23716575974798,9.27362221510742,10.325571,160.560211,-0.3320567787971452,-23.757145
14.563659326172,25.144867,2.016901,2.521346,6.230621,0.428658,145.0,125.66666412353516,67.23835145540524,9.28883113265352,10.336759,160.46846,-0.4061754332313971,-25.595495
14.569447167968974,25.127644,2.036849,2.547611,6.309208,0.426067,145.0,125.66666412353516,67.2396227360776,9.305137849141484,10.368661,160.591049,-0.39334780835881816,-28.046629
14.575451074219018,25.226837,2.029746,2.54981,6.402507,0.426067,145.0,125.66666412353516,67.24094147460607,9.322053307523904,10.293215,160.571579,-0.38051936799184494,-21.683109
14.580484033202993,25.326283,2.031613,2.53913,6.584062,0.427447,145.0,125.66666412353516,67.24204694771785,9.336233210522993,10.307893,160.531998,-0.31637798165137604,-33.184586
14.585602197265871,25.193035,1.984318,2.491224,6.408022,0.427447,145.0,125.66666412353516,67.24317113584858,9.350653171060122,10.254472,160.508789,-0.3733923547400619,-24.888437
14.591446191406249,25.0746,2.025819,2.484627,6.275735,0.428833,145.0,125.66666412353516,67.24445475020107,9.36711809165625,10.194628,160.459015,-0.443235168195718,-25.124125
14.596916162109665,25.344093,2.017058,2.46899,6.170761,0.428833,145.0,125.66666412353516,67.245656211519,9.38252923532322,10.217734,160.506607,-0.4760182466870547,-32.336113
14.602434960937444,25.072659,1.997913,2.46063,6.255473,0.428376,145.0,125.66666412353516,67.24686839777617,9.398077947779896,10.278451,160.342468,-0.28929561671763554,-22.437304
14.608193994140493,25.054443,2.012398,2.473963,6.279068,0.428376,140.4481585930672,121.7217349840274,65.13625654574281,9.108216173773522,10.250859,160.400925,-0.3505866462793071,-27.952354
14.613445947265518,25.136599,1.975487,2.473841,6.147567,0.430176,134.2663901368842,116.36420243042319,62.26931076231699,8.70732175123954,10.159008,160.521225,-0.3619895005096845,-24.275654
14.619485009765867,24.861107,2.012712,2.459042,5.950567,0.430176,127.15816103070432,110.20373732973735,58.97269627278459,8.246345345707718,10.193616,160.426956,-0.36341508664627886,-21.400286
14.624708886718963,24.99972,2.030077,2.474068,6.054233,0.425449,121.00943940291764,104.87484536016366,56.12107676144383,7.847594046016401,10.110299,160.352539,-0.38622079510703367,-18.383505
14.630896874999962,25.085617,2.02657,2.455045,6.692056,0.425449,113.72591842437478,98.5624606398377,52.74316639389498,7.375249771493051,10.185344,160.367371,-0.15246116207951055,-34.033054
14.636431787109359,25.039904,2.012224,2.434103,6.572578,0.427541,107.21109541070223,92.91628080891722,49.72175844223792,6.952756397875168,10.141713,160.446487,-0.30497512742099864,-36.484188
14.642490869140602,24.986479,2.014388,2.365062,6.167497,0.427541,100.07930247905713,86.73539372657484,46.414215654349206,6.490251852577272,10.098362,160.259613,-0.4090265035677884,-22.625853
14.649402734375144,24.986664,1.991054,2.430228,5.966239,0.43218,91.94374805534031,79.68458003537509,42.641154010867965,5.962652280414778,9.99248,160.347107,-0.5116523955147813,-30.309216
14.654446923828345,25.179478,2.009432,2.437035,5.895925,0.43218,86.0065261292899,74.53898780359671,39.88762264087164,5.5776169669165165,10.018659,160.376556,-0.4076010193679915,-23.285774
14.659545800781416,24.950571,2.007302,2.427838,5.836919,0.428829,80.004934728798,69.33760869509803,37.104238358292235,5.18840722283776,9.980211,160.294296,-0.3206539245667692,-22.814402
14.665460839843945,24.977926,1.993306,2.487402,5.861404,0.428829,73.04268639501215,63.303660261260035,33.875326009796474,4.736897829515274,9.914067,160.300262,-0.1880953109072371,-31.016273
14.67162685546873,25.064032,2.002887,2.494697,5.807547,0.426899,65.78502815173597,57.01368991104489,30.50941011605333,4.2662307815644445,10.020142,160.310028,-0.25081111111111165,-28.329453
14.677447656250024,24.937601,2.028001,2.492149,5.999049,0.426899,58.93370221587159,51.075874220126735,27.33194073299093,3.821914826652991,9.979234,160.269165,-0.29357227319062124,-20.174719
14.683275781249904,25.056406,1.999205,2.521189,6.055594,0.428906,52.07375536825167,45.13058707250495,24.150473191993292,3.377039796217364,9.966825,160.129623,-0.34203404689092815,-28.188042
14.688600732421946,24.90284,2.056395,2.487349,6.135228,0.428906,45.806065158238326,39.69858900042139,21.24367910114629,2.970573254292453,9.877522,160.239777,-0.45321243628950103,-33.325996
14.69444863281251,24.892859,1.994911,2.470909,5.966606,0.42767,38.92284184887839,33.733128919699865,18.051416533723526,2.5241887199415576,9.92056,160.303787,-0.4076010193679915,-21.117462
14.700488671875064,25.086893,1.992328,2.439112,5.869868,0.42767,31.813463287797745,27.57166762478687,14.754268956466419,2.0631377710065113,9.854521,160.233475,-0.38051936799184494,-26.443966
14.706445703125155,25.04071,1.986098,2.444784,5.85095,0.429021,24.80178839328005,21.4948828391815,11.502433835808645,1.6084230113454314,9.905499,160.21875,-0.2778927624872582,-27.292435
14.712446679687673,25.070271,1.990479,2.439007,5.989136,0.429021,17.738388028229025,15.373269313354456,8.226609767539465,1.1503537985393102,9.865551,160.212296,-0.20804994903160054,-18.996288
14.717657617187797,25.186893,1.982311,2.426825,5.962452,0.427177,11.60489667787715,10.057576917290476,5.3820536685509595,0.7525901989407,9.900054,160.178741,-0.30639989806320017,-26.53824
14.722882470703098,24.956133,2.012416,2.439391,5.985785,0.427177,5.455025595189738,4.72768875348963,2.529901069485504,0.3537643558461596,9.884381,160.098404,-0.397623649337411,-24.322792
14.729476464843628,24.964422,1.966255,2.462375,5.976623,0.425342,0.0,0.0,0.0,0.0,9.842584,160.165405,-0.4973991845056065,-26.349691
14.734488427734505,25.040438,1.977075,2.431101,5.884319,0.425342,0.0,0.0,0.0,0.0,9.853614,160.166901,-0.4574890927624867,-24.228518
14.740448388672121,24.98481,1.975068,2.438466,5.775522,0.426311,0.0,0.0,0.0,0.0,9.804939,160.185089,-0.3619895005096845,-25.595495
14.746338525390911,25.480482,2.017477,2.46974,5.750967,0.426311,0.0,0.0,0.0,0.0,9.738028,160.121994,-0.22230387359836926,-17.95927
14.751457421874875,25.868607,1.97095,2.415063,5.754615,0.423107,0.0,0.0,0.0,0.0,9.706841,160.172134,-0.29357227319062124,-21.258875
14.757446435547081,25.931675,1.98184,2.432846,5.775104,0.423107,0.0,0.0,0.0,0.0,9.750681,160.118408,-0.34203404689092815,-23.474321
14.763445214843614,26.002584,1.996918,2.385342,5.742014,0.406862,0.0,0.0,0.0,0.0,9.78932,160.028641,-0.4133024464831802,-21.683109
14.768454248046964,26.140108,1.97006,2.374713,5.625539,0.406862,0.0,0.0,0.0,0.0,9.71733,160.030243,-0.4318323139653421,-22.578716
14.774446191406241,26.371435,2.028123,2.306406,5.77355,0.395298,0.0,0.0,0.0,0.0,9.669685,160.119003,-0.4004740061162084,-19.844759
14.7804461914061,26.516996,2.008472,2.257383,5.845348,0.395298,0.0,0.0,0.0,0.0,9.645759,160.103104,-0.26221396534148755,-26.491102
14.787330224609377,26.544146,2.042922,2.191309,5.742869,0.377593,0.0,0.0,0.0,0.0,9.653822,160.016266,-0.3021240570846073,-12.302808
14.79244619140627,26.672092,1.972625,2.167923,5.907391,0.377593,0.0,0.0,0.0,0.0,9.646858,159.98175,-0.2750424057084608,-27.009611
14.798447167968789,26.871908,2.013742,2.140122,5.822538,0.353497,0.0,0.0,0.0,0.0,9.600801,160.076111,-0.371966768603466,-16.875114
14.803696191406289,26.86149,1.976622,2.160872,5.769379,0.353497,0.0,0.0,0.0,0.0,9.612233,159.936401,-0.33918379204892973,-21.117462
14.809119042968632,26.96327,1.976238,2.174223,5.777075,0.334146,0.0,0.0,0.0,0.0,9.609528,160.062195,-0.4446607543323139,-23.568596
14.814446191406205,27.159628,2.016325,2.085636,5.43531,0.334146,0.0,0.0,0.0,0.0,9.650139,160.115585,-0.3847952089704378,-22.720127
14.819490136718741,27.093136,2.021997,2.049092,5.247683,0.298329,0.0,0.0,0.0,0.0,9.578952,159.998596,-0.4218549439347602,-17.299349
14.825621972656336,27.135752,2.028943,2.004693,5.005063,0.298329,0.0,0.0,0.0,0.0,9.519894,159.955185,-0.35201213047910257,-18.949152
14.830752099609526,27.245253,2.051858,2.02033,4.946442,0.272792,0.0,0.0,0.0,0.0,9.597172,159.995239,-0.23940825688073425,-22.107344
14.836431054687637,27.252756,2.016587,2.011901,4.870385,0.272792,0.0,0.0,0.0,0.0,9.498446,160.032684,-0.23370682976554555,-19.98617
14.841445947265584,27.264526,2.016255,1.966107,4.862776,0.235157,0.0,0.0,0.0,0.0,9.509893,159.805008,-0.18952008154943864,-14.61253
14.847911035156358,27.263533,2.002363,1.974466,4.761257,0.235157,0.0,0.0,0.0,0.0,9.553838,159.982391,-0.39904923547400545,-21.683109
14.853433984374988,27.334433,2.020339,1.963524,4.722286,0.203804,0.0,0.0,0.0,0.0,9.495234,160.027145,-0.38622079510703367,-16.969389
14.8584850097659,27.310043,2.020898,1.970208,4.886231,0.203804,0.0,0.0,0.0,0.0,9.516805,159.957474,-0.3306311926605508,-21.258875
14.864445947265722,27.287769,1.987145,1.960819,4.859809,0.168155,0.0,0.0,0.0,0.0,9.550103,159.883118,-0.33633261977573947,-16.45088
14.870227929687644,27.284519,1.996831,1.924204,4.721326,0.168155,0.0,0.0,0.0,0.0,9.493925,159.905563,-0.26363955147808343,-15.790959
14.87548476562506,27.298088,2.006622,1.918166,4.505304,0.145987,0.0,0.0,0.0,0.0,9.418358,159.911972,-0.1923711518858314,-15.413862
14.881445703124882,27.289549,2.016465,1.919579,4.428131,0.145987,0.0,0.0,0.0,0.0,9.425705,159.850845,-0.26648980632008185,-16.733704
14.886487695312553,27.267471,1.954876,1.928427,4.463768,0.119363,0.0,0.0,0.0,0.0,9.43574,159.841187,-0.3776682976554536,-16.45088
14.89244667968751,27.309128,2.015959,1.934501,4.404605,0.119363,0.0,0.0,0.0,0.0,9.416996,159.925201,-0.4289811416921504,-9.804536
14.898445703125162,27.302681,1.968646,1.886019,4.493436,0.095461,0.0,0.0,0.0,0.0,9.466228,159.82811,-0.3477354740061169,-18.194956
14.903487695312378,27.288239,2.00889,1.858985,4.435426,0.095461,0.0,0.0,0.0,0.0,9.433733,159.685257,-0.2094755351681964,-13.481237
14.90944570312513,27.294075,1.969641,1.852301,4.269491,0.081588,0.0,0.0,0.0,0.0,9.396543,159.809021,-0.3277808358817534,-10.74728
14.914462548828396,27.366774,1.957826,1.851376,4.076383,0.081588,0.0,0.0,0.0,0.0,9.407973,159.920456,-0.33633261977573947,-13.4341
14.92043056640614,27.344784,1.969292,1.851516,4.083381,0.067086,0.0,0.0,0.0,0.0,9.39354,159.854523,-0.397623649337411,-15.366725
14.925596582031176,27.328302,2.012712,1.876368,4.152789,0.067086,0.0,0.0,0.0,0.0,9.379265,159.755569,-0.3448852191641184,-13.622649
14.931446679687724,27.344807,2.010287,1.851638,4.049577,0.056083,0.0,0.0,0.0,0.0,9.424431,159.780685,-0.35201213047910257,-11.737161
14.937432519531285,27.390923,1.982363,1.850504,3.893415,0.056083,0.0,0.0,0.0,0.0,9.403017,159.801971,-0.44893659531090674,-15.366725
14.942445458984366,27.348459,2.004335,1.872319,3.668492,0.046784,0.0,0.0,0.0,0.0,9.423645,159.682648,-0.3619895005096845,-9.144615
14.948445458984224,27.340029,2.012538,1.858933,3.773257,0.046784,0.0,0.0,0.0,0.0,9.385129,159.77861,-0.4090265035677884,-14.848216
14.954472558593807,27.403271,2.015959,1.878916,3.812297,0.046697,0.0,0.0,0.0,0.0,9.350399,159.767029,-0.389071151885831,-10.605868
14.96050844726551,27.367668,1.987738,1.867781,3.752646,0.046697,0.0,0.0,0.0,0.0,9.397502,159.704193,-0.3876455657492352,-13.339826
14.966445458984253,27.357994,1.968175,1.894082,3.370357,0.036379,0.0,0.0,0.0,0.0,9.318671,159.705688,-0.3705412844036691,-11.92571
14.971504296875082,27.381105,1.97643,1.882459,3.210286,0.036379,0.0,0.0,0.0,0.0,9.31279,159.736359,-0.42613088685015343,-13.151277
14.977160302734319,27.435785,2.002014,1.879666,3.117807,0.035648,0.0,0.0,0.0,0.0,9.375285,159.731766,-0.38622079510703367,-12.255671
14.982473291015594,27.393999,1.964161,1.850626,3.044945,0.035648,0.0,0.0,0.0,0.0,9.36279,159.513596,-0.3434596330275226,-12.067122
14.987528222656238,27.386396,1.949571,1.878829,3.015747,0.030414,0.0,0.0,0.0,0.0,9.36368,159.671555,-0.3434596330275226,-12.161396
14.994283349609304,27.446018,2.014754,1.856036,2.983984,0.030414,0.0,0.0,0.0,0.0,9.391568,159.74559,-0.397623649337411,-10.888692
14.999430322265653,27.412825,2.00465,1.841778,2.918626,0.030407,0.0,0.0,0.0,0.0,9.396297,159.65715,-0.389071151885831,-8.814655
