Time(s),P_Fuel_Tank(bar),P_Chamber(bar),P_Fuel_Injector(bar),P_Ox_Injector(bar),Fuel_Flow_Rate(L/s),Ox_Valve_Angle(deg),Fuel_Valve_Angle(deg),P_Ox_Tank(bar),P_N2_Tank(bar),T_Fuel_Post_Channels(C),T_Fuel_Pre_Channels(C),Ox_Mass(kg),Thrust(N)
-0.9870000000009895,46.968841552734375,1.0367720127105713,1.0078974962234497,1.0500444173812866,0.0,0.0,0.0,47.25587844848633,224.69207763671875,18.8046875,25.3203125,5.6787006716480315,3.1581919193267822
-0.9650000000001455,46.9809799194336,1.0374701023101809,0.9868502020835876,1.026571273803711,0.0,0.0,0.0,47.34141159057617,224.69793701171875,18.8046875,25.3203125,5.694379427381976,4.195209980010986
-0.9430000000011205,46.979103088378906,0.9724783897399902,0.974110186100006,1.0563969612121582,0.0,0.0,0.0,47.340782165527344,224.7193298339844,18.8046875,25.3203125,5.687252437424344,4.52517032623291
-0.9250000000010914,46.96648406982422,1.0197561979293823,0.9866756796836852,1.0441629886627195,0.0,0.0,0.0,47.32657623291016,224.7057342529297,18.78125,25.296875,5.665873022983562,5.043679714202881
-0.9030000000002474,46.9906120300293,0.995881736278534,0.9807071089744568,1.0443201065063477,0.0,0.0,0.0,47.25575637817383,224.7036590576172,18.78125,25.296875,5.68867876867514,2.6868200302124023
-0.886000000000422,46.969024658203125,1.036824345588684,0.9579495191574096,1.0439884662628174,0.0,0.0,0.0,47.27959442138672,224.7017822265625,18.78125,25.296875,5.647343160180141,2.3568596839904785
-0.8630000000011933,46.97858047485352,0.9819549322128296,0.973499357700348,1.0590497255325315,0.0,0.0,0.0,47.31514739990234,224.69906616210935,18.78125,25.296875,5.66017080884461,3.2996034622192383
-0.842000000000553,46.96744537353516,1.038464903831482,0.9742323160171508,1.042348027229309,0.0,0.0,0.0,47.30490112304688,224.7197113037109,18.765625,25.28125,5.6787006716480315,2.4982712268829346
-0.8250000000007276,46.97830581665039,1.0395294427871704,0.9584206938743592,1.070410966873169,0.0,0.0,0.0,47.2895622253418,224.7078094482422,18.765625,25.28125,5.655894925956454,2.6868200302124023
-0.805000000000291,46.96879577636719,1.0062308311462402,0.9735516905784608,1.0508471727371216,0.0,0.0,0.0,47.31788635253906,224.7021026611328,18.765625,25.28125,5.711484514366718,4.006661415100098
-0.783000000001266,46.98646545410156,1.0208556652069092,0.9642322659492492,1.0443898439407349,0.0,0.0,0.0,47.3291244506836,224.70684814453125,18.765625,25.28125,5.697230534451452,3.676701068878174
-0.7590000000018335,46.97681427001953,0.9889357686042786,0.9964488744735718,1.006204605102539,0.0,0.0,0.0,47.3505744934082,224.6622009277344,18.6484375,25.234375,5.700081641520929,3.5352895259857178
-0.7410000000018044,46.96852493286133,0.9721817374229432,0.973656415939331,1.0595732927322388,0.0,0.0,0.0,47.31193542480469,224.71826171875,18.6484375,25.234375,5.6915283203125,3.016780376434326
-0.7190000000009604,46.97845077514648,0.9847821593284608,0.995297074317932,1.015262246131897,0.0,0.0,0.0,47.28816604614258,224.66497802734372,18.6484375,25.234375,5.677275895829351,4.383759021759033
-0.6980000000003201,46.97733688354492,0.9859514236450196,0.9604102373123168,1.043534755706787,0.0,0.0,0.0,47.30535507202149,224.6559600830078,18.6484375,25.234375,5.727163270100663,2.5454084873199463
-0.6740000000008877,46.97726058959961,0.991571009159088,0.9929584860801696,1.0094681978225708,0.0,0.0,0.0,47.34738159179688,224.7231292724609,18.7421875,25.296875,5.742842025834607,3.959524154663086
-0.6570000000010623,46.9655876159668,0.9840142726898192,0.9777227640151978,1.0434300899505615,0.0,0.0,0.0,47.33074951171875,224.6877593994141,18.7421875,25.296875,5.697230534451452,2.7810943126678467
-0.6350000000002183,46.96405029296875,1.0046601295471191,0.9789793491363524,0.9946338534355164,0.0,0.0,0.0,47.31802368164063,224.68017578125,18.7421875,25.296875,5.682976554536188,4.713719367980957
-0.6130000000011933,46.973411560058594,1.0246078968048096,0.9755237698554992,1.0425050258636477,0.0,0.0,0.0,47.31992721557617,224.6832275390625,18.7421875,25.296875,5.604581220434346,3.4410150051116943
-0.5890000000017608,46.9861946105957,1.0191104412078855,0.9919113516807556,1.0544947385787964,0.0,0.0,0.0,47.35455322265625,224.7006072998047,18.8125,25.296875,5.681551778717507,2.5454084873199463
-0.5720000000001164,46.94731903076172,1.010454177856445,0.9755412340164183,1.016693353652954,0.0,0.0,0.0,47.33032989501953,224.66049194335935,18.8125,25.296875,5.653043818886977,3.1110546588897705
-0.5510000000012951,46.93155670166016,1.019197702407837,1.0097299814224243,1.026187300682068,0.0,0.0,0.0,47.3009033203125,224.628173828125,18.8125,25.296875,5.708633407297241,5.2322282791137695
-0.5270000000018626,46.98790740966797,1.015445590019226,1.0169726610183716,1.0593987703323364,0.0,0.0,0.0,47.27978897094727,224.7210998535156,18.8125,25.21875,5.671573681690399,2.1683108806610107
-0.5090000000018335,46.98930358886719,1.017347812652588,0.9788746237754822,1.0593987703323364,0.0,0.0,0.0,47.29879379272461,224.76531982421875,18.8125,25.21875,5.725738494281982,4.430896282196045
-0.48700000000098953,46.966285705566406,1.0123391151428225,0.9750176668167114,1.0523829460144043,0.0,0.0,0.0,47.27235412597656,224.751708984375,18.8125,25.21875,5.714334066004077,2.6868200302124023
-0.46600000000034925,46.97011566162109,0.9717977643013,0.9999567866325378,1.0391716957092283,0.0,0.0,0.0,47.30919647216797,224.6866912841797,18.8046875,25.21875,5.725738494281982,5.7036004066467285
-0.4470000000001164,46.941593170166016,1.0361961126327517,0.9798693656921388,1.0137439966201782,0.0,0.0,0.0,47.34629821777344,224.714111328125,18.8046875,25.296875,5.668722574620922,3.063917636871338
-0.4260000000012951,46.92913436889648,0.9919724464416504,0.9728710651397704,1.0777409076690674,0.4792966842651367,0.0,0.0,47.328216552734375,224.7103729248047,18.8046875,25.296875,5.645916828929344,2.451133966445923
-0.4040000000004511,46.89567184448242,1.0374701023101809,0.9844069480895996,1.0198521614074707,0.2932725548744201,0.0,0.0,47.29460525512695,224.6045379638672,18.8046875,25.296875,5.60030533754619,2.121173620223999
-0.38700000000062573,47.01000595092773,0.9766145348548888,0.9707069993019104,1.0467983484268188,0.0531958639621734,0.0,0.0,47.23420333862305,224.99069213867188,18.7578125,25.296875,5.53759031461041,3.016780376434326
-0.36300000000119326,46.94524765014648,0.8145890235900879,0.889432430267334,1.0698001384735107,3.357455015182495,0.0,0.0,46.64638137817383,224.24285888671875,18.7578125,25.28125,3.871339881578109,3.629563808441162
-0.3440000000009604,46.79460144042969,0.8574863076210022,0.875086784362793,1.291878581047058,9.387580871582031,0.0,0.0,46.145450592041016,225.08090209960935,18.7578125,25.28125,3.8471093600678516,2.9696431159973145
-0.3210000000017317,46.91225051879883,1.0083774328231812,0.9526615142822266,1.011405348777771,9.169264793395996,14.833193278118888,17.74166254833828,47.34183120727539,224.68722534179688,18.7578125,25.28125,5.673000012941195,3.2996034622192383
-0.3040000000000873,46.885887145996094,1.0056723356246948,0.9543892741203308,0.9907071590423584,6.331159114837647,29.152496091594184,34.86867179582834,47.36301803588867,224.6798095703125,18.734375,25.28125,5.6915283203125,3.676701068878174
-0.28100000000085856,46.93025970458984,0.9871556162834167,0.965104877948761,1.0447388887405396,0.0,46.03850524870537,55.065663140608386,47.37675094604492,224.69244384765625,18.734375,25.234375,5.670148905871718,1.838350534439087
-0.25900000000183354,47.06945037841797,0.9659687876701356,0.970462679862976,0.945034921169281,0.0520980916917324,65.60007922574144,78.46283985823978,47.33526992797852,224.5341796875,18.734375,25.234375,5.694379427381976,3.959524154663086
-0.24200000000018917,46.87163162231445,0.869894802570343,0.9037955403327942,0.9736913442611694,2.584404706954956,78.54443083419706,93.9452996252161,47.089332580566406,224.2438201904297,18.734375,25.234375,5.377948539337251,2.1683108806610107
-0.2180000000007567,46.91728973388672,0.8127740025520325,0.7799203395843506,0.9666406512260436,36.45745849609375,97.8021817846175,116.9790801737582,46.41859436035156,221.5959930419922,18.6796875,25.234375,3.4380291580060205,3.770975351333618
-0.19700000000011642,46.90367889404297,0.9983075261116028,0.9673038721084596,0.9343193173408508,0.0549768842756748,102.0,122.0,47.36851501464844,224.6110992431641,18.6796875,25.296875,5.698655310270132,2.7810943126678467
-0.17800000000170257,46.851898193359375,0.9716232419013976,0.9571641683578492,0.9781067371368408,0.8731801509857178,102.0,122.0,47.2463493347168,224.23043823242188,18.6796875,25.296875,5.769923654414341,2.309722423553467
-0.15600000000085856,46.89441680908203,0.981536030769348,0.9734818935394288,0.9559075832366944,0.8731801509857178,102.0,122.0,47.30710220336914,224.6959228515625,18.6796875,25.296875,5.634513956083556,3.5824265480041504
-0.13500000000021828,46.90919876098633,0.9453577995300292,0.9693282842636108,1.0178626775741575,0.1914331465959549,102.0,122.0,47.32132339477539,224.659423828125,18.6796875,25.296875,5.680125447466711,2.592545509338379
-0.11600000000180444,46.88267135620117,0.9855849742889404,0.9746337532997132,1.008752703666687,0.0,102.0,122.0,47.34446716308594,224.5601501464844,18.7421875,25.28125,5.698655310270132,2.7810943126678467
-0.08900000000176078,46.85459518432617,1.050140380859375,0.9881242513656616,1.0219987630844116,0.0,102.0,122.0,47.32709884643555,224.52340698242188,18.7421875,25.28125,5.664446691732766,4.383759021759033
-0.07100000000173168,46.92564392089844,0.958551585674286,0.9896425604820251,1.018857479095459,0.0,102.0,122.0,47.34640121459961,224.6688232421875,18.7421875,25.28125,5.682976554536188,4.28948450088501
-0.05200000000149885,46.87457656860352,0.96450275182724,1.007024884223938,1.0331506729125977,0.0500505715608596,102.0,122.0,47.33240509033203,224.4800262451172,18.7421875,25.28125,5.735715035876975,2.9225058555603027
-0.030000000000654836,46.90607833862305,0.988010823726654,0.992539644241333,1.0343199968338013,0.0,102.0,122.0,47.29505920410156,224.5611114501953,18.7890625,25.28125,5.735715035876975,3.205329179763794
-0.008000000001629815,46.85649108886719,0.975305676460266,0.9742323160171508,1.0499571561813354,0.0,102.0,122.0,47.3763313293457,224.5745086669922,18.7890625,25.28125,5.738566142946451,3.959524154663086
0.01299999999901047,46.90016555786133,1.0420775413513184,0.9740229249000548,1.011789321899414,0.0,102.0,122.0,47.30256271362305,224.69932556152344,18.7890625,25.28125,5.755669674499076,3.3938779830932617
0.030999999999039574,46.91065979003906,1.0263880491256714,0.99431973695755,1.031649827957153,0.0,102.0,122.0,47.32101058959961,224.6634826660156,18.7890625,25.28125,5.711484514366718,1.838350534439087
0.049999999999272404,46.923789978027344,1.0395992994308472,0.9749304056167604,1.0529937744140625,0.0,102.0,122.0,47.28948974609375,224.69479370117188,18.7578125,25.296875,5.664446691732766,4.148073196411133
0.07199999999829743,45.7955322265625,0.9916582703590392,1.00184166431427,1.0419117212295532,0.0,102.0,122.0,47.430118560791016,224.6625213623047,18.7578125,25.296875,5.653043818886977,2.7810943126678467
0.09299999999893771,44.18952178955078,1.0050091743469238,0.9806198477745056,1.0284560918807983,0.0,102.0,122.0,47.30361175537109,224.6645965576172,18.7578125,25.296875,5.618835200349611,1.508390188217163
0.11199999999917054,41.74970626831055,1.011867880821228,0.9759077429771424,1.027915120124817,0.0503341145813465,102.0,122.0,47.32610702514648,224.6576690673828,18.7578125,25.296875,5.5646719431901435,0.4242347478866577
0.13299999999981083,38.906436920166016,0.9696511626243592,0.9599913954734802,1.0425399541854858,0.1972903162240982,102.0,122.0,47.25762176513672,224.6620941162109,18.875,25.2734375,5.5518427390935585,-4.242347240447998
0.1569999999992433,36.77300262451172,1.017958641052246,0.9730805158615112,1.1051582098007202,0.3647032380104065,102.0,122.0,47.1924057006836,224.6433258056641,18.875,25.2734375,5.521910003444349,-1.0370182991027832
0.1749999999992724,34.6845588684082,0.998115599155426,0.9743894338607788,1.8774672746658323,0.4484966397285461,103.19007719568144,122.9350606537497,47.167606353759766,224.4629669189453,18.875,25.2734375,5.469173077535678,-2.3568596839904785
0.1959999999999127,32.97774124145508,1.037662148475647,0.985331892967224,2.4562671184539795,0.5774338245391846,107.71055740226917,126.48686653035435,47.01744842529297,224.28521728515625,18.875,25.2734375,5.390777743433836,-1.7912132740020752
0.21899999999914144,33.64640808105469,1.0052709579467771,1.015227437019348,3.3073201179504395,0.4424751400947571,112.68542073019972,130.39568771658548,46.79482650756836,223.9927215576172,18.9140625,25.2734375,5.309531302262519,-6.033560752868652
0.24099999999816646,34.23508071899414,1.0280110836029053,1.024180293083191,4.196593284606934,0.4365900754928589,117.51001346116865,134.18643914806108,46.6321907043457,223.66677856445312,18.9140625,25.21875,5.32663638924726,-3.770975351333618
0.25899999999819556,33.95393753051758,1.0583080053329468,1.0630462169647217,5.297054767608643,0.52424556016922,121.60457130298619,137.40359173806058,46.28390121459961,222.8995819091797,18.9140625,25.21875,5.44779210766278,-6.599206924438477
0.2809999999990396,33.92671203613281,1.046196222305298,1.0114752054214478,6.126694202423096,0.5731050968170166,126.71580451086508,141.4195606871083,45.86782455444336,222.5728912353516,18.9140625,25.2578125,5.107130698107798,-10.228771209716797
0.30199999999967986,32.99101638793945,1.0401577949523926,1.1036224365234375,7.094658851623535,0.517499566078186,130.0,144.0,45.5568962097168,222.0890045166016,19.0390625,25.2578125,5.433538127747515,-9.427438735961914
0.32299999999850115,30.60435104370117,1.0326707363128662,1.184303641319275,8.070442199707031,0.6904886364936829,130.0,144.0,45.18544387817383,221.6412353515625,19.0390625,25.2578125,5.174121603931734,-14.423980712890623
0.3459999999995489,27.14603614807129,1.1456732749938965,1.231424331665039,9.556106567382812,0.8746942281723022,130.0,144.0,44.5585823059082,220.98541259765625,19.0625,25.2578125,5.437814010635671,-12.34994411468506
0.363999999999578,25.373271942138672,1.1946265697479248,1.273571252822876,10.596673011779783,0.9777420163154602,130.0,144.0,43.99857711791992,220.42044067382807,19.0625,25.234375,5.214032436608052,-31.34623336791992
0.385999999998603,25.19468116760254,1.216878056526184,1.323798418045044,12.080434799194336,0.8465369343757629,130.0,144.0,43.48033905029297,219.9374542236328,19.0625,25.234375,5.107130698107798,-43.36621856689453
0.407999999999447,26.13369369506836,1.3895319700241089,1.716942548751831,13.76805591583252,0.8710964918136597,130.0,144.0,42.652828216552734,219.3225555419922,19.0625,25.234375,5.32948594088462,-67.73614501953125
0.4289999999982683,28.72279357910156,1.7577892541885376,2.3991289138793945,14.938570022583008,0.8710964918136597,130.0,144.0,42.08868789672852,218.93426513671875,19.15625,25.234375,5.919587332660391,-1022.8299560546876
0.44799999999850115,29.446413040161133,3.447033166885376,7.304782390594482,16.348440170288086,0.8737136125564575,130.0,144.0,41.2324333190918,218.4649353027344,19.15625,25.21875,6.201809602167747,-1547.2783203125
0.46899999999914144,31.676740646362305,5.986422538757324,12.966131210327148,17.353036880493164,1.085563898086548,130.0,144.0,40.65633773803711,218.18972778320312,19.15625,25.21875,9.125228710738401,-1897.4134521484373
0.49099999999816646,31.46733665466309,9.017664909362791,13.990605354309082,18.351072311401367,0.729738175868988,130.0,144.0,40.221466064453125,217.9410400390625,19.15625,25.21875,5.168420945224898,-2139.36865234375
0.5099999999983993,31.837366104125977,10.909423828125,14.609108924865724,19.14786720275879,0.709830641746521,130.0,144.0,39.827518463134766,217.88619995117188,19.15625,25.21875,4.816355107392011,-2256.033203125
0.5309999999990396,31.641082763671875,11.830547332763672,15.222359657287598,19.82958221435547,0.7151110768318176,130.0,144.0,39.54813003540039,217.7535858154297,19.7890625,25.1875,8.661986806949223,-2335.12939453125
0.5539999999982683,31.504880905151367,12.556608200073242,15.892189025878906,20.278711318969727,0.7222868204116821,130.0,144.0,39.000953674316406,217.82015991210935,19.7890625,25.1875,5.511933461849356,-2372.0849609375
0.5749999999989086,30.918609619140625,12.83896541595459,16.295421600341797,20.442237854003903,0.8043967485427856,130.0,144.0,38.621856689453125,217.8158416748047,19.7890625,25.1875,6.670753720095887,-2398.387451171875
0.5959999999995489,31.25502014160156,12.812490463256836,16.394845962524414,20.37787437438965,1.02838134765625,130.0,144.0,38.28829574584961,217.9442901611328,21.5234375,25.1875,6.563851981595629,-2380.1455078125
0.6199999999989814,31.15797615051269,12.80055332183838,16.553293228149414,20.28827667236328,0.7815424799919128,130.0,144.0,37.95466232299805,217.91915893554688,21.5234375,25.1328125,5.560396060301987,-2404.892333984375
0.6379999999990105,30.74612808227539,12.799541473388672,16.594148635864258,20.28541374206543,0.8969153165817261,130.0,144.0,37.78551483154297,217.9548492431641,21.5234375,25.1328125,5.993706783874076,-2326.7861328125
0.6589999999996508,30.71041679382324,12.836191177368164,16.74474334716797,20.177595138549805,0.7217317223548889,130.0,144.0,37.65633392333984,218.0789337158203,21.5234375,25.1328125,5.634513956083556,-2381.13525390625
0.6829999999990832,30.7956485748291,12.901932716369627,16.846542358398438,20.24225425720215,0.9116293787956238,130.0,144.0,37.44116973876953,218.02281188964844,24.109375,25.1328125,5.480575950381466,-2396.40771484375
0.6999999999989086,30.62900161743164,12.901130676269531,16.8223876953125,20.21190452575684,1.1843812465667725,130.0,144.0,37.33322525024414,218.00094604492188,24.109375,25.21875,6.240294103593272,-2395.323486328125
0.7229999999981374,30.95120048522949,12.98511028289795,16.87308692932129,20.13825798034668,0.782160222530365,130.0,144.0,37.28984069824219,217.8501892089844,24.109375,25.21875,5.822662135755128,-2416.723876953125
0.7409999999981665,30.55059814453125,12.96086883544922,16.79559898376465,20.12742042541504,0.9101308584213256,130.0,144.0,37.1704330444336,217.8485412597656,24.109375,25.21875,7.463255716026376,-2431.996337890625
0.7629999999990105,30.253398895263672,12.91821575164795,16.594655990600586,20.117403030395508,0.9101308584213256,130.0,144.0,37.15977096557617,217.7014617919922,24.109375,25.21875,6.742022064240093,-2445.430419921875
0.7849999999998545,30.123632431030277,12.95493507385254,16.494497299194336,20.076772689819336,0.872266411781311,130.0,144.0,37.07725524902344,217.5791931152344,26.390625,25.2734375,5.711484514366718,-2380.8525390625
0.8069999999988795,29.594799041748047,12.861531257629396,16.44849395751953,20.08602333068848,0.7286777496337891,130.0,144.0,37.06886291503906,217.5211639404297,26.390625,25.2734375,6.4412699319293125,-2369.162353515625
0.8239999999987049,30.00798988342285,12.948198318481444,16.517499923706055,20.167490005493164,0.782253623008728,130.0,144.0,36.98310089111328,217.37857055664065,26.390625,25.2734375,6.260248742215373,-2395.88916015625
0.8449999999993452,29.501670837402344,12.893067359924316,16.21358871459961,20.092811584472656,0.863355278968811,130.0,144.0,36.783973693847656,217.38438415527344,26.390625,25.2734375,5.333763379204893,-2293.035888671875
0.8669999999983702,29.281469345092773,12.614112854003906,15.950427055358888,19.87368392944336,0.8858286738395691,130.0,144.0,36.49210739135742,217.2616424560547,28.1796875,25.2734375,6.127690150954065,-2263.197998046875
0.8849999999983993,29.01271629333496,12.349119186401367,15.61915111541748,19.58455467224121,0.8186453580856323,130.0,144.0,36.18006134033203,217.28399658203125,28.1796875,25.2734375,6.565276757414312,-2186.505859375
0.9099999999998545,29.186071395874023,12.164231300354004,15.43407154083252,19.369770050048828,0.7475919127464294,130.0,144.0,35.90187454223633,217.25059509277344,28.1796875,25.2734375,5.554693846163035,-2150.492919921875
0.9279999999998836,28.915355682373047,12.11740779876709,15.470598220825195,19.42528533935547,0.8731385469436646,130.0,144.0,35.735435485839844,217.153564453125,28.1796875,25.2734375,7.5102919832282105,-2206.586181640625
0.9509999999991123,29.35422134399414,12.268141746520996,15.583094596862791,19.680191040039062,0.8857883810997009,130.0,144.0,35.455570220947266,217.14016723632807,29.9140625,25.171875,5.456343873439092,-2288.982177734375
0.9689999999991414,28.58115768432617,12.421196937561035,15.656899452209473,19.67738151550293,0.990772008895874,130.0,144.0,35.33359909057617,217.1462554931641,29.9140625,25.171875,6.434142941971681,-2339.0888671875
0.9899999999997817,28.74884033203125,12.44936466217041,15.646376609802246,19.708829879760746,1.0915790796279907,130.0,144.0,35.33625030517578,217.1641845703125,29.9140625,25.171875,6.151920672464322,-2292.98876953125
1.010999999998603,28.534975051879883,12.434198379516602,15.598958969116213,19.804224014282227,0.8732632994651794,130.0,144.0,35.32802963256836,217.0655975341797,29.9140625,25.171875,5.51050713059856,-2210.969970703125
1.0339999999996508,28.90270233154297,12.410306930541992,15.636934280395508,19.794189453125,0.7752693295478821,130.0,144.0,35.2857780456543,217.1314849853516,32.359375,25.15625,6.422740069125892,-2256.2216796875
1.0529999999998836,28.62502861022949,12.414634704589844,15.464996337890623,19.783227920532227,0.8967593908309937,130.0,144.0,35.38283157348633,217.02723693847656,32.359375,25.15625,5.8169614770482925,-2219.171875
1.0729999999985012,28.784616470336918,12.388229370117188,15.394577026367188,19.79123878479004,0.7999009490013123,130.0,144.0,35.232078552246094,217.0344390869141,32.359375,25.1484375,6.301584350710372,-2183.017578125
1.0949999999993452,28.545839309692383,12.352906227111816,15.57147216796875,19.6982364654541,0.8230347037315369,130.0,144.0,35.27199172973633,217.0190887451172,32.359375,25.1484375,5.759947112819349,-2248.161376953125
1.1149999999997817,28.659343719482425,12.351161003112791,15.59190845489502,19.788726806640625,0.9346070289611816,130.0,144.0,35.30014419555664,217.11105346679688,35.3203125,25.1484375,5.955220727016437,-2296.382568359375
1.135999999998603,28.64654922485352,12.385960578918455,15.499778747558594,19.81251335144043,0.81280118227005,130.0,144.0,35.36171340942383,217.0445251464844,35.3203125,25.1484375,5.879676499984072,-2212.195556640625
1.157999999999447,28.70505714416504,12.364599227905272,15.629517555236816,19.955585479736328,0.7815424799919128,130.0,144.0,35.38113784790039,216.9549560546875,35.3203125,25.1484375,6.005109656719864,-2267.770263671875
1.1769999999996799,28.44911193847656,12.33288860321045,15.36899185180664,19.75575828552246,0.7789928317070007,130.0,144.0,35.31490707397461,217.0015869140625,35.3203125,25.0625,5.839767222739869,-2235.669921875
1.1989999999987049,28.568058013916016,12.168245315551758,15.279706954956056,19.629474639892575,0.721372663974762,130.0,144.0,35.29890441894531,216.94354248046875,38.171875,25.0625,6.1234142680659085,-2195.88623046875
1.2199999999993452,28.3455867767334,12.054859161376951,15.123825073242188,19.37528610229492,0.7818623781204224,130.0,144.0,35.31851959228516,216.94839477539065,38.171875,25.0625,6.449821697705626,-2161.7587890625
1.2419999999983702,28.59786796569824,11.98833179473877,15.105517387390137,19.39872360229492,0.7818623781204224,130.0,144.0,35.31206130981445,216.87628173828125,38.171875,25.0625,5.741417250015927,-2130.6953125
1.260999999998603,28.24896812438965,11.917964935302734,15.097314834594728,19.310747146606445,0.8574497103691101,130.0,144.0,35.273807525634766,216.9727783203125,38.171875,25.1875,5.7884535172177625,-2109.483642578125
1.282999999999447,28.34157371520996,11.97053050994873,15.219532012939451,19.523174285888672,0.7424585819244385,130.0,144.0,35.3715934753418,216.82357788085935,40.6171875,25.1875,6.495433189088778,-2216.767822265625
1.304999999998472,28.1672477722168,12.149083137512209,15.267210960388184,19.617136001586918,0.7973273396492004,130.0,144.0,35.46014404296875,216.9487762451172,40.6171875,25.1875,5.825513242824605,-2212.24267578125
1.3259999999991123,28.39399528503418,12.262347221374512,15.337735176086426,19.674362182617188,0.9377231001853944,130.0,144.0,35.500213623046875,216.79205322265625,42.5546875,25.1875,6.116287278108276,-2250.9423828125
1.3449999999993452,28.37978172302246,12.316239356994627,15.48401927947998,19.760522842407227,0.7641417980194092,130.0,144.0,35.51778793334961,216.70263671875,42.5546875,25.1875,4.894750441493851,-2229.77783203125
1.3659999999981665,28.095748901367188,12.385663986206056,15.440476417541504,19.79656219482422,1.0691319704055786,130.0,144.0,35.61845397949219,216.73336791992188,42.5546875,25.1875,5.819811028685652,-2264.80078125
1.3889999999992142,28.098596572875977,12.349974632263184,15.398887634277344,19.82867431640625,0.8029690980911255,130.0,144.0,35.67243194580078,216.6993865966797,42.5546875,25.1875,4.297523615192564,-2285.25830078125
1.4109999999982392,28.24232482910156,12.344564437866213,15.463286399841309,19.864748001098636,0.8471971154212952,130.0,144.0,35.77684783935547,216.65467834472656,44.34375,25.1875,6.431291834902207,-2309.958251953125
1.4319999999988795,28.18638038635254,12.403290748596191,15.338573455810549,19.81225204467773,0.8286728262901306,130.0,144.0,35.85784149169922,216.6468963623047,44.34375,25.15625,5.637365063153032,-2221.575927734375
1.4509999999991123,28.437875747680664,12.429451942443848,15.369742393493652,19.90902328491211,0.7867281436920166,130.0,144.0,35.88918685913086,216.7216339111328,44.34375,25.15625,6.281629712088273,-2248.632568359375
1.4699999999993452,28.345293045043945,12.513728141784668,15.435973167419434,20.021503448486328,0.8248115181922913,130.0,144.0,35.993831634521484,216.70285034179688,44.34375,25.15625,5.074346855389112,-2228.693603515625
1.4899999999997817,28.090131759643555,12.553292274475098,15.4931640625,20.01338768005371,0.7641053795814514,130.0,144.0,36.06217193603516,216.6830596923828,44.34375,25.15625,5.166994613974102,-2234.16162109375
1.5089999999981956,28.045825958251957,12.535350799560549,15.468957901000977,20.077856063842773,0.8277003765106201,130.0,144.0,36.107269287109375,216.68765258789065,46.0625,25.171875,5.196927349623311,-2348.610595703125
1.5319999999992433,28.31987762451172,12.547113418579102,15.495519638061523,20.12958335876465,0.8797990083694458,130.0,144.0,36.17798614501953,216.69004821777344,46.0625,25.171875,6.066399903836965,-2325.23046875
1.5539999999982683,27.992956161499023,12.561058044433594,15.475171089172363,20.143632888793945,0.9278422594070436,130.0,144.0,36.23763656616211,216.7567901611328,46.0625,25.171875,5.38792663636436,-2296.52392578125
1.5719999999982974,28.20298194885254,12.590569496154783,15.522989273071287,20.157716751098636,0.7639235258102417,130.0,144.0,36.33816146850586,216.67340087890625,46.0625,25.171875,5.627386966125924,-2318.63134765625
1.5929999999989377,28.660139083862305,12.58126735687256,15.54178524017334,20.162899017333984,0.7737340331077576,130.0,144.0,36.50414657592773,216.74339294433597,47.7578125,25.1875,5.687252437424344,-2298.927978515625
1.6159999999981665,28.29592514038086,12.607306480407717,15.58346176147461,20.254470825195312,0.7737340331077576,130.0,144.0,36.61774063110352,216.6359100341797,47.7578125,25.1875,5.132785995436735,-2313.87060546875
1.6329999999998108,28.031089782714844,12.628493309020996,15.54450798034668,20.2838077545166,0.7705264687538147,130.0,144.0,36.56046676635742,216.68801879882807,47.7578125,25.1875,5.132785995436735,-2276.867919921875
1.6559999999990396,28.456134796142575,12.73125171661377,15.861648559570312,20.305587768554688,0.8483036756515503,130.0,144.0,36.73146057128906,216.67425537109372,47.7578125,25.1875,5.0643687583620025,-2375.808837890625
1.6769999999996799,28.07674789428711,12.787028312683104,15.71054744720459,20.4041748046875,0.7813648581504822,130.0,144.0,36.726173400878906,216.69021606445312,49.46875,25.109375,5.529036993401981,-2311.513671875
1.694999999999709,28.098039627075195,12.811932563781738,15.847564697265623,20.393320083618164,0.8191524147987366,130.0,144.0,36.80877304077149,216.5935516357422,49.46875,25.109375,5.310957633513315,-2336.826416015625
1.716999999998734,28.15732192993164,12.811670303344728,15.640215873718262,20.406496047973636,0.7187553644180298,130.0,144.0,36.88725662231445,216.6815643310547,49.46875,25.109375,5.179823818070687,-2339.560302734375
1.7399999999997817,27.8983211517334,12.834776878356934,15.76037311553955,20.478609085083008,0.8520503640174866,130.0,144.0,36.94549179077149,216.6540985107422,49.46875,25.109375,5.6787006716480315,-2371.330810546875
1.7579999999998108,27.95185661315918,12.884132385253906,15.734457015991213,20.568435668945312,0.7254493236541748,130.0,144.0,37.08291244506836,216.8282623291016,51.078125,25.1015625,5.369396773560939,-2347.102294921875
1.7789999999986321,27.850929260253903,12.897046089172363,15.831002235412598,20.57644462585449,0.751349151134491,130.0,144.0,37.08427047729492,216.68951416015625,51.078125,25.1015625,5.194077797985951,-2401.781494140625
1.8009999999994761,28.135986328125,12.892701148986816,15.678750038146973,20.58970832824707,0.6821499466896057,130.0,144.0,37.18524932861328,216.759033203125,51.078125,25.1015625,5.730014377170138,-2363.600341796875
1.8189999999995052,27.987218856811523,12.970101356506348,15.776307106018066,20.706865310668945,0.9870820045471193,130.0,144.0,37.25570297241211,216.81163024902344,51.078125,25.1015625,5.082898621165424,-2375.52587890625
1.8399999999983265,27.91478157043457,13.00596523284912,15.879222869873049,20.695661544799805,0.8000172972679138,130.0,144.0,37.34284210205078,216.72360229492188,52.515625,25.1484375,5.342315144981205,-2376.421630859375
1.8629999999993743,27.89041328430176,12.988635063171388,15.827372550964355,20.709203720092773,0.8000172972679138,130.0,144.0,37.41965103149414,216.8139190673828,52.515625,25.1484375,5.0258842569364806,-2362.2333984375
1.8849999999983993,28.14139747619629,12.986035346984863,15.85948371887207,20.69260597229004,0.8196141719818115,130.0,144.0,37.431148529052734,216.7461700439453,52.515625,25.1484375,5.413583489125414,-2399.848876953125
1.9019999999982247,27.89057731628418,13.001392364501951,15.987338066101074,20.726585388183597,0.8840200901031494,130.0,144.0,37.50265121459961,216.8256072998047,52.515625,25.1484375,5.058668099655167,-2419.269287109375
1.9249999999992724,28.091800689697266,13.001322746276855,15.794370651245115,20.81424903869629,1.0858911275863647,130.0,144.0,37.5675048828125,216.8247528076172,52.515625,25.1484375,5.102853259787525,-2367.748291015625
1.9439999999995052,28.26336669921875,13.050311088562012,15.993446350097656,20.862537384033203,0.7706374526023865,130.0,144.0,37.65739822387695,216.7946014404297,53.984375,25.109375,5.253941713852255,-2453.160888671875
1.9659999999985303,28.33291244506836,13.121899604797363,15.977442741394045,20.884790420532227,0.9278422594070436,130.0,144.0,37.69563674926758,216.80682373046875,53.984375,25.109375,5.303830643555683,-2397.161865234375
1.9869999999991705,28.066713333129883,13.153522491455078,16.103378295898438,20.90653419494629,0.8741055727005005,130.0,144.0,37.707801818847656,216.7894287109375,55.1328125,25.109375,4.985973424260162,-2415.309814453125
2.0099999999983993,28.23192977905273,13.146576881408691,16.09964370727539,20.951282501220703,0.9501610398292542,130.0,144.0,37.75136184692383,216.82650756835935,55.1328125,25.109375,5.042989343921222,-2461.739990234375
2.0269999999982247,28.207115173339844,13.16683864593506,16.08454704284668,20.9355411529541,0.8788366913795471,130.0,144.0,37.83038711547852,216.74371337890625,55.1328125,25.125,5.32663638924726,-2437.369873046875
2.0499999999992724,28.430513381958008,13.19931697845459,16.133989334106445,20.949256896972656,0.8806016445159912,130.0,144.0,37.86872863769531,216.8577117919922,55.1328125,25.125,5.1898003596656785,-2422.333251953125
2.0689999999995052,28.52313995361328,13.174814224243164,16.172855377197266,20.960357666015625,0.7674309611320496,130.0,144.0,37.866493225097656,216.89724731445312,56.25,25.125,5.2724715766556765,-2433.740478515625
2.0899999999983265,28.471908569335938,13.179282188415527,16.153011322021484,21.034162521362305,0.7554003000259399,130.0,144.0,37.88525390625,216.8365936279297,56.25,25.125,5.157018072379109,-2421.908935546875
2.1119999999991705,28.577394485473636,13.161097526550291,16.10606575012207,20.990863800048828,0.7209146022796631,130.0,144.0,37.92794418334961,216.8177032470703,56.25,25.125,5.100003708150165,-2398.623291015625
2.1339999999981956,28.48752784729004,13.221428871154783,16.1762752532959,21.000112533569336,0.7812583446502686,130.0,144.0,37.92925262451172,216.8269805908203,56.25,25.125,5.118533570953587,-2445.19482421875
2.1529999999984284,28.737049102783203,13.2523193359375,16.208892822265625,21.044214248657227,0.8221343755722046,130.0,144.0,37.89029693603516,216.83056640625,57.4765625,25.1015625,4.973145775595693,-2480.547607421875
2.1749999999992724,28.48617553710937,13.253174781799316,16.19758415222168,21.043621063232425,0.8386778235435486,130.0,144.0,37.93689727783203,216.7295837402344,57.4765625,25.1015625,5.042989343921222,-2424.454345703125
2.1959999999999127,28.537691116333008,13.253994941711426,16.144460678100586,20.99330711364746,0.9898638129234314,130.0,144.0,38.004730224609375,216.75177001953125,57.4765625,25.1015625,5.122809453841743,-2446.373291015625
2.2179999999989377,28.54902458190918,13.303681373596191,16.283571243286133,21.123010635375977,1.041961908340454,130.0,144.0,38.09946060180664,216.7766265869141,57.4765625,25.1015625,5.141339316645164,-2438.595458984375
2.235999999998967,28.643604278564453,13.376194953918455,16.28398895263672,21.13201713562012,0.7438720464706421,130.0,144.0,37.99242782592773,216.76675415039065,58.5859375,25.046875,5.062943982543323,-2467.7734375
2.257999999999811,28.229127883911133,13.367555618286133,16.231475830078125,21.144163131713867,0.7330385446548462,130.0,144.0,38.02485275268555,216.6732940673828,58.5859375,25.046875,4.894750441493851,-2459.052978515625
2.279999999998836,28.589252471923828,13.367695808410645,16.296781539916992,21.225542068481445,0.7330385446548462,130.0,144.0,38.102272033691406,216.72622680664065,58.5859375,25.046875,4.987399755510958,-2470.601806640625
2.300999999999476,28.445117950439453,13.377189636230469,16.183412551879883,21.07890892028809,0.675004780292511,130.0,144.0,38.058048248291016,216.6174468994141,58.5859375,25.046875,4.950340029904115,-2428.6025390625
2.3179999999993015,28.43180084228516,13.33420467376709,16.334495544433594,21.222522735595703,0.8132625818252563,130.0,144.0,38.02316284179688,216.7118225097656,59.578125,25.125,5.11568246388411,-2458.345947265625
2.3399999999983265,28.38787651062012,13.406787872314451,16.294025421142578,21.203413009643555,0.7400707006454468,130.0,144.0,38.14335250854492,216.6063537597656,59.578125,25.125,4.974570551414373,-2499.11962890625
2.3619999999991705,28.719139099121094,13.419859886169434,16.15540313720703,21.178525924682617,0.7559341192245483,130.0,144.0,38.06118774414063,216.6074676513672,59.578125,25.125,5.041563012670426,-2467.914794921875
2.3799999999991996,28.713871002197266,13.458080291748049,16.26941680908203,21.21364021301269,0.7707509398460388,130.0,144.0,38.07145309448242,216.55450439453125,59.578125,25.125,4.876220578690431,-2504.634765625
2.4019999999982247,28.428768157958984,13.467643737792969,16.34461784362793,21.225629806518555,0.7516776919364929,130.0,144.0,38.08136367797852,216.5926971435547,59.578125,25.125,5.003078511244903,-2483.0458984375
2.42699999999968,28.2799129486084,13.42083740234375,16.344390869140625,21.322664260864254,0.6635222434997559,130.0,144.0,38.12105178833008,216.5221710205078,60.546875,25.125,4.477120029087825,-2521.83984375
2.4429999999993015,28.4119930267334,13.444467544555664,16.37660789489746,21.20957374572754,0.7586503624916077,130.0,144.0,38.078800201416016,216.49513244628903,60.546875,25.125,4.90615331433964,-2512.64794921875
2.4659999999985303,28.57098197937012,13.420889854431152,16.254671096801758,21.297096252441406,0.8571408987045288,130.0,144.0,38.00555038452149,216.49203491210935,60.546875,25.125,4.8847738998988595,-2442.93212890625
2.485999999998967,28.621309280395508,13.365234375,16.218229293823242,21.352436065673828,0.8474182486534119,130.0,144.0,37.99044036865234,216.5359344482422,60.546875,25.15625,4.471417814948872,-2467.86767578125
2.506999999999607,28.79184913635254,13.368846893310549,16.222820281982422,21.351842880249023,0.8254847526550293,130.0,144.0,38.037139892578125,216.497802734375,61.5078125,25.15625,5.075771631207791,-2487.665283203125
2.529999999998836,28.58787727355957,13.360191345214844,16.227060317993164,21.179119110107425,0.9276655912399292,130.0,144.0,38.01837921142578,216.50900268554688,61.5078125,25.15625,4.52415629628966,-2422.9931640625
2.5489999999990687,28.497312545776367,13.30544376373291,16.21514129638672,21.12735748291016,0.8789952397346497,130.0,144.0,38.0560417175293,216.42007446289065,61.5078125,25.15625,4.76361818148334,-2452.736572265625
2.569999999999709,28.689525604248047,13.280173301696776,16.268613815307617,21.038333892822266,0.7696856260299683,130.0,144.0,37.991676330566406,216.50457763671875,61.5078125,25.15625,4.827759535669916,-2463.955322265625
2.591999999998734,28.702396392822266,13.272790908813477,16.210098266601562,21.05487823486328,0.7952527403831482,130.0,144.0,37.98637390136719,216.347900390625,62.1640625,25.1484375,4.709453368891755,-2422.427490234375
2.610999999998967,28.42257308959961,13.255635261535645,16.132295608520508,21.03868293762207,0.7952527403831482,130.0,144.0,37.89693069458008,216.3519592285156,62.1640625,25.1484375,4.606827513279657,-2415.498291015625
2.632999999999811,28.61474227905273,13.254605293273926,16.244705200195312,21.033185958862305,0.7948735952377319,130.0,144.0,37.94486999511719,216.3501892089844,62.1640625,25.1484375,4.792124585881753,-2492.09619140625
2.6519999999982247,28.60771751403809,13.25561809539795,16.193256378173828,21.033166885375977,0.6827684640884399,130.0,144.0,37.88776779174805,216.17816162109372,62.1640625,25.1484375,4.6909235060883345,-2427.14111328125
2.6739999999990687,28.31776237487793,13.25504207611084,16.082242965698242,21.06234741210937,0.937411367893219,130.0,144.0,37.888763427734375,216.1976318359375,62.828125,25.1484375,4.760767074413863,-2413.989990234375
2.6959999999999127,28.57633781433105,13.255199432373049,16.201894760131836,21.09489631652832,0.8808628916740417,130.0,144.0,37.901153564453125,216.14620971679688,62.828125,25.1484375,4.534134393316768,-2412.29296875
2.713999999999942,28.59857749938965,13.214256286621094,16.126571655273438,21.13894462585449,0.8488579988479614,130.0,144.0,37.86689376831055,216.1535186767578,63.3671875,25.1484375,4.549813149050713,-2462.022705078125
2.734999999998763,28.33104705810547,13.262284278869627,16.20482635498047,21.11882209777832,0.6660730838775635,130.0,144.0,37.78612518310547,216.0637359619141,63.3671875,25.1484375,4.576894777630447,-2443.167724609375
2.757999999999811,28.21381187438965,13.308061599731444,16.11842155456543,21.06932830810547,0.9008177518844604,130.0,144.0,37.78886795043945,216.0933380126953,63.3671875,25.1015625,4.683796516130702,-2446.844482421875
2.779999999998836,28.62934875488281,13.297083854675291,16.126293182373047,21.129642486572266,0.7502017021179199,130.0,144.0,37.78155517578125,216.0332794189453,63.3671875,25.1015625,4.575470001811767,-2454.292236328125
2.797999999998865,28.41779518127441,13.303488731384276,16.241336822509766,21.0270938873291,0.8291224241256714,130.0,144.0,37.764434814453125,216.0247344970703,63.8828125,25.125,4.67381997453571,-2488.278076171875
2.8209999999999127,28.291093826293945,13.284414291381836,16.192033767700195,21.00374412536621,0.7509881258010864,130.0,144.0,37.73916244506836,215.955810546875,63.8828125,25.125,4.534134393316768,-2423.79443359375
2.838999999999942,28.296186447143555,13.20382022857666,15.982312202453612,21.040042877197266,0.7422342300415039,130.0,144.0,37.68589782714844,215.89132690429688,63.8828125,25.125,4.4942235606404495,-2408.2392578125
2.860999999998967,28.466869354248047,13.25619411468506,16.07423210144043,20.98412704467773,0.8228330612182617,130.0,144.0,37.69022750854492,215.93490600585935,63.8828125,25.125,4.507052764737034,-2442.979248046875
2.8839999999981956,28.71185302734375,13.252249717712402,16.140113830566406,20.99166679382324,0.8228330612182617,130.0,144.0,37.68204116821289,215.8755340576172,64.390625,25.171875,4.5811706605186036,-2401.027099609375
2.9019999999982247,28.366485595703125,13.239474296569824,16.146623611450195,20.975732803344727,0.9042479395866394,130.0,144.0,37.663856506347656,215.72723388671875,64.390625,25.171875,4.2319574851873085,-2430.346435546875
2.922999999998865,28.885622024536133,13.205547332763672,16.18440818786621,20.979955673217773,0.7789222002029419,130.0,144.0,37.64556884765625,215.66412353515625,64.390625,25.171875,4.468566707879396,-2483.423095703125
2.944999999999709,28.45368194580078,13.255879402160645,16.163902282714844,21.002853393554688,0.8134934902191162,130.0,144.0,37.6672248840332,215.65505981445312,64.390625,25.171875,4.521305189220183,-2433.598876953125
2.9679999999989377,28.37594223022461,13.249736785888672,16.17957305908203,20.980602264404297,0.7814003825187683,130.0,144.0,37.68488693237305,215.56719970703125,64.8359375,25.125,4.685222847381498,-2472.722900390625
2.985999999998967,28.488422393798828,13.254745483398438,16.170446395874023,20.97721672058105,0.8019998669624329,130.0,144.0,37.6738395690918,215.5837860107422,64.8359375,25.125,4.381619608001242,-2415.404052734375
3.006999999999607,28.46644401550293,13.175652503967283,16.148962020874023,21.0413875579834,0.6979345083236694,130.0,144.0,37.62895202636719,215.56863403320312,64.8359375,25.125,4.434358089342029,-2429.733642578125
3.0309999999990396,28.422016143798828,13.235861778259276,16.037548065185547,20.994388580322266,0.7292407751083374,130.0,144.0,37.65874481201172,215.42930603027344,64.8359375,25.125,4.548386817799917,-2395.559326171875
3.0489999999990687,28.577232360839844,13.202703475952148,16.156450271606445,20.93149185180664,0.8257226347923279,130.0,144.0,37.68167495727539,215.4235992431641,65.1953125,25.0859375,4.40157580205546,-2447.551513671875
3.069999999999709,28.298978805541992,13.252476692199709,16.143028259277344,20.878175735473636,0.6666293740272522,130.0,144.0,37.585968017578125,215.3041534423828,65.1953125,25.0859375,4.314628702177306,-2433.1748046875
3.091999999998734,28.4451961517334,13.207432746887209,16.061946868896484,20.92609977722168,0.7979009747505188,130.0,144.0,37.5967903137207,215.2415313720703,65.1953125,25.0859375,4.535559169135448,-2430.205078125
3.109999999998763,28.414283752441406,13.185076713562012,16.156641006469727,20.93119430541992,0.8336452841758728,130.0,144.0,37.62687683105469,215.18930053710935,65.1953125,25.0859375,4.405851684943616,-2463.861083984375
3.128999999998996,28.366966247558597,13.131935119628906,16.013952255249023,20.875383377075195,0.770600438117981,130.0,144.0,37.498653411865234,215.1769256591797,65.1953125,25.0859375,4.481395911975981,-2398.104736328125
3.15099999999984,28.26197052001953,13.173173904418944,16.103273391723633,20.923847198486328,0.8121868968009949,130.0,144.0,37.4935417175293,215.1781005859375,65.4609375,25.1015625,4.307501712219674,-2435.20166015625
3.1739999999990687,28.114347457885746,13.129770278930664,15.9358549118042,20.88109016418457,0.7472670078277588,130.0,144.0,37.48764419555664,215.02186584472656,65.4609375,25.1015625,4.261890220836519,-2414.697021484375
3.191999999999098,28.343448638916016,13.1470308303833,16.02248764038086,20.83311462402344,0.8333043456077576,130.0,144.0,37.45869064331055,215.0252227783203,65.4609375,25.1015625,4.482820687794661,-2423.60595703125
3.213999999999942,28.456342697143555,13.140503883361816,16.061614990234375,20.769710540771484,0.9910100102424622,130.0,144.0,37.439788818359375,214.9680938720703,65.4609375,25.1015625,4.541261383274401,-2417.28955078125
3.231999999998152,28.594770431518555,13.13916015625,16.08028793334961,20.800600051879883,0.8731801509857178,130.0,144.0,37.42945861816406,214.8568115234375,65.578125,25.171875,3.969689854302051,-2454.43359375
3.253999999998996,28.289064407348636,13.1022310256958,16.018333435058594,20.806201934814453,0.921044111251831,130.0,144.0,37.42223358154297,214.7921600341797,65.578125,25.171875,4.435784420592826,-2418.468017578125
3.2769999999982247,28.165590286254883,13.133645057678224,16.036745071411133,20.85756492614746,0.9348312616348268,130.0,144.0,37.3985481262207,214.8154754638672,65.578125,25.171875,4.3445598823944,-2388.9599609375
3.2949999999982538,28.32878875732422,13.134395599365234,15.991509437561035,20.774213790893555,0.8186453580856323,130.0,144.0,37.32816696166992,214.7201995849609,65.578125,25.171875,4.314628702177306,-2404.326904296875
3.316999999999098,28.681541442871094,13.106856346130373,15.995872497558594,20.817041397094727,0.7408565878868103,130.0,144.0,37.33657836914063,214.6630096435547,65.8203125,25.1015625,4.1592628097923035,-2416.3466796875
3.338999999999942,28.371427536010746,13.107832908630373,15.959939002990724,20.84639549255371,0.7408565878868103,130.0,144.0,37.33015441894531,214.6346893310547,65.8203125,25.1015625,4.16211391686178,-2391.12841796875
3.359999999998763,28.124086380004883,13.102842330932615,15.99461555480957,20.736988067626957,1.0824415683746338,130.0,144.0,37.23277282714844,214.54090881347656,65.8203125,25.1015625,4.140732946988883,-2435.154541015625
3.381999999999607,28.175275802612305,13.094255447387695,16.030776977539062,20.71698760986328,0.7031313180923462,130.0,144.0,37.339542388916016,214.48532104492188,65.8203125,25.1015625,4.303224273899401,-2440.669677734375
3.3989999999994325,28.12961769104004,13.094639778137209,16.00641441345215,20.713218688964844,0.7351880073547363,130.0,144.0,37.28778076171875,214.3867950439453,66.0078125,25.1015625,4.415828226538609,-2398.717529296875
3.4219999999986612,27.9570369720459,13.082091331481934,15.908926010131836,20.709203720092773,0.9187856912612916,130.0,144.0,37.25554656982422,214.3952789306641,66.0078125,25.1015625,4.166389799749936,-2420.589111328125
3.441999999999098,28.208620071411133,13.073016166687012,15.872119903564451,20.67084312438965,0.7698148488998413,130.0,144.0,37.23926544189453,214.3408660888672,66.0078125,25.1015625,4.021003559824159,-2398.24609375
3.4609999999993306,28.60993194580078,13.049019813537598,15.950008392333984,20.72574806213379,0.8189573287963867,130.0,144.0,37.19950866699219,214.38641357421875,66.0078125,25.1015625,4.066615051207314,-2398.953125
3.481999999998152,28.19729804992676,13.039507865905762,15.941439628601074,20.698226928710938,0.8466817736625671,130.0,144.0,37.15834045410156,214.2321929931641,66.046875,25.1953125,4.22055461234152,-2421.013427734375
3.5049999999991996,28.145357131958008,13.022509574890137,15.949222564697266,20.63812065124512,0.8222081065177917,130.0,144.0,37.16863632202149,214.197998046875,66.046875,25.1953125,4.106524328451516,-2370.6708984375
3.5229999999992287,28.55477333068848,13.017414093017578,15.897128105163574,20.62813949584961,0.9435125589370728,130.0,144.0,37.144569396972656,214.21560668945312,66.046875,25.125,4.068039827025994,-2396.454833984375
3.543999999999869,28.26435852050781,13.015214920043944,15.779902458190918,20.634979248046875,0.8857078552246094,130.0,144.0,37.079734802246094,214.00831604003903,66.046875,25.125,4.032406432669948,-2419.92919921875
3.565999999998894,28.37675094604492,13.014394760131836,15.874423027038574,20.59953498840332,0.7216970920562744,130.0,144.0,37.04695892333984,214.0379180908203,66.1953125,25.125,4.066615051207314,-2407.060791015625
3.584999999999127,28.325092315673828,13.017797470092772,15.858070373535156,20.61831283569336,0.8539548516273499,130.0,144.0,37.07259750366211,213.89468383789065,66.1953125,25.125,4.13075640539389,-2385.660400390625
3.605999999999767,28.385662078857425,13.015214920043944,16.006954193115234,20.68447494506836,0.8539548516273499,130.0,144.0,37.04243850708008,213.8683319091797,66.265625,25.125,3.9411834499036376,-2435.955810546875
3.624999999998181,28.1312198638916,13.039856910705566,15.97711181640625,20.615205764770508,0.913426637649536,130.0,144.0,37.00327682495117,213.78292846679688,66.265625,25.125,4.032406432669948,-2408.85205078125
3.6459999999988213,28.36515617370605,13.036454200744627,15.798820495605469,20.56222152709961,0.9421972036361694,130.0,144.0,37.055702209472656,213.7463836669922,66.265625,25.125,3.718826651694699,-2393.296630859375
3.668999999999869,28.096698760986328,13.023347854614258,15.809274673461914,20.5682430267334,0.6773368120193481,130.0,144.0,37.08626174926758,213.85382080078125,66.265625,25.125,4.107950659702312,-2385.141845703125
3.690999999998894,28.40166282653809,13.0342378616333,15.85173511505127,20.58243179321289,0.8336073756217957,130.0,144.0,37.011810302734375,213.57290649414065,66.3359375,25.1015625,3.996771482881785,-2384.19921875
3.708999999998923,28.31600570678711,13.039351463317873,15.995697975158691,20.55927276611328,0.8471603393554688,130.0,144.0,37.069454193115234,213.60476684570312,66.3359375,25.1015625,4.140732946988883,-2368.549560546875
3.731999999998152,28.400714874267575,13.015616416931152,15.823288917541504,20.556324005126957,0.7476569414138794,130.0,144.0,36.91186141967773,213.4244537353516,66.3359375,25.1015625,4.013876569866526,-2416.06396484375
3.7489999999997963,28.203712463378903,13.015965461730955,15.908576965332031,20.539587020874023,0.9141167402267456,130.0,144.0,37.0656852722168,213.45828247070312,66.3359375,25.1015625,3.8428319217475786,-2383.020751953125
3.7699999999986176,28.105979919433597,12.970223426818848,15.835819244384766,20.519166946411133,0.8334558606147766,130.0,144.0,37.12324142456055,213.3825836181641,66.3359375,25.1015625,3.748759387343909,-2382.643798828125
3.7929999999996653,28.281831741333008,13.014516830444336,15.931177139282228,20.531871795654297,0.8732828497886658,130.0,144.0,37.10479736328125,213.44381713867188,66.3125,25.1953125,3.795795654545744,-2407.862060546875
3.8109999999996944,28.11502265930176,13.015494346618652,15.860461235046388,20.54112243652344,0.9383201599121094,130.0,144.0,37.0639762878418,213.2962646484375,66.3125,25.1953125,4.13075640539389,-2385.61328125
3.8329999999987194,28.130172729492188,12.996454238891602,15.754422187805176,20.585065841674805,0.8847827911376953,130.0,144.0,37.04954147338867,213.3897857666016,66.3125,25.1953125,3.7915197716575877,-2389.38427734375
3.8539999999993597,28.316377639770508,13.00036334991455,15.953219413757324,20.46942901611328,0.8847827911376953,130.0,144.0,37.07497024536133,213.26516723632807,66.3125,25.1953125,3.7216762033320587,-2372.69775390625
3.8759999999983847,28.12479591369629,13.01511001586914,15.745800971984863,20.49152374267578,0.8610113859176636,130.0,144.0,36.98350143432617,213.32139587402344,66.5,25.2109375,3.9012726172273187,-2336.779296875
3.8949999999986176,27.97923469543457,12.991689682006836,15.860479354858398,20.463111877441406,0.7481124401092529,130.0,144.0,37.01591110229492,213.3350982666016,66.5,25.2109375,4.055212178361525,-2349.17626953125
3.9169999999994616,28.223487854003903,12.961846351623535,15.896936416625977,20.506601333618164,0.8243147134780884,130.0,144.0,37.009159088134766,213.22479248046875,66.5,25.2109375,3.765862918896534,-2427.8955078125
3.9349999999994907,28.15069007873535,13.012946128845217,15.832433700561523,20.44173240661621,0.8969153165817261,130.0,144.0,36.95311737060547,213.2369537353516,66.5,25.2109375,4.0067495799088935,-2368.03125
3.958999999998923,28.194232940673828,12.95783233642578,15.749850273132324,20.48927116394043,0.8825386166572571,130.0,144.0,36.92891311645508,213.20211791992188,66.7109375,25.15625,3.996771482881785,-2350.07177734375
3.980999999999767,28.26388931274414,13.006768226623535,15.845452308654783,20.48248291015625,1.1051567792892456,130.0,144.0,36.93610382080078,213.16375732421875,66.7109375,25.15625,3.8499589117052113,-2369.4453125
3.9979999999995925,28.294343948364254,12.996296882629396,15.8834810256958,20.429533004760746,0.862786591053009,130.0,144.0,36.898216247558594,213.17938232421875,66.7109375,25.15625,3.8200261760560013,-2400.46142578125
4.021999999999025,28.05435562133789,12.947098731994627,15.658173561096191,20.41750907897949,0.7842877507209778,130.0,144.0,36.89208984375,213.0481109619141,66.7109375,25.15625,3.487916532277332,-2375.903076171875
4.03899999999885,27.96993064880371,12.977919578552246,15.837512016296388,20.445711135864254,0.7125462889671326,130.0,144.0,36.909629821777344,213.1722412109375,66.75,25.1328125,3.6945945747523252,-2325.560546875
4.060999999999694,28.164411544799805,12.92893123626709,15.706743240356444,20.398799896240234,0.8768961429595947,130.0,144.0,36.84866714477539,213.0874786376953,66.75,25.1328125,3.700296788891278,-2393.57958984375
4.079999999999927,28.15534782409668,12.860170364379885,15.729046821594238,20.45396614074707,0.9167107343673706,130.0,144.0,36.81025695800781,213.08837890625,66.75,25.1328125,3.8428319217475786,-2340.5029296875
4.101999999998952,28.11132431030273,12.915021896362305,15.682432174682615,20.398468017578125,0.8839123845100403,130.0,144.0,36.85503768920898,213.0646514892578,66.75,25.1328125,3.487916532277332,-2346.34814453125
4.119999999998981,28.096250534057617,12.880118370056152,15.670110702514648,20.32124328613281,1.0330647230148315,130.0,144.0,36.80973052978516,213.02052307128903,66.7578125,25.109375,3.490767639346808,-2408.569091796875
4.141999999999825,28.089574813842773,12.882019996643066,15.829885482788086,20.3727970123291,0.7265990376472473,130.0,144.0,36.80852890014648,213.10092163085935,66.7578125,25.109375,3.7986467616152204,-2377.835693359375
4.164999999999054,27.776058197021484,12.862054824829102,15.666428565979004,20.348398208618164,0.8214801549911499,130.0,144.0,36.87467193603516,213.06768798828125,66.7578125,25.109375,3.502170512192597,-2358.0380859375
4.182999999999083,28.20938491821289,12.881060600280762,15.618365287780762,20.30841636657715,0.7546802759170532,130.0,144.0,36.74072647094727,213.077880859375,66.7578125,25.109375,3.686042808976013,-2321.318115234375
4.204999999999927,28.246076583862305,12.8771333694458,15.684614181518556,20.275257110595703,0.7546802759170532,130.0,144.0,36.72641754150391,213.1210784912109,66.703125,25.1953125,3.4522831379212855,-2379.39111328125
4.222999999998137,28.120281219482425,12.874149322509766,15.854876518249512,20.321104049682617,0.7351565361022949,130.0,144.0,36.72801971435547,213.01844787597656,66.703125,25.1953125,3.616199240650484,-2370.3408203125
4.243999999998778,27.95600128173828,12.854480743408203,15.555397987365724,20.287525177001957,0.8070470094680786,130.0,144.0,36.76777648925781,212.90919494628903,66.703125,25.1953125,3.8328553801525866,-2340.03173828125
4.26799999999821,28.06646156311035,12.915231704711914,15.805086135864258,20.271259307861328,1.0173317193984983,130.0,144.0,36.7139892578125,212.91485595703125,66.703125,25.1953125,3.6190503477199605,-2372.132080078125
4.285999999998239,28.13790702819824,12.8544282913208,15.693618774414062,20.325414657592773,0.7699441909790039,130.0,144.0,36.68927764892578,212.9524078369141,66.703125,25.15625,3.6988704576404814,-2374.158935546875
4.307999999999083,27.879440307617188,12.881967544555664,15.619674682617188,20.26789093017578,0.9833202362060548,130.0,144.0,36.67177200317383,212.9335784912109,66.7578125,25.15625,3.590543943321547,-2372.0849609375
4.329999999999927,28.266027450561523,12.877326011657717,15.770024299621582,20.28916549682617,0.763664186000824,130.0,144.0,36.72500228881836,212.94387817382807,66.7578125,25.15625,3.9312053528765287,-2332.206787109375
4.351999999998952,27.975940704345703,12.839715957641602,15.705416679382324,20.249061584472656,0.7576115727424622,130.0,144.0,36.61035919189453,212.90098571777344,66.7578125,25.15625,3.5720140805181253,-2376.75146484375
4.369999999998981,28.024250030517575,12.892316818237305,15.63365364074707,20.298851013183597,0.8662099242210388,130.0,144.0,36.61032485961914,212.8405914306641,66.7578125,25.1484375,3.6261773376775928,-2328.153076171875
4.391999999999825,27.928699493408203,12.832072257995604,15.614578247070312,20.207820892333984,0.7705264687538147,130.0,144.0,36.57558059692383,212.89816284179688,66.78125,25.1484375,3.4351780509365444,-2319.7626953125
4.414999999999054,27.73769760131836,12.779576301574709,15.513129234313965,20.11679077148437,0.9277539253234864,130.0,144.0,36.60686874389648,212.79168701171875,66.78125,25.1484375,3.4508583621026054,-2313.493408203125
4.437999999998283,27.93280029296875,12.727412223815918,15.552972793579102,20.08626747131348,0.7527072429656982,130.0,144.0,36.53439331054688,212.91896057128903,66.7734375,25.1484375,3.365336038043132,-2337.3447265625
4.454999999999927,27.88091278076172,12.77632999420166,15.629133224487305,20.1849422454834,0.9608165621757508,130.0,144.0,36.56671524047852,212.85137939453125,66.7734375,25.1484375,3.4351780509365444,-2299.870849609375
4.477999999999156,27.925067901611328,12.770885467529297,15.511977195739746,20.112672805786133,0.7972233891487122,130.0,144.0,36.58700942993164,212.682373046875,66.7734375,25.1015625,3.503596843443393,-2351.768798828125
4.495999999999185,27.630464553833008,12.763450622558594,15.49374008178711,20.15338897705078,0.8473814129829407,130.0,144.0,36.457481384277344,212.8028259277344,66.7734375,25.1015625,3.487916532277332,-2341.210205078125
4.516999999999825,27.715150833129883,12.763293266296388,15.34949779510498,20.199687957763672,0.8473814129829407,130.0,144.0,36.49882507324219,212.68072509765625,66.84375,25.1328125,3.553484217714704,-2325.419189453125
4.53899999999885,28.02091217041016,12.78098964691162,15.576148986816406,20.136110305786133,0.7549453973770142,130.0,144.0,36.51748275756836,212.79104614257807,66.84375,25.1328125,3.522125150814698,-2318.678466796875
4.557999999999083,27.96101951599121,12.785405158996582,15.627999305725098,20.146564483642575,0.7780762314796448,130.0,144.0,36.51002883911133,212.6211853027344,66.84375,25.1328125,3.503596843443393,-2328.388671875
4.5789999999997235,27.594327926635746,12.844812393188477,15.506549835205078,20.163108825683597,0.9107736945152284,130.0,144.0,36.49910354614258,212.5739288330078,66.84375,25.1328125,3.2684108411378694,-2312.456298828125
4.6009999999987485,27.746007919311523,12.812054634094238,15.608120918273926,20.12893867492676,0.7973088622093201,130.0,144.0,36.500587463378906,212.5223388671875,66.9140625,25.109375,3.341103961100758,-2332.67822265625
4.6229999999995925,27.390705108642575,12.797657012939451,15.661211013793944,20.157978057861328,1.0458123683929443,130.0,144.0,36.60969543457031,212.57003784179688,66.9140625,25.109375,3.274113055276822,-2311.18359375
4.641999999999825,27.893468856811523,12.815841674804688,15.545991897583008,20.17469787597656,0.6749741435050964,130.0,144.0,36.52220916748047,212.55894470214844,66.9140625,25.109375,3.398119880761818,-2326.739013671875
4.662999999998647,27.794677734375,12.765475273132324,15.592205047607422,20.1414852142334,0.8286678194999695,130.0,144.0,36.53961181640625,212.53013610839844,66.9140625,25.109375,3.6104985819436477,-2337.203369140625
4.683999999999287,27.737707138061523,12.785073280334473,15.510424613952637,20.09991455078125,0.8155387043952942,130.0,144.0,36.54777908325195,212.45785522460935,66.9453125,25.109375,3.371036696749968,-2320.37548828125
4.705999999998312,27.80574989318848,12.794114112854004,15.47972583770752,20.12797737121582,0.7505596280097961,130.0,144.0,36.50315475463867,212.4833526611328,66.9453125,25.109375,3.2684108411378694,-2358.792236328125
4.7259999999987485,27.93309593200684,12.744270324707031,15.44927215576172,20.095691680908203,0.8479461073875427,130.0,144.0,36.570045471191406,212.4125061035156,66.9453125,25.109375,3.229926339712347,-2323.957763671875
4.743999999998778,27.849336624145508,12.760553359985352,15.44988250732422,20.101171493530277,1.2057322263717651,130.0,144.0,36.4946174621582,212.3760681152344,66.9453125,25.109375,3.3325521953244457,-2333.573974609375
4.765999999999622,27.7379150390625,12.75859832763672,15.496444702148438,20.077280044555664,0.760952889919281,130.0,144.0,36.50540542602539,212.29525756835935,67.03125,25.1953125,3.1572332197494584,-2338.47607421875
4.7849999999998545,27.664310455322266,12.709139823913574,15.429795265197754,20.07075309753418,0.7191354632377625,130.0,144.0,36.446556091308594,212.41036987304688,67.03125,25.1953125,3.2755378310955017,-2327.634521484375
4.8069999999988795,27.633922576904297,12.656189918518066,15.437491416931152,19.9967041015625,0.7814003825187683,130.0,144.0,36.41331100463867,212.25914001464844,67.03125,25.1953125,3.428052616411028,-2331.26416015625
4.8289999999997235,27.83187294006348,12.744881629943848,15.442465782165527,19.98855209350586,0.8519757986068726,130.0,144.0,36.466346740722656,212.204833984375,67.03125,25.1953125,3.2527320854039243,-2315.28466796875
4.8509999999987485,27.79014015197754,12.68990707397461,15.48105239868164,19.948570251464844,0.8170793652534485,130.0,144.0,36.399696350097656,212.0693359375,67.0625,25.1875,3.178612634190239,-2280.921630859375
4.868999999998778,27.61182403564453,12.665212631225586,15.440336227416992,19.902706146240234,0.8730089664459229,130.0,144.0,36.3435173034668,212.09036254882807,67.0625,25.1875,3.093091865562882,-2315.049072265625
4.889999999999418,27.633039474487305,12.676660537719728,15.39284896850586,19.96508026123047,0.9612732529640198,130.0,144.0,36.34966278076172,212.01983642578125,67.0625,25.1875,3.229926339712347,-2288.41650390625
4.910999999998239,27.65269470214844,12.670971870422363,15.501296997070312,19.99574279785156,0.9612732529640198,130.0,144.0,36.163692474365234,211.98846435546875,67.0625,25.1875,3.1501062297918256,-2345.31103515625
4.932999999999083,27.57383155822754,12.650115966796877,15.436671257019045,19.972427368164062,0.8910544514656067,130.0,144.0,36.22929382324219,211.9669189453125,67.0625,25.1484375,3.155806888498662,-2287.614990234375
4.95299999999952,27.7296142578125,12.698965072631836,15.462029457092283,19.91719055175781,0.8859494924545288,129.48411787069293,143.65607858046195,36.24161529541016,211.94761657714844,67.0625,25.1484375,3.2769626069141817,-2306.187255859375
4.973999999998341,27.625545501708984,12.697428703308104,15.483024597167969,19.948413848876957,0.8250490427017212,128.50805356630227,143.0053690442015,36.25981903076172,211.85595703125,67.0625,25.1484375,3.094516641381562,-2328.954345703125
4.992999999998574,27.429895401000977,12.70536994934082,15.417020797729492,19.96003532409668,1.1459944248199463,127.63624337598051,142.42416225065367,36.27573394775391,211.78683471679688,67.0625,25.1484375,3.1458303469036695,-2322.2138671875
5.014999999999418,27.77516365051269,12.690308570861816,15.538592338562012,19.95785522460937,0.8575818538665771,126.61148525452528,141.74099016968353,36.22664260864258,211.7970123291016,67.0625,25.15625,3.154382112679982,-2351.0146484375
5.033999999999651,27.37228202819824,12.686311721801758,15.44873046875,19.9237003326416,0.9342485070228576,125.65369276963541,141.1024618464236,36.24168395996094,211.7204132080078,67.015625,25.15625,2.9762120300355184,-2324.287841796875
5.055999999998676,27.72109603881836,12.664060592651367,15.473722457885742,19.91337013244629,0.7586861848831177,124.65843723571811,140.4389581571454,36.289154052734375,211.8920745849609,67.015625,25.15625,3.075986778578141,-2329.284423828125
5.07799999999952,27.535547256469727,12.675788879394531,15.341557502746582,19.85249710083008,0.8731801509857178,123.3323426614563,139.41579982877425,36.33116149902344,211.7077789306641,67.015625,25.15625,3.214247583978402,-2271.447021484375
5.098999999998341,27.59797096252441,12.65414810180664,15.437980651855469,19.88148498535156,0.729472815990448,122.22203237361241,138.44427832691085,36.26065444946289,211.7553558349609,67.015625,25.234375,3.093091865562882,-2346.630859375
5.11699999999837,27.41265106201172,12.656381607055664,15.399970054626465,19.972671508789062,0.7094250917434692,121.16179385216304,137.51656962064266,36.23357009887695,211.65122985839844,67.0078125,25.234375,2.912070675848942,-2334.657958984375
5.138999999999214,27.553316116333008,12.608702659606934,15.370038986206056,19.892915725708008,0.8259209990501404,119.89315947705558,136.40651454242362,36.21428680419922,211.6486053466797,67.0078125,25.234375,3.1615091026376145,-2325.560546875
5.161999999998443,27.79962921142578,12.626852989196776,15.438835144042969,19.967960357666016,0.7894427180290222,118.52281773145793,135.2074655150257,36.26067352294922,211.65122985839844,67.0078125,25.234375,3.067435012801828,-2287.70947265625
5.179999999998472,27.35804748535156,12.630884170532228,15.40818977355957,19.91178131103516,0.9028026461601256,117.46990607923806,134.28616781933331,36.17529678344727,211.62973022460935,67.0078125,25.1953125,3.1672097613444508,-2278.706298828125
5.201999999999316,27.49638938903809,12.62941837310791,15.427369117736816,19.87548065185547,0.7437755465507507,116.17503398270004,133.15315473486254,36.19203567504883,211.56668090820312,67.03125,25.1953125,2.9904660099507834,-2330.886962890625
5.224999999998545,27.65870475769043,12.641738891601562,15.361924171447754,19.87914657592773,0.7013205289840698,114.70849670156387,132.0313725261729,36.11541748046875,211.5705108642578,67.03125,25.1953125,2.9776368058541984,-2312.597900390625
5.242999999998574,27.684053421020508,12.576851844787598,15.312551498413086,19.826074600219727,0.7850781679153442,113.54597128603082,131.15947846452312,36.16166687011719,211.59307861328125,67.03125,25.1953125,2.9705098158965657,-2283.6083984375
5.263999999999214,27.31919479370117,12.582646369934082,15.29991626739502,19.837905883789062,0.9645991325378418,112.19490388219234,130.14617791164426,36.17376327514648,211.53114318847656,67.03125,25.1953125,2.9149217829184186,-2278.140625
5.283999999999651,27.76181411743164,12.594600677490234,15.456409454345703,19.82642364501953,0.9779969453811646,110.96473576584502,129.22355182438378,36.07962417602539,211.3818359375,66.9609375,25.109375,3.0018688827965723,-2309.722412109375
5.304999999998472,27.494916915893555,12.609871864318848,15.392081260681152,19.865324020385746,0.8442239165306091,109.52492809855886,128.14369607391916,36.08906555175781,211.42312622070312,66.9609375,25.109375,3.2997699080378755,-2304.018798828125
5.326999999999316,27.738155364990234,12.608335494995115,15.396409034729004,19.77614402770996,0.7624111771583557,108.18338411585016,127.13753808688763,36.13130187988281,211.44873046875,66.890625,25.109375,2.84365343877421,-2270.50439453125
5.348999999998341,27.529296875,12.48763656616211,15.191608428955078,19.496246337890625,0.8019577860832214,106.93251656720061,126.23751183371472,36.06119537353516,211.35916137695312,66.890625,25.109375,2.9605332743015733,-2201.825439453125
5.369999999998981,27.507143020629883,12.250828742980955,14.959634780883787,19.07364273071289,0.7092875838279724,105.71153124795329,125.36537946282378,36.16463470458984,211.29803466796875,66.890625,25.125,2.8721598431726236,-2205.172119140625
5.386999999998807,27.409149169921875,12.051490783691406,14.714903831481934,18.74758529663086,0.8047732710838318,104.7597473092564,124.685533792326,36.10016632080078,211.3363800048828,66.890625,25.125,2.9448529631355123,-2079.551513671875
5.410999999998239,27.1550350189209,11.675728797912598,14.537188529968262,18.428211212158203,0.8245345950126648,103.33903865580909,123.6707418970065,36.088191986083984,211.32684326171875,66.8046875,25.1953125,2.6683329077671063,-2027.135009765625
5.428999999998268,27.381553649902344,11.461102485656738,14.39179515838623,18.00461196899414,0.7640690207481384,102.38846339338345,122.99175956670246,35.961631774902344,211.37399291992188,66.8046875,25.1953125,2.9220472174439345,-2034.346923828125
5.449999999998909,27.040996551513672,11.22439956665039,14.1338529586792,17.617525100708008,0.7640690207481384,101.20127933123882,122.14377095088487,35.9066047668457,211.3348388671875,66.8046875,25.1953125,3.2170986910478785,-1898.7332763671875
5.468999999999141,26.93913078308105,11.04017448425293,13.973554611206056,17.333036422729492,1.0361219644546509,100.26314070326738,121.38595058605614,35.92205047607422,211.30581665039065,66.8046875,25.1953125,3.372463028000764,-1865.6429443359373
5.4909999999981665,26.96515655517578,10.781028747558594,13.706799507141112,17.050399780273438,0.7679451107978821,99.19197546232212,120.49331288526844,35.94199752807617,211.20718383789065,66.8046875,25.1875,2.9847637958118307,-1878.181396484375
5.5129999999990105,26.84151840209961,10.69846248626709,13.575995445251465,16.772510528564453,0.7297714352607727,98.12506448111375,119.60422040092813,35.9119987487793,211.17922973632807,66.8984375,25.1875,2.9947418928389395,-1795.9742431640625
5.5349999999998545,26.72392463684082,10.439839363098145,13.37964153289795,16.480361938476562,0.9372544884681702,96.99772150133941,118.66476791778284,35.963287353515625,211.21652221679688,66.8984375,25.1875,2.4117674910208016,-1734.9786376953125
5.55199999999968,26.77539825439453,10.296173095703123,13.19559097290039,16.19688606262207,0.8733611702919006,96.16420924743818,117.97017437286516,36.018367767333984,211.202392578125,66.8984375,25.1875,2.8550563116199985,-1710.7972412109375
5.573999999998705,26.953344345092773,10.10959243774414,13.066375732421877,15.976029396057127,0.8388696312904358,95.1224414192816,117.102034516068,35.993255615234375,211.2334899902344,66.8984375,25.1328125,2.3561779026105376,-1720.2718505859375
5.595999999999549,27.192546844482425,9.871249198913574,12.852779388427734,15.637388229370115,0.8856273293495178,95.15437328588035,117.15437328588035,35.90306091308594,211.1311187744141,66.9140625,25.1328125,2.698265643416316,-1607.5196533203125
5.613999999999578,27.18155288696289,9.593113899230955,12.359477043151855,15.298136711120604,0.986321985721588,95.30077086006011,117.30077086006011,35.92412567138672,211.1404571533203,66.9140625,25.1328125,2.253552046998439,-1570.70556640625
5.635999999998603,27.035947799682617,9.42033863067627,12.25605583190918,15.103772163391112,0.9999197721481324,95.45773437117909,117.45773437117909,35.94110870361328,211.14306640625,66.9140625,25.1328125,2.867883960284467,-1563.3050537109375
5.658999999999651,27.05003929138184,9.256288528442385,11.974221229553224,14.781414031982422,0.9469085931777954,95.6377578468588,117.6377578468588,35.95791244506836,211.1629638671875,66.9140625,25.21875,2.728198379065526,-1463.3270263671875
5.675999999999476,26.960956573486328,9.109777450561523,11.731898307800291,14.645060539245604,0.8474550843238831,95.77177613832593,117.77177613832593,35.818382263183594,211.07516479492188,66.6328125,25.21875,2.5172444537023764,-1465.2596435546875
5.697999999998501,27.3458309173584,8.977542877197266,11.72312068939209,14.521586418151855,0.8474550843238831,95.93913817168095,117.93913817168095,35.66932678222656,211.0219268798828,66.6328125,25.21875,2.4302973538242227,-1477.609619140625
5.720999999999549,27.598636627197266,8.938920974731445,11.664568901062012,14.501673698425291,0.9505042433738708,96.11709862484504,118.11709862484504,35.54663848876953,211.04421997070312,66.6328125,25.21875,2.5058415808565875,-1446.546142578125
5.738999999999578,27.310043334960938,8.876931190490723,11.57833766937256,14.375215530395508,0.7015044689178467,96.2701992100787,118.2701992100787,35.636444091796875,210.94847106933597,66.6328125,25.1484375,2.0853600613810843,-1417.226806640625
5.760999999998603,27.263708114624023,8.784330368041992,11.520989418029783,14.353034019470217,0.928272008895874,96.44480064577508,118.44480064577508,35.9052619934082,211.0103912353516,66.3359375,25.1484375,2.7709587633792045,-1454.700927734375
5.781999999999243,27.3155517578125,8.782759666442871,11.515475273132324,14.334551811218262,0.8115471005439758,96.59910437147443,118.59910437147443,35.99494552612305,211.00848388671875,66.3359375,25.1484375,2.5571552863786953,-1444.2835693359375
5.799999999999272,27.25198173522949,8.754504203796387,11.577465057373049,14.315197944641112,0.8568605780601501,96.74997165124302,118.74997165124302,36.05760192871094,210.93832397460935,66.3359375,25.1484375,2.7267736032468464,-1407.61083984375
5.826999999999316,27.084266662597656,8.783493041992188,11.548110008239746,14.228530883789062,0.8257622718811035,96.9717396527037,118.9717396527037,36.02397155761719,210.91741943359372,66.3359375,25.2109375,2.522946667841329,-1448.0545654296875
5.844999999999345,27.31305313110352,8.703055381774902,11.536906242370604,14.26865291595459,0.9054643511772156,97.0,119.0,36.118682861328125,210.78399658203125,65.703125,25.2109375,2.608467436468686,-1419.3480224609375
5.867999999998574,27.22766876220703,8.719512939453125,11.605964660644531,14.28257942199707,0.7182406187057495,97.0,119.0,35.995418548583984,210.81936645507807,65.703125,25.2109375,2.4060668323139653,-1400.3045654296875
5.884999999998399,27.418027877807617,8.757890701293945,11.555580139160156,14.297344207763672,0.6477909088134766,97.0,119.0,36.027984619140625,210.72218322753903,65.703125,25.2109375,2.3476261368342253,-1416.9439697265625
5.90599999999904,27.29840469360352,8.77319622039795,11.538302421569824,14.270833969116213,0.8371081948280334,97.0,119.0,36.15610122680664,210.82737731933597,65.703125,25.2109375,2.418894480978434,-1417.5567626953125
5.927999999999884,27.25309562683105,8.701048851013184,11.513206481933594,14.267622947692873,0.7347167730331421,97.0,119.0,36.117862701416016,210.65896606445312,64.765625,25.1484375,2.441700226670011,-1411.900390625
5.946999999998297,27.291969299316406,8.74874496459961,11.509994506835938,14.25418472290039,0.9689865708351136,97.0,119.0,36.09203338623047,210.73236083984372,64.765625,25.1484375,2.12099345573713,-1414.9642333984375
5.967999999998938,27.23847961425781,8.725831031799316,11.465858459472656,14.252806663513184,0.8913397789001465,97.0,119.0,36.12601089477539,210.7265472412109,64.765625,25.1484375,2.5172444537023764,-1429.19970703125
5.9909999999981665,27.39048767089844,8.722654342651367,11.529681205749512,14.222073554992676,0.8968372941017151,97.0,119.0,36.16611862182617,210.6214141845703,64.765625,25.1484375,2.4873117180531663,-1430.3309326171875
6.007999999999811,27.506629943847656,8.72152042388916,11.64102554321289,14.149507522583008,0.7955977916717529,97.0,119.0,36.00011444091797,210.68820190429688,63.8828125,25.1875,2.742452358980791,-1396.675048828125
6.03099999999904,27.304109573364254,8.72757625579834,11.561164855957031,14.234341621398926,0.7955977916717529,97.0,119.0,36.11992263793945,210.5946350097656,63.8828125,25.1875,2.1894106928118626,-1415.718505859375
6.05199999999968,27.37468147277832,8.728972434997559,11.445405006408691,14.134881973266602,0.7243772745132446,97.0,119.0,36.17903137207031,210.48927307128903,63.8828125,25.1875,2.353328350973178,-1414.1629638671875
6.074999999998909,27.276960372924805,8.699617385864258,11.648948669433594,14.195598602294922,0.7906355857849121,97.0,119.0,36.29156494140625,210.5424041748047,62.9921875,25.1875,2.448827216627644,-1386.7291259765625
6.095999999999549,27.1205997467041,8.700839042663574,11.454619407653809,14.229071617126465,0.7906355857849121,97.0,119.0,36.25117874145508,210.5236358642578,62.9921875,25.109375,2.253552046998439,-1393.422607421875
6.112999999999374,27.19223022460937,8.71310806274414,11.465893745422363,14.222038269042969,0.8163155317306519,97.0,119.0,36.09325408935547,210.37217712402344,62.9921875,25.109375,2.1694560541897614,-1433.1591796875
6.135999999998603,27.20311737060547,8.721345901489258,11.48083209991455,14.186662673950195,0.780938982963562,97.0,119.0,36.16702651977539,210.3651885986328,62.9921875,25.171875,2.464505972361589,-1407.09228515625
6.157999999999447,27.37209701538086,8.742985725402832,11.53156566619873,14.210328102111816,0.9899088144302368,97.0,119.0,36.31755065917969,210.27008056640625,62.2109375,25.171875,2.418894480978434,-1421.5634765625
6.179999999998472,27.233821868896484,8.725656509399414,11.62165355682373,14.189193725585938,0.932299017906189,97.0,119.0,36.24791717529297,210.3146209716797,62.2109375,25.171875,2.4616548652921124,-1406.6680908203125
6.201999999999316,27.20548248291016,8.716127395629883,11.509121894836426,14.12462043762207,0.8385627865791321,97.0,119.0,36.18393707275391,210.2665557861328,62.2109375,25.171875,2.388961745329224,-1393.658203125
6.219999999999345,27.34551429748535,8.741048812866211,11.546313285827637,14.18558120727539,0.7813293933868408,97.0,119.0,36.21329116821289,210.3159637451172,62.2109375,25.1875,2.5386254235752737,-1422.223388671875
6.239999999999782,27.290769577026367,8.716144561767578,11.448738098144531,14.116068840026855,0.7344993948936462,97.0,119.0,36.20126724243164,210.20606994628903,61.4375,25.1875,2.307716859590023,-1430.378173828125
6.259999999998399,27.19472885131836,8.743090629577637,11.504619598388672,14.2241849899292,0.7449495196342468,97.0,119.0,36.17332458496094,210.18125915527344,61.4375,25.1875,2.327671498212124,-1437.7315673828125
6.281999999999243,27.19001579284668,8.72815227508545,11.580501556396484,14.12441062927246,0.7246957421302795,97.0,119.0,36.171913146972656,210.1387481689453,61.4375,25.1875,2.438849119600535,-1438.3914794921875
6.30199999999968,27.360349655151367,8.726109504699707,11.498703002929688,14.050396919250488,0.7695287466049194,97.0,119.0,36.144981384277344,210.04795837402344,61.4375,25.1875,2.2564031540679155,-1442.2567138671875
6.326999999999316,27.379547119140625,8.684347152709961,11.521409034729004,14.149455070495604,0.7095264196395874,97.0,119.0,36.09585571289063,209.9438323974609,60.859375,25.1875,2.2293215254881815,-1432.2635498046875
6.345999999999549,26.994813919067383,8.700088500976562,11.579646110534668,14.163800239562988,0.8828060626983643,97.0,119.0,36.1676025390625,209.92530822753903,60.859375,25.1875,2.2407243983339704,-1416.7554931640625
6.36699999999837,27.274343490600582,8.711030960083008,11.568302154541016,14.11666202545166,0.8388447761535645,97.0,119.0,36.150150299072266,209.92051696777344,60.859375,25.1875,2.30058986963239,-1410.15625
6.388999999999214,27.371267318725582,8.700716972351074,11.46212387084961,14.202073097229004,0.7355250120162964,97.0,119.0,36.1529426574707,209.97018432617188,60.859375,25.171875,2.313417518296859,-1439.0042724609375
6.406999999999243,27.28460693359375,8.682619094848633,11.47214126586914,14.20659351348877,0.7414339780807495,97.0,119.0,36.22172164916992,209.90611267089844,60.4375,25.171875,2.323395615323968,-1407.7523193359375
6.427999999999884,27.182031631469727,8.714678764343262,11.484200477600098,14.127412796020508,0.8711062669754028,97.0,119.0,36.13507080078125,209.7744598388672,60.4375,25.171875,2.346201361015545,-1405.819580078125
6.449999999998909,27.481979370117188,8.700716972351074,11.431285858154297,14.087918281555176,0.8755982518196106,97.0,119.0,36.08936309814453,209.9099578857422,60.4375,25.171875,2.3062905283392263,-1432.7349853515625
6.468999999999141,27.30814552307129,8.691328048706055,11.46245574951172,14.02987289428711,0.9436420202255248,97.0,119.0,36.109031677246094,209.7456512451172,60.4375,25.171875,2.162329064232129,-1401.10595703125
6.489999999999782,27.36356735229492,8.686738014221191,11.430255889892578,14.126086235046388,0.747429370880127,97.0,119.0,36.00861358642578,209.78048706054688,59.9296875,25.125,2.146650308498184,-1406.856689453125
6.5129999999990105,27.17165946960449,8.714468955993652,11.392507553100586,14.201863288879396,0.747429370880127,97.0,119.0,36.0656623840332,209.7451171875,59.9296875,25.125,2.54147653064475,-1408.695068359375
6.529999999998836,27.26535415649414,8.716110229492188,11.458720207214355,14.060641288757324,0.7683955430984497,97.0,119.0,36.19664001464844,209.7418670654297,59.9296875,25.125,2.323395615323968,-1415.34130859375
6.552999999999884,27.10508918762207,8.699932098388672,11.424165725708008,14.029925346374512,0.8240554332733154,97.0,119.0,36.0251579284668,209.76890563964844,59.9296875,25.125,2.0582784328013504,-1446.1219482421875
6.576999999999316,26.866453170776367,8.700159072875977,11.392786026000977,14.145004272460938,1.0465831756591797,97.0,119.0,36.20515823364258,209.6726226806641,59.6015625,25.1484375,2.3647312238189664,-1397.0992431640625
6.594999999999345,27.25405502319336,8.69893741607666,11.326258659362791,14.037150382995604,1.1233172416687012,97.0,119.0,36.16149139404297,209.7500762939453,59.6015625,25.1484375,2.441700226670011,-1439.2869873046875
6.6159999999981665,27.229087829589844,8.687173843383789,11.52620792388916,14.03247356414795,0.6964269876480103,97.0,119.0,36.17596054077149,209.6954040527344,59.6015625,25.1484375,2.403215725244489,-1421.1392822265625
6.635999999998603,27.326284408569336,8.69909381866455,11.4395751953125,14.083049774169922,0.8474182486534119,97.0,119.0,36.21051406860352,209.74229431152344,59.6015625,25.1484375,1.9984129615029307,-1446.310546875
6.656999999999243,27.48331069946289,8.6869478225708,11.39510726928711,14.16751766204834,0.9353697896003724,97.0,119.0,36.05824661254883,209.62066650390625,59.6015625,25.1953125,1.8687039218789818,-1433.630615234375
6.675999999999476,27.313325881958008,8.71319580078125,11.424514770507812,14.07364273071289,0.7639598846435547,97.0,119.0,35.9952278137207,209.64840698242188,59.3046875,25.1953125,2.032621580040297,-1382.5810546875
6.698999999998705,27.408483505249023,8.715307235717773,11.507027626037598,14.033573150634766,0.9821406006813048,97.0,119.0,36.13583755493164,209.6088714599609,59.3046875,25.1953125,2.172307161259238,-1406.6209716796875
6.716999999998734,27.40119743347168,8.714329719543457,11.398441314697266,14.14826774597168,0.770600438117981,97.0,119.0,36.17116165161133,209.6505889892578,59.3046875,25.1953125,2.1152927970302944,-1368.4869384765625
6.738999999999578,27.374584197998047,8.693963050842285,11.325526237487791,14.029244422912598,0.9820003509521484,97.0,119.0,36.22040939331055,209.5721740722656,59.3046875,25.171875,1.865854370241622,-1449.8929443359375
6.760999999998603,27.48423767089844,8.70003604888916,11.457359313964844,14.068058013916016,0.8122636079788208,97.0,119.0,36.20718383789063,209.4656982421875,59.0703125,25.171875,2.3148438495476555,-1418.0281982421875
6.782999999999447,27.07774543762207,8.689164161682129,11.397079467773438,14.069628715515137,0.8660780787467957,97.0,119.0,36.18512344360352,209.482177734375,59.0703125,25.171875,2.2777841239408128,-1373.3892822265625
6.800999999999476,27.47535896301269,8.70617961883545,11.328371047973633,14.065858840942385,0.8660780787467957,97.0,119.0,36.198089599609375,209.3770904541016,58.9296875,25.171875,2.0768067401726555,-1412.041748046875
6.823999999998705,27.088499069213867,8.701153755187988,11.399837493896484,14.011356353759766,0.9910147190093994,97.0,119.0,36.143516540527344,209.32806396484372,58.9296875,25.21875,2.2264704184187054,-1388.2845458984375
6.841999999998734,27.303171157836918,8.700281143188477,11.361686706542969,14.027255058288574,0.7451617121696472,97.0,119.0,36.22465133666992,209.3063507080078,58.9296875,25.21875,1.9599269046452916,-1406.90380859375
6.863999999999578,27.24842643737793,8.687575340270996,11.379400253295898,13.995405197143556,0.8341382145881653,97.0,119.0,36.23014831542969,209.1995086669922,58.9296875,25.296875,1.9242935102892456,-1391.584228515625
6.885999999998603,27.157020568847656,8.699356079101562,11.47535228729248,14.065980911254885,0.7249576449394226,97.0,119.0,36.23278427124024,209.22463989257807,58.75,25.296875,2.2008135656576515,-1417.651123046875
6.908999999999651,26.962026596069336,8.704050064086914,11.311302185058594,14.138355255126951,0.8523485660552979,97.0,119.0,36.2085075378418,209.2308807373047,58.75,25.296875,2.3547531267918576,-1390.1700439453125
6.925999999999476,27.445602416992188,8.698762893676758,11.349190711975098,14.008999824523926,0.8856675624847412,97.0,119.0,36.21320343017578,209.0742034912109,58.75,25.296875,2.4958634838294786,-1425.0045166015625
6.945999999999913,27.43016815185547,8.699460983276367,11.365368843078612,13.978842735290527,0.7474618554115295,97.0,119.0,36.20784378051758,209.06838989257807,58.75,25.21875,2.27208190980186,-1381.2139892578125
6.966999999998734,27.32555389404297,8.682985305786133,11.472490310668944,14.036940574645996,0.770674467086792,97.0,119.0,36.18109130859375,209.1865997314453,58.65625,25.21875,1.8915096675705594,-1416.425537109375
6.987999999999374,27.35998916625977,8.686563491821289,11.409662246704102,14.02798843383789,0.8186843395233154,97.0,119.0,36.25502014160156,209.09164428710935,58.65625,25.21875,2.0796578472421317,-1413.5501708984375
7.006999999999607,27.01586532592773,8.702933311462402,11.424967765808104,14.028319358825684,0.8153066039085388,97.0,119.0,36.17732238769531,209.02688598632807,58.65625,25.21875,1.992710747363978,-1427.0313720703125
7.028999999998632,27.193998336791992,8.665515899658203,11.326573371887209,14.095510482788086,1.0426840782165527,97.0,119.0,36.14915466308594,209.0126495361328,58.65625,25.21875,2.0867848371997644,-1401.9072265625
7.049999999999272,27.098262786865234,8.639337539672852,11.394723892211914,14.097726821899414,0.9904941320419312,97.0,119.0,36.17109298706055,208.8891448974609,58.5625,25.171875,1.4938338937866336,-1421.2806396484375
7.070999999999913,27.155242919921875,8.67659854888916,11.316642761230469,14.014759063720703,0.7148709297180176,97.0,119.0,36.13191223144531,208.92654418945312,58.5625,25.171875,2.3704318825258026,-1397.0521240234375
7.092999999998938,27.40838623046875,8.689391136169434,11.425369262695312,14.037569046020508,0.8186453580856323,97.0,119.0,36.12330627441406,208.83334350585935,58.5625,25.171875,1.9513751388689793,-1404.1226806640625
7.110999999998967,27.33477020263672,8.644137382507324,11.368213653564451,14.047743797302246,0.7046275734901428,97.0,119.0,36.02450942993164,208.85366821289065,58.5625,25.171875,1.902912540416348,-1399.6917724609375
7.131999999999607,27.410175323486328,8.678587913513184,11.353693962097168,14.03402614593506,0.8794192671775818,97.0,119.0,36.06051635742188,208.8917694091797,58.53125,25.2109375,1.9670538946029241,-1381.7796630859375
7.15599999999904,27.221582412719727,8.673562049865723,11.4236421585083,14.025684356689451,0.8119183778762817,97.0,119.0,36.11458206176758,208.7236175537109,58.53125,25.2109375,2.0297704729708204,-1410.109130859375
7.172999999998865,27.24697494506836,8.700908660888672,11.358736991882324,14.043607711791992,0.9326783418655396,97.0,119.0,36.12480926513672,208.84678649902344,58.53125,25.2109375,2.025494590082664,-1422.4591064453125
7.194999999999709,27.336429595947266,8.684574127197266,11.351320266723633,14.042892456054688,0.9326783418655396,97.0,119.0,36.243988037109375,208.71829223632807,58.53125,25.2109375,2.008389503097923,-1397.6177978515625
7.21599999999853,27.435752868652344,8.690629959106445,11.37739372253418,14.035771369934082,0.8725984692573547,97.0,119.0,36.21348190307617,208.7790985107422,58.4375,25.1484375,1.6477734549208396,-1398.8433837890625
7.235999999998967,27.38693046569824,8.670472145080566,11.39821434020996,13.985998153686523,0.8921968340873718,97.0,119.0,36.24908447265625,208.73391723632807,58.4375,25.1484375,2.0639790915081866,-1397.382080078125
7.256999999999607,27.40785217285156,8.643054962158203,11.379121780395508,14.015300750732422,0.7100178003311157,97.0,119.0,36.30070877075195,208.76858520507807,58.4375,25.1484375,2.011240610167399,-1408.31787109375
7.279999999998836,27.316076278686523,8.665288925170898,11.358702659606934,14.016522407531738,0.8851043581962585,97.0,119.0,36.33027267456055,208.8228912353516,58.4375,25.1484375,1.716190691995572,-1405.725341796875
7.296999999998661,26.9595947265625,8.700472831726074,11.39676570892334,14.039751052856444,0.7500333786010742,97.0,119.0,36.2613525390625,208.62380981445312,58.421875,25.109375,1.7204665748837282,-1399.267578125
7.319999999999709,27.178977966308597,8.646650314331055,11.35002899169922,14.04224681854248,0.6541711091995239,97.0,119.0,36.32924270629883,208.7102813720703,58.421875,25.109375,1.8316441962721393,-1426.04150390625
7.341999999998734,26.98887062072754,8.701257705688477,11.335700988769531,14.030675888061523,0.7573731541633606,97.0,119.0,36.236328125,208.5498809814453,58.421875,25.109375,1.9699050016724005,-1403.1328125
7.364999999999782,27.28471565246582,8.699356079101562,11.390989303588867,14.03844165802002,0.8223187327384949,97.0,119.0,36.2221565246582,208.4880523681641,58.421875,25.109375,2.0297704729708204,-1409.1663818359375
7.382999999999811,27.079294204711918,8.677156448364258,11.393414497375488,14.034584999084473,0.7946423888206482,97.0,119.0,36.1544075012207,208.54443359375,58.3984375,25.2109375,2.2221945355305492,-1370.3253173828125
7.404999999998836,27.22931671142578,8.642461776733398,11.331826210021973,13.968964576721191,0.6358713507652283,97.0,119.0,36.222015380859375,208.49034118652344,58.3984375,25.2109375,2.009815834348719,-1370.1368408203125
7.424999999999272,27.323362350463867,8.665742874145508,11.248038291931152,13.997603416442873,0.7608085870742798,97.0,119.0,36.140621185302734,208.42141723632807,58.3984375,25.2109375,1.701936712080307,-1427.7384033203125
7.443999999999505,26.99306869506836,8.644120216369629,11.40257740020752,13.993432998657228,0.7124781012535095,97.0,119.0,36.24995803833008,208.41064453125,58.3984375,25.2109375,1.8216676546771469,-1431.65087890625
7.466999999998734,27.369184494018555,8.638483047485352,11.423467636108398,13.997499465942385,0.8149861097335815,97.0,119.0,36.2503776550293,208.32940673828125,58.3984375,25.2109375,2.032621580040297,-1356.51416015625
7.488999999999578,27.16781997680664,8.670717239379883,11.274897575378418,14.006434440612791,0.7723783850669861,97.0,119.0,36.212852478027344,208.3141021728516,58.4453125,25.2109375,1.6805557422074096,-1398.4661865234375
7.505999999999403,27.360763549804688,8.681188583374023,11.411564826965332,13.982699394226074,0.7971886992454529,97.0,119.0,36.156394958496094,208.4466094970703,58.4453125,25.2109375,1.941398597273987,-1409.496337890625
7.528999999998632,27.099929809570312,8.700839042663574,11.380203247070312,13.996469497680664,0.7971886992454529,97.0,119.0,36.11894607543945,208.2387237548828,58.4453125,25.2109375,1.8017130160550459,-1404.499755859375
7.55199999999968,27.15105438232422,8.681170463562012,11.438651084899902,14.01325798034668,0.7712069749832153,97.0,119.0,36.17241668701172,208.20318603515625,58.4453125,25.2578125,2.0939118271573967,-1437.3072509765625
7.568999999999505,27.389822006225582,8.677680015563965,11.38929557800293,14.02790069580078,0.8967983722686768,97.0,119.0,36.09234619140625,208.2981414794922,58.375,25.2578125,1.9841589815876655,-1354.58154296875
7.591999999998734,27.189208984375,8.67705249786377,11.355229377746582,13.995823860168455,0.6480961441993713,97.0,119.0,36.15744400024414,208.12252807617188,58.375,25.2578125,1.590759090691896,-1413.361572265625
7.613999999999578,26.987211227416992,8.677366256713867,11.410727500915527,14.01119899749756,0.7753807306289673,97.0,119.0,35.998191833496094,208.2986297607422,58.375,25.2578125,1.7789057149313519,-1383.2880859375
7.631999999999607,27.12660026550293,8.654207229614258,11.353397369384766,13.962332725524902,0.7755140662193298,97.0,119.0,36.10087966918945,208.0665283203125,58.375,25.2109375,1.8173917717889907,-1377.2545166015625
7.652999999998428,27.152570724487305,8.675987243652344,11.361093521118164,14.02777862548828,0.7473644018173218,97.0,119.0,35.99018096923828,208.1669769287109,58.4453125,25.2109375,1.3569994196371686,-1408.31787109375
7.675999999999476,27.26236724853516,8.63727855682373,11.29205322265625,13.94266414642334,0.8734394907951355,97.0,119.0,36.09306335449219,208.07644653320312,58.4453125,25.2109375,1.5793562178461071,-1405.725341796875
7.693999999999505,26.786949157714844,8.663614273071289,11.316852569580078,13.937726020812988,0.7863324284553528,97.0,119.0,36.005577087402344,208.0771331787109,58.484375,25.2109375,1.703361487898987,-1411.523193359375
7.7149999999983265,27.03632926940918,8.648151397705078,11.288666725158691,13.873886108398438,0.7244994640350342,97.0,119.0,36.09184265136719,208.08775329589844,58.484375,25.21875,1.9100395303739806,-1392.951171875
7.7369999999991705,27.12908744812012,8.670490264892578,11.210725784301758,13.912053108215332,0.8302485346794128,97.0,119.0,36.01510238647461,208.0854034423828,58.484375,25.21875,1.5380206093511084,-1416.9439697265625
7.7549999999992,26.80847930908203,8.681467056274414,11.294862747192385,13.967376708984377,0.6521667838096619,97.0,119.0,35.93611526489258,208.11788940429688,58.484375,25.21875,1.5394453851697885,-1409.9677734375
7.776999999998225,26.661521911621094,8.638849258422852,11.239137649536133,13.985754013061523,0.6521667838096619,97.0,119.0,35.99781036376953,208.00698852539065,58.3984375,25.21875,1.5836321007342635,-1389.227294921875
7.798999999999069,26.91837501525879,8.659180641174316,11.344444274902344,13.892123222351074,0.9680389761924744,97.0,119.0,35.92539978027344,207.9383850097656,58.3984375,25.1875,1.6320946991868948,-1379.4228515625
7.816999999999098,27.271299362182617,8.639408111572266,11.402786254882812,13.929435729980469,0.8277003765106201,97.0,119.0,35.92011260986328,207.8671722412109,58.3984375,25.1875,1.6335194750055746,-1363.678955078125
7.84099999999853,27.196517944335938,8.6644868850708,11.30716609954834,13.971426010131836,0.7944604158401489,97.0,119.0,35.90225982666016,207.8880920410156,58.3984375,25.234375,1.761802183378727,-1408.082275390625
7.860999999998967,27.252201080322266,8.6201753616333,11.389121055603027,13.968598365783691,0.7696025967597961,97.0,119.0,35.86686706542969,207.73648071289065,58.421875,25.234375,1.8786820189060907,-1391.9141845703125
7.881999999999607,27.27326393127441,8.622845649719238,11.318841934204102,13.943589210510254,0.7243686318397522,97.0,119.0,35.85114288330078,207.7937164306641,58.421875,25.234375,1.8744061360179345,-1388.6146240234375
7.903999999998632,27.30497169494629,8.598133087158203,11.335997581481934,13.992507934570312,0.7642145752906799,97.0,119.0,35.85459518432617,207.73716735839844,58.421875,25.234375,1.4781551380526885,-1399.7388916015625
7.925999999999476,27.36361122131348,8.67375373840332,11.398144721984863,13.928214073181152,0.8856675624847412,97.0,119.0,35.85370635986328,207.76907348632807,58.421875,25.234375,1.4981097766747897,-1406.338134765625
7.943999999999505,27.42186737060547,8.612565994262695,11.356538772583008,13.94266414642334,0.9056957960128784,97.0,119.0,35.82046127319336,207.64056396484372,58.484375,25.21875,1.4239903254611046,-1411.900390625
7.962999999999738,27.013858795166016,8.650996208190918,11.271878242492676,13.914060592651367,0.6904566884040833,97.0,119.0,35.86332321166992,207.72010803222656,58.484375,25.21875,1.6948097221226746,-1401.71875
7.983999999998559,26.44798469543457,8.64260196685791,11.404339790344238,13.970553398132324,0.6724458336830139,97.0,119.0,35.90107345581055,207.6905975341797,58.484375,25.21875,1.5950349735800522,-1402.9442138671875
8.006999999999607,26.879358291625977,8.64333438873291,11.215368270874023,13.89610195159912,0.7820401787757874,97.0,119.0,36.00986862182617,207.62786865234372,58.484375,25.21875,1.2458202428166412,-1421.092041015625
8.024999999999636,26.760236740112305,8.615917205810547,11.300237655639648,13.89098834991455,0.7469098567962646,97.0,119.0,35.94108963012695,207.62355041503903,58.484375,25.234375,1.4824310209408447,-1423.637451171875
8.045999999998457,27.01637840270996,8.635411262512207,11.27041244506836,13.991931915283203,0.6734183430671692,97.0,119.0,35.92388153076172,207.4550323486328,58.4609375,25.234375,1.872979804767138,-1402.33154296875
8.067999999999302,27.033546447753903,8.602619171142578,11.277742385864258,13.994095802307127,0.8335694670677185,97.0,119.0,35.99245071411133,207.5142517089844,58.4609375,25.234375,2.081084178492928,-1384.4193115234375
8.086999999999534,27.09872055053711,8.62619686126709,11.279016494750977,13.967568397521973,0.7151110768318176,97.0,119.0,36.03653717041016,207.5049591064453,58.4609375,25.234375,1.2643501056200623,-1400.2103271484375
8.10899999999856,26.89293670654297,8.68026351928711,11.32550811767578,13.90817928314209,0.8835858106613159,97.0,119.0,36.02377700805664,207.5216064453125,58.4609375,25.21875,1.5864816523716232,-1352.64892578125
8.1299999999992,26.95842742919922,8.674067497253418,11.206293106079102,13.908894538879396,0.7278844714164734,97.0,119.0,36.16030502319336,207.55120849609372,58.421875,25.21875,1.4696018168442595,-1389.745849609375
8.148999999999432,27.114688873291016,8.61279296875,11.276922225952148,13.910831451416016,0.7278844714164734,97.0,119.0,36.02766799926758,207.43214416503903,58.421875,25.21875,2.0896359442692405,-1388.6617431640625
8.171999999998661,27.114601135253903,8.631170272827148,11.336050033569336,13.9313383102417,0.6957765817642212,97.0,119.0,35.9910888671875,207.4530029296875,58.421875,25.21875,0.9521951004634939,-1402.52001953125
8.190999999998894,26.985509872436523,8.631153106689453,11.36667823791504,13.931321144104004,0.6957765817642212,97.0,119.0,35.96677780151367,207.39801025390625,58.421875,25.28125,1.5750787795258345,-1350.90478515625
8.213999999999942,27.20938873291016,8.627366065979004,11.368545532226562,13.956381797790527,0.7793964147567749,97.0,119.0,35.99056625366211,207.30113220214844,58.578125,25.28125,1.16457535707744,-1367.355712890625
8.235999999998967,27.06648826599121,8.595742225646973,11.25095272064209,13.88015079498291,0.8203690052032471,97.0,119.0,36.05360412597656,207.3135681152344,58.578125,25.28125,1.455349392361111,-1416.9439697265625
8.2549999999992,26.94502067565918,8.629931449890137,11.332366943359377,13.908772468566896,0.6834887862205505,97.0,119.0,36.017513275146484,207.2375946044922,58.578125,25.28125,1.4282677637813774,-1416.7554931640625
8.27599999999984,26.8651123046875,8.684975624084473,11.304478645324709,13.94680118560791,0.9287316799163818,97.0,119.0,35.95763397216797,207.22235107421875,58.578125,25.2578125,1.5223402981850471,-1353.7801513671875
8.297999999998865,27.12620735168457,8.638203620910645,11.18939971923828,13.917393684387209,0.7815069556236267,97.0,119.0,36.006431579589844,207.23861694335935,58.578125,25.2578125,1.4724529239137358,-1398.65478515625
8.316999999999098,26.96320343017578,8.596719741821289,11.271651268005373,13.895752906799316,0.7973273396492004,97.0,119.0,35.9212646484375,207.19044494628903,58.578125,25.2578125,1.4696018168442595,-1415.199951171875
8.338999999999942,26.984888076782227,8.603317260742188,11.226973533630373,13.882018089294434,0.6842734813690186,97.0,119.0,35.98917007446289,207.1171417236328,58.578125,25.2578125,0.9678754116295553,-1379.9412841796875
8.359999999998763,27.340595245361328,8.61633586883545,11.354060173034668,13.858824729919434,0.8043214678764343,97.0,119.0,35.88827896118164,207.23178100585935,58.578125,25.2734375,1.532318395212156,-1393.705322265625
8.380999999999403,26.991029739379883,8.617924690246582,11.259382247924805,13.970256805419922,0.8220974802970886,97.0,119.0,35.86450958251953,207.1303253173828,58.5859375,25.2734375,1.3555730883863724,-1376.0760498046875
8.399999999999636,27.081356048583984,8.653282165527344,11.240394592285156,14.023468017578123,0.8521621227264404,97.0,119.0,35.804298400878906,207.0550079345703,58.5859375,25.2734375,1.4924091179679535,-1404.876953125
8.423999999999069,27.1707763671875,8.611274719238281,11.227864265441896,13.872315406799316,0.6771829128265381,97.0,119.0,35.82281494140625,207.0839080810547,58.5859375,25.2734375,1.3256403527371623,-1395.1195068359375
8.441999999999098,26.85186004638672,8.596091270446777,11.275507926940918,13.89168643951416,0.880728542804718,97.0,119.0,35.88700485229492,207.03387451171875,58.5859375,25.2109375,1.301409831226905,-1428.728271484375
8.462999999999738,26.827077865600582,8.568063735961914,11.286538124084473,13.908580780029297,0.7419871091842651,97.0,119.0,35.8480339050293,206.90692138671875,58.625,25.2109375,1.1831052198808614,-1400.8231201171875
8.484999999998763,26.74588203430176,8.555079460144043,11.14376163482666,13.884427070617676,1.2233914136886597,97.14575187464567,119.0,35.846466064453125,206.94895935058597,58.625,25.2109375,1.5479971509461008,-1368.81689453125
8.502999999998792,26.842500686645508,8.604730606079102,11.21468734741211,13.864670753479004,0.8857480883598328,97.28810415802157,119.0,35.824161529541016,206.9397735595703,58.625,25.2109375,1.201633527252166,-1392.85693359375
8.524999999999636,26.77199363708496,8.620646476745605,11.326817512512209,13.879714965820312,0.8857480883598328,97.46448352513262,119.0,35.9373893737793,206.96080017089844,58.625,25.2109375,1.0476955215500765,-1417.4625244140625
8.543999999999869,26.80150985717773,8.604364395141602,11.132330894470217,13.80980110168457,0.6715020537376404,97.61932565356899,119.0,35.79927444458008,206.9134826660156,58.6328125,25.234375,1.640646464963207,-1369.0526123046875
8.565999999998894,26.875213623046875,8.566335678100586,11.240882873535156,13.792750358581545,0.6704639792442322,97.77952140768404,119.0,35.884368896484375,206.89923095703125,58.6328125,25.234375,1.6762798593192532,-1365.3759765625
8.587999999999738,26.81723976135254,8.57521915435791,11.26220989227295,13.899575233459473,0.7472020387649536,97.9716947498232,119.0,35.69899368286133,206.8861083984375,58.6328125,25.234375,1.4353931983068935,-1413.40869140625
8.610999999998967,27.084867477416992,8.611257553100586,11.22540283203125,13.899121284484863,0.7671007513999939,99.25263812286798,120.09605835750949,35.78665542602539,206.91053771972656,58.6328125,25.234375,1.3627000783440049,-1354.110107421875
8.628999999998996,26.87594413757324,8.615900039672852,11.185297966003418,13.872576713562012,0.91884583234787,100.45860299040393,121.15127761660344,35.86177062988281,206.86029052734372,58.6796875,25.2421875,1.4339684224882134,-1397.0992431640625
8.65099999999984,27.12394905090332,8.596755027770996,11.242279052734377,13.931966781616213,0.8044626116752625,101.78152198170051,122.30883173398794,35.75456237792969,206.848876953125,58.6796875,25.2421875,0.9764271774058677,-1414.9642333984375
8.668999999999869,26.91965103149414,8.563787460327148,11.315385818481444,13.869296073913574,1.090823531150818,102.96123314311218,123.34107900022316,35.69538116455078,206.79307556152344,58.71875,25.21875,1.711914809107416,-1345.10693359375
8.690999999998894,26.700963973999023,8.59602165222168,11.139870643615724,13.91790008544922,0.8391767740249634,104.43926738291836,124.63435896005356,35.69416046142578,206.8294677734375,58.71875,25.21875,1.1075609928484964,-1390.0758056640625
8.712999999999738,26.413015365600582,8.618255615234375,11.256659507751465,13.806241035461426,0.7694549560546875,105.8377434883795,125.85802555233207,35.59391403198242,206.7558441162109,58.71875,25.21875,1.957077353007932,-1376.35888671875
8.73399999999856,26.743318557739254,8.625795364379883,11.177339553833008,13.856590270996094,0.6549474596977234,107.14643366270344,126.85982524702759,35.61576461791992,206.74661254882807,58.71875,25.21875,1.5123637565900547,-1375.4161376953125
8.755999999999403,26.485004425048828,8.614363670349121,11.240882873535156,13.863082885742188,0.8186843395233154,108.5675672625921,127.92567544694408,35.69737243652344,206.7268218994141,58.65625,25.171875,0.9849789431821802,-1390.971435546875
8.774999999999636,26.2149658203125,8.538430213928223,11.19576930999756,13.84463596343994,0.873221755027771,109.67814760344692,128.75861070258517,35.70246505737305,206.7211761474609,58.65625,25.171875,1.1774030057419087,-1361.4163818359375
8.796999999998661,26.271991729736328,8.564380645751953,11.08644962310791,13.842611312866213,0.7419779300689697,111.01499655835192,129.76124741876393,35.51925277709961,206.6316070556641,58.65625,25.171875,1.1774030057419087,-1384.655029296875
8.818999999999505,26.522275924682617,8.596755027770996,11.205018997192385,13.851494789123535,0.729406476020813,112.38617924404106,130.78963443303078,35.668487548828125,206.4829864501953,58.65625,25.171875,1.2215897213063838,-1400.446044921875
8.84099999999853,26.47364997863769,8.5672607421875,11.143308639526367,13.858004570007324,0.7020569443702698,113.82958011893433,131.87218508920074,35.82691955566406,206.47071838378903,58.75,25.2109375,1.777480939112672,-1376.217529296875
8.857999999998356,26.62852668762207,8.624399185180664,11.158055305480955,13.865421295166016,0.7020569443702698,114.84946619498722,132.63709964624042,35.69761657714844,206.4091033935547,58.75,25.2109375,1.7261672335905645,-1395.2137451171875
8.878999999998996,26.397777557373047,8.612443923950195,11.162174224853516,13.835665702819824,0.8002499938011169,116.23666278876516,133.67749709157388,35.76580047607422,206.38546752929688,58.75,25.2109375,1.6021619635376847,-1381.402587890625
8.901999999998225,26.731298446655277,8.567819595336914,11.11887550354004,13.810464859008787,0.864861786365509,117.62567962202331,134.71925971651748,35.77611541748047,206.19796752929688,58.75,25.2109375,0.7440922821698203,-1405.112548828125
8.923999999999069,26.62601852416992,8.631187438964844,11.243064880371094,14.068564414978027,0.8286678194999695,119.25990645551889,135.94492984163915,35.74335861206055,206.20591735839844,58.703125,25.2578125,1.6392201337124108,-1389.69873046875
8.93999999999869,26.274532318115234,8.699163436889648,11.356154441833496,14.225022315979004,0.8286678194999695,120.19712402162128,136.64784301621597,35.79915237426758,206.1276092529297,58.703125,25.2578125,1.4197144425729484,-1420.24365234375
8.962999999999738,26.757617950439453,8.887018203735352,11.56994342803955,14.513419151306152,0.8646027445793152,121.74481825304494,137.8086136897837,35.791873931884766,206.08578491210935,58.703125,25.2578125,1.9000629887789882,-1504.7135009765625
8.981999999998152,26.52703285217285,9.035449028015137,11.802806854248049,14.942444801330566,0.7998710870742798,122.67263149662824,138.5605262471902,35.69923782348633,206.12136840820312,58.703125,25.2578125,1.34559654679138,-1565.61474609375
9.003999999998996,26.69209671020508,9.26777172088623,11.921847343444824,15.265378952026367,0.6866385340690613,123.7865574763235,139.48879789693623,35.68119430541992,206.06674194335935,58.703125,25.2109375,1.334193673945591,-1641.3641357421875
9.021999999999025,26.528165817260746,9.516359329223633,12.218953132629396,15.567143440246582,0.7556493282318115,124.62768673012486,140.1897389417707,35.69658660888672,206.04124450683597,58.7421875,25.2109375,0.873801321793769,-1676.4342041015625
9.042999999999665,26.939905166625977,9.73688507080078,12.479740142822266,15.852869987487791,0.8200970888137817,125.73648739425026,141.11373949520856,35.50513458251953,205.9866180419922,58.7421875,25.2109375,0.3706470298961504,-1698.7301025390625
9.066999999999098,26.79046058654785,10.011005401611328,12.636250495910645,16.21541976928711,0.8356429934501648,126.81504147775922,142.01253456479935,35.49820709228516,205.9939727783203,58.7421875,25.2109375,0.45474380042088747,-1713.0126953125
9.084999999999127,26.760955810546875,10.281827926635742,12.915519714355469,16.60875701904297,0.7863324284553528,127.82980583556079,142.85817152963398,35.4786262512207,206.0185089111328,58.7421875,25.1953125,1.1161127586248087,-1877.6629638671875
9.105999999999767,27.08782386779785,10.427762031555176,13.016741752624512,16.825284957885742,0.706135094165802,128.24611244990663,143.12305622495333,35.442081451416016,206.0139312744141,58.796875,25.1953125,1.3256403527371623,-1867.76416015625
9.127999999998792,27.08877182006836,10.697781562805176,13.28407382965088,17.160505294799805,0.8082159757614136,128.61053408068065,143.3052670403403,35.56590270996094,205.9857635498047,58.796875,25.1953125,1.6192654950903096,-1932.6248779296875
9.145999999998821,27.390857696533203,10.927364349365234,13.403498649597168,17.529409408569336,0.8966813683509827,128.86610239779236,143.43305119889618,35.73110580444336,205.99557495117188,58.796875,25.1953125,1.4225655496424248,-1983.768798828125
9.167999999999665,27.348743438720703,11.13521957397461,13.652156829833984,17.7744197845459,0.8966813683509827,129.21906538269698,143.6095326913485,35.78496170043945,205.93902587890625,58.796875,25.1953125,0.8481444690327153,-2016.5762939453125
9.188999999998487,27.35856056213379,11.364365577697754,13.787829399108888,18.05388069152832,0.7717586755752563,129.53723582145457,143.7686179107273,35.76747512817383,205.9226531982422,58.9375,25.2109375,1.3726781753711137,-2049.195068359375
9.211999999999534,27.68307113647461,11.457752227783203,13.996259689331056,18.356029510498047,0.7374179363250732,129.94037146957706,143.97018573478854,35.47298812866211,205.90110778808597,58.9375,25.2109375,0.9578973146024464,-2107.739501953125
9.23399999999856,27.68267822265625,11.593372344970703,14.213364601135254,18.435890197753903,0.8858689069747925,130.0,144.0,35.37855529785156,205.89422607421875,58.9375,25.2109375,1.261498998550586,-2118.769775390625
9.249999999998181,27.66446304321289,11.670598030090332,14.310677528381348,18.48943328857422,0.8858689069747925,130.0,144.0,35.332672119140625,205.9388732910156,58.9375,25.2109375,0.79255488062245,-2175.664306640625
9.271999999999025,27.644481658935547,11.755101203918455,14.23535442352295,18.599294662475582,1.0702707767486572,130.0,144.0,35.264888763427734,205.75067138671875,59.1640625,25.2734375,1.3769540582592699,-2158.17626953125
9.293999999999869,27.826997756958008,11.903217315673828,14.24940299987793,18.6546688079834,0.8190743327140808,130.0,144.0,35.163177490234375,205.7657623291016,59.1640625,25.2734375,0.8951807362345502,-2113.58447265625
9.31499999999869,27.67460823059082,11.895136833190918,14.396227836608888,18.736083984375,0.7292407751083374,130.0,144.0,35.073299407958984,205.78790283203125,59.1640625,25.2734375,1.28715585131164,-2158.08203125
9.336999999999534,27.37812805175781,11.929186820983888,14.22097396850586,18.762331008911133,0.7095264196395874,130.0,144.0,34.95361328125,205.7100830078125,59.1640625,25.2734375,1.0120605717619138,-2164.5869140625
9.354999999999563,27.53208923339844,11.992956161499023,14.242125511169434,18.7519645690918,0.9584676027297974,130.0,144.0,34.98616027832031,205.6711883544922,59.4609375,25.125,1.086180022975599,-2149.691650390625
9.375999999998385,27.361297607421875,12.052451133728027,14.387083053588867,18.82843971252441,0.7465091347694397,130.0,144.0,34.8880615234375,205.6766357421875,59.4609375,25.125,0.8652480005853401,-2169.4892578125
9.394999999998618,27.32455062866211,12.05929183959961,14.264516830444336,18.79887580871582,0.7095264196395874,130.0,144.0,34.881465911865234,205.6449432373047,59.4609375,25.234375,1.4026109110203235,-2125.6044921875
9.415999999999258,27.18207550048828,12.038942337036133,14.313190460205078,18.82601356506348,0.7235520482063293,130.0,144.0,34.9080810546875,205.58226013183597,59.4609375,25.234375,1.1018587787095437,-2181.603515625
9.43499999999949,27.202112197875977,12.010181427001951,14.133241653442385,18.70765495300293,0.6785442233085632,130.0,144.0,34.84940719604492,205.4980926513672,59.9921875,25.234375,1.1731271228537525,-2202.06103515625
9.456999999998516,27.30129623413086,12.08566188812256,14.33924674987793,18.80243682861328,0.7914431095123291,130.0,144.0,34.848167419433594,205.4708251953125,59.9921875,25.234375,1.230141487082696,-2187.919921875
9.47899999999936,27.174516677856445,12.096238136291504,14.25188159942627,18.79880714416504,0.8416029810905457,130.0,144.0,34.77309036254883,205.4571228027344,59.9921875,25.234375,0.9251134718837601,-2155.913818359375
9.499999999998181,27.29566764831543,12.08232879638672,14.358880043029783,18.863868713378903,0.8257622718811035,130.0,144.0,34.7862663269043,205.39486694335935,59.9921875,25.234375,1.0847536917248024,-2176.22998046875
9.521999999999025,27.427452087402344,12.123899459838867,14.40757179260254,18.773588180541992,0.7245648503303528,130.0,144.0,34.78284454345703,205.28811645507807,60.765625,25.234375,1.1560220358690112,-2163.455810546875
9.540999999999258,27.34225273132324,12.06382942199707,14.25678539276123,18.92779541015625,0.7221843004226685,130.0,144.0,34.66923141479492,205.3101043701172,60.765625,25.234375,0.9536214317142903,-2117.921142578125
9.561999999999898,27.268234252929688,12.07962417602539,14.261881828308104,18.96383476257324,0.7221843004226685,130.0,144.0,34.719215393066406,205.3042907714844,60.765625,25.1953125,0.7312646335053516,-2194.707763671875
9.584999999999127,27.76214027404785,12.110862731933594,14.318304061889648,18.899208068847656,0.7591456174850464,130.0,144.0,34.730751037597656,205.27719116210935,61.6484375,25.1953125,1.2486713498861175,-2157.5634765625
9.605999999999767,27.74933624267578,12.130549430847168,14.426298141479492,18.97241973876953,0.748210072517395,130.0,144.0,34.718849182128906,205.28305053710935,61.6484375,25.1953125,0.809659189891136,-2189.522705078125
9.623999999999796,27.603151321411133,12.094074249267578,14.313312530517578,18.94746398925781,0.8719760775566101,130.0,144.0,34.65914535522461,205.15635681152344,61.6484375,25.1953125,1.0491202973687563,-2192.91650390625
9.645999999998821,27.37211799621582,12.136483192443848,14.333731651306152,18.878196716308597,0.7757240533828735,130.0,144.0,34.700313568115234,205.1709747314453,61.6484375,25.1953125,1.0377174245229677,-2145.16650390625
9.668999999999869,27.494272232055664,12.103254318237305,14.268635749816896,18.871965408325195,0.892530620098114,130.0,144.0,34.6749382019043,205.15103149414065,62.6953125,25.171875,0.7383908457469259,-2177.596923828125
9.687999999998283,27.112606048583984,12.0810546875,14.360835075378418,18.875577926635746,0.7011672854423523,130.0,144.0,34.68560028076172,205.01937866210935,62.6953125,25.171875,1.0320167658161314,-2167.603759765625
9.708999999998923,27.401308059692383,12.08747673034668,14.269071578979492,18.931232452392575,0.6477439403533936,130.0,144.0,34.713314056396484,205.0920867919922,62.6953125,25.171875,0.7084588878137742,-2189.1455078125
9.726999999998952,27.384815216064453,12.009954452514648,14.35610580444336,18.89559555053711,0.7771221995353699,130.0,144.0,34.69762420654297,205.0266265869141,62.6953125,25.171875,0.8053833070029784,-2185.327392578125
9.749999999998181,27.51163673400879,12.080880165100098,14.340171813964844,18.89430427551269,0.7498230934143066,130.0,144.0,34.6301383972168,204.94900512695312,63.8046875,25.1484375,1.1260893002198011,-2105.66552734375
9.772999999999229,27.38166236877441,12.0954008102417,14.299211502075195,18.83156394958496,0.8616515398025513,130.0,144.0,34.51074981689453,204.9135284423828,63.8046875,25.1484375,0.5530937731448299,-2202.249755859375
9.790999999999258,27.64912796020508,12.108454704284668,14.400853157043455,18.878755569458008,0.745018720626831,130.0,144.0,34.49092102050781,204.89230346679688,63.8046875,25.1484375,1.150321377162175,-2148.089111328125
9.812999999998283,27.64385986328125,12.07524299621582,14.414796829223633,18.883012771606445,0.7577904462814331,130.0,144.0,34.48987579345703,204.84019470214844,63.8046875,25.1484375,0.7968307635106078,-2193.19921875
9.834999999999127,27.52531623840332,12.11435317993164,14.328636169433594,18.903867721557617,0.9214658737182616,130.0,144.0,34.475982666015625,204.71136474609372,64.859375,25.21875,0.9322404618413926,-2185.56298828125
9.852999999999156,27.71360206604004,12.063515663146973,14.43992805480957,18.86348342895508,0.6705695390701294,130.0,144.0,34.37807846069336,204.7247009277344,64.859375,25.21875,1.000657698916125,-2189.286865234375
9.874999999998181,27.534772872924805,12.077878952026367,14.434517860412598,18.87041282653809,0.6705695390701294,130.0,144.0,34.39085388183594,204.72938537597656,64.859375,25.21875,0.860972117697184,-2223.2255859375
9.893999999998414,27.596847534179688,12.1259765625,14.359299659729004,18.86002922058105,0.7903175950050354,130.0,144.0,34.362266540527344,204.5797119140625,64.859375,25.21875,0.8795019805006052,-2173.3544921875
9.917999999999665,27.531095504760746,12.075661659240724,14.345441818237305,18.906137466430664,0.7409276366233826,130.0,144.0,34.34950637817383,204.6845245361328,65.859375,25.2421875,0.7569207085503472,-2168.970703125
9.938999999998487,27.794132232666016,12.070112228393556,14.385722160339355,18.77756690979004,0.7045847773551941,130.0,144.0,34.347904205322266,204.49024963378903,65.859375,25.2421875,0.8267634991598177,-2144.600830078125
9.956999999998516,27.64657592773437,12.079937934875488,14.360870361328123,18.818212509155277,0.8195428848266602,130.0,144.0,34.41441345214844,204.599609375,65.859375,25.2421875,0.8153606263140291,-2123.106201171875
9.977999999999156,27.35001945495605,12.05904769897461,14.293889045715332,18.77060317993164,0.6745769381523132,130.0,144.0,34.41551208496094,204.566162109375,65.859375,25.2421875,0.44619125692851824,-2163.219970703125
9.997999999999593,27.73785972595215,12.087040901184082,14.395983695983888,18.76344871520996,0.596703052520752,130.0,144.0,34.24535369873047,204.46458435058597,66.828125,25.2421875,0.722712090012981,-2192.3037109375
10.018999999998414,27.76063537597656,12.059903144836426,14.245773315429688,18.790603637695312,0.7203105092048645,130.0,144.0,34.2086181640625,204.6022186279297,66.828125,25.2421875,0.7911293270877149,-2156.196533203125
10.041999999999462,27.718629837036133,12.085575103759766,14.384761810302734,18.78353500366211,0.6463390588760376,130.0,144.0,34.13031005859375,204.52171325683597,66.828125,25.2421875,0.7569207085503472,-2172.74169921875
10.06499999999869,27.593738555908203,12.006917953491213,14.405896186828612,18.810272216796875,0.6993642449378967,130.0,144.0,34.03818130493164,204.6200408935547,66.828125,25.2421875,0.8524203519208715,-2152.2841796875
10.080999999998312,27.903207778930664,12.04018211364746,14.251165390014648,18.714040756225582,0.7255805134773254,130.0,144.0,33.97444534301758,204.5553741455078,67.65625,25.234375,0.6528692994035105,-2148.984619140625
10.099999999998545,27.58910369873047,11.998313903808594,14.256820678710938,18.756763458251957,0.7047609090805054,130.0,144.0,34.00910568237305,204.45584106445312,67.65625,25.234375,0.8623984489479803,-2140.169921875
10.120999999999185,27.628936767578125,12.031193733215332,14.375337600708008,18.695995330810547,0.7971610426902771,130.0,144.0,33.934356689453125,204.4436187744141,67.65625,25.234375,0.6956304614332472,-2149.597412109375
10.139999999999418,27.668193817138672,12.055609703063965,14.209996223449709,18.824583053588867,0.5953506231307983,130.0,144.0,33.85109329223633,204.44741821289065,67.65625,25.234375,0.6343394366000892,-2097.652099609375
10.161999999998443,27.631555557250977,11.998209953308104,14.343487739562988,19.08824920654297,0.8811815977096558,130.0,144.0,33.85934829711914,204.43524169921875,67.65625,25.171875,0.6642721722492991,-2136.02197265625
10.183999999999287,27.65529060363769,12.020042419433594,14.27706527709961,19.04697608947754,0.8811815977096558,130.0,144.0,33.75699234008789,204.34893798828125,68.3984375,25.171875,0.5972804887093048,-2177.83251953125
10.205999999998312,27.77406311035156,12.04091453552246,14.311602592468262,19.04161834716797,0.7749219536781311,130.0,144.0,33.78627395629883,204.34349060058597,68.3984375,25.234375,1.366975961232161,-2136.540283203125
10.223999999998341,27.81371116638184,12.034038543701172,14.374098777770996,19.04749870300293,0.7795579433441162,130.0,144.0,33.75227737426758,204.2167510986328,68.3984375,25.234375,0.5331391345227272,-2182.40478515625
10.245999999999185,27.747655868530277,12.061246871948242,14.368653297424316,19.075544357299805,0.6476994156837463,130.0,144.0,33.76264572143555,204.31581115722656,68.3984375,25.234375,0.5402653467643015,-2188.53271484375
10.264999999999418,27.607852935791016,12.061177253723145,14.358827590942385,19.01791763305664,0.8812787532806396,130.0,144.0,33.74018478393555,204.2093811035156,69.0078125,25.234375,0.3036553463561576,-2119.806640625
10.28599999999824,27.455867767333984,12.038681030273438,14.303050994873049,19.014131546020508,0.6490136384963989,130.0,144.0,33.695804595947266,204.2633209228516,69.0078125,25.234375,0.3036553463561576,-2135.267578125
10.308999999999287,27.44986724853516,11.975381851196287,14.299717903137209,18.97810935974121,0.6535470485687256,130.0,144.0,33.6379508972168,204.23974609375,69.0078125,25.234375,0.8980318433040264,-2184.431884765625
10.325999999999112,27.6552791595459,12.046150207519531,14.326157569885254,18.981199264526367,0.7734512686729431,130.0,144.0,33.641876220703125,204.1968536376953,69.0078125,25.234375,0.4590196833090437,-2170.80908203125
10.352999999999156,27.315704345703125,12.040827751159668,14.404186248779297,18.912437438964844,0.7750945091247559,130.0,144.0,33.652854919433594,204.1800537109375,69.453125,25.234375,0.6500189700500923,-2160.86328125
10.369999999998981,27.60820198059082,12.038262367248535,14.301690101623535,18.90660858154297,0.8676853179931641,130.0,144.0,33.63993835449219,204.0670623779297,69.453125,25.234375,0.6500189700500923,-2154.64111328125
10.391999999999825,27.221790313720703,12.024003982543944,14.181601524353027,18.87350082397461,0.7787392139434814,130.0,144.0,33.69039535522461,204.0429534912109,69.7421875,25.2421875,0.8367415961869266,-2156.76220703125
10.409999999999854,27.57648277282715,11.964945793151855,14.259490966796877,18.90652084350586,0.7590451240539551,130.0,144.0,33.64669418334961,204.0004425048828,69.7421875,25.2421875,0.3763484663190462,-2146.81640625
10.43199999999888,27.60257339477539,11.969046592712402,14.221514701843262,18.7956485748291,0.8787573575973511,130.0,144.0,33.60201644897461,203.90403747558597,69.7421875,25.2421875,0.4077067555029944,-2140.311279296875
10.453999999999724,27.64463424682617,11.969867706298828,14.280590057373049,18.806798934936523,0.5979435443878174,130.0,144.0,33.55588912963867,203.963623046875,69.7421875,25.2421875,0.6942049078985092,-2153.792724609375
10.472999999998137,27.53588485717773,11.94093132019043,14.335145950317385,18.79388427734375,0.7473968863487244,130.0,144.0,33.44144058227539,203.8900604248047,70.0546875,25.1875,0.6671232793187769,-2137.388916015625
10.493999999998778,27.568748474121094,11.990914344787598,14.319735527038574,18.840953826904297,0.7473968863487244,130.0,144.0,33.351192474365234,203.90185546875,70.0546875,25.1875,0.10838017672695271,-2155.725341796875
10.51299999999901,27.647327423095703,12.006062507629396,14.329071998596191,18.85489845275879,0.7719210386276245,130.0,144.0,33.2516975402832,203.90830993652344,70.0546875,25.1875,0.5644966459906171,-2151.05859375
10.53399999999965,27.37685203552246,11.947476387023926,14.195598602294922,18.789609909057617,0.6903972625732422,130.0,144.0,33.21623611450195,203.7847137451172,70.0546875,25.1875,0.4419153740403606,-2185.37451171875
10.555999999998676,27.448461532592773,11.960984230041504,14.332423210144045,18.777008056640625,0.7096278071403503,130.0,144.0,33.17529296875,203.87001037597656,70.0546875,25.234375,0.3806251269232621,-2202.1552734375
10.57799999999952,27.52768325805664,11.971158981323242,14.300066947937012,18.8258056640625,0.6772752404212952,130.0,144.0,33.04663848876953,203.762939453125,70.2890625,25.234375,0.4105578625724707,-2122.4462890625
10.595999999999549,27.76573944091797,11.97646427154541,14.39963150024414,18.851964950561523,0.8336452841758728,130.0,144.0,33.000511169433594,203.7277374267578,70.2890625,25.234375,0.40628120196825623,-2178.2568359375
10.617999999998574,27.512052536010746,12.014422416687012,14.197447776794434,18.80451393127441,0.6458908319473267,130.0,144.0,32.93403625488281,203.6805877685547,70.2890625,25.234375,0.7098836636324541,-2115.84716796875
10.635999999998603,27.724519729614254,12.019693374633787,14.304080963134766,18.799488067626957,0.6273443102836609,130.0,144.0,32.89093017578125,203.64340209960935,70.2890625,25.234375,0.2594694085077408,-2147.853271484375
10.657999999999447,27.53447723388672,11.928732872009276,14.221323013305664,18.77446174621582,0.8356429934501648,130.0,144.0,32.85651397705078,203.7304534912109,70.5,25.234375,0.15969388224906025,-2174.863037109375
10.679999999998472,27.473690032958984,11.99471950531006,14.228792190551758,18.794530868530277,0.625319242477417,130.0,144.0,32.78667068481445,203.5261993408203,70.5,25.234375,0.8281882749784977,-2110.23779296875
10.701999999999316,27.557035446166992,11.970565795898438,14.239246368408203,18.774391174316406,0.6771213412284851,130.0,144.0,32.693546295166016,203.5823211669922,70.5,25.234375,0.201029490744059,-2158.412109375
10.722999999998137,27.5433349609375,12.01709270477295,14.28839111328125,18.792070388793945,0.696492075920105,130.0,144.0,32.67658233642578,203.4703521728516,70.5,25.2734375,0.3706470298961504,-2143.75244140625
10.739999999999782,27.398361206054688,11.938610076904297,14.264691352844238,18.75789833068848,0.6500566005706787,130.0,144.0,32.618377685546875,203.41134643554688,70.6171875,25.2734375,0.22383523643563646,-2157.752197265625
10.760999999998603,27.36220359802246,11.913810729980469,14.181689262390137,18.71353530883789,0.8018829822540283,130.0,144.0,32.55492401123047,203.39817810058597,70.6171875,25.2734375,0.4490423639979945,-2151.530029296875
10.784999999999854,27.26039123535156,11.952642440795898,14.189088821411133,18.694093704223636,0.8018829822540283,130.0,144.0,32.60406875610352,203.4539794921875,70.6171875,25.2734375,0.5345639103414086,-2153.556884765625
10.80199999999968,27.12505149841309,11.958383560180664,14.165284156799316,18.69280242919922,0.6972047090530396,130.0,144.0,32.49034881591797,203.41758728027344,70.6171875,25.2734375,0.44334092757509874,-2118.72265625
10.823999999998705,27.21174430847168,11.94353199005127,14.17441177368164,18.710376739501957,0.8770565390586853,130.0,144.0,32.65590286254883,203.2819366455078,70.765625,25.2421875,0.07844821879380241,-2139.840087890625
10.848999999998341,27.217164993286133,11.904770851135254,14.16845989227295,18.70632743835449,0.7798408269882202,130.0,144.0,32.84592056274414,203.2726593017578,70.765625,25.2421875,0.33786396489352527,-2122.210693359375
10.864999999999782,27.08712577819824,11.92215347290039,14.110553741455078,18.70178985595703,0.8391434550285339,130.0,144.0,32.889461517333984,203.2696685791016,70.765625,25.2421875,0.028560066806431573,-2124.1904296875
10.886999999998807,27.28451919555664,11.887877464294434,14.186994552612305,18.703256607055664,0.6460565328598022,130.0,144.0,32.9118537902832,203.2530212402344,70.765625,25.2421875,0.15399244582616445,-2178.586669921875
10.90599999999904,27.265060424804688,11.925434112548828,14.214847564697266,18.72488021850586,0.6470290422439575,130.0,144.0,32.963966369628906,203.11497497558597,70.8984375,25.2421875,0.2352381092814252,-2144.64794921875
10.928999999998268,27.65136337280273,11.888453483581545,14.2315673828125,18.744251251220703,0.7502017021179199,130.0,144.0,33.044437408447266,203.12905883789065,70.8984375,25.2421875,0.015731640425904688,-2137.577392578125
10.949999999998909,27.345361709594727,11.890460014343262,14.210240364074709,18.659887313842773,0.697600781917572,130.0,144.0,33.03007507324219,203.15188598632807,70.8984375,25.28125,0.1753726379830052,-2152.802734375
10.973999999998341,28.001998901367188,11.947179794311523,14.256226539611816,18.687864303588867,0.7976394891738892,130.0,144.0,33.02033615112305,203.13438415527344,70.8984375,25.28125,0.3122071121324686,-2130.41259765625
10.990999999998166,27.876583099365234,11.890302658081056,14.245022773742676,18.64285469055176,0.7283051609992981,130.0,144.0,33.0472297668457,203.2063446044922,70.96875,25.28125,-0.17954275148724197,-2160.674560546875
11.008999999998196,27.802793502807617,11.88901138305664,14.232230186462402,18.65060234069824,0.6941881775856018,130.0,144.0,33.05955123901367,203.02786254882807,70.96875,25.28125,0.5017808453387805,-2154.499755859375
11.03099999999904,27.926637649536133,11.9005126953125,14.364063262939451,18.67439079284668,0.8281089663505554,130.0,144.0,32.965309143066406,203.1119842529297,70.96875,25.2421875,0.2395139921695814,-2157.61083984375
11.049999999999272,27.906665802001957,11.94761562347412,14.153433799743652,18.594093322753903,0.9824212193489076,130.0,144.0,33.07649612426758,203.09117126464844,70.984375,25.2421875,0.3008042392866813,-2128.951416015625
11.070999999999913,27.77690887451172,11.959552764892578,14.299455642700195,18.65097045898437,0.9824212193489076,130.0,144.0,33.06578063964844,203.0416259765625,70.984375,25.2421875,0.14258957298037717,-2164.351318359375
11.093999999999141,28.051300048828125,11.880669593811035,14.142648696899414,18.682296752929688,0.9913147687911988,130.0,144.0,32.976409912109375,203.00177001953125,70.984375,25.2421875,0.10267874030405691,-2143.988037109375
11.11699999999837,28.271427154541016,11.898784637451172,14.222282409667969,18.61726951599121,0.6962084770202637,130.0,144.0,32.977840423583984,202.97174072265625,70.984375,25.21875,-0.30069846990276183,-2164.49267578125
11.133999999998196,28.341365814208984,11.867353439331056,14.26032829284668,18.66681671142578,0.7493188381195068,130.0,144.0,33.08180236816406,202.97547912597656,70.984375,25.21875,0.06276868534379779,-2141.3955078125
11.152999999998428,28.68209648132324,11.903706550598145,14.342562675476074,18.65648460388184,0.810884416103363,130.0,144.0,33.03181838989258,202.8125,70.984375,25.21875,0.28227515419931976,-2108.163818359375
11.174999999999272,28.76736068725586,11.891332626342772,14.54378604888916,18.638107299804688,0.6694010496139526,130.0,144.0,33.02927017211914,202.81805419921875,70.984375,25.21875,0.6086833615550951,-2103.780029296875
11.196999999998297,29.034400939941406,11.962921142578123,14.908482551574709,18.683202743530277,0.9014220237731934,130.0,144.0,33.01469802856445,202.80226135253903,70.984375,25.21875,0.3293121991172114,-2116.03564453125
11.213999999999942,29.175893783569336,11.925451278686523,14.959931373596191,18.67021942138672,0.7293401956558228,130.0,144.0,33.04782485961914,202.72555541992188,70.9921875,25.21875,0.19960393720932085,-2145.2607421875
11.237999999999374,29.48294258117676,11.984195709228516,15.15351104736328,18.655664443969727,0.6310641169548035,130.0,144.0,33.0159912109375,202.72901916503903,70.9921875,25.21875,-0.051260043114089576,-2155.01806640625
11.2549999999992,29.49368667602539,11.99557399749756,15.187088966369627,18.731075286865234,0.7166687250137329,130.0,144.0,32.99811935424805,202.619873046875,70.9921875,25.21875,-0.7781959090393252,-2137.8603515625
11.276999999998225,29.69282531738281,11.960721969604492,15.44902801513672,18.720184326171875,0.7166687250137329,130.0,144.0,32.9862174987793,202.69140625,70.9921875,25.21875,0.08699998457011195,-2206.63330078125
11.298999999999069,29.93803977966309,11.978418350219728,15.98234748840332,18.77002716064453,0.6270539164543152,130.0,144.0,32.98747253417969,202.5850982666016,71.171875,25.2578125,0.5359894638761468,-2177.408447265625
11.320999999999913,30.129728317260746,12.033567428588867,16.537534713745117,18.75589179992676,0.6253476738929749,130.0,144.0,33.06370544433594,202.5915985107422,71.171875,25.2578125,-0.08546866165145578,-2206.397705078125
11.342999999998938,30.143320083618164,12.092764854431152,16.785737991333008,18.767322540283203,0.9376378655433656,130.0,144.0,33.057212829589844,202.6352386474609,71.171875,25.2578125,-0.10542407798961519,-2170.573486328125
11.360999999998967,30.22272682189941,12.026080131530762,17.481414794921875,18.819015502929688,0.7202070355415344,130.0,144.0,32.96957015991211,202.5126495361328,71.171875,25.2578125,-0.21945280644750254,-2223.602783203125
11.38299999999981,30.298643112182617,12.128192901611328,18.03647994995117,18.829713821411133,0.8941211104393005,130.0,144.0,32.91450500488281,202.4570770263672,71.2109375,25.21875,0.034261503229324496,-2196.640380859375
11.40099999999984,30.257795333862305,12.141439437866213,18.478647232055664,18.834583282470703,0.7474944591522217,130.0,144.0,32.98206329345703,202.42532348632807,71.2109375,25.21875,-0.47886933026328216,-2199.6572265625
11.421999999998661,30.22770118713379,12.103777885437012,19.014270782470703,18.864356994628903,1.130384087562561,130.0,144.0,32.90366744995117,202.4667205810547,71.2109375,25.21875,0.3221852091595803,-2200.22265625
11.444999999999709,30.2501163482666,12.129292488098145,19.39317321777344,18.82805633544922,0.9434694051742554,130.0,144.0,32.94693374633789,202.387939453125,71.2109375,25.21875,0.3592441570503631,-2152.70849609375
11.46599999999853,30.1853141784668,12.095626831054688,19.774642944335938,18.73922538757324,0.9865900874137878,130.0,144.0,32.87721252441406,202.3429107666016,71.2109375,25.21875,-0.05553592600224724,-2169.58349609375
11.48699999999917,30.16949844360352,12.001298904418944,19.75249481201172,18.76850891113281,1.03512704372406,130.0,144.0,32.910579681396484,202.291748046875,71.0390625,25.21875,0.07559711172432466,-2176.5126953125
11.505999999999403,30.12104606628418,11.917842864990234,19.67659568786621,18.658788681030277,1.0437647104263306,130.0,144.0,32.89002227783203,202.36415100097656,71.0390625,25.21875,-0.10827440734303326,-2131.260986328125
11.526999999998225,30.024961471557617,11.71452522277832,19.5839958190918,18.60161399841309,1.150259017944336,130.0,144.0,32.8672981262207,202.2747344970703,71.0390625,25.21875,-0.3933477839198681,-2110.096435546875
11.549999999999272,29.982967376708984,11.548450469970703,19.103538513183597,18.55557632446289,1.096420407295227,130.0,144.0,32.88916778564453,202.27313232421875,71.0390625,25.3046875,-0.2907211505917098,-2052.0234375
11.566999999999098,29.817358016967773,11.414872169494627,18.903186798095703,18.46445846557617,1.395565629005432,130.0,144.0,32.807838439941406,202.2841339111328,70.6953125,25.3046875,0.01288131107248662,-2032.7442626953125
11.589999999998327,29.681297302246094,11.239669799804688,18.815629959106445,18.35381126403809,1.395565629005432,130.0,144.0,32.82804870605469,202.2313690185547,70.6953125,25.3203125,-0.24510965920855632,-1976.745361328125
11.60899999999856,29.647035598754883,11.058097839355469,18.57719993591309,18.37957191467285,1.2050107717514038,130.0,144.0,32.911643981933594,202.1566925048828,70.6953125,25.3203125,-0.10827440734303326,-1917.3995361328125
11.6299999999992,29.61217498779297,10.877049446105955,18.401124954223636,18.30290412902832,1.2888028621673584,130.0,144.0,32.8004035949707,202.05789184570312,70.6953125,25.3203125,-0.07691689587514335,-1848.4849853515625
11.652999999998428,29.45911979675293,10.654901504516602,18.39707565307617,18.279937744140625,1.5950708389282229,130.0,144.0,32.886600494384766,202.0565643310547,70.390625,25.3203125,-0.16386399575329702,-1841.650146484375
11.670999999998457,29.34556198120117,10.351025581359863,18.15045928955078,18.04925537109375,1.6104291677474976,130.0,144.0,32.83480453491211,201.9669952392578,70.390625,25.28125,-0.3634150482706581,-1717.255126953125
11.692999999999302,29.261377334594727,10.061232566833496,17.983373641967773,18.0080509185791,1.6128164529800415,130.0,144.0,32.761749267578125,201.94869995117188,70.390625,25.28125,-0.41757830543012403,-1708.4404296875
11.714999999998327,29.127180099487305,9.917322158813477,18.04899406433105,17.968364715576172,1.6475679874420166,130.0,144.0,32.807456970214844,201.8378448486328,70.390625,25.28125,-0.2280053499398732,-1603.7486572265625
11.737999999999374,29.07118034362793,9.565818786621094,17.944717407226562,17.90459442138672,1.8554195165634155,130.0,144.0,32.74452209472656,201.79937744140625,70.40625,25.28125,-0.29214670412645083,-1720.9788818359375
11.7549999999992,29.00352096557617,9.551299095153809,18.138296127319336,17.994421005249023,2.381788492202759,130.0,144.0,32.727420806884766,201.88548278808597,70.40625,25.2109375,-0.0954467586785646,-1605.728515625
11.777999999998428,28.729337692260746,9.3932523727417,18.643272399902344,18.03155899047852,1.8410179615020752,130.0,144.0,32.80544662475586,201.74256896972656,71.34375,25.2109375,0.08272410168195718,-1388.7088623046875
11.799999999999272,28.54487991333008,9.217771530151367,18.727392196655277,17.95886993408203,2.313808917999268,130.0,144.0,32.75689697265625,201.8364105224609,71.34375,25.2109375,-0.0013726688427784148,-1411.6646728515625
11.818999999999505,28.41031265258789,9.153460502624512,18.92168617248535,18.002117156982422,1.991859793663025,130.0,144.0,32.663475036621094,201.68597412109372,71.34375,25.2109375,-0.6100023679898555,-1363.01904296875
11.839999999998327,28.27111053466797,8.954768180847168,19.177780151367188,18.01614761352539,2.2287702560424805,130.0,144.0,32.70427703857422,201.67567443847656,71.34375,25.2578125,0.10125396448537843,-1333.558349609375
11.863999999999578,28.151836395263672,8.749617576599121,19.23257827758789,17.935832977294922,2.641289710998535,130.0,144.0,32.618743896484375,201.67120361328125,73.734375,25.2578125,-0.01277554168856715,-1260.30712890625
11.881999999999607,27.985626220703125,8.525375366210938,19.122055053710938,17.84044075012207,2.125959873199463,130.0,144.0,32.70296859741211,201.62681579589844,73.734375,25.2578125,0.07844821879380241,-1002.13671875
11.902999999998428,27.735536575317383,8.026453971862793,18.559206008911133,17.80337142944336,2.2408316135406494,130.0,144.0,32.62548065185547,201.57763671875,73.734375,25.2578125,-0.9036275103430014,-578.23193359375
11.92699999999968,27.52079963684082,7.034667015075684,18.14899444580078,17.555133819580078,2.4826889038085938,130.0,144.0,32.67628479003906,201.53111267089844,73.734375,25.296875,-3.0944108719976424,-185.2020263671875
11.944999999999709,27.370798110961918,5.710626602172852,17.54206085205078,17.48876190185547,2.397602081298828,130.0,144.0,32.63436508178711,201.44970703125,79.09375,25.296875,-0.7596660462359041,-246.99888610839844
11.966999999998734,27.126708984375,4.635470867156982,16.840713500976562,17.416807174682617,2.585401773452759,130.0,144.0,32.53118896484375,201.45664978027344,79.09375,25.296875,-2.1636488483829477,-116.94737243652344
11.988999999999578,26.96427345275879,3.975727796554565,16.42264747619629,17.493125915527344,2.533505916595459,130.0,144.0,32.5350456237793,201.33421325683597,79.09375,25.296875,1.2942828412692724,-141.88294982910156
12.005999999999403,26.83172416687012,3.354048252105713,16.314287185668945,17.41663360595703,2.5778822898864746,130.0,144.0,32.54898834228516,201.3438262939453,79.09375,25.296875,-0.5031006294895978,-114.73192596435548
12.028999999998632,26.644550323486328,2.8697166442871094,16.216449737548828,17.477611541748047,2.5778822898864746,130.0,144.0,32.537715911865234,201.29026794433597,87.265625,25.3046875,0.4918035260277314,-99.8365707397461
12.050999999999476,26.62788391113281,2.453378677368164,16.024232864379883,17.37548065185547,2.8894741535186768,130.0,144.0,32.52378845214844,201.1329040527344,87.265625,25.3046875,-0.3235042155943407,-107.23711395263672
12.069999999999709,26.465436935424805,2.048978090286255,15.9140043258667,17.371990203857422,2.8535916805267334,130.0,144.0,32.582218170166016,201.06060791015625,87.265625,25.3046875,-0.22657979640513506,-142.4957275390625
12.09099999999853,26.381885528564453,1.8680343627929688,15.820076942443848,17.367958068847656,2.674352169036865,130.0,144.0,32.503543853759766,201.17237854003903,87.265625,25.3046875,-0.08689421518619393,-127.41183471679688
12.113999999999578,26.001930236816406,1.6480677127838137,15.560843467712402,17.344764709472656,2.936496496200561,130.0,144.0,32.47896957397461,200.98294067382807,93.9140625,25.234375,-0.3049751305069763,-115.391845703125
12.1349999999984,25.88543701171875,1.5751701593399048,15.413372993469238,17.346893310546875,2.822405815124512,130.0,144.0,32.43391036987305,200.964111328125,93.9140625,25.234375,-0.3049751305069763,-130.71144104003906
12.15899999999965,25.66116714477539,1.5835472345352173,15.263442039489746,17.361989974975586,2.9766476154327397,130.0,144.0,32.427452087402344,200.97494506835935,93.9140625,25.234375,-0.1096999608777714,-112.70502471923828
12.17699999999968,25.615005493164062,1.5391664505004885,15.137367248535156,17.306386947631836,3.10489821434021,130.0,144.0,32.38727951049805,200.8934326171875,93.9140625,25.234375,-0.45891391392512565,-114.02487182617188
12.197999999998501,25.49544715881348,1.5749956369400024,15.065220832824709,17.290245056152344,2.983408212661743,130.0,144.0,32.289527893066406,200.85459899902344,96.59375,25.28125,-0.5871966222982766,-124.67787170410156
12.216999999998734,25.338258743286133,1.5506848096847534,14.95666790008545,17.261396408081055,2.838646411895752,130.0,144.0,32.36012268066406,200.74827575683597,96.59375,25.28125,-0.3277808761985523,-126.04485321044922
12.238999999999578,25.30556869506836,1.6114182472229004,14.829651832580566,17.276683807373047,3.1269330978393555,130.0,144.0,32.33097839355469,200.7601318359375,96.59375,25.28125,-0.3933477839198681,-103.37186431884766
12.258999999998196,25.19368934631348,1.5201436281204224,14.783159255981444,17.211204528808594,3.2270736694335938,130.0,144.0,32.233577728271484,200.6418609619141,96.59375,25.28125,-0.6812707121340628,-123.78226470947266
12.277999999998428,25.09646987915039,1.5168626308441162,14.671342849731444,17.26013946533203,2.821220874786377,130.0,144.0,32.302616119384766,200.6210479736328,96.21875,25.296875,-0.6313833378627516,-126.84618377685548
12.300999999999476,25.02251625061035,1.512883543968201,14.61202335357666,17.219633102416992,2.927410125732422,130.0,144.0,32.17169189453125,200.51773071289065,96.21875,25.296875,-0.40047399616144386,-116.7116928100586
12.318999999999505,24.810287475585938,1.4907193183898926,14.532598495483398,17.21031379699707,3.0216896533966064,130.0,144.0,32.26408386230469,200.45733642578125,96.21875,25.296875,-0.41045209318854975,-119.16282653808594
12.34099999999853,24.74987030029297,1.4809811115264893,14.417816162109377,17.240819931030273,3.1458585262298584,130.0,144.0,32.15998077392578,200.31565856933597,96.21875,25.296875,-0.4916977566438105,-124.48932647705078
12.36199999999917,24.45306396484375,1.4810857772827148,14.264447212219238,17.22626495361328,3.1458585262298584,130.0,144.0,32.076053619384766,200.2129669189453,96.21875,25.2578125,-0.40047399616144386,-113.64777374267578
12.3799999999992,24.516786575317383,1.4818711280822754,14.14387035369873,17.132041931152344,2.965744733810425,130.0,144.0,32.05682373046875,200.33544921875,94.2890625,25.2578125,-0.35628805831302557,-110.96095275878906
12.402999999998428,24.416305541992188,1.4775255918502808,14.079646110534668,17.101919174194336,3.0620012283325195,130.0,144.0,31.963314056396484,200.2867431640625,94.2890625,25.2578125,-0.48742109603959605,-114.96761322021484
12.423999999999069,24.26836585998535,1.48028302192688,13.967917442321776,17.023157119750977,3.172118663787842,130.0,144.0,32.01737976074219,200.22540283203125,94.2890625,25.2578125,-0.55441355729565,-121.56681823730467
12.445999999999913,24.22260856628418,1.4804575443267822,13.806659698486328,17.0615177154541,3.2633416652679443,130.0,144.0,31.95261573791504,200.2224578857422,94.2890625,25.3046875,-0.5729434200990698,-124.15936279296876
12.464999999998327,24.064428329467773,1.5074559450149536,13.788928985595703,17.133174896240234,3.1446104049682617,130.0,144.0,31.97212600708008,200.23995971679688,91.5,25.3046875,-0.43610816823354676,-116.94737243652344
12.485999999998967,23.964994430541992,1.494628667831421,13.725577354431152,17.068166732788086,3.5769288539886475,130.0,144.0,31.92210960388184,200.1951446533203,91.5,25.3046875,-0.5658164301414372,-106.81288146972656
12.503999999998996,23.88768196105957,1.4810857772827148,13.594965934753418,17.037538528442383,3.2747373580932617,130.0,144.0,31.88861846923828,200.12991333007807,91.5,25.3046875,-0.7069275648951165,-121.09545135498048
12.52599999999984,23.792348861694336,1.480370283126831,13.532958030700684,17.04556655883789,3.383734226226806,130.0,144.0,31.82929801940918,200.07150268554688,91.5,25.28125,-0.47031678677091293,-114.02487182617188
12.548999999999069,23.71685791015625,1.4647157192230225,13.451892852783203,16.971027374267578,3.1035962104797363,130.0,144.0,31.819944381713867,200.22048950195312,88.1953125,25.28125,-0.6214052408356429,-125.24352264404295
12.566999999999098,23.62154769897461,1.4653613567352295,13.315818786621094,16.96971893310547,3.1880619525909424,130.0,144.0,31.835790634155277,200.08734130859372,88.1953125,25.2734375,-0.7796206848580066,-126.09198760986328
12.587999999999738,23.441844940185547,1.4696546792984009,13.211438179016112,16.987642288208008,3.579538106918335,130.0,144.0,31.81416702270508,200.06983947753903,88.1953125,25.2734375,-0.614279028594067,-115.0618896484375
12.60899999999856,23.34245491027832,1.4797245264053345,13.131611824035645,16.95621109008789,3.135577440261841,130.0,144.0,31.816505432128903,200.01751708984372,88.1953125,25.2734375,-0.5900477293677528,-99.08238220214844
12.626999999998588,23.23265838623047,1.4652916193008425,13.01443862915039,17.05905532836914,3.135577440261841,130.0,144.0,31.74065971374512,199.97344970703125,84.890625,25.2734375,-0.5672419836761754,-97.1497573852539
12.649999999999636,23.04989242553711,1.4466527700424194,12.90106964111328,16.935285568237305,3.216625928878784,130.0,144.0,31.65374755859375,199.962890625,84.890625,25.2578125,-0.7268822035172178,-114.77906799316406
12.667999999999665,22.935623168945312,1.4766703844070437,12.815850257873535,16.921550750732422,3.2510929107666016,130.0,144.0,31.720378875732425,199.8877868652344,81.53125,25.2578125,-0.5843462929448585,-104.26747131347656
12.68999999999869,22.578771591186523,1.4779443740844729,12.65424346923828,16.84554672241211,3.120714902877808,130.0,144.0,31.65858268737793,199.91732788085935,81.53125,25.2578125,-0.6370847742856475,-114.92047882080078
12.712999999999738,22.67111587524414,1.4764435291290283,12.513474464416504,16.942737579345703,2.984116792678833,130.0,144.0,31.610937118530277,199.8208923339844,81.53125,25.2578125,-0.8580160189598464,-117.0416488647461
12.731999999998152,22.443452835083008,1.4470192193984983,12.41781997680664,16.919544219970703,3.1253175735473637,130.0,144.0,31.58812713623047,199.7979431152344,81.53125,25.2578125,-0.8209562933530025,-116.47600555419922
12.752999999998792,22.434770584106445,1.445849895477295,12.331501960754396,16.840486526489258,3.064971923828125,130.0,144.0,31.63542366027832,199.84243774414065,78.3125,25.234375,-0.6898232556264349,-118.07866668701172
12.771999999999025,22.331562042236328,1.4569145441055298,12.30905818939209,16.86268424987793,3.563626527786255,130.0,144.0,31.62936782836914,199.7408142089844,78.3125,25.234375,-0.8181059639995858,-100.16653442382812
12.793999999999869,22.245424270629883,1.4708064794540403,12.214920997619627,16.8140811920166,3.289461612701416,130.0,144.0,31.51840591430664,199.88291931152344,78.3125,25.234375,-0.7525390562782714,-116.05176544189452
12.812999999998283,22.18732070922852,1.4460593461990356,12.143035888671877,16.756227493286133,3.4257500171661377,130.0,144.0,31.49594497680664,199.72683715820312,78.3125,25.234375,-0.6043009315669597,-103.46614074707033
12.834999999999127,21.973575592041016,1.4447853565216064,12.044833183288574,16.813783645629883,3.2811357975006104,130.0,144.0,31.49905204772949,199.6570587158203,75.1640625,25.234375,-0.8466131461140577,-115.9574966430664
12.85399999999936,21.82960700988769,1.4465479850769043,11.95418643951416,16.822526931762695,2.9701764583587646,130.0,144.0,31.4847412109375,199.6615447998047,75.1640625,25.234375,-0.6883977020916938,-114.92047882080078
12.875999999998385,21.833065032958984,1.4616615772247314,11.874744415283203,16.95928192138672,2.868371725082397,130.0,144.0,31.35215759277344,199.5944366455078,75.1640625,25.234375,-0.5985994951440653,-107.18997955322266
12.899999999999636,21.706884384155277,1.446390986442566,11.75736141204834,17.05722427368164,3.2476863861083984,130.0,144.0,31.379661560058597,199.58035278320312,75.1640625,25.234375,-0.7240318741637997,-95.64136505126952
12.917999999999665,21.775297164916992,1.4509284496307373,11.75188159942627,16.891550064086914,3.220158576965332,130.0,144.0,31.4178466796875,199.5152740478516,75.1640625,25.234375,-0.9720447474177323,-91.58756256103516
12.940999999998894,21.825952529907227,1.3792177438735962,11.74273681640625,16.575807571411133,3.277078151702881,130.0,144.0,31.312854766845703,199.63807678222656,71.984375,25.234375,-1.0162314629822102,-119.7284698486328
12.962999999999738,21.766036987304688,1.4124464988708496,11.688058853149414,16.18035888671875,3.108879327774048,130.0,144.0,31.22765350341797,199.45372009277344,71.984375,25.234375,-0.8252321762411601,-101.6277847290039
12.981999999998152,21.693893432617188,1.3471581935882568,11.64584255218506,16.004249572753906,3.3660268783569336,130.0,144.0,31.20213890075684,199.45590209960935,71.984375,25.234375,-0.9221573731464227,-90.55054473876952
13.002999999998792,21.505760192871094,1.310072422027588,11.602316856384276,15.68405532836914,3.006841897964477,130.0,144.0,31.06808853149414,199.47003173828125,71.984375,25.21875,-0.7810462383927419,-97.66826629638672
13.024999999999636,21.37299346923828,1.3150986433029177,11.52003002166748,15.534717559814451,3.006841897964477,130.0,144.0,30.910898208618164,199.33523559570312,69.1015625,25.21875,-0.8409117096911648,-90.50341033935548
13.045999999998457,21.338153839111328,1.2433528900146484,11.45619010925293,15.06803035736084,3.277078151702881,130.0,144.0,30.78178596496582,199.3968963623047,69.1015625,25.21875,-0.8052775376190575,-73.29833221435547
13.063999999998487,21.207469940185547,1.2017295360565186,11.410761833190918,14.736753463745115,3.111148834228516,130.0,144.0,30.650617599487305,199.24331665039065,69.1015625,25.21875,-1.0618429543653638,-57.74306106567383
13.08599999999933,21.16625022888184,1.176633358001709,11.324792861938477,14.454657554626465,3.1975252628326416,130.0,144.0,30.57744026184082,199.21739196777344,69.1015625,25.2421875,-0.9934257172906313,-43.884727478027344
13.106999999998152,21.138044357299805,1.110507249832153,11.31166934967041,14.254533767700195,3.1696276664733887,130.0,144.0,30.34550094604492,199.57005310058597,66.4921875,25.2421875,-0.715479330671429,-27.90521812438965
13.125999999998385,21.0796012878418,1.1063013076782229,11.265002250671388,13.866503715515137,3.594278573989868,130.0,144.0,30.17295265197754,198.9735565185547,66.4921875,25.2421875,-0.6741437221764303,-29.17792320251465
13.146999999999025,20.980037689208984,1.1271566152572632,11.260202407836914,13.759573936462402,3.424102783203125,130.0,144.0,30.026615142822266,199.02471923828125,66.4921875,25.2421875,-1.0390372086737862,-20.693227767944336
13.168999999999869,20.903684616088867,1.071117877960205,11.240062713623049,13.734827041625977,3.075045585632324,130.0,144.0,29.922409057617188,198.9124298095703,66.4921875,25.234375,-0.8936501910319508,-40.44371032714844
13.186999999999898,20.826173782348636,1.086562991142273,11.20817756652832,13.6463623046875,3.132842540740967,130.0,144.0,29.69938850402832,198.8434600830078,64.0234375,25.234375,-0.7639419291240617,-47.93852615356445
13.208999999998923,20.728759765625,1.0720078945159912,11.141650199890137,13.636048316955566,2.987516403198242,130.0,144.0,29.48149871826172,198.7606658935547,64.0234375,25.234375,-0.6256819014398572,-45.5816650390625
13.227999999999156,20.561010360717773,1.1109261512756348,11.08302879333496,13.389082908630373,3.6882805824279785,130.0,144.0,29.32877540588379,198.5865478515625,64.0234375,25.234375,-0.8936501910319508,-41.339317321777344
13.249999999998181,20.366474151611328,1.0726536512374878,11.056309700012209,13.421142578125,3.289461612701416,130.0,144.0,29.2333984375,198.7208709716797,64.0234375,25.171875,-0.867993338270897,-37.56834411621094
13.268999999998414,20.30266571044922,1.0859521627426147,10.898821830749512,13.21957015991211,3.232009172439575,130.0,144.0,29.016225814819336,198.40997314453125,61.7578125,25.171875,-0.7240318741637997,-40.72653579711914
13.289999999999054,20.0948429107666,1.108325719833374,10.862468719482422,13.140320777893066,2.936225414276123,130.0,144.0,28.75432014465332,198.50289916992188,61.7578125,25.171875,-0.7667922584774783,-28.282316207885746
13.312999999998283,19.95463752746582,1.1038755178451538,10.786517143249512,13.0534086227417,2.936225414276123,130.0,144.0,28.491893768310547,198.33572387695312,61.7578125,25.171875,-0.7853221212808995,-24.605615615844727
13.330999999998312,19.970016479492188,1.041885495185852,10.725120544433594,13.039917945861816,3.270477533340454,130.0,144.0,28.3310546875,198.3214263916016,61.7578125,25.171875,-0.8209562933530025,-41.43359375
13.352999999999156,19.805322647094727,1.0644161701202393,10.710967063903809,12.912046432495115,3.2004053592681885,130.0,144.0,28.14527702331543,198.14175415039065,61.7578125,25.2109375,-0.8494634754674757,-31.95901679992676
13.374999999998181,19.7126522064209,1.0571037530899048,10.642659187316896,12.849114418029783,3.1425986289978027,130.0,144.0,27.885570526123047,198.14132690429688,59.828125,25.2109375,-0.7710689190816927,-26.49110221862793
13.395999999998821,19.810056686401367,1.1002978086471558,10.603025436401367,12.693964958190918,3.0682713985443115,130.0,144.0,27.81825828552246,197.9073028564453,58.171875,25.2109375,-1.0347613257856314,-54.25490951538086
13.415999999999258,19.85199737548828,1.06223464012146,10.564491271972656,12.58670425415039,2.976234197616577,130.0,144.0,27.619461059570312,197.99490356445312,58.171875,25.2109375,-0.9663433109948394,-44.16754913330078
13.438999999998487,19.834566116333008,1.0521124601364136,10.603967666625977,12.468430519104004,3.4121673107147217,130.0,144.0,27.35989570617676,197.9480133056641,58.171875,25.2109375,-0.7197559912756435,-19.65620994567871
13.456999999998516,19.746618270874023,1.0812749862670898,10.572012901306152,12.454818725585938,3.464348554611206,130.0,144.0,27.22799301147461,197.7949676513672,58.171875,25.2109375,-0.852314582536952,-26.726787567138672
13.479999999999563,19.700218200683597,1.0674179792404177,10.542780876159668,12.248149871826172,3.30209755897522,130.0,144.0,27.018829345703125,197.7024078369141,58.171875,25.21875,-0.9335602459922113,-32.571800231933594
13.500999999998385,19.667484283447266,1.0531246662139893,10.557405471801758,12.15884780883789,3.085435390472412,130.0,144.0,26.85982322692871,197.7312164306641,56.8125,25.21875,-0.8622919018480026,-53.35930252075195
13.520999999998821,19.500030517578125,1.0176968574523926,10.495346069335938,12.222774505615234,2.9695913791656494,130.0,144.0,26.63542366027832,197.8123016357422,56.8125,25.21875,-0.9748958544872086,-25.454084396362305
13.53899999999885,19.4121150970459,1.0321297645568848,10.499272346496582,12.11223316192627,2.9398889541625977,130.0,144.0,26.60112953186035,197.7026214599609,56.8125,25.21875,-0.9136048296540505,-39.31241989135742
13.560999999999694,19.47191047668457,1.015480399131775,10.470860481262209,11.8748140335083,3.357455015182495,130.0,144.0,26.34990692138672,197.7621612548828,56.8125,25.28125,-0.8209562933530025,-30.309215545654297
13.583999999998923,19.279653549194336,1.0592329502105713,10.444071769714355,11.890661239624023,3.055403232574463,130.0,144.0,26.22138786315918,197.63433837890625,55.7734375,25.28125,-0.9634929816414214,-33.373130798339844
13.602999999999156,19.25249481201172,1.036457896232605,10.338276863098145,11.702754020690918,3.309457302093506,130.0,144.0,26.0120849609375,197.6735992431641,55.7734375,25.28125,-0.9022019568082632,-42.75343322753906
13.622999999999593,19.141891479492188,1.0517983436584473,10.334017753601074,11.602823257446287,2.960977792739868,130.0,144.0,25.82770347595215,197.6849670410156,55.7734375,25.28125,-0.8793962111166843,-14.706804275512695
13.646999999999025,19.001739501953125,1.0373479127883911,10.20864200592041,11.523956298828123,2.998582124710083,130.0,144.0,25.668331146240234,197.58297729492188,55.7734375,25.2421875,-1.0874990294103593,-58.16729736328125
13.664999999999054,18.944616317749023,1.0384998321533203,10.13174819946289,11.422734260559082,3.4115123748779297,130.0,144.0,25.47164535522461,197.50732421875,54.859375,25.2421875,-0.7767703555045871,-43.413352966308594
13.686999999999898,18.800222396850582,1.0380635261535645,10.040613174438477,11.44275188446045,3.1108522415161133,130.0,144.0,25.24164390563965,197.3843231201172,54.859375,25.2421875,-0.7254574276985378,-24.41706657409668
13.705999999998312,18.704879760742188,1.049861192703247,9.99270725250244,11.296939849853516,3.2048799991607666,130.0,144.0,25.06981086730957,197.28526306152344,54.859375,25.2421875,-0.8965005203853703,-33.60881805419922
13.727999999999156,18.493370056152344,1.0425312519073486,9.92593479156494,11.20925998687744,3.3658206462860107,130.0,144.0,24.82425880432129,197.2154235839844,54.859375,25.2421875,-0.8337847197335307,-35.87140274047852
13.747999999999593,18.59591293334961,1.0297387838363647,9.87490463256836,11.201441764831545,3.3658206462860107,122.58322809786898,135.78449881610103,24.65074920654297,197.37445068359372,54.0234375,25.2421875,-1.074671380745892,-41.43359375
13.765999999999622,18.50316619873047,1.026492714881897,9.899198532104492,11.128177642822266,3.182274103164673,105.65090765588003,117.02869771112864,24.50284194946289,197.15679931640625,54.0234375,25.2421875,-0.9050530638777395,-21.0231876373291
13.78899999999885,18.280988693237305,1.0226707458496094,9.804730415344238,11.034581184387209,3.3767282962799072,79.29846093133386,87.8382951854775,24.37666320800781,197.1305084228516,54.0234375,25.2421875,-1.0889245829450975,-28.09376716613769
13.807999999999083,18.23696517944336,1.0297213792800903,9.77427577972412,10.96712875366211,3.1044368743896484,61.731531176006314,68.37954222573006,24.237308502197266,197.1460876464844,54.0234375,25.28125,-1.0675443907882567,-40.490848541259766
13.828999999999724,18.23298454284668,1.0225311517715454,9.728778839111328,11.33746337890625,3.3389534950256348,36.748086029992095,40.7055722178374,24.103450775146484,197.00103759765625,53.3984375,25.28125,-0.9706199715990539,-31.2519588470459
13.851999999998952,18.24838638305664,1.022496223449707,9.75523567199707,10.964388847351074,3.4700675010681152,15.20394632991318,16.841294396211524,23.95907020568848,196.93328857421875,53.3984375,25.28125,-0.9435375653032619,-29.41360855102539
13.869999999998981,18.45224952697754,1.0289360284805298,9.556892395019531,10.911072731018066,3.292286872863769,0.0,0.0,23.78718376159668,196.8651123046875,53.3984375,25.28125,-1.1259843085519385,-28.046628952026367
13.890999999999622,18.836435317993164,1.0604370832443235,9.125335693359377,11.034092903137209,2.9169726371765137,0.0,0.0,23.71295928955078,196.87669372558597,53.3984375,25.234375,-1.0689699443229963,-23.380046844482425
13.91399999999885,19.06890869140625,1.0212745666503906,8.213444709777832,10.737476348876951,3.091458320617676,0.0,0.0,23.50344657897949,196.7824249267578,52.828125,25.234375,-0.9663433109948394,-32.38325119018555
13.932999999999083,19.510862350463867,1.038464903831482,7.136281967163086,10.148153305053713,2.5647222995758057,0.0,0.0,23.37979888916016,196.74871826171875,52.828125,25.234375,-0.9962760466440493,-24.605615615844727
13.954999999999927,19.711593627929688,1.0542939901351929,6.22842264175415,9.479683876037598,2.1202166080474854,0.0,0.0,23.208017349243164,196.7693023681641,52.828125,25.234375,-0.9406872359498424,-14.84821605682373
13.973999999998341,19.955629348754883,1.013717770576477,4.992043972015381,8.528560638427734,1.870649814605713,0.0,0.0,23.059341430664062,196.72134399414065,52.828125,25.2578125,-0.9577915452185284,-24.275653839111328
13.994999999998981,20.090970993041992,1.0237003564834597,4.1046905517578125,7.901453495025635,1.3893499374389648,0.0,0.0,22.99271011352539,196.8524169921875,52.828125,25.2578125,-1.0076789194898397,-28.47086524963379
14.01799999999821,20.238136291503903,0.9818676710128784,3.057126522064209,6.984902381896973,1.0636703968048096,0.0,0.0,22.948974609375,196.61199951171875,52.2265625,25.2578125,-1.0518656350543116,-12.962728500366213
14.03599999999824,20.32806968688965,0.9831765294075012,2.1968061923980717,6.477656364440918,1.0457143783569336,0.0,0.0,22.92623519897461,196.75613403320312,52.2265625,25.2578125,-1.0917756900145723,-17.44076156616211
14.05999999999949,20.44788932800293,0.996841549873352,1.4482845067977903,5.485589981079102,1.02838134765625,0.0,0.0,22.84159278869629,196.6846466064453,52.2265625,25.2421875,-0.9520901087956326,-9.097477912902832
14.07799999999952,20.52437210083008,1.0198085308074951,1.0611613988876345,4.777050971984863,0.880643904209137,0.0,0.0,22.766843795776367,196.6051177978516,52.2265625,25.2421875,-1.0504400815195765,-9.05034065246582
14.101999999998952,20.595239639282227,1.0017980337142944,1.0096077919006348,4.238792419433594,0.7579694390296936,0.0,0.0,22.81944465637207,196.5784912109375,51.546875,25.2421875,-1.1487900542435174,-11.784297943115234
14.119999999998981,20.70081329345703,0.9932289719581604,0.9872341752052308,3.685333251953125,0.8611255288124084,0.0,0.0,22.758380889892575,196.64938354492188,51.546875,25.2421875,-1.078947263634047,-13.434100151062012
14.139999999999418,20.772083282470703,0.9748693704605104,1.0361175537109375,3.041384696960449,0.6918030977249146,0.0,0.0,22.80054473876953,196.5501708984375,51.546875,25.2421875,-0.9634929816414214,-10.087359428405762
14.16099999999824,20.880002975463867,1.026073932647705,0.975366711616516,2.714139699935913,0.6209434270858765,0.0,0.0,22.90916633605957,196.56808471679688,51.546875,25.171875,-1.1844242263156204,-9.521713256835938
14.183999999999287,20.960119247436523,0.9777489304542542,0.987792670726776,2.2386391162872314,0.6209434270858765,0.0,0.0,22.80544853210449,196.5534820556641,50.7890625,25.171875,-1.1031785628603625,-12.821316719055176
14.201999999999316,21.0218563079834,0.9988310933113098,0.9804103970527648,1.9754434823989868,0.6720926761627197,0.0,0.0,22.845361709594727,196.51986694335935,50.7890625,25.171875,-1.0646932837187804,-10.275908470153809
14.223999999998341,21.11483192443848,1.0379239320755005,0.9849828481674194,1.646418571472168,0.517406165599823,0.0,0.0,22.88597297668457,196.49432373046875,50.7890625,25.171875,-1.1003274557908862,-10.74728012084961
14.245999999999185,21.18259048461914,1.0182030200958252,1.001824140548706,1.4025424718856812,0.4153122901916504,0.0,0.0,22.927682876586918,196.3829345703125,50.7890625,25.296875,-1.1430886178206245,-9.898810386657717
14.264999999999418,21.29444694519043,1.0271908044815063,0.9800264239311218,1.2415814399719238,0.6301300525665283,0.0,0.0,22.985641479492188,196.47483825683597,50.2734375,25.296875,-1.0689699443229963,-9.851673126220703
14.286999999998443,21.34787368774414,1.0231943130493164,0.9736738801002502,1.1741464138031006,0.6175975203514099,0.0,0.0,23.023408889770508,196.4659423828125,50.2734375,25.296875,-0.9449631188380001,-11.030102729797363
14.303999999998268,21.4355583190918,0.9711520671844482,0.998333752155304,1.0777409076690674,0.3986116945743561,0.0,0.0,23.086095809936523,196.44395446777344,50.2734375,25.296875,-1.0233576752237845,-10.04022216796875
14.32799999999952,21.558597564697266,0.9955500960350036,1.0121034383773804,1.072278380393982,0.440364271402359,0.0,0.0,23.1728515625,196.26744079589844,50.2734375,25.2109375,-1.0917756900145723,-10.323044776916504
14.348999999998341,21.629507064819336,1.00429368019104,0.9886128902435304,1.0815454721450806,0.2712286710739136,0.0,0.0,23.20606231689453,196.280029296875,50.296875,25.2109375,-0.9763214080219497,-8.908929824829102
14.36699999999837,21.71892738342285,1.021675944328308,1.001684546470642,1.0589972734451294,0.3267114162445068,0.0,0.0,23.245155334472656,196.33786010742188,50.296875,25.21875,-0.9891490566864183,-9.851673126220703
14.389999999999418,21.78516960144043,1.0184648036956787,0.979886829853058,1.066641330718994,0.3469001650810241,0.0,0.0,23.30677795410156,196.2060394287109,50.6953125,25.21875,-1.0661188372535213,-11.50147533416748
14.407999999999447,21.868797302246094,0.9980457425117492,0.9945989847183228,1.066641330718994,0.2506140172481537,0.0,0.0,23.43177032470703,196.32862854003903,50.6953125,25.21875,-1.0675443907882567,-11.124377250671388
14.43199999999888,21.93172264099121,1.0320250988006592,0.9788048267364502,1.073569893836975,0.1992971748113632,0.0,0.0,23.476726531982425,196.35562133789065,50.6953125,25.21875,-0.960641874571945,-9.097477912902832
14.449999999998909,22.01060676574707,1.0346254110336304,1.01473867893219,1.072383165359497,0.1992971748113632,0.0,0.0,23.612592697143555,196.3665008544922,50.6953125,25.21875,-1.0718202736764144,-10.888691902160645
14.471999999999753,22.08714485168457,0.971867561340332,1.008368730545044,1.0591020584106443,0.1591444164514541,0.0,0.0,23.680219650268555,196.2509002685547,51.1640625,25.21875,-1.0319102187161553,-10.51159381866455
14.494999999998981,22.17582321166992,0.9996862411499025,0.9858729243278505,1.055349826812744,0.3124891519546509,0.0,0.0,23.671039581298828,196.1971893310547,51.1640625,25.21875,-0.9791717373753663,-10.228771209716797
14.513999999999214,22.271015167236328,1.0274176597595217,1.010375738143921,1.0606204271316528,0.206356942653656,0.0,0.0,23.78243637084961,196.2690887451172,51.1640625,25.21875,-1.0262087822932593,-10.087359428405762
14.53599999999824,22.350236892700195,0.9949392676353456,0.9887176156044006,1.043831467628479,0.0989175885915756,0.0,0.0,23.86065673828125,196.1717987060547,51.1640625,25.28125,-1.0490145279848353,-9.710261344909668
14.558999999999287,22.441783905029297,1.036318302154541,0.9960300326347352,1.048351526260376,0.1495118886232376,0.0,0.0,23.854217529296875,196.24215698242188,51.6796875,25.28125,-0.9321346924574717,-9.521713256835938
14.579999999999927,22.5074462890625,1.0174524784088137,0.9949480295181274,1.0761178731918335,0.1042009219527244,0.0,0.0,23.964200973510746,196.1294860839844,51.6796875,25.28125,-0.9834476202635225,-9.61598777770996
14.597999999998137,22.567646026611328,1.038185715675354,0.9740927219390868,1.0668333768844604,0.1562942862510681,0.0,0.0,24.0067138671875,196.15440368652344,51.6796875,25.28125,-0.9634929816414214,-9.521713256835938
14.619999999998981,22.654285430908203,0.9997037053108216,0.9784906506538392,1.0643725395202637,0.1557279974222183,0.0,0.0,24.037376403808597,196.26654052734372,51.6796875,25.3203125,-0.9677688645295776,-10.134496688842772
14.64299999999821,22.75113296508789,1.0350792407989502,1.0174437761306765,1.059119462966919,0.0969348847866058,0.0,0.0,24.095125198364254,196.1709899902344,52.171875,25.3203125,-0.9592163210372069,-8.956067085266113
14.659999999999854,22.81922912597656,1.0356900691986084,1.0081942081451416,1.0530985593795776,0.0535938516259193,0.0,0.0,24.193782806396484,196.2155914306641,52.171875,25.3203125,-0.9777461838406282,-10.181633949279783
14.68199999999888,22.903818130493164,0.9695115685462952,0.9742672443389891,1.0388749837875366,0.0500746257603168,0.0,0.0,24.286489486694336,196.0911407470703,52.171875,25.3203125,-0.9592163210372069,-9.521713256835938
14.705999999998312,22.980453491210938,0.9691625237464904,1.00184166431427,1.0716850757598877,0.0550534650683403,0.0,0.0,24.27901840209961,196.16677856445312,52.171875,25.234375,-0.9492390017261563,-8.626106262207031
14.722999999998137,23.08189392089844,1.00429368019104,1.017932415008545,1.038613200187683,0.0,0.0,0.0,24.350643157958984,196.1110382080078,52.6796875,25.234375,-0.9378361288803676,-9.33316421508789
14.744999999998981,23.15816116333008,1.0130720138549805,0.9890666604042052,1.0600444078445437,0.0538481622934341,0.0,0.0,24.510818481445312,196.16017150878903,52.6796875,25.234375,-0.9520901087956326,-8.720380783081055
14.764999999999418,23.21202278137207,0.9882376790046692,0.9739879965782166,1.0511263608932495,0.0,0.0,0.0,24.577991485595703,196.1579742431641,52.6796875,25.234375,-0.960641874571945,-10.323044776916504
14.786999999998443,23.29415702819824,0.9890928268432616,1.0150529146194458,1.0837619304656982,0.0,0.0,0.0,24.568723678588867,196.197021484375,52.6796875,25.2734375,-1.0119548023779943,-9.380301475524902
14.80699999999888,23.38119888305664,1.0316760540008545,0.9943022727966307,1.0436569452285769,0.0,0.0,0.0,24.6447811126709,196.10484313964844,53.171875,25.2734375,-1.0119548023779943,-9.097477912902832
14.828999999999724,23.439117431640625,0.995131254196167,0.973656415939331,1.0541805028915403,0.0550270304083824,0.0,0.0,24.634746551513672,196.1158905029297,53.171875,25.2734375,-0.9777461838406282,-8.57896900177002
14.848999999998341,23.50990867614746,0.9750438928604126,1.002784013748169,1.0260651111602783,0.0,0.0,0.0,24.73329734802246,196.08718872070312,53.171875,25.2734375,-0.9677688645295776,-9.56885051727295
14.870999999999185,23.599197387695312,0.9761782288551332,1.0028014183044434,1.0768682956695557,0.0,0.0,0.0,24.7883243560791,196.1539306640625,53.171875,25.28125,-0.9834476202635225,-9.61598777770996
14.89299999999821,23.702110290527344,0.9935954809188844,0.99363911151886,1.01952064037323,0.0,0.0,0.0,24.80445098876953,196.1461944580078,53.75,25.28125,-0.9677688645295776,-9.427438735961914
14.915999999999258,23.773588180541992,1.0079585313796997,1.0077579021453855,1.059154391288757,0.0,0.0,0.0,24.90268898010254,196.14170837402344,53.75,25.28125,-0.9164559367235268,-9.380301475524902
14.933999999999287,23.815549850463867,1.025340914726257,0.9738309383392334,1.051388144493103,0.0,0.0,0.0,24.993003845214844,196.1452789306641,53.75,25.28125,-0.9777461838406282,-9.238889694213867
14.95299999999952,23.896297454833984,0.9979934096336364,0.9866931438446044,1.072941541671753,0.0,0.0,0.0,25.137454986572266,196.245361328125,53.75,25.2109375,-0.9720447474177323,-8.107597351074219
14.975999999998749,23.999069213867188,0.9742934107780457,0.9659076929092408,1.0585086345672607,0.0,0.0,0.0,25.276094436645508,196.12954711914065,54.15625,25.2109375,-0.9520901087956326,-10.087359428405762
14.997999999999593,24.07402610778809,1.031030297279358,0.9809688925743104,1.044145584106445,0.0,0.0,0.0,25.37995147705078,196.22108459472656,54.15625,25.2109375,-0.9335602459922113,-9.945947647094728
15.015999999999622,24.136985778808597,1.0090231895446775,1.010079026222229,1.0594860315322876,0.0,0.0,0.0,25.42391395568848,195.99432373046875,54.15625,25.2109375,-1.0062533659550985,-10.087359428405762
15.037999999998647,24.224878311157227,1.0120424032211304,1.00925874710083,1.0582817792892456,0.0,0.0,0.0,25.4488525390625,196.0832977294922,54.15625,25.28125,-0.9763214080219497,-9.191752433776855
15.060999999999694,24.30950927734375,0.9709076881408693,0.9736040830612184,1.0719642639160156,0.0,0.0,0.0,25.518451690673828,195.93841552734372,54.40625,25.28125,-0.9777461838406282,-10.275908470153809
15.07799999999952,24.36858558654785,1.01855206489563,1.0232902765274048,1.0591893196105957,0.0,0.0,0.0,25.645118713378903,196.07321166992188,54.40625,25.28125,-0.9649177574601012,-9.56885051727295
15.100999999998749,24.43344116210937,1.0049045085906982,0.9870421886444092,1.0432555675506592,0.0,0.0,0.0,25.66772079467773,196.1400604248047,54.40625,25.28125,-0.9520901087956326,-9.097477912902832
15.118999999998778,24.496782302856445,0.9560210704803468,1.0211786031723022,1.05966055393219,0.0,0.0,0.0,25.754404067993164,195.97393798828125,54.40625,25.28125,-0.9820228444448426,-9.144615173339844
15.139999999999418,24.576799392700195,1.035306096076965,1.0055240392684937,1.076013207435608,0.0,0.0,0.0,25.89417839050293,195.9927215576172,54.7890625,25.28125,-1.0233576752237845,-9.56885051727295
15.162999999998647,24.653818130493164,1.0234037637710571,0.9782812595367432,1.0596953630447388,0.0,0.0,0.0,25.883689880371094,196.05848693847656,54.7890625,25.28125,-0.9991271537135242,-9.75739860534668
15.180999999998676,24.72291755676269,1.0344159603118896,0.9875308871269226,1.051772117614746,0.0,0.0,0.0,25.916221618652344,195.9884033203125,54.7890625,25.28125,-0.9720447474177323,-9.75739860534668
15.203999999999724,24.79153823852539,1.0071208477020264,1.035419464111328,1.0429937839508057,0.0,0.0,0.0,25.94264411926269,195.9694061279297,54.7890625,25.28125,-0.9934257172906313,-9.097477912902832
15.221999999999753,24.849512100219727,1.034887194633484,0.9806547164916992,1.0597302913665771,0.0,0.0,0.0,25.983341217041016,195.99197387695312,54.7890625,25.28125,-0.9991271537135242,-9.144615173339844
15.243999999998778,24.907114028930664,1.0376096963882446,1.0051400661468506,1.054320216178894,0.0,0.0,0.0,26.08433723449707,196.0179443359375,55.3125,25.28125,-1.00482859013642,-9.61598777770996
15.266999999999825,25.009918212890625,0.9685690999031068,1.0021557807922363,1.0437965393066406,0.0,0.0,0.0,26.13671112060547,195.9929351806641,55.3125,25.28125,-0.9663433109948394,-9.61598777770996
15.28399999999965,25.07973861694336,0.9964401721954346,1.0185956954956057,1.0604982376098633,0.0,0.0,0.0,26.13028907775879,195.89659118652344,55.3125,25.28125,-1.0404627622085245,-9.851673126220703
15.30699999999888,25.126379013061523,1.0024436712265017,0.9867106080055236,1.0445992946624756,0.0,0.0,0.0,26.26515769958496,195.98583984375,55.3125,25.3203125,-0.9948504931093113,-9.427438735961914
15.324999999998909,25.22850608825684,1.0309081077575684,0.9870596528053284,1.0644947290420532,0.0,0.0,0.0,26.39800453186035,195.77207946777344,55.8203125,25.3203125,-0.9891490566864183,-9.61598777770996
15.348999999998341,25.28691673278809,1.0248347520828247,1.0220162868499756,1.059643030166626,0.0,0.0,0.0,26.37608528137207,195.88848876953125,55.8203125,25.3203125,-0.9948504931093113,-8.767518043518066
15.36699999999837,25.35993194580078,0.9788833260536194,1.0058032274246216,1.0702539682388306,0.0,0.0,0.0,26.40692138671875,195.8094787597656,56.4765625,25.3203125,-0.9948504931093113,-9.33316421508789
15.389999999999418,25.402318954467773,1.016108751296997,0.9770421385765076,1.0651230812072754,0.0,0.0,0.0,26.447044372558597,195.8382873535156,56.4765625,25.28125,-1.0162314629822102,-8.956067085266113
15.411999999998443,25.493309020996094,0.9706982970237732,0.9725045561790466,1.0587704181671145,0.0,0.0,0.0,26.613922119140625,195.8142852783203,56.4765625,25.28125,-0.9691944180643157,-9.144615173339844
15.429999999998472,25.554500579833984,1.018604397773743,1.006082534790039,1.0722609758377075,0.0,0.0,0.0,26.60362434387207,195.8011016845703,56.4765625,25.2578125,-1.0319102187161553,-9.521713256835938
15.451999999999316,25.603683471679688,0.9850090146064758,0.9922778606414796,1.062400460243225,0.0,0.0,0.0,26.688390731811523,195.7790679931641,56.96875,25.2578125,-1.0490145279848353,-8.673243522644043
15.469999999999345,25.67992782592773,0.9959689378738404,1.036920428276062,1.0738141536712646,0.0,0.0,0.0,26.80582618713379,195.8210601806641,56.96875,25.2578125,-1.0561415179424694,-8.673243522644043
15.490999999998166,25.75630187988281,1.004729986190796,1.0002883672714231,1.058700680732727,0.0,0.0,0.0,26.758302688598636,195.63397216796875,56.96875,25.2578125,-1.0946260193679918,-9.61598777770996
15.51299999999901,25.822872161865234,0.9934558868408204,0.9803056716918944,1.0432729721069336,0.0,0.0,0.0,26.80980491638184,195.7145233154297,56.96875,25.234375,-1.0447386450966807,-9.003203392028809
15.531999999999243,25.920352935791016,1.0252361297607422,1.0128015279769895,1.0469902753829956,0.0,0.0,0.0,26.90376663208008,195.6009521484375,57.3828125,25.234375,-1.0433130915619424,-9.75739860534668
15.553999999998268,25.97776985168457,1.017731785774231,0.9845989346504213,1.042923927307129,0.0,0.0,0.0,26.988182067871094,195.72097778320312,57.3828125,25.234375,-1.020507345870365,-8.86179256439209
15.575999999999112,26.034292221069336,0.9976792931556702,0.9754889011383056,1.0602364540100098,0.0,0.0,0.0,26.97732734680176,195.60223388671875,57.3828125,25.234375,-1.0547159644077313,-9.663124084472656
15.593999999999141,26.085132598876957,1.0327579975128174,1.0161174535751345,1.0505504608154297,0.0,0.0,0.0,27.06537437438965,195.57278442382807,57.3828125,25.2578125,-1.00482859013642,-8.814655303955078
15.615999999998166,26.17431259155273,1.0247650146484375,0.97664076089859,1.0598524808883667,0.0,0.0,0.0,27.081098556518555,195.6148223876953,57.8359375,25.2578125,-1.0447386450966807,-9.474575996398926
15.636999999998807,26.21704864501953,0.9748693704605104,0.975593626499176,1.0474265813827517,0.0,0.0,0.0,27.126089096069336,195.7198638916016,57.8359375,25.2578125,-1.0618429543653638,-8.956067085266113
15.65599999999904,26.309349060058597,1.0043634176254272,0.988071858882904,1.0213356018066406,0.0,0.0,0.0,27.183053970336918,195.6084747314453,57.8359375,25.2578125,-1.0632685079001019,-9.380301475524902
15.67699999999968,26.342432022094727,1.037958741188049,0.9711607694625854,1.072801947593689,0.0,0.0,0.0,27.123350143432617,195.6096954345703,57.8359375,25.3515625,-0.9934257172906313,-9.191752433776855
15.698999999998705,26.447341918945312,1.0257772207260132,0.9897298216819764,1.040096640586853,0.0,0.0,0.0,27.36733055114746,195.63140869140625,58.21875,25.3515625,-1.03618610160431,-9.003203392028809
15.717999999998938,26.51492500305176,0.9894593358039856,1.002923607826233,1.0442153215408323,0.0,0.0,0.0,27.41942405700684,195.528564453125,58.21875,25.3515625,-1.0304846651814141,-8.15473461151123
15.739999999999782,26.57540702819824,1.013874888420105,0.9842498898506165,1.0125572681427002,0.0,0.0,0.0,27.420019149780277,195.48492431640625,58.21875,25.3515625,-1.0661188372535213,-8.201871871948242
15.760999999998603,26.62972640991211,1.0054105520248413,0.9690141677856444,1.0581945180892944,0.0,0.0,0.0,27.496301651000977,195.5657958984375,58.21875,25.2578125,-1.003403036601682,-9.28602695465088
15.782999999999447,26.722768783569336,1.023543357849121,0.9828187823295592,1.0437790155410769,0.0,0.0,0.0,27.514522552490234,195.60452270507807,58.21875,25.2578125,-1.0646932837187804,-8.626106262207031
15.799999999999272,26.78481101989746,1.0173652172088623,0.974755883216858,1.045454502105713,0.0,0.0,0.0,27.58820533752441,195.5462188720703,58.5859375,25.2578125,-1.0461641986314187,-8.296146392822266
15.821999999998297,26.8411922454834,1.0076444149017334,1.0259430408477783,1.052225947380066,0.0,0.0,0.0,27.661067962646484,195.5167694091797,58.5859375,25.2578125,-1.0404627622085245,-8.767518043518066
15.844999999999345,26.90953826904297,0.9755674004554749,1.019660234451294,1.0440233945846558,0.0,0.0,0.0,27.75260353088379,195.45431518554688,58.5859375,25.2421875,-1.00482859013642,-8.437557220458984
15.862999999999374,26.961240768432617,1.0050441026687622,0.9810910224914552,1.046484112739563,0.0,0.0,0.0,27.766809463500977,195.54302978515625,58.5859375,25.2421875,-1.0589918472958875,-9.144615173339844
15.883999999998196,27.027231216430664,1.036981463432312,1.0146340131759644,1.054983377456665,0.0,0.0,0.0,27.83311080932617,195.53854370117188,58.96875,25.2421875,-1.0518656350543116,-8.201871871948242
15.907999999999447,27.111602783203125,1.037278175354004,1.0260303020477295,1.0417721271514893,0.0,0.0,0.0,27.849096298217773,195.52621459960935,58.96875,25.2421875,-1.0461641986314187,-8.060460090637207
15.925999999999476,27.157360076904297,1.0095990896224976,1.0021557807922363,1.0718071460723877,0.0,0.0,0.0,27.95349502563477,195.4197998046875,58.96875,25.296875,-1.106028892213782,-8.296146392822266
15.946999999998297,27.237279891967773,1.0373131036758425,0.9888572096824646,1.039869785308838,0.0,0.0,0.0,27.92023086547852,195.3945159912109,58.96875,25.296875,-1.0817975929874664,-9.28602695465088
15.96599999999853,27.306400299072266,1.0375573635101318,0.9747210144996644,1.0371123552322388,0.0,0.0,0.0,27.95419311523437,195.50103759765625,59.234375,25.296875,-1.0989026799722061,-8.673243522644043
15.987999999999374,27.368072509765625,1.0083600282669067,0.9738134741783142,1.058822751045227,0.0,0.0,0.0,28.067405700683597,195.34649658203125,59.234375,25.296875,-1.0860742535916794,-9.28602695465088
16.0099999999984,27.44411849975586,1.0384125709533691,1.0083861351013184,1.0598175525665283,0.0,0.0,0.0,28.138259887695312,195.4493560791016,59.234375,25.2734375,-1.020507345870365,-8.956067085266113
16.031999999999243,27.489681243896484,1.0523393154144287,0.9933773279190063,1.0289796590805054,0.0,0.0,0.0,28.26466560363769,195.2843475341797,59.234375,25.2734375,-1.020507345870365,-9.427438735961914
16.04899999999907,27.56441879272461,1.0247474908828735,1.022382736206055,1.046169996261597,0.0,0.0,0.0,28.26784324645996,195.3777618408203,59.484375,25.2734375,-1.0547159644077313,-8.531831741333008
16.0729999999985,27.608474731445312,1.0232466459274292,0.9850177764892578,1.0574790239334106,0.0,0.0,0.0,28.27737236022949,195.34762573242188,59.484375,25.2734375,-1.0860742535916794,-7.259127616882324
16.09099999999853,27.697099685668945,1.0157946348190308,1.0030457973480225,1.0438662767410278,0.0,0.0,0.0,28.35402107238769,195.3307647705078,59.484375,25.234375,-1.0290591116466774,-8.201871871948242
16.112999999999374,27.77518653869629,1.0045554637908936,0.999520480632782,1.0442328453063965,0.0,0.0,0.0,28.344301223754883,195.4599151611328,59.484375,25.234375,-1.0760961565645706,-7.117716312408447
16.1349999999984,27.821369171142575,1.037871479988098,0.977757692337036,1.0643725395202637,0.0,0.0,0.0,28.487932205200195,195.2772521972656,59.734375,25.234375,-1.0661188372535213,-8.626106262207031
16.156999999999243,27.862926483154297,1.051711082458496,0.9874086976051332,1.0363095998764038,0.0,0.0,0.0,28.59173583984375,195.3523712158203,59.734375,25.234375,-1.0661188372535213,-8.343282699584961
16.17399999999907,27.94994735717773,1.0213792324066162,0.9741625189781188,1.0717723369598389,0.0,0.0,0.0,28.743186950683597,195.4110412597656,59.734375,25.234375,-1.0547159644077313,-8.060460090637207
16.195999999999913,28.007474899291992,1.0188312530517578,1.0588576793670654,1.058613419532776,0.0,0.0,0.0,28.714494705200195,195.29150390625,59.734375,25.234375,-1.0675443907882567,-9.33316421508789
16.214999999998327,28.06309127807617,0.9988660216331482,1.007164478302002,1.049032211303711,0.0,0.0,0.0,28.8426456451416,195.2510681152344,59.96875,25.234375,-1.0461641986314187,-8.956067085266113
16.23699999999917,28.137874603271484,1.0186916589736938,1.0365887880325315,1.047670841217041,0.0,0.0,0.0,28.88257598876953,195.2098388671875,59.96875,25.234375,-1.0233576752237845,-9.003203392028809
16.261999999998807,28.212928771972656,1.005096435546875,0.9948782324790956,1.0555243492126465,0.0,0.0,0.0,28.913240432739254,195.1827850341797,60.140625,25.234375,-1.0561415179424694,-8.013322830200195
16.278999999998632,28.278953552246094,1.0141366720199585,0.9890841245651244,1.054459810256958,0.0,0.0,0.0,29.005998611450195,195.20556640625,60.140625,25.28125,-1.0946260193679918,-9.427438735961914
16.29899999999907,28.321754455566406,0.995201051235199,0.993865966796875,1.03913676738739,0.0,0.0,0.0,29.036521911621094,195.28936767578125,60.140625,25.28125,-1.0618429543653638,-8.814655303955078
16.320999999999913,28.375408172607425,1.029546856880188,0.9745639562606812,1.0642329454421997,0.0,0.0,0.0,29.124340057373047,195.16070556640625,60.140625,25.28125,-1.0917756900145723,-8.720380783081055
16.339999999998327,28.477458953857425,1.041885495185852,0.9847036004066468,1.0801668167114258,0.0,0.0,0.0,29.24605178833008,195.2271728515625,60.3203125,25.28125,-1.0475889744501001,-8.013322830200195
16.36199999999917,28.491596221923828,1.0374701023101809,0.9925570487976074,1.059259057044983,0.0,0.0,0.0,29.208721160888672,195.11648559570312,60.3203125,25.3203125,-1.0689699443229963,-7.87191104888916
16.383999999998196,28.570316314697266,0.9743806719779968,0.9793457984924316,1.0503411293029783,0.0,0.0,0.0,29.254777908325195,195.11898803710935,60.3203125,25.3203125,-1.053290410872993,-7.117716312408447
16.401999999998225,28.641565322875977,1.0057421922683716,1.006728172302246,1.0500094890594482,0.0,0.0,0.0,29.28038024902344,195.20433044433597,60.3203125,25.3203125,-1.0447386450966807,-7.164853096008301
16.42399999999907,28.710128784179688,0.9987264275550842,0.9933947920799256,1.0438488721847534,0.0,0.0,0.0,29.37860107421875,195.1891326904297,60.3203125,25.3203125,-1.0946260193679918,-8.437557220458984
16.445999999999913,28.76117706298828,0.9706459045410156,0.9754889011383056,1.0429588556289673,0.0,0.0,0.0,29.465391159057617,195.10687255859372,60.453125,25.3203125,-1.0247832287585212,-7.683362483978271
16.463999999999942,28.826982498168945,1.0306986570358276,1.0037788152694702,1.052906513214111,0.0,0.0,0.0,29.36767578125,195.1853485107422,60.453125,25.3203125,-1.0889245829450975,-8.531831741333008
16.485999999998967,28.8732967376709,0.9779059886932372,0.979014217853546,1.0380198955535889,0.0,0.0,0.0,29.600557327270508,195.18923950195312,60.453125,25.3203125,-1.0675443907882567,-7.400539398193359
16.5049999999992,28.936166763305664,0.9968590140342712,1.0349483489990234,1.0590497255325315,0.0,0.0,0.0,29.53413391113281,195.1487579345703,60.453125,25.3203125,-1.0575670714772074,-8.249009132385254
16.52599999999984,29.01847648620605,0.9837175607681274,1.0185956954956057,1.054320216178894,0.0,0.0,0.0,29.563121795654297,195.08697509765625,60.5703125,25.3203125,-1.0646932837187804,-7.777637004852295
16.545999999998457,29.07905578613281,0.9693021178245544,0.986361563205719,1.043150782585144,0.0,0.0,0.0,29.69554901123047,195.11605834960935,60.5703125,25.3203125,-1.0703947201416761,-6.6934814453125
16.5679999999993,29.13492584228516,0.9845203757286072,1.0144245624542236,1.0533603429794312,0.0,0.0,0.0,29.68595123291016,195.06964111328125,60.5703125,25.28125,-1.0333357722508905,-7.919048309326172
16.588999999999942,29.177465438842773,0.9836652278900146,1.0031853914260864,1.0518244504928589,0.0,0.0,0.0,29.768585205078125,195.1052703857422,60.5703125,25.28125,-1.078947263634047,-7.777637004852295
16.609999999998763,29.23005104064941,1.0037351846694946,1.0452450513839722,1.0325050354003906,0.0,0.0,0.0,29.79279136657715,195.0837860107422,60.71875,25.28125,-1.1031785628603625,-8.484694480895996
16.6299999999992,29.312522888183597,1.012147068977356,0.9597645401954652,1.0318766832351685,0.0,0.0,0.0,29.888568878173828,195.0455322265625,60.71875,25.28125,-1.0404627622085245,-8.908929824829102
16.65099999999984,29.35937118530273,0.997749090194702,0.9918764233589172,1.039049506187439,0.0,0.0,0.0,29.89678955078125,195.04510498046875,60.71875,25.3046875,-1.0675443907882567,-6.9291672706604
16.669999999998254,29.416635513305664,1.0054978132247925,1.0351228713989258,1.0463968515396118,0.0,0.0,0.0,29.874311447143555,195.08665466308597,60.71875,25.3046875,-1.0518656350543116,-8.060460090637207
16.691999999999098,29.48275756835937,0.981169581413269,0.9876879453659058,1.0542852878570557,0.0,0.0,0.0,30.028675079345703,195.0083465576172,60.8046875,25.3046875,-1.0846487000569411,-7.306264877319336
16.714999999998327,29.52647399902344,0.9888659715652466,0.9743894338607788,1.0589449405670166,0.0,0.0,0.0,30.13068199157715,195.1786193847656,60.8046875,25.3046875,-1.0732458272111525,-7.494813442230225
16.730999999999767,29.57926750183105,1.0140668153762815,0.9887176156044006,1.0440059900283811,0.0,0.0,0.0,30.079774856567383,195.0141143798828,60.8046875,25.3046875,-1.0304846651814141,-7.589087963104248
16.7549999999992,29.66431427001953,1.023595690727234,1.022469997406006,1.0510566234588623,0.0,0.0,0.0,30.108064651489254,195.03619384765625,60.8046875,25.4140625,-1.0718202736764144,-7.494813442230225
16.77299999999923,29.71099853515625,0.9825657606124878,1.010358214378357,1.0396080017089844,0.0,0.0,0.0,30.135168075561523,195.02349853515625,60.8828125,25.4140625,-1.0290591116466774,-7.777637004852295
16.794999999998254,29.755239486694336,1.0191802978515625,0.9748780727386476,1.0434998273849487,0.0,0.0,0.0,30.26572799682617,195.07791137695312,60.8828125,25.4140625,-1.0889245829450975,-7.400539398193359
16.8179999999993,29.83736228942871,1.0018677711486816,0.9950701594352722,1.0480374097824097,0.0,0.0,0.0,30.24811744689941,195.1395263671875,60.8828125,25.4140625,-1.0547159644077313,-6.9291672706604
16.841999999998734,29.918657302856445,1.0028975009918213,0.9739879965782166,1.054896116256714,0.0,0.0,0.0,30.33539581298828,195.0003967285156,60.8828125,25.3828125,-1.0219328994051031,-7.966185569763184
16.85899999999856,29.964075088500977,1.013578176498413,1.0175659656524658,1.053796648979187,0.0,0.0,0.0,30.42412376403809,195.0183258056641,60.96875,25.3828125,-1.0689699443229963,-8.57896900177002
16.880999999999403,30.01779556274414,1.0382380485534668,0.9814400672912598,1.0422084331512451,0.0,0.0,0.0,30.467439651489254,194.9933013916016,60.96875,25.3828125,-1.0575670714772074,-7.777637004852295
16.90299999999843,30.07929229736328,0.9836652278900146,0.98918879032135,1.0280547142028809,0.0,0.0,0.0,30.47047615051269,195.0761566162109,60.96875,25.3828125,-1.0347613257856314,-8.720380783081055
16.919999999998254,30.125104904174805,0.9962656497955322,0.9697297215461732,1.0589972734451294,0.0,0.0,0.0,30.53885269165039,194.96481323242188,60.96875,25.28125,-1.0575670714772074,-6.740618705749512
16.941999999999098,30.18123435974121,1.0143635272979736,0.9803754687309264,1.0426098108291626,0.0,0.0,0.0,30.52225685119629,195.0779571533203,61.0234375,25.28125,-1.0233576752237845,-7.353402137756348
16.96099999999933,30.24884986877441,0.9810473918914796,1.0158207416534424,1.042819261550903,0.0,0.0,0.0,30.72278213500977,194.91612243652344,61.0234375,25.28125,-1.0376116551390482,-6.6934814453125
16.981999999998152,30.27947998046875,0.9553578495979308,0.9870596528053284,1.0601316690444946,0.0,0.0,0.0,30.6739501953125,194.9290313720703,61.0234375,25.28125,-0.9948504931093113,-7.070579051971436
17.000999999998385,30.36675071716309,1.00486958026886,1.0313880443572998,1.0598698854446411,0.0,0.0,0.0,30.70712661743164,194.9467315673828,61.0234375,25.3671875,-1.0461641986314187,-6.6934814453125
17.02299999999923,30.4128360748291,1.0231070518493652,1.0187876224517822,1.0312135219573977,0.0,0.0,0.0,30.7780876159668,194.8087921142578,61.0234375,25.3671875,-1.0133803559127326,-6.834892749786377
17.044999999998254,30.472631454467773,0.9972255229949952,0.9759252071380616,1.0354020595550537,0.0,0.0,0.0,30.80904769897461,194.86688232421875,61.1015625,25.3671875,-1.0390372086737862,-7.966185569763184
17.063999999998487,30.51834487915039,0.9822167158126832,1.0162919759750366,1.0418941974639893,0.0,0.0,0.0,30.82948303222656,194.7799224853516,61.1015625,25.3671875,-1.0347613257856314,-7.353402137756348
17.08599999999933,30.588207244873047,0.9822341203689576,1.0155938863754272,1.0243548154830933,0.0,0.0,0.0,30.91149139404297,194.82627868652344,61.171875,25.2578125,-0.9991271537135242,-7.63622522354126
17.104999999999563,30.644065856933597,0.9951836466789246,0.9945291876792908,1.053115963935852,0.0,0.0,0.0,30.932870864868164,194.8756866455078,61.171875,25.2578125,-1.053290410872993,-6.599206924438477
17.12699999999859,30.68345260620117,1.0115188360214231,0.9849653840065002,1.0591020584106443,0.0,0.0,0.0,30.963882446289062,194.89627075195312,61.171875,25.2578125,-1.0675443907882567,-6.976304531097412
17.146999999999025,30.755943298339844,1.0043460130691528,1.0181244611740112,1.0740759372711182,0.0,0.0,0.0,31.11267852783203,194.8044586181641,61.171875,25.2578125,-1.0846487000569411,-7.589087963104248
17.16899999999987,30.81416893005371,0.9895291328430176,1.049171805381775,1.0593115091323853,0.0,0.0,0.0,31.15056800842285,194.7664337158203,61.1796875,25.34375,-1.03618610160431,-7.211990356445312
17.187999999998283,30.85231208801269,1.0189708471298218,1.0286829471588137,1.0698176622390747,0.0,0.0,0.0,31.188106536865234,194.6631622314453,61.1796875,25.34375,-1.0376116551390482,-6.4577956199646
17.208999999998923,30.92435646057129,1.0217981338500977,1.0252623558044434,1.053255558013916,0.0,0.0,0.0,31.21538543701172,194.72189331054688,61.1796875,25.34375,-1.0105300265593145,-7.777637004852295
17.22899999999936,30.9653263092041,1.0374876260757446,0.9818240404129028,1.0483165979385376,0.0,0.0,0.0,31.207672119140625,194.8070831298828,61.1796875,25.34375,-1.0176562388008887,-7.023441791534424
17.250999999998385,31.065195083618164,1.0117456912994385,1.002347707748413,1.0657687187194824,0.0,0.0,0.0,31.347043991088867,194.74403381347656,61.171875,25.3828125,-1.0447386450966807,-7.589087963104248
17.271999999999025,31.068260192871094,1.033508539199829,0.9887176156044006,1.0342676639556885,0.0,0.0,0.0,31.380342483520508,194.69808959960935,61.171875,25.3828125,-1.0760961565645706,-7.730499744415283
17.29399999999987,31.141265869140625,1.0274176597595217,0.9872167110443116,1.0660480260849,0.0,0.0,0.0,31.431774139404297,194.83258056640625,61.171875,25.3828125,-1.0775217100993086,-7.447676658630371
17.311999999999898,31.19486427307129,0.9785168170928956,1.0008991956710815,1.0435521602630615,0.0,0.0,0.0,31.478858947753903,194.77752685546875,61.171875,25.3828125,-1.0447386450966807,-7.63622522354126
17.334999999999127,31.237394332885746,0.98331618309021,0.9808467030525208,1.0436044931411743,0.0,0.0,0.0,31.47138977050781,194.6867828369141,61.1953125,25.3828125,-1.0105300265593145,-7.447676658630371
17.351999999998952,31.28599739074707,1.0033338069915771,1.0214751958847046,1.0429762601852417,0.0,0.0,0.0,31.546783447265625,194.7959899902344,61.1953125,25.3828125,-1.0832231465222015,-6.410658359527588
17.375999999998385,31.360191345214844,1.023298978805542,1.0145641565322876,1.059346318244934,0.0,0.0,0.0,31.568302154541016,194.69195556640625,61.1953125,25.3828125,-1.0732458272111525,-6.9291672706604
17.39799999999923,31.401182174682617,1.0388662815093994,0.965994954109192,1.0527843236923218,0.0,0.0,0.0,31.701322555541992,194.72967529296875,61.1953125,25.296875,-1.0290591116466774,-7.683362483978271
17.415999999999258,31.46395492553711,1.0458296537399292,0.9985780715942384,1.0539711713790894,0.0,0.0,0.0,31.63877296447754,194.65611267089844,61.2265625,25.296875,-0.9977016001787875,-8.437557220458984
17.437999999998283,31.50391960144043,1.0321472883224487,0.9770596027374268,1.0501141548156738,0.0,0.0,0.0,31.66847801208496,194.6237335205078,61.2265625,25.296875,-0.9905746102211536,-6.4577956199646
17.461999999999534,31.5736083984375,1.0245555639266968,1.0042500495910645,1.0585261583328247,0.0,0.0,0.0,31.807676315307617,194.5889587402344,61.2265625,25.296875,-1.0376116551390482,-6.646344184875488
17.48399999999856,31.632259368896484,1.0066148042678833,1.0185781717300415,1.0263793468475342,0.0,0.0,0.0,31.787378311157227,194.5553436279297,61.2265625,25.34375,-1.0076789194898397,-7.777637004852295
17.50199999999859,31.660619735717773,0.9908031225204468,0.989782214164734,1.0438662767410278,0.0,0.0,0.0,31.85617446899414,194.5458984375,61.1796875,25.34375,-1.0105300265593145,-7.683362483978271
17.523999999999432,31.727296829223636,1.0089184045791626,0.9882463812828064,1.0427494049072266,0.0,0.0,0.0,31.87591361999512,194.5651092529297,61.1796875,25.34375,-1.0233576752237845,-7.494813442230225
17.545999999998457,31.78062438964844,0.9895814657211304,0.9940056204795836,1.0211087465286257,0.0,0.0,0.0,32.054691314697266,194.57167053222656,61.1796875,25.34375,-1.0547159644077313,-6.787755966186523
17.568999999999505,31.830013275146484,0.9696162343025208,1.026292085647583,1.032679557800293,0.0,0.0,0.0,31.99106216430664,194.6838531494141,61.1796875,25.3828125,-1.0675443907882567,-6.9291672706604
17.586999999999534,31.89013671875,0.992164433002472,1.009119153022766,1.0263268947601318,0.0,0.0,0.0,32.07046890258789,194.6129608154297,61.234375,25.3828125,-1.0846487000569411,-7.164853096008301
17.607999999998356,31.935718536376957,0.9844156503677368,0.9857158660888672,1.061754822731018,0.0,0.0,0.0,32.18045425415039,194.60708618164065,61.234375,25.3828125,-1.0589918472958875,-6.740618705749512
17.625999999998385,31.98703956604004,1.0129847526550293,1.0111610889434814,1.0206550359725952,0.0,0.0,0.0,32.337520599365234,194.77171325683597,61.234375,25.3828125,-1.0376116551390482,-7.589087963104248
17.648999999999432,32.04466247558594,1.0043460130691528,1.0211087465286257,1.0432380437850952,0.0,0.0,0.0,32.37324523925781,194.61428833007807,61.234375,25.3515625,-0.9748958544872086,-8.15473461151123
17.67199999999866,32.0794792175293,1.0376795530319214,0.9812480807304382,1.0545819997787476,0.0,0.0,0.0,32.359405517578125,194.6910552978516,61.1953125,25.3515625,-1.0490145279848353,-6.787755966186523
17.688999999998487,32.13673400878906,1.0262658596038818,1.0295032262802124,1.0556814670562744,0.0,0.0,0.0,32.540645599365234,194.7750701904297,61.1953125,25.3515625,-0.9948504931093113,-6.834892749786377
17.711999999999534,32.19472122192383,1.012845158576965,1.0139185190200806,1.0434824228286743,0.0,0.0,0.0,32.52059555053711,194.9323272705078,61.1953125,25.3515625,-1.0190817923356268,-7.541950702667236
17.729999999999563,32.24388885498047,1.0057421922683716,1.0075658559799194,1.1009347438812256,0.0,0.0,0.0,32.547733306884766,195.1561737060547,61.1953125,25.4140625,-1.0148059094474693,-8.060460090637207
17.75199999999859,32.28363800048828,1.0027927160263062,1.0201314687728882,1.0731685161590576,0.0,0.0,0.0,32.57431411743164,195.47528076171875,61.1953125,25.4140625,-1.0133803559127326,-7.023441791534424
17.77099999999882,32.33297348022461,1.016632318496704,1.0386481285095217,1.0522956848144531,0.0,0.0,0.0,32.5811882019043,196.01736450195312,61.1484375,25.4140625,-1.0176562388008887,-7.87191104888916
17.797999999998865,32.356109619140625,1.0246078968048096,1.0154716968536377,1.043726682662964,0.0,0.0,0.0,32.66083908081055,196.67990112304688,61.1484375,25.4140625,-0.9977016001787875,-7.117716312408447
17.81499999999869,32.373779296875,0.9952534437179564,1.0168853998184204,1.065070629119873,0.0,0.0,0.0,32.66884994506836,197.0855865478516,61.1484375,25.328125,-1.020507345870365,-6.834892749786377
17.833999999998923,32.39307403564453,1.037121057510376,0.9818938374519348,1.066554069519043,0.0,0.0,0.0,32.62871170043945,197.92437744140625,61.1484375,25.328125,-1.0133803559127326,-7.259127616882324
17.855999999999767,32.40030670166016,1.0220423936843872,0.9883511066436768,1.055943250656128,0.0,0.0,0.0,32.786338806152344,198.91786193847656,61.1953125,25.328125,-0.9634929816414214,-7.541950702667236
17.875999999998385,32.43266677856445,1.019058108329773,0.9912132620811462,1.0593812465667725,0.0,0.0,0.0,32.78298568725586,199.7251892089844,61.1953125,25.328125,-1.0076789194898397,-6.976304531097412
17.89799999999923,32.41367721557617,0.9890404939651488,1.0270249843597412,1.0589449405670166,0.0,0.0,0.0,32.67782211303711,200.5721435546875,61.1953125,25.296875,-1.020507345870365,-6.646344184875488
17.919999999998254,32.41329574584961,0.9715709090232848,0.9743719696998596,1.043813943862915,0.0,0.0,0.0,32.7586784362793,201.24252319335935,61.1953125,25.296875,-1.0148059094474693,-6.174972057342529
17.940999999998894,32.41265106201172,0.9868589639663696,1.028962254524231,1.0599746704101562,0.0,0.0,0.0,32.662498474121094,201.5950164794922,61.1953125,25.296875,-1.0262087822932593,-7.117716312408447
17.959999999999127,32.4068489074707,1.0177667140960691,1.0303409099578855,1.053255558013916,0.0,0.0,0.0,32.750301361083984,201.6894989013672,61.1953125,25.296875,-0.987724280867737,-6.033560752868652
17.981999999998152,32.402706146240234,1.0371733903884888,0.988071858882904,1.0425748825073242,0.0,0.0,0.0,32.751522064208984,201.6308135986328,61.171875,25.328125,-0.9948504931093113,-7.589087963104248
18.000999999998385,32.380760192871094,1.0026880502700806,0.9933773279190063,1.0593115091323853,0.0,0.0,0.0,32.761417388916016,201.63427734375,61.171875,25.328125,-1.0433130915619424,-7.63622522354126
18.023999999999432,32.41022109985352,0.9963878393173218,1.0461875200271606,1.0650008916854858,0.0,0.0,0.0,32.71974182128906,201.6765289306641,61.171875,25.328125,-0.9620674281066832,-7.259127616882324
18.044999999998254,32.37834930419922,1.0298609733581543,1.0037089586257937,1.0670427083969116,0.0,0.0,0.0,32.67591857910156,201.6124725341797,61.171875,25.328125,-0.9948504931093113,-5.986423492431641
18.063999999998487,32.386802673339844,1.0208905935287476,0.987478494644165,1.0504108667373655,0.0,0.0,0.0,32.68150329589844,201.6141662597656,61.125,25.3046875,-0.9349857995269495,-7.541950702667236
18.08599999999933,32.37887191772461,1.018237829208374,0.9895378351211548,1.0271297693252563,0.0,0.0,0.0,32.76609420776367,201.5987548828125,61.125,25.3046875,-1.0005519295322056,-7.447676658630371
18.107999999998356,32.380638122558594,0.9928973913192748,1.0036216974258425,1.0454021692276,0.0,0.0,0.0,32.761592864990234,201.61572265625,61.125,25.3515625,-0.987724280867737,-6.787755966186523
18.127999999998792,32.360164642333984,0.9905937314033508,1.0080894231796265,1.0441805124282837,0.0,0.0,0.0,32.7299690246582,201.6114501953125,61.125,25.3515625,-1.0119548023779943,-7.023441791534424
18.154999999998836,32.37935256958008,0.9968241453170776,1.0263094902038574,1.0480198860168457,0.0,0.0,0.0,32.67818832397461,201.61839294433597,61.0625,25.3515625,-0.9905746102211536,-6.740618705749512
18.170999999998457,32.37625503540039,1.0278191566467283,0.979590117931366,1.0268679857254028,0.0,0.0,0.0,32.69700241088867,201.6302795410156,61.0625,25.3515625,-1.0076789194898397,-5.326502799987793
18.1929999999993,32.36235809326172,1.0146077871322632,1.00184166431427,1.0601491928100586,0.0,0.0,0.0,32.67853546142578,201.61070251464844,61.0625,25.3828125,-1.0262087822932593,-6.4577956199646
18.209999999999127,32.354637145996094,0.9984646439552308,0.9989096522331238,1.0425922870635986,0.0,0.0,0.0,32.65583038330078,201.6195526123047,61.0625,25.3828125,-0.9777461838406282,-6.976304531097412
18.23399999999856,32.36736297607422,1.005253553390503,0.9808990359306335,1.0102535486221311,0.0,0.0,0.0,32.695220947265625,201.60499572753903,60.9765625,25.3828125,-1.003403036601682,-7.87191104888916
18.25199999999859,32.35596466064453,1.0203845500946045,1.0226095914840698,1.0295381546020508,0.0,0.0,0.0,32.674015045166016,201.60723876953125,60.9765625,25.3828125,-1.0233576752237845,-6.976304531097412
18.273999999999432,32.35625076293945,1.015445590019226,0.990742027759552,1.0579676628112793,0.0,0.0,0.0,32.68925094604492,201.63226318359372,60.9765625,25.3828125,-0.987724280867737,-6.740618705749512
18.292999999999665,32.3552131652832,0.9943633675575256,1.0539885759353638,1.052836775779724,0.0,0.0,0.0,32.66802978515625,201.5675506591797,60.9765625,25.4296875,-1.0418875380272044,-7.070579051971436
18.313999999998487,32.35489654541016,1.0045030117034912,1.0076706409454346,1.024075627326965,0.0,0.0,0.0,32.72214889526367,201.6507110595703,60.9296875,25.4296875,-1.03618610160431,-6.599206924438477
18.337999999999738,32.35904312133789,1.02436363697052,0.9957857131958008,1.027915120124817,0.0,0.0,0.0,32.55757522583008,201.61843872070312,60.9296875,25.4296875,-0.9948504931093113,-6.363521099090576
18.359999999998763,32.36722183227539,0.9582898020744324,0.9881940484046936,1.0623481273651123,0.0,0.0,0.0,32.6763916015625,201.61572265625,60.9296875,25.4296875,-0.9691944180643157,-7.63622522354126
18.377999999998792,32.34397888183594,0.9709949493408204,0.9917019009590148,1.0338313579559326,0.0,0.0,0.0,32.65745544433594,201.5372009277344,60.9296875,25.34375,-0.9991271537135242,-7.306264877319336
18.403999999998632,32.33245086669922,0.989633858203888,0.9884558320045472,1.059503436088562,0.0,0.0,0.0,32.73370361328125,201.61001586914065,60.921875,25.34375,-0.9891490566864183,-7.919048309326172
18.420999999998457,32.33333206176758,0.9707157611846924,0.9875657558441162,1.072383165359497,0.0,0.0,0.0,32.65752410888672,201.62852478027344,60.921875,25.34375,-0.9962760466440493,-6.3163838386535645
18.443999999999505,32.331817626953125,0.9902097582817078,0.977670431137085,1.0585784912109375,0.0,0.0,0.0,32.63494110107422,201.61715698242188,60.921875,25.34375,-1.0133803559127326,-6.127835273742676
18.466999999998734,32.33175277709961,1.03862202167511,1.00526225566864,1.055122971534729,0.0,0.0,0.0,32.592166900634766,201.62750244140625,60.921875,25.328125,-1.0262087822932593,-7.306264877319336
18.484999999998763,32.31820297241211,0.9958991408348083,0.9883336424827576,1.0600793361663818,0.0,0.0,0.0,32.6389045715332,201.58302307128903,60.921875,25.328125,-0.9934257172906313,-6.363521099090576
18.50799999999981,32.3322868347168,0.9639268517494202,1.036571383476257,1.054023504257202,0.0,0.0,0.0,32.63694763183594,201.58580017089844,60.921875,25.328125,-1.003403036601682,-6.9291672706604
18.52599999999984,32.33408737182617,0.9829671382904052,1.0295206308364868,1.0470949411392212,0.0,0.0,0.0,32.638816833496094,201.5684509277344,60.921875,25.328125,-0.9435375653032619,-6.222109317779541
18.547999999998865,32.32243728637695,1.0042064189910889,0.9918240904808044,1.065506935119629,0.0,0.0,0.0,32.61293411254883,201.56060791015625,60.921875,25.34375,-0.9977016001787875,-6.9291672706604
18.566999999999098,32.3106575012207,1.001222014427185,0.9749478697776794,1.0922784805297852,0.0,0.0,0.0,32.63103103637695,201.56765747070312,60.921875,25.34375,-0.987724280867737,-5.185091018676758
18.587999999999738,32.31010055541992,1.0347126722335815,1.0101313591003418,1.0586482286453247,0.0,0.0,0.0,32.706268310546875,201.6105499267578,60.875,25.34375,-1.0148059094474693,-7.494813442230225
18.609999999998763,32.31656646728516,1.0063354969024658,0.9914750456809998,1.0696256160736084,0.0,0.0,0.0,32.624698638916016,201.6124725341797,60.875,25.34375,-0.9820228444448426,-6.552069664001465
18.627999999998792,32.342254638671875,1.0014314651489258,0.9956809878349304,1.0533777475357056,0.0,0.0,0.0,32.5746955871582,201.58642578125,60.875,25.390625,-1.003403036601682,-6.504932403564453
18.649999999999636,32.31403732299805,1.0201750993728638,1.022330403327942,1.0730637311935425,0.0,0.0,0.0,32.66410446166992,201.62713623046875,60.875,25.390625,-1.0119548023779943,-5.892148971557617
18.67199999999866,32.320701599121094,0.9696162343025208,0.987321436405182,1.006065011024475,0.0,0.0,0.0,32.60249710083008,201.62548828125,60.7890625,25.390625,-0.9991271537135242,-7.306264877319336
18.690999999998894,32.33374786376953,1.0360389947891235,0.9928188323974608,1.055262565612793,0.0,0.0,0.0,32.62080383300781,201.6070251464844,60.7890625,25.390625,-1.0133803559127326,-7.400539398193359
18.712999999999738,32.32322311401367,1.0291279554367063,1.0200965404510498,1.0735523700714111,0.0,0.0,0.0,32.62773513793945,201.5797576904297,60.7890625,25.328125,-1.0119548023779943,-6.834892749786377
18.735999999998967,32.30839920043945,0.9466143250465392,1.0041627883911133,1.0674442052841189,0.0,0.0,0.0,32.71291732788086,201.6051025390625,60.7890625,25.328125,-0.9934257172906313,-6.080698013305664
18.752999999998792,32.30741500854492,0.9718326926231384,1.0477406978607178,1.0528541803359983,0.0,0.0,0.0,32.636024475097656,201.6092071533203,60.7109375,25.328125,-1.0233576752237845,-7.730499744415283
18.77299999999923,32.30918502807617,0.957068145275116,1.040236234664917,1.0434300899505615,0.0,0.0,0.0,32.62450408935547,201.60142517089844,60.7109375,25.328125,-0.9777461838406282,-7.589087963104248
18.79399999999987,32.30231094360352,1.02288019657135,0.9789094924926758,1.0430461168289185,0.0,0.0,0.0,32.62244415283203,201.6231384277344,60.7109375,25.3828125,-1.003403036601682,-6.976304531097412
18.813999999998487,32.30389404296875,0.984729826450348,1.0218068361282349,1.0520514249801636,0.0,0.0,0.0,32.5966682434082,201.6460723876953,60.7109375,25.3828125,-1.0319102187161553,-6.646344184875488
18.834999999999127,32.289878845214844,0.9701398015022278,0.9846163392066956,1.0420513153076172,0.0,0.0,0.0,32.6194953918457,201.62745666503903,60.7109375,25.3828125,-1.0119548023779943,-6.787755966186523
18.854999999999563,32.310142517089844,1.0026357173919678,1.0582468509674072,1.0633080005645752,0.0,0.0,0.0,32.60989761352539,201.63673400878903,60.7109375,25.3828125,-1.0019774830669437,-7.683362483978271
18.87699999999859,32.292449951171875,0.9767890572547911,1.01416277885437,1.0569205284118652,0.0,0.0,0.0,32.637943267822266,201.5910797119141,60.6484375,25.4296875,-1.0019774830669437,-6.834892749786377
18.899999999999636,32.275577545166016,1.0245729684829712,1.03662371635437,1.011510133743286,0.0,0.0,0.0,32.57925033569336,201.5940093994141,60.6484375,25.4296875,-0.9991271537135242,-6.410658359527588
18.92199999999866,32.27717971801758,0.9843807816505432,1.0424177646636963,1.0582294464111328,0.0,0.0,0.0,32.582725524902344,201.6096343994141,60.6484375,25.3515625,-0.9977016001787875,-6.363521099090576
18.940999999998894,32.288108825683594,1.0245381593704224,1.0279500484466553,1.0662050247192385,0.0,0.0,0.0,32.70269012451172,201.58409118652344,60.6484375,25.3515625,-1.003403036601682,-5.185091018676758
18.958999999998923,32.28234100341797,0.968988001346588,1.0109690427780151,1.0426970720291138,0.0,0.0,0.0,32.66867446899414,201.59255981445312,60.5234375,25.3515625,-0.9805972909101044,-6.599206924438477
18.980999999999767,32.27726745605469,1.0167195796966553,1.0165886878967283,1.0282466411590576,0.0,0.0,0.0,32.60832595825195,201.6258544921875,60.5234375,25.3515625,-1.0276343358279976,-6.222109317779541
18.99999999999818,32.266326904296875,1.0318679809570312,1.000794529914856,1.0392415523529053,0.0,0.0,0.0,32.616493225097656,201.60403442382807,60.5234375,25.3515625,-1.0319102187161553,-6.127835273742676
