Time(s),P_Fuel_Tank(bar),P_Chamber(bar),P_Fuel_Injector(bar),P_Ox_Injector(bar),Fuel_Flow_Rate(L/s),Ox_Valve_Angle(deg),Fuel_Valve_Angle(deg),P_Angle(deg),I_Angle(deg),P_Ox_Tank(bar),P_N2_Tank(bar),Ox_Mass(kg),Thrust(N)
-0.9993847656251091,48.479473,1.017226,1.078264,1.065053,0.0,0.0,0.0,0.0,0.0,47.762302,207.572128,5.747117940876655,28.140903
-0.9926296386720423,48.486542,1.024817,1.010742,1.097654,0.0,0.0,0.0,0.0,0.0,47.71611,207.705811,5.721461060142711,28.753687
-0.9873457031253565,48.523048,1.009407,0.989206,1.106799,0.0,0.0,0.0,0.0,0.0,47.684624,207.699249,5.678700713557594,29.272198
-0.9814907226564173,48.487991,1.031502,0.986833,1.095594,0.0,0.0,0.0,0.0,0.0,47.698082,207.670441,5.682976554536188,29.177923
-0.9754887695316938,48.481262,1.012653,1.054407,1.094635,0.0,0.0,0.0,0.0,0.0,47.709686,207.687836,5.722887359836901,28.989374
-0.9697497558599935,48.490795,1.053945,1.040533,1.08912,0.0,0.0,0.0,0.0,0.0,47.713509,207.734558,5.680125484199794,29.507883
-0.9634606933595933,48.474709,0.995707,1.01987,1.09617,0.0,0.0,0.0,0.0,0.0,47.78508,207.681915,5.714334046890927,30.167803
-0.9573918457035688,48.461857,1.041816,1.047811,1.079818,0.0,0.0,0.0,0.0,0.0,47.756405,207.54834,5.7499690112130475,29.979254
-0.9516499023438882,48.486237,1.058901,1.101598,1.10097,0.0,0.0,0.0,0.0,0.0,47.767086,207.718292,5.664446687054025,29.932117
-0.9464907226565629,48.530521,1.029442,1.029957,1.115961,0.0,0.0,0.0,0.0,0.0,47.703403,207.696945,5.708633435270131,30.40349
-0.940504882813002,48.454857,0.983979,1.06336,1.1346,0.0,0.0,0.0,0.0,0.0,47.711571,207.528488,5.731439143730886,29.36647
-0.9354848632819994,48.47007,0.995219,1.103745,1.116921,0.0,0.0,0.0,0.0,0.0,47.704082,207.67572,5.721461060142711,28.800825
-0.9304477539062646,48.499523,1.023997,1.083046,1.099783,0.0,0.0,0.0,0.0,0.0,47.698536,207.723251,5.727163302752293,29.130785
-0.9250197753908651,48.521881,1.009686,1.063552,1.104163,0.0,0.0,0.0,0.0,0.0,47.634766,207.709915,5.714334046890927,29.413609
-0.9187897949223043,48.458782,0.982426,1.089661,1.082854,0.0,0.0,0.0,0.0,0.0,47.749844,207.529388,5.720036289500508,28.612276
-0.913489013672006,48.457603,1.011449,1.067113,1.081179,0.0,0.0,0.0,0.0,0.0,47.738064,207.693161,5.715760346585117,29.130785
-0.9076408691407778,48.52845,1.003438,1.109259,1.092889,0.0,0.0,0.0,0.0,0.0,47.713577,207.710663,5.678700713557594,30.827724
-0.9025048828125364,48.496895,1.004765,1.036589,1.079154,0.0,0.0,0.0,0.0,0.0,47.664066,207.680634,5.754244852191641,30.309216
-0.8974899902350444,48.456089,1.017592,1.031667,1.061598,0.0,0.0,0.0,0.0,0.0,47.704887,207.53595,5.708633435270131,29.460745
-0.8914848632812209,48.488689,1.030472,1.016693,1.13645,0.0,0.0,0.0,0.0,0.0,47.768097,207.743515,5.695805708460754,29.177923
-0.8864619140631476,48.515034,1.016685,1.014215,1.101354,0.0,0.0,0.0,0.0,0.0,47.756634,207.740326,5.678700713557594,28.847961
-0.8804899902343095,48.449631,1.029111,0.992906,1.087374,0.0,0.0,0.0,0.0,0.0,47.750141,207.528656,5.73714138634047,29.932117
-0.8753920898443539,48.475983,1.031676,0.989992,1.116362,0.0,0.0,0.0,0.0,0.0,47.748867,207.663666,5.68725239551478,30.639175
-0.8695000000006985,48.488419,1.031362,1.020812,1.118544,0.0,0.0,0.0,0.0,0.0,47.738972,207.687408,5.680125484199794,28.847961
-0.8644521484375218,48.488091,0.997801,1.024076,1.112401,0.0,0.0,0.0,0.0,0.0,47.71883,207.682068,5.717185219164119,29.130785
-0.8584870605473043,48.469776,1.045132,1.044704,1.130551,0.0,0.0,0.0,0.0,0.0,47.700577,207.542038,5.745693170234454,30.592039
-0.852491210937842,48.467007,1.019617,0.998526,1.08884,0.0,0.0,0.0,0.0,0.0,47.709877,207.739471,5.691528338430172,29.743568
-0.8457390136718459,48.494614,1.016912,0.991283,1.089137,0.0,0.0,0.0,0.0,0.0,47.757347,207.692688,5.681551783893984,29.03651
-0.8393520507815992,48.449894,1.030786,1.020027,1.100847,0.0,0.0,0.0,0.0,0.0,47.707417,207.538467,5.720036289500508,29.649294
-0.8333920898439828,48.464455,1.030821,1.021685,1.090603,0.0,0.0,0.0,0.0,0.0,47.709999,207.707306,5.688678797145768,31.016273
-0.8267260742195504,48.49902,1.045271,1.097514,1.111755,0.0,0.0,0.0,0.0,0.0,47.718655,207.693054,5.692954638124362,29.602158
-0.8214902343752328,48.471478,1.013264,1.097532,1.082819,0.0,0.0,0.0,0.0,0.0,47.684486,207.680145,5.711484505606523,28.753687
-0.81549121093758,48.459099,1.041659,1.039364,1.11535,0.0,0.0,0.0,0.0,0.0,47.706997,207.664246,5.714334046890927,30.497765
-0.8094912109381767,48.467072,1.030856,1.054215,1.122698,0.0,0.0,0.0,0.0,0.0,47.702827,207.735779,5.697230581039756,28.329453
-0.8044763183597752,48.472832,1.03309,1.011789,1.10631,0.0,0.0,0.0,0.0,0.0,47.703701,207.670761,5.712909276248727,29.555019
-0.711951416015836,48.497494,1.046702,1.073465,1.088474,0.0,0.0,0.0,0.0,0.0,47.746998,207.729218,5.724312130479104,26.01973
-0.7064904785156614,48.509502,1.044224,1.075839,1.102314,0.0,0.0,0.0,0.0,0.0,47.761852,207.666122,5.718611518858308,26.161142
-0.7005976562504657,48.461128,1.023648,1.081144,1.093011,0.0,0.0,0.0,0.0,0.0,47.716911,207.491516,5.715760346585117,26.349691
-0.5634880371098916,48.463856,1.031484,1.039783,1.078369,0.0,0.0,0.0,0.0,0.0,47.717785,207.6763,5.734290214067278,27.009611
-0.5576350097662726,48.538342,0.989215,1.050114,1.095804,0.0,0.0,0.0,0.0,0.0,47.725166,207.613464,5.707208664627931,25.642633
-0.552466064453256,48.403046,0.997452,1.106869,1.089172,0.0,0.0,0.0,0.0,0.0,47.703751,207.944794,5.678700713557594,26.53824
-0.4097915039064901,48.477783,1.061798,1.046257,1.071162,0.384263,0.0,0.0,0.0,0.0,47.685028,207.790192,5.701506422018349,26.443966
-0.4043654785164108,48.513878,1.020838,1.008962,1.103448,0.384263,0.0,0.0,0.0,0.0,47.708553,207.697968,5.691528338430172,25.878319
-0.3984914550783287,48.43605,1.028709,1.022104,1.0861,0.384263,0.0,0.0,0.0,0.0,47.719929,207.530884,5.728588073394496,25.02985
-0.25849194335933134,48.458225,1.021501,0.998404,1.020882,0.741967,61.830652240788126,65.08489709556645,0.0,0.0,47.679214,207.528961,5.417859327217126,23.002951
-0.25249291992258804,48.601845,0.784292,0.829275,1.049818,0.741967,66.20932404955019,69.694025315316,0.0,0.0,46.700184,206.795212,4.021003567787971,23.52146
-0.1123413085942957,48.507614,1.031886,1.040673,1.099207,0.136112,95.0,100.0,0.0,0.0,47.759407,207.686066,5.724312130479104,25.124125
-0.10643334960968787,48.492214,1.030402,1.12186,1.080271,0.136112,95.0,100.0,0.0,0.0,47.725307,207.581406,5.728588073394496,25.736908
-0.1005432128913526,48.477127,1.030838,1.075088,1.066641,0.136112,95.0,100.0,0.0,0.0,47.787033,207.654709,5.722887359836901,24.134243
0.033766357421882276,48.492203,0.996545,1.090952,1.188911,0.01062,95.0,100.0,0.0,0.0,47.6548,207.675873,5.577499592252803,23.380047
0.03891235351511568,48.222393,1.026842,1.061633,1.206206,0.01062,95.0,100.0,0.0,0.0,47.688046,207.575638,5.597455759429155,23.050087
0.04450634765544237,48.151398,0.997121,1.10549,1.242681,0.0,95.0,100.0,0.0,0.0,47.68309,207.714188,5.536164016309886,23.851419
0.05051318359346624,47.790779,0.977644,1.112052,1.3442,0.0,95.0,100.0,0.0,0.0,47.678497,207.808441,5.52333628950051,22.390167
0.05650830078047875,47.562233,0.983508,1.119783,1.354043,0.0,95.0,100.0,0.0,0.0,47.681377,207.645477,5.483425484199796,22.201618
0.06233911132767389,47.037338,1.006248,1.048491,1.551461,0.0,95.0,100.0,0.0,0.0,47.617104,207.578903,5.470597859327216,21.871658
0.06749218749973807,47.05069,1.031152,1.066292,1.671044,0.004732,95.0,100.0,0.0,0.0,47.563698,207.70549,5.500530581039755,20.080444
0.0725090332025502,46.85202,1.02754,1.034198,1.844692,0.004732,95.0,100.0,0.0,0.0,47.59396,207.770782,5.454919062181447,18.053545
0.07796923828118452,46.529961,1.03035,1.009364,2.251781,0.009999,95.0,100.0,0.0,0.0,47.608116,207.591064,5.466322018348623,22.060205
0.08353222656205617,46.341808,1.031606,1.04055,2.456861,0.009999,95.0,100.0,0.0,0.0,47.523594,207.591171,5.501955351681958,20.080444
0.08854321288981737,46.252823,1.003718,1.037584,2.692569,0.015438,95.0,100.0,0.0,0.0,47.507851,207.716049,5.494828338430174,19.279112
0.094506103515414,46.052547,1.032583,1.101458,3.103671,0.015438,95.0,100.0,0.0,0.0,47.463646,207.692474,5.466322018348623,17.912134
0.10049218749918509,45.962845,1.027156,1.069364,3.348804,0.020913,95.0,100.0,0.0,0.0,47.406227,207.635971,5.460619775739041,17.252213
0.10595410156201979,45.725159,1.011798,1.156974,3.817306,0.020913,95.0,100.0,0.0,0.0,47.333714,207.64888,5.416434556574923,17.723585
0.11150708007789945,45.731277,1.01672,1.124582,4.038756,0.031064,95.0,100.0,0.0,0.0,47.291515,207.601196,5.405031702344545,16.215195
0.11751806640586437,45.548695,1.015131,1.162872,4.409387,0.031064,95.0,100.0,0.0,0.0,47.238216,207.570786,5.429262283384302,13.009865
0.12444409179624927,45.512459,1.030978,1.206328,4.590086,0.040745,95.0,100.0,0.0,0.0,47.162823,207.623764,5.439240366972476,19.561935
0.12968188476497744,45.502808,0.999355,1.181058,4.975412,0.040745,95.0,100.0,0.0,0.0,47.103973,207.743088,5.482000713557594,6.834893
0.1351440429680224,45.421883,1.012252,1.208143,5.217106,0.050298,95.0,100.0,0.0,0.0,47.143539,207.658859,5.472022629969419,11.171515
0.14050805664010113,45.45203,1.046894,1.176956,5.414141,0.050298,95.0,100.0,0.0,0.0,47.037395,207.581085,5.447792150866461,17.487898
0.14715087890544964,45.347633,1.037034,1.188876,5.838036,0.060809,95.0,100.0,0.0,0.0,46.971462,207.693329,5.3850755351681965,3.393878
0.15260498046882276,45.318371,1.030769,1.197375,6.090219,0.060809,95.0,100.0,0.0,0.0,46.869488,207.759521,5.300979510703364,9.144615
0.1581269531243379,45.238525,1.0622,1.166468,6.509559,0.075133,95.0,100.0,0.0,0.0,46.736835,207.580017,5.362269826707442,12.679905
0.1637329101558862,45.209587,1.041013,1.217533,6.681357,0.075133,95.0,100.0,0.0,0.0,46.721512,207.580338,5.367971967380225,-0.612783
0.16878076171815337,45.266918,1.053177,1.214862,6.902616,0.084648,95.0,100.0,0.0,0.0,46.663658,207.702225,5.353718042813455,0.801332
0.17451293945305224,45.247559,1.037662,1.230168,7.423998,0.084648,95.0,100.0,0.0,0.0,46.517025,207.583481,5.510507135575943,11.171515
0.1796447753904431,45.158672,1.05925,1.236852,7.603703,0.090886,95.0,100.0,0.0,0.0,46.448963,207.528763,5.702931192660549,-1.461253
0.18523974609342986,45.182659,1.102567,1.184949,7.882343,0.090886,95.0,100.0,0.0,0.0,46.37994,207.603226,5.808408154943933,6.222109
0.19051391601533396,45.240131,1.078744,1.224269,8.077807,0.096737,95.0,100.0,0.0,0.0,46.235157,207.65358,5.787028746177368,7.447677
0.19649169921831344,45.249619,1.064783,1.245159,8.234545,0.096737,95.0,100.0,0.0,0.0,46.066776,207.528488,5.718611518858308,-7.683362
0.20150878906224534,45.281414,1.080507,1.210621,8.486152,0.101502,95.0,100.0,0.0,0.0,45.945557,207.424255,5.355142813455657,3.111055
0.20662573242134386,45.359776,1.113963,1.24132,8.660673,0.101502,95.0,100.0,0.0,0.0,45.91634,207.505341,5.155591743119267,0.235686
0.21167480468739086,45.391624,1.112532,1.283135,8.90413,0.106583,95.0,100.0,0.0,0.0,45.837299,207.588028,5.050114780835882,-11.171515
0.21750683593745634,45.443798,1.098745,1.220011,9.343505,0.106583,95.0,100.0,0.0,0.0,45.686707,207.30188,5.071495718654434,1.885488
0.22350561523398937,45.493053,1.109757,1.269243,9.563577,0.107815,95.0,100.0,0.0,0.0,45.633389,207.3125,5.315233537206931,-2.828232
0.23013574218748545,45.65667,1.106999,1.240936,10.056024,0.107815,95.0,100.0,0.0,0.0,45.467941,207.387817,5.601731702344547,-25.878319
0.23556958007793583,45.689621,1.133492,1.282402,10.357544,0.107568,95.0,100.0,0.0,0.0,45.379738,207.267532,5.648767889908256,-8.578969
0.24154174804607464,45.682934,1.143876,1.324863,10.879991,0.107568,95.0,100.0,0.0,0.0,45.253403,207.121796,5.700081651376146,-27.905218
0.24752368163990468,45.713638,1.139809,1.309749,11.148858,0.112395,95.0,100.0,0.0,0.0,45.220421,207.120193,5.624537410805301,-33.655956
0.25328564453047875,45.690853,1.181607,1.32434,11.571199,0.112395,95.0,100.0,0.0,0.0,45.040714,207.063751,5.44066513761468,-20.174719
0.2585065917965039,45.732933,1.169338,1.324758,11.860678,0.111406,95.0,100.0,0.0,0.0,45.036633,206.93924,5.205480632008155,-29.22506
0.26449169921852445,45.785431,1.20337,1.326678,12.10328,0.111406,95.0,100.0,0.0,0.0,44.956318,206.892349,5.135637104994902,-32.948898
0.26950659179692593,45.857445,1.226442,1.333886,12.601329,0.107626,95.0,100.0,0.0,0.0,44.820293,206.928207,5.268195718654435,-23.568596
0.27514843749941065,45.789688,1.201607,1.326748,12.789062,0.107626,95.0,100.0,0.0,0.0,44.743576,206.771103,5.22686004077472,-37.851166
0.28050659179643844,45.795597,1.219252,1.389994,13.034404,0.109345,95.0,100.0,0.0,0.0,44.627117,206.666916,5.476298470948012,-46.335861
0.28597363281187427,45.857105,1.209478,1.433398,13.481475,0.109345,95.0,100.0,0.0,0.0,44.43708,206.605515,5.754244852191641,-26.161142
0.29159741210878565,45.811588,1.231293,1.401234,13.616973,0.108821,95.0,100.0,0.0,0.0,44.367691,206.626434,5.782752905198776,-47.137192
0.29719946289060317,45.961155,1.241311,1.434672,13.977761,0.108821,95.0,100.0,0.0,0.0,44.238632,206.298141,5.732863914373088,-37.662617
0.30250952148435317,45.902222,1.268624,1.433136,14.1375,0.10816,95.0,100.0,0.0,0.0,44.221092,206.179291,5.624537410805301,-36.814148
0.30868652343724534,45.872749,1.286355,1.411199,14.303156,0.10816,95.0,100.0,0.0,0.0,44.105663,206.209976,5.52190998980632,-49.871151
0.31411547851530486,45.854084,1.269933,1.433119,14.680418,0.10716,95.0,100.0,0.0,0.0,43.985088,206.085831,5.308106523955149,-40.915085
0.3195153808592295,45.793396,1.327525,1.461688,14.780018,0.10716,95.0,100.0,0.0,0.0,43.850147,205.93428,5.243965137614678,-40.349438
0.3255324707024556,45.646961,1.294435,1.420728,15.080526,0.107557,95.0,100.0,0.0,0.0,43.698593,205.834579,5.44208990825688,-54.773418
0.33152343749952706,45.723717,1.30166,1.431338,15.219689,0.107557,95.0,100.0,0.0,0.0,43.652222,205.792755,5.653043832823648,-32.006153
0.33655346679643117,45.71883,1.276582,1.428319,15.331435,0.109492,95.0,100.0,0.0,0.0,43.559971,205.629471,5.804132313965341,-50.908169
0.3416733398435099,45.776348,1.310317,1.490536,15.582152,0.109492,95.0,100.0,0.0,0.0,43.462765,205.517242,5.966623649337411,-56.658905
0.3474953613276739,45.71114,1.304976,1.492159,15.721735,0.110564,95.0,100.0,0.0,0.0,43.359585,205.394913,6.006534454638124,-30.827724
0.3525063476554351,45.787964,1.315291,1.461234,15.839693,0.110564,95.0,100.0,0.0,0.0,43.306183,205.339066,6.019362079510702,-46.288723
0.3575693359371144,45.667206,1.342359,1.505789,16.014162,0.106565,95.0,100.0,0.0,0.0,43.155205,205.023422,5.795580530071356,-64.106583
0.36266430663999927,45.685684,1.356984,1.510641,16.105577,0.106565,95.0,100.0,0.0,0.0,43.064331,204.986511,5.661597145769623,-39.076733
0.3686042480467222,45.731472,1.349514,1.521444,16.165874,0.108502,95.0,100.0,0.0,0.0,43.016651,204.909698,5.618835168195719,-50.012562
0.37460522460878565,45.589073,1.378397,1.540571,16.244217,0.108502,95.0,100.0,0.0,0.0,42.932392,204.705872,5.466322018348623,-56.423222
0.38128710937508004,45.639,1.351504,1.504184,16.217602,0.113592,95.0,100.0,0.0,0.0,42.716335,204.472061,5.658746075433233,-49.965424
0.3865061035148756,45.653297,1.325081,1.499733,16.281494,0.113592,95.0,100.0,0.0,0.0,42.6796,204.382217,5.7898798165137615,-73.722572
0.39250512695252837,45.581013,1.356129,1.51846,16.302332,0.112696,95.0,100.0,0.0,0.0,42.471603,204.338913,5.899632721712537,-59.534275
0.398563232421111,45.667576,1.360649,1.480536,16.16432,0.112696,95.0,100.0,0.0,0.0,42.473644,204.009872,6.093481549439346,-48.409897
0.4049162597648319,45.451572,1.357629,1.478843,16.146641,0.116541,95.0,100.0,0.0,0.0,42.441395,203.966827,6.102033333333334,-68.537476
0.4101181640617142,45.474827,1.360003,1.480414,15.986362,0.116541,95.0,100.0,0.0,0.0,42.243103,203.88031,5.939541997961264,-34.692974
0.4157331542965039,45.456699,1.34201,1.477779,15.818123,0.120565,95.0,100.0,0.0,0.0,42.171375,203.690659,5.8454678899082575,-52.699383
0.4215310058589239,45.453472,1.342865,1.473869,15.664282,0.120565,95.0,100.0,0.0,0.0,42.162334,203.431458,5.648767889908256,-51.52095
0.4266870117180588,45.373226,1.335936,1.482962,15.573496,0.125717,95.0,100.0,0.0,0.0,42.142284,203.376297,5.6045812436289495,-34.033054
0.43250610351515206,45.283859,1.36838,1.445789,15.543566,0.125717,95.0,100.0,0.0,0.0,42.095108,203.388092,5.628813251783894,-46.430134
0.4393400878898319,45.322208,1.337368,1.465108,15.493321,0.126093,95.0,100.0,0.0,0.0,41.996716,202.98262,5.886803465851171,-49.116955
0.4445061035148683,45.12886,1.378502,1.476051,15.467475,0.126093,95.0,100.0,0.0,0.0,41.966137,202.898285,6.016512538226299,-31.534782
0.4496909179688373,45.237129,1.302952,1.492857,15.295082,0.126156,95.0,100.0,0.0,0.0,41.892979,202.839233,6.0464437308868515,-64.672226
0.45549511718672875,45.104809,1.323179,1.475754,15.246844,0.126156,95.0,100.0,0.0,0.0,41.805264,202.678711,6.072100611620795,-51.898048
0.4615119628906541,45.223625,1.311381,1.442072,15.11646,0.131809,95.0,100.0,0.0,0.0,41.867115,202.416214,5.83406503567788,-42.423473
0.4668449707023683,45.287807,1.276198,1.463765,15.096547,0.131809,95.0,100.0,0.0,0.0,41.760239,202.365265,5.727163302752293,-62.551056
0.4725168457025575,45.204559,1.253091,1.460449,15.047611,0.136466,95.0,100.0,0.0,0.0,41.765789,202.315277,5.627386952089704,-45.958763
0.4785058593743088,45.177803,1.268868,1.440483,14.900053,0.136466,95.0,100.0,0.0,0.0,41.715927,201.9711,5.692954638124362,-47.467152
0.4835288085932916,45.133671,1.282289,1.434864,14.892549,0.139474,95.0,100.0,0.0,0.0,41.706573,201.898712,5.792729357798164,-58.874355
0.48949096679643844,45.057362,1.269165,1.416399,14.790873,0.139474,95.0,100.0,0.0,0.0,41.629871,201.887558,5.929565443425076,-33.278858
0.4948129882805006,45.24036,1.285046,1.456784,14.787155,0.139412,95.0,100.0,0.0,0.0,41.614948,201.707047,5.940968297655454,-50.38966
0.5005058593742433,44.973484,1.299235,1.464323,14.728168,0.139412,95.0,100.0,0.0,0.0,41.659294,201.453705,5.973750560652396,-54.25491
0.505608886718619,44.813129,1.279322,1.405893,14.632251,0.144704,95.0,100.0,0.0,0.0,41.495243,201.458618,5.918160958205913,-28.376591
0.5123908691402903,44.991264,1.302673,1.406015,14.65054,0.144704,95.0,100.0,0.0,0.0,41.470688,201.452484,5.785602446483182,-48.315624
0.5175607910150575,44.903927,1.296564,1.42256,14.630279,0.145021,95.0,100.0,0.0,0.0,41.42746,201.098602,5.6444920489296635,-37.474068
0.5230947265617942,44.889843,1.298327,1.455737,14.586596,0.145021,95.0,100.0,0.0,0.0,41.481441,201.028549,5.591753618756372,-28.470865
0.5285058593744907,44.939877,1.270055,1.458459,14.602565,0.147265,95.0,100.0,0.0,0.0,41.440254,201.001511,5.556120183486238,-47.84425
0.534280761718037,44.900501,1.306547,1.42181,14.447433,0.147265,95.0,100.0,0.0,0.0,41.41898,200.799927,5.6544701325178375,-39.548103
0.5398828124998545,44.970299,1.306966,1.437202,14.422772,0.147274,95.0,100.0,0.0,0.0,41.37027,200.665329,5.732863914373088,-29.083649
0.5454267578124927,44.749508,1.270229,1.437551,14.441795,0.147274,95.0,100.0,0.0,0.0,41.354511,200.649643,5.804132313965341,-40.208027
0.5506176757808134,44.811344,1.268676,1.389139,14.427083,0.146876,95.0,100.0,0.0,0.0,41.352749,200.64447,5.895355249745158,-39.595242
0.5566486816405813,44.798363,1.269479,1.402595,14.389753,0.146876,95.0,100.0,0.0,0.0,41.363674,200.453186,5.872549541284404,-33.184586
0.5625056152339312,44.540585,1.263929,1.428005,14.386682,0.149622,95.0,100.0,0.0,0.0,41.295872,200.263535,5.645916819571866,-43.931862
0.5675266113275939,44.502319,1.269636,1.442927,14.350713,0.149622,95.0,100.0,0.0,0.0,41.272923,200.235962,5.600305300713558,-26.302553
0.5734997558593022,44.500423,1.270997,1.404009,14.31881,0.149103,95.0,100.0,0.0,0.0,41.15519,200.118759,5.531888073394494,-49.446915
0.5790576171875728,44.534115,1.270421,1.385282,14.304447,0.149103,95.0,100.0,0.0,0.0,41.136307,199.9487,5.611708256880735,-43.366219
0.5851425781247599,44.590279,1.26824,1.423311,14.313714,0.149277,95.0,100.0,0.0,0.0,41.125732,199.902084,5.650192762487258,-33.184586
0.5904907226558862,44.572685,1.269025,1.380849,14.278461,0.149277,95.0,100.0,0.0,0.0,41.050636,199.885696,5.700081651376146,-48.362759
0.5955065917969478,44.588894,1.269287,1.416434,14.259996,0.14949,95.0,100.0,0.0,0.0,41.013077,199.783005,5.748544240570845,-45.440254
0.6006596679681024,44.642506,1.26892,1.397272,14.238897,0.14949,95.0,100.0,0.0,0.0,41.006115,199.636093,5.804132313965341,-33.184586
0.6064904785152976,44.41832,1.275186,1.444916,14.258339,0.151051,95.0,100.0,0.0,0.0,41.000057,199.674561,5.730014373088686,-49.258366
0.6115476074219259,44.499081,1.263405,1.441164,14.229177,0.151051,95.0,100.0,0.0,0.0,40.919029,199.651566,5.742841997961263,-45.675941
0.6175056152342222,44.435139,1.26063,1.413363,14.2249,0.151051,95.0,100.0,0.0,0.0,40.916027,199.342545,5.690103567787972,-28.423727
0.6226694335937282,44.373337,1.265692,1.446103,14.182666,0.151051,95.0,100.0,0.0,0.0,40.88332,199.364471,5.5618207951070335,-47.797115
0.6283615722650211,44.367077,1.269706,1.428511,14.174726,0.152011,95.0,100.0,0.0,0.0,40.828171,199.392212,5.5304633027522945,-46.147312
0.6335043945309735,44.271233,1.264086,1.446853,14.182073,0.152011,95.0,100.0,0.0,0.0,40.789951,199.286316,5.551842711518857,-33.514545
0.64038037109367,44.293091,1.266041,1.377307,14.131479,0.145771,95.0,100.0,0.0,0.0,40.721401,199.135147,5.67157370030581,-47.325741
0.6455063476560099,44.299351,1.234313,1.379541,14.057395,0.145771,95.0,100.0,0.0,0.0,40.680668,199.1306,5.727163302752293,-48.362759
0.6505344238275939,44.368027,1.261171,1.338982,14.083922,0.149239,95.0,100.0,0.0,0.0,40.618309,199.200165,5.798431600407746,-30.639175
0.6565043945311118,44.190811,1.270351,1.384497,14.049262,0.149239,95.0,100.0,0.0,0.0,40.594769,199.131516,5.828364322120285,-45.581665
0.6621943359368743,44.254032,1.29817,1.453014,14.052142,0.149627,95.0,100.0,0.0,0.0,40.547699,199.011215,5.73856615698267,-36.625599
0.6685473632805952,44.223827,1.269531,1.460658,14.034009,0.149627,95.20627030564624,100.11860542574658,0.0,0.0,40.45229,199.03096,5.628813251783894,-29.555019
0.6745063476555515,44.22493,1.281852,1.409942,14.068006,0.151443,97.58334566929747,101.48542375984604,0.0,0.0,40.462151,198.919846,5.563245565749234,-51.19099
0.6797053222653631,43.992741,1.269531,1.414253,14.140397,0.151443,99.65724848267641,102.67791787753893,0.0,0.0,40.387558,198.846817,5.563245565749234,-36.814148
0.6851003417968968,43.966026,1.298484,1.443293,14.083643,0.151345,101.80935481609025,103.9153790192519,0.0,0.0,40.467052,198.868683,5.531888073394494,-29.837843
0.691368408202834,44.047668,1.269426,1.423817,13.999297,0.151345,104.30972489501445,105.35309181463332,0.0,0.0,40.355934,198.9431,5.634513965341489,-49.352642
0.6965053710937354,43.951496,1.268659,1.425562,14.004882,0.1515,106.35889085398634,106.53136224104215,0.0,0.0,40.258884,198.833054,5.663021916411825,-40.867947
0.7024902343746362,43.922058,1.269199,1.396748,14.061775,0.1515,108.74628947183894,107.9041164463074,0.0,0.0,40.213089,198.793259,5.73571508664628,-33.184586
0.7077072753900211,44.03735,1.269391,1.407115,14.157553,0.151367,110.82739908532072,109.10075447405941,0.0,0.0,40.196125,198.796402,5.761371865443425,-45.534527
0.7135073242179715,44.010746,1.268938,1.43249,14.146331,0.151367,113.14107408590506,110.4311175993954,0.0,0.0,40.147488,198.864304,5.673,-41.999237
0.7194902343744616,44.027599,1.278763,1.429209,14.072229,0.1455,115.52769359023303,111.80342381438399,0.0,0.0,40.114853,198.619614,5.6544701325178375,-34.127327
0.7245051269528631,43.833576,1.270491,1.425632,14.034061,0.1455,117.52816495391544,112.95369484850137,0.0,0.0,40.08979,198.720596,5.59032874617737,-39.359554
0.7296940917967731,43.909832,1.277838,1.425963,13.996173,0.149247,119.59807481048063,114.14389301602637,0.0,0.0,40.054764,198.796249,5.564671967380223,-41.716415
0.7355051269523756,43.823738,1.250683,1.397708,13.97085,0.149247,121.91613232464103,115.4767760866686,0.0,0.0,39.971237,198.731003,5.546142099898064,-32.147564
0.7415051269526884,43.834068,1.260927,1.408808,13.936905,0.144929,124.30956907230953,116.85300221657798,0.0,0.0,40.062546,198.622772,5.637365035677878,-42.470612
0.7475051269530013,43.816975,1.267821,1.421338,13.913275,0.144929,126.70300581997803,118.22922834648736,0.0,0.0,40.039162,198.764343,5.701506422018349,-38.416813
0.7542590332031978,43.801975,1.25543,1.452682,13.998686,0.151847,129.39718038815437,119.77837872318875,0.0,0.0,40.105934,198.727432,5.745693170234454,-34.363014
0.7595361328121726,43.759602,1.268711,1.381739,13.961164,0.151847,131.50224774251856,120.98879245194817,0.0,0.0,40.146877,198.613434,5.761371865443425,-41.386456
0.7645651855464166,43.620934,1.268065,1.376486,13.902368,0.149941,133.50836767925455,122.14231141557136,0.0,0.0,40.171204,198.736603,5.717185219164119,-35.588581
0.7703811035153194,43.615479,1.266966,1.373624,13.956609,0.149941,135.8283729772265,123.47631446190525,0.0,0.0,40.200768,198.820831,5.564671967380223,-39.453831
0.775560058593328,43.373405,1.222428,1.392891,13.976958,0.152946,137.89428987697798,124.66421667926234,0.0,0.0,40.191868,198.764496,5.470597859327216,-45.958763
0.7815051269526521,43.254219,1.249967,1.409174,13.993572,0.152946,140.2658140567662,126.02784308264057,0.0,0.0,40.192093,198.639511,5.433538124362895,-38.511086
0.7879729003898319,42.85136,1.269426,1.42003,13.978738,0.152142,142.84584849358401,127.51136288381079,0.0,0.0,40.292583,198.790436,5.4563438328236495,-36.578461
0.7941159667961983,42.419319,1.281992,1.409139,14.020518,0.152142,145.0,128.75,0.0,0.0,40.33831,198.838654,5.587477675840978,-46.712959
0.799631103514912,42.153416,1.289217,1.450466,13.988826,0.157415,145.0,128.75,0.0,0.0,40.390629,198.776352,5.68582762487258,-35.541443
0.8054929199215621,41.861191,1.250543,1.413206,13.954357,0.157415,145.0,128.75,0.0,0.0,40.45002,198.886551,5.730014373088686,-36.861286
0.8107819824217586,41.551144,1.270055,1.408878,14.053591,0.16896,145.0,128.75,0.0,0.0,40.406303,198.957932,5.6131345565749236,-46.477272
0.816843017577412,40.96664,1.25536,1.415614,14.174638,0.16896,145.0,128.75,0.0,0.0,40.470474,198.893112,5.594604689092762,-37.804028
0.8224899902343168,40.665817,1.264051,1.391897,14.359509,0.191809,145.0,128.75,0.0,0.0,40.475327,198.914886,5.353718042813455,-47.655701
0.8275039062500582,40.325722,1.253475,1.444794,14.490313,0.191809,145.0,128.75,0.0,0.0,40.531242,199.022217,5.275322731906217,-53.217892
0.8333427734369252,40.2346,1.274941,1.468372,14.640418,0.217617,145.0,128.75,0.0,0.0,40.571102,199.055237,5.249665851172273,-43.130531
0.8386538085933353,39.742188,1.284994,1.44462,14.943108,0.217617,145.0,128.75,0.0,0.0,40.614159,198.929657,5.295277370030582,-51.379539
0.8445048828125437,39.310627,1.267402,1.437133,15.125867,0.23956,145.0,128.75,0.0,0.0,40.630894,199.007965,5.245389908256882,-37.568344
0.850503906249287,38.342319,1.269252,1.400466,15.500896,0.23956,145.0,128.75,0.0,0.0,40.698555,199.184158,5.353718042813455,-49.399776
0.8556057128898829,37.89093,1.262341,1.408563,15.760583,0.278009,145.0,128.75,0.0,0.0,40.687317,199.113586,5.355142813455657,-67.264771
0.8607058105462784,37.536564,1.261171,1.472997,15.949223,0.278009,145.0,128.75,0.0,0.0,40.647072,199.051971,5.450643221202854,-74.948135
0.8665048828124782,37.550831,1.302847,1.543765,16.411861,0.311602,145.0,128.75,0.0,0.0,40.723911,199.226196,5.483425484199796,-60.712704
0.8724897460933789,37.688007,1.296617,1.557622,16.658756,0.311602,145.0,128.75,0.0,0.0,40.745834,199.241241,5.472022629969419,-66.88768
0.8775517578123981,36.980705,1.343668,1.573765,16.93272,0.353251,145.0,128.75,0.0,0.0,40.778484,199.188751,5.357993883792047,-66.039207
0.8826906738277103,36.451164,1.384977,1.601793,17.437784,0.353251,145.0,128.75,0.0,0.0,40.77018,199.232224,5.2240104994903165,-59.769962
0.888505615233953,36.814964,1.369846,1.668949,17.625814,0.395365,145.0,128.75,0.0,0.0,40.774139,199.298431,5.151315902140674,-71.742805
0.8945056152342659,36.523762,1.378363,1.650206,18.23135,0.395365,145.0,128.75,0.0,0.0,40.797752,199.262527,5.134212334352702,-68.160378
0.899637695311867,36.258915,1.405029,1.686436,18.453831,0.43608,145.0,128.75,0.0,0.0,40.805798,199.165329,5.172696839959225,-71.318573
0.9050217285148392,36.117905,1.417106,1.781463,18.737253,0.43608,145.0,128.75,0.0,0.0,40.832691,199.24556,5.245389908256882,-83.904205
0.9111577148432843,36.30571,1.427298,1.849003,19.26895,0.478184,145.0,128.75,0.0,0.0,40.861752,199.367249,5.417859327217126,-75.372368
0.9171425781241851,36.037067,1.452482,1.851568,19.52574,0.478184,145.0,128.75,0.0,0.0,40.845379,199.342224,5.406456472986749,-78.153465
0.9240336914062937,36.054607,1.472744,1.870451,20.056808,0.511556,145.0,128.75,0.0,0.0,40.731766,199.232758,5.263919775739041,-102.806221
0.9290756835935099,35.798409,1.531924,1.866542,20.334122,0.511556,145.0,128.75,0.0,0.0,40.749794,199.314163,5.256792864424058,-82.442947
0.9342294921871144,35.875732,1.473651,1.962634,20.842991,0.536821,145.0,128.75,0.0,0.0,40.659096,199.292191,5.228286442405708,-116.805962
0.9395095214840694,35.797352,1.489201,2.004187,21.089556,0.536821,145.0,128.75,0.0,0.0,40.617176,199.209778,5.24824108053007,-127.176147
0.9456584472654868,35.636868,1.554053,2.001674,21.339575,0.563338,145.0,128.75,0.0,0.0,40.61124,199.270691,5.299554740061161,-118.125809
0.951493408202623,36.081306,1.653059,2.116596,21.92211,0.563338,145.0,128.75,0.0,0.0,40.547821,199.30072,5.283874413863406,-174.21907
0.9573273925780086,35.930107,1.717457,2.171902,22.302252,0.58893,145.0,128.75,0.0,0.0,40.545483,199.205612,5.19550254841998,-416.787048
0.9625075683588875,36.084473,2.293116,3.933555,23.654861,0.58893,145.0,128.75,0.0,0.0,40.510353,199.20993,1.471028134556576,-1838.303345
0.9676975097654577,39.105804,2.972946,5.891474,24.269875,0.60202,145.0,128.75,0.0,0.0,40.5233,199.247803,6.093481549439346,-269.341919
0.9734895019528267,34.609669,3.622619,6.266311,24.183836,0.60202,145.0,128.75,0.0,0.0,40.572777,199.233505,10.943993883792048,-1845.468262
0.9793603515618088,36.317829,4.683988,8.340794,24.165808,0.613126,145.0,128.75,0.0,0.0,40.620232,199.05896,9.487271049949031,-1547.985474
0.9845634765624709,36.674267,5.202508,9.709756,24.2938,0.613126,145.0,128.75,0.0,0.0,40.618641,199.104202,8.493793272171255,-2363.506104
0.9896733398436481,37.148148,5.68204,11.840521,24.364483,0.612972,145.0,128.75,0.0,0.0,40.652534,199.178192,3.2698372069317014,-2586.040771
0.9955034179683935,37.438484,6.821262,14.183504,24.631605,0.612972,145.0,128.75,0.0,0.0,40.631783,199.123138,3.91695137614679,-2692.900635
1.0005273437500364,37.387535,7.442244,14.919425,24.802828,0.609503,145.0,128.75,0.0,0.0,40.642952,198.925873,3.117322426095819,-2981.615967
1.0064892578120634,37.697235,8.78002,15.966745,25.21995,0.609503,145.0,128.75,0.0,0.0,40.516094,198.992599,6.797611620795108,-2987.979492
1.01171728515601,37.729061,9.397144,16.455597,25.346025,0.608828,145.0,128.75,0.0,0.0,40.639164,199.000931,7.543075840978592,-3019.608643
1.017668212890385,37.705872,10.017446,16.725407,25.536917,0.608828,145.0,128.75,0.0,0.0,40.548206,198.968231,7.573008562691131,-2963.374023
1.0235002441404504,37.716148,11.127295,17.066195,25.901928,0.601953,145.0,128.75,0.0,0.0,40.543564,198.937134,7.086959327217124,-3073.250732
1.0295063476560244,37.632015,11.572535,17.193716,26.063622,0.601953,145.0,128.75,0.0,0.0,40.495937,198.974731,5.754244852191641,-3108.415039
1.0346801757805224,37.683262,12.598964,17.446791,26.2409,0.595293,145.0,128.75,0.0,0.0,40.513756,198.831024,5.080047502548418,-3076.92749
1.0411711425776957,37.714218,13.145181,17.560841,26.404497,0.595293,144.2963657550951,128.379706527207,0.0,0.0,40.561924,198.696548,4.552664220183485,-3075.890381
1.0465063476558498,37.89959,14.061453,17.651854,26.616907,0.585772,142.03011385326653,127.18707229567478,0.0,0.0,40.337612,198.808884,4.961742915392457,-3100.920166
1.0523713378906905,37.849186,14.438017,17.637402,26.771933,0.585772,139.5388234383291,125.87600964321985,0.0,0.0,40.261013,198.770645,5.19550254841998,-3089.560059
1.0575732421875728,37.76223,14.797688,17.837072,26.959963,0.572008,137.32919413012146,124.71317353050048,0.0,0.0,40.160385,198.638229,5.556120183486238,-3158.474854
1.0635432128901812,37.570477,15.406523,17.987719,27.127485,0.572008,134.79331083009797,123.37864349509772,0.0,0.0,39.959072,198.64325,6.502560142711517,-3185.625732
1.0685642089838439,37.819004,15.618497,18.11224,27.086229,0.557785,132.66052647037588,122.25624768648146,0.0,0.0,39.843872,198.671677,6.736319877675842,-3179.875
1.0746582031242724,37.661087,16.031292,18.121071,27.105183,0.557785,130.07196134332045,120.89399339401474,0.0,0.0,39.669262,198.588943,6.439845158002038,-3165.215332
1.0796782226561845,37.404049,16.166075,18.182381,27.24452,0.549874,127.93959180113407,119.77181588663522,0.0,0.0,39.576088,198.454193,6.649372782874617,-3171.343262
1.0855122070306606,37.42487,16.287437,18.248802,27.302618,0.549874,125.46147184295462,118.46768429844626,0.0,0.0,39.461025,198.485184,6.63939622833843,-3226.258057
1.0914890136718896,37.2346,16.370771,18.247494,27.141586,0.542243,122.9226848201813,117.13162615438642,0.0,0.0,39.487762,198.45163,6.465502038735985,-3197.315674
1.0966870117181315,37.44278,16.441574,18.336866,27.149685,0.542243,120.71471478211642,115.96966324661396,0.0,0.0,39.428337,198.40123,6.13054128440367,-3212.682617
1.102503173828154,37.117168,16.567333,18.336151,27.074308,0.536547,118.24416524396322,114.66951565599521,0.0,0.0,39.424412,198.331772,5.4435162079510695,-3232.480225
1.1075131835932552,36.974857,16.607981,18.353848,27.016491,0.536547,116.1160475815176,113.5495757362921,0.0,0.0,39.311878,198.369965,4.9916756371049935,-3201.605225
1.1135041503903267,37.209328,16.556269,18.262014,26.946665,0.536076,113.57124570447687,112.21035222429978,0.0,0.0,39.181896,198.31192,4.948915290519877,-3161.444336
1.118656982421271,36.903389,16.530859,18.046375,26.999056,0.536076,111.3824609774374,111.05848574872579,0.0,0.0,39.011337,198.088409,5.101428440366973,-3157.249268
1.1244240722653558,37.118378,16.471592,18.303759,27.255812,0.530958,108.93275602045233,109.76930779525242,0.0,0.0,38.844963,198.184433,5.434962895005098,-3221.921387
1.129503906249738,37.127968,16.497561,18.374161,27.126282,0.530958,106.77497890420528,108.63375933712355,0.0,0.0,38.78624,198.210632,6.169025790010195,-3224.561035
1.1355048828118015,37.113842,16.576462,18.433149,26.913418,0.526861,104.22592514742378,107.2922982374548,0.0,0.0,38.663254,198.104477,7.99776748216106,-3226.022461
1.1406459960935535,37.020615,16.616375,18.392469,26.79764,0.526861,102.04211823081252,106.1430513767215,0.0,0.0,38.571995,197.980652,7.893715290519876,-3192.177734
1.146554931639912,37.167015,16.593565,18.172205,26.741219,0.524686,99.53216102676929,104.82216516861398,0.0,0.0,38.50629,198.088577,6.826118042813454,-3182.090576
1.152552001953154,37.315979,16.519445,18.089291,26.768496,0.524686,96.98476654013052,103.48157727389213,0.0,0.0,38.534595,197.995163,5.84974373088685,-3164.743896
1.1585039062492797,37.356384,16.443895,17.710735,26.635702,0.519506,94.45655736451717,102.15108581136874,0.0,0.0,38.414436,197.844208,4.796400509683994,-3090.691406
1.1639289550776084,37.502098,16.362062,17.605343,26.467794,0.519506,92.15214224940563,100.93836786605794,0.0,0.0,38.399063,198.560883,4.680946992864422,-3101.72168
1.1698427734372672,37.55154,16.307175,17.470526,26.487167,0.518075,90.74167012643753,100.08808296760289,0.0,0.0,38.441418,200.702454,4.860541794087665,-3090.691406
1.174857910155879,37.504093,16.147575,17.083525,26.294985,0.518075,91.83064177173547,100.34550227625257,0.0,0.0,38.392971,200.842484,5.882527624872578,-2963.232422
1.1801479492187354,37.517979,16.015568,16.93539,26.228352,0.510305,92.97930488196407,100.61703190237569,0.0,0.0,38.381943,200.882919,6.350046992864423,-2958.330322
1.1855048828119834,37.563671,15.882163,16.866665,26.07556,0.510305,94.14249326873885,100.89199512262645,0.0,0.0,38.330597,201.035004,6.662201936799184,-3008.76709
1.1906508789061263,37.623104,15.667781,16.64818,25.624647,0.499374,95.25987932363078,101.15613124314626,0.0,0.0,38.181591,201.119034,7.161078797145769,-2866.412598
1.1965048828124054,37.480553,15.471113,16.503101,25.416147,0.499374,96.53100005729615,101.45660832341119,0.0,0.0,38.175953,201.107132,7.168205810397553,-2884.843262
1.202488769530646,37.501007,15.248494,16.297253,25.154417,0.484571,97.83032315272273,101.76375209008451,0.0,0.0,38.136703,201.057999,6.813290417940877,-2802.164795
1.2084157714843968,37.370628,15.154601,16.208456,24.948292,0.484571,99.11729446188923,102.0679760486128,0.0,0.0,38.08728,201.275543,6.761976656472987,-2790.804688
1.2135036621093604,37.421741,15.059958,16.118614,24.781153,0.475901,100.22206367073011,102.32912970416044,0.0,0.0,37.989548,201.638016,6.277353822629968,-2786.750732
1.2194887695304715,37.32991,14.825804,15.950462,24.400784,0.475901,101.52165182594766,102.63633612766091,0.0,0.0,37.992603,202.659454,6.218913149847095,-2741.451904
1.2245026855462129,37.229244,14.705837,15.788454,24.175196,0.470307,102.61035841145463,102.89369277948344,0.0,0.0,37.993755,202.983368,5.989429357798166,-2732.637451
1.229875732421533,37.22657,14.662189,15.611176,23.996294,0.470307,103.77704558747045,103.16948306985255,0.0,0.0,38.007629,203.095184,6.035040876656474,-2704.637939
1.2354907226563228,37.15073,14.47252,15.440145,23.534756,0.457293,104.99626761406023,103.45769194336214,0.0,0.0,38.089603,203.178818,6.368576860346585,-2598.814941
1.240503662109404,37.27343,14.386568,15.328363,23.335627,0.457293,106.08476215173441,103.71499846972294,0.0,0.0,38.0518,203.04776,6.479754434250765,-2594.713867
1.2465527343747453,37.09663,14.151628,15.181608,23.100965,0.453445,107.39823943999977,104.02548811096591,0.0,0.0,37.969215,203.266846,6.398509582059122,-2576.6604
1.2518876953117797,37.04808,14.013041,14.847924,22.622986,0.453445,108.55665675053675,104.29932350832803,0.0,0.0,38.035778,203.249985,6.39138256880734,-2489.220947
1.2575036621092295,37.034149,13.930754,14.817749,22.411833,0.443129,109.77609082495934,104.58758250729935,0.0,0.0,38.024559,203.317032,6.230316004077473,-2514.250732
1.2635026855468823,36.902996,13.640717,14.506176,21.90237,0.443129,111.07870066179416,104.89550321862929,0.0,0.0,37.974121,204.145905,5.821237410805299,-2357.236816
1.270152587890152,37.156971,13.447294,14.412109,21.597063,0.438369,112.52264037918417,105.23683255019388,0.0,0.0,37.997089,204.383667,5.812685626911315,-2371.802246
1.275590576171453,36.874279,13.181778,14.102142,20.990602,0.438369,113.7034287360806,105.5159561837672,0.0,0.0,38.033527,204.568817,6.103459633027524,-2287.049561
1.2815754394523537,36.891872,13.038635,13.950465,20.707581,0.43768,115.00296387933996,105.82315007590225,0.0,0.0,38.057716,204.432632,6.427015902140672,-2213.326904
1.287552490233793,36.790203,12.775388,13.693989,20.175989,0.43768,116.30080263993699,106.12994296434356,0.0,0.0,38.111382,204.6091,6.8503501529051976,-2203.663818
1.2929714355468604,36.823067,12.645683,13.36355,19.92597,0.437258,117.477456064094,106.40808915141338,0.0,0.0,38.162762,204.558792,6.985758307849134,-2128.102783
1.2988225097651593,36.913929,12.337775,13.116428,19.432005,0.437258,118.65695534746706,106.79746659137015,0.0,0.0,38.209724,204.46907,6.830393985728849,-2034.394165
1.30450439453125,36.75013,12.172818,12.927091,19.166401,0.436561,119.48427250760587,107.48689750060434,0.0,0.0,38.312397,204.671616,6.368576860346585,-2035.808228
1.310266357421824,36.657249,12.023288,12.787264,18.932018,0.436561,120.32324953233133,108.1860449628497,0.0,0.0,38.317596,204.923187,6.069250968399593,-1995.977295
1.3158793945312937,36.691772,11.774072,12.515133,18.543779,0.444342,121.14054205279501,108.86712200638529,0.0,0.0,38.359413,205.158707,5.980877573904178,-1953.506714
1.3215034179684153,36.675739,11.671122,12.594802,18.483133,0.444342,121.95943424980258,109.54953211359617,0.0,0.0,38.359062,205.02919,5.966623649337411,-1965.950928
1.327502441406068,36.641216,11.499811,12.546041,18.307861,0.44562,122.83292873950872,110.27744412759105,0.0,0.0,38.288834,205.442978,6.237443017329254,-1923.150391
1.3331342773435608,36.496078,11.444593,12.410926,18.331142,0.44562,123.65295848428084,110.96080219119328,0.0,0.0,38.309483,205.341522,6.379979714576963,-1955.957764
1.3396674804680515,36.551361,11.431818,12.479967,18.269815,0.447788,124.60423280238828,111.75353072344555,0.0,0.0,38.274227,205.144577,6.255972884811417,-1956.947754
1.345507324218488,36.450672,11.422097,12.596251,18.222538,0.447788,125.45454975639163,112.46212812596701,0.0,0.0,38.284298,205.313293,6.092056778797146,-1929.890991
1.3513703613280086,36.576469,11.371119,12.560229,18.242451,0.4506,126.30824380532101,113.17353977402524,0.0,0.0,38.360703,205.374115,5.607432313965343,-1979.432129
1.3573884277338948,36.493015,11.3455,12.484627,18.252869,0.4506,127.18451106770323,113.903762431724,0.0,0.0,38.398872,205.416092,5.6544701325178375,-1935.123169
1.3625842285155159,36.443615,11.40194,12.484557,18.195452,0.44926,127.94105142786626,114.53421267923494,0.0,0.0,38.430424,205.43573,5.856870744138635,-1944.126343
1.3676042480465185,36.500378,11.413197,12.491782,18.325802,0.44926,128.67199696332682,115.1433339079409,0.0,0.0,38.480827,205.687988,6.220339449541285,-1988.8125
1.3735122070311263,36.525333,11.419549,12.610038,18.423586,0.456947,129.5322319119024,115.86019630524929,0.0,0.0,38.480339,205.715622,6.34006880733945,-2014.21936
1.3794111328124927,36.572792,11.415431,12.76496,18.690586,0.456947,130.39115157087517,116.57596262798022,0.0,0.0,38.512642,205.490189,5.978026503567788,-2057.821289
1.3845031738273974,36.547291,11.414017,12.830929,18.93071,0.458942,131.1325838747902,117.19382282966876,0.0,0.0,38.578995,205.68869,5.771349949031599,-2079.457275
1.3913381347656468,36.403454,11.439026,13.151158,19.347485,0.458942,132.1277959753035,118.02316617753628,0.0,0.0,38.574738,205.588928,5.326636391437308,-2188.579834
1.3965031738280231,36.47047,11.479218,13.261525,19.508497,0.455013,132.8798572411436,118.64988384675635,0.0,0.0,38.576256,205.6259,5.19550254841998,-2175.852783
1.402673095702994,36.385269,11.565047,13.335697,19.714397,0.455013,133.77823558819932,119.39853240681164,0.0,0.0,38.586361,205.503845,5.400754332313966,-2205.030762
1.4077260742187718,36.42458,11.828836,13.630899,20.16852,0.455105,134.5139801532916,120.01165282654352,0.0,0.0,38.618088,205.767151,5.541866156982669,-2305.810059
1.4128710937493452,36.50148,12.018803,13.773309,20.423216,0.455105,135.26312645298503,120.6359413575108,0.0,0.0,38.538818,205.709061,5.754244852191641,-2341.068604
1.417955078124578,36.383644,12.125523,13.931914,20.689203,0.456304,136.0033856607679,121.2528239791708,0.0,0.0,38.49992,205.776443,5.975176962283385,-2359.546387
1.4237321777336547,36.479282,12.468492,14.170031,21.210133,0.456304,136.61551815930588,121.76365309625687,0.0,0.0,38.450722,205.76059,5.8141103975535176,-2423.040283
1.4289670410153121,36.299557,12.577795,14.331393,21.510448,0.451464,135.4938726592702,120.83486010357937,0.0,0.0,38.485329,205.760269,5.744266768603466,-2440.528076
1.4345419921874054,36.374851,12.766208,14.467694,21.746401,0.451464,134.2993583885252,119.84572718744323,0.0,0.0,38.473984,205.686813,5.680125484199794,-2451.416748
1.4404880371093896,36.390133,13.015372,14.674013,22.150068,0.451387,133.02533189130625,118.79075314879661,0.0,0.0,38.464821,205.495468,5.44208990825688,-2534.849609
1.446672119140203,36.304096,13.159195,14.822758,22.297661,0.451387,131.7003024856583,117.69354549538176,0.0,0.0,38.398033,205.661057,5.272471559633028,-2535.651123
1.4525029296873981,36.465168,13.373035,14.954748,22.745134,0.445014,130.45096662718655,116.65901685793577,0.0,0.0,38.478539,205.638596,5.102853211009173,-2593.58252
1.457658935546533,36.443756,13.530175,15.030525,22.939445,0.445014,129.34621747527657,115.74421510379173,0.0,0.0,38.559097,205.637207,5.102853211009173,-2581.79834
1.4635029296869106,36.240963,13.712096,15.03625,23.344946,0.450431,128.09405684033797,114.7073473738355,0.0,0.0,38.529274,205.690292,5.262495005096841,-2630.679688
1.468653076171904,36.330437,13.789234,15.147036,23.551178,0.450431,126.9905631446355,113.79358521636269,0.0,0.0,38.552555,205.792328,5.464895616717635,-2664.759766
1.474338867186816,36.389656,13.900038,15.245675,23.647968,0.445147,125.77229982729894,112.78478659652934,0.0,0.0,38.538017,205.731049,5.806983384301733,-2661.318848
1.4795029296874418,36.338074,14.051924,15.411209,23.849436,0.445147,124.66582442310369,111.86855539696238,0.0,0.0,38.499886,205.483368,6.120563200815493,-2673.998779
1.485501953124185,36.360794,14.118748,15.358224,23.925247,0.4382,123.38044650934208,110.80418167174683,0.0,0.0,38.478977,205.586426,6.153346992864425,-2691.015137
1.4906318359371653,36.459595,14.145782,15.433181,24.060884,0.4382,122.28129459969048,109.89401478609531,0.0,0.0,38.414646,205.588242,6.109160244648317,-2696.388916
1.4965029296872672,36.495926,14.250913,15.501838,24.101322,0.43433,121.02332747979227,108.8523389215347,0.0,0.0,38.360878,205.543808,5.630238022426094,-2714.159668
1.5016218261716858,36.394955,14.342624,15.458783,24.070675,0.43433,119.92652955052971,107.9441212796417,0.0,0.0,38.330021,205.430496,5.620261569826709,-2698.51001
1.507487792968277,36.396145,14.362955,15.428329,24.119228,0.437855,118.66966095481303,106.9033550621684,0.0,0.0,38.374088,205.573563,5.553269113149845,-2693.654785
1.5126928710933498,36.411152,14.364107,15.438137,24.105824,0.437855,117.55439735716541,105.97984668590291,0.0,0.0,38.441105,205.478775,5.688678797145768,-2693.607666
1.5192519531246944,36.246449,14.36409,15.368363,24.147308,0.434561,116.14901875423853,104.8161048455301,0.0,0.0,38.537212,205.333939,6.083503465851172,-2661.035889
1.5245117187496362,36.290199,14.342641,15.335781,24.099506,0.434561,115.02203756532106,103.88289356699991,0.0,0.0,38.500877,205.465073,6.220339449541285,-2688.422607
1.5305026855467077,36.240757,14.312484,15.322657,24.21909,0.433456,113.73838590384474,102.8199492872073,0.0,0.0,38.480095,205.604614,6.173301630988787,-2666.032471
1.5357438964838366,36.27195,14.310547,15.280719,24.081427,0.433456,112.61538032625097,101.89003006480263,0.0,0.0,38.530426,205.308502,6.2018095820591235,-2632.09375
1.5418466796872963,36.182365,14.285521,15.243477,24.036871,0.432062,111.30777037548184,100.80724681520093,0.0,0.0,38.624928,205.195618,6.134817125382264,-2650.383057
1.547747802734193,36.265766,14.241017,15.196251,23.998598,0.432062,110.39951291283454,100.05403450398232,0.0,0.0,38.602798,205.342102,6.171876860346584,-2595.845215
1.5541467285156614,36.379215,14.195031,15.151137,24.032997,0.433846,110.71490554939584,100.30990520847672,0.0,0.0,38.588978,205.301407,6.093481549439346,-2616.444092
1.5595026855462493,36.360184,14.159376,15.077873,23.830605,0.433846,110.97889195385527,100.52407123347473,0.0,0.0,38.620251,205.205231,5.578925891946993,-2587.030518
1.564538818359324,36.452023,14.137683,14.980455,23.720306,0.43313,111.22711474313364,100.7254486044137,0.0,0.0,38.666813,205.306107,5.273897859327218,-2553.798828
1.5704907226554496,36.447071,14.090528,14.990019,23.552504,0.43313,111.52047441832357,100.96344448021947,0.0,0.0,38.755611,205.327057,4.9204073394495405,-2563.226318
1.5766926269525356,36.140514,13.99119,14.783752,23.261368,0.425409,111.82615618660158,101.21143698332024,0.0,0.0,38.73587,205.246613,5.114256167176349,-2505.294678
1.5823767089841567,36.32687,13.98379,14.695498,23.094473,0.425409,112.10631533823913,101.43872358164296,0.0,0.0,38.666447,205.073349,5.564671967380223,-2471.450195
1.5876015624999127,36.223751,13.937926,14.505932,22.665518,0.429406,112.36383986380373,101.64764723470991,0.0,0.0,38.5984,205.24614,6.2844808358817525,-2452.783936
1.5935017089841494,36.256104,13.923266,14.446839,22.464731,0.429406,112.654648480659,101.883573496271,0.0,0.0,38.734196,205.09848,6.8332450560652385,-2426.952637
1.5986516113280231,36.160671,13.922132,14.262318,22.256144,0.433355,112.90847878495599,102.0895001136157,0.0,0.0,38.711735,205.032974,7.263704689092763,-2351.533203
1.6045014648434517,36.18182,13.890771,13.943171,21.80689,0.433355,113.19680854324082,102.32341533492017,0.0,0.0,38.636795,205.105896,7.152527013251784,-2344.226807
1.610502685546635,36.220127,13.865901,13.830814,21.700781,0.431417,113.49259894382507,102.56338320165717,0.0,0.0,38.612083,205.1306,6.971505810397552,-2324.287842
1.6164875488275356,36.18383,13.867141,13.728248,21.391792,0.431417,113.78758311370922,102.80269699219421,0.0,0.0,38.701542,205.017136,5.878251681957186,-2306.092773
1.6216945800779285,36.17783,13.880195,13.734356,21.226904,0.428894,114.04422920880954,103.01090799507313,0.0,0.0,38.702484,204.885101,5.544717329255861,-2265.837646
1.62750244140625,36.277447,13.844505,13.49418,20.998211,0.428894,114.33048924052098,103.24314409538664,0.0,0.0,38.592171,205.023483,5.102853211009173,-2238.168213
1.633507568359164,36.140015,13.729181,13.474424,20.825417,0.432673,114.62647217380973,103.48326815942514,0.0,0.0,38.624683,204.955307,5.074346890927626,-2242.363281
1.6403964843748327,36.097855,13.537871,13.483168,20.550093,0.432673,114.96601563149191,103.7587318629245,0.0,0.0,38.697495,204.750778,5.690103567787972,-2213.138428
1.6463405761714967,36.013279,13.437382,13.343882,20.50107,0.432904,115.25899024127283,103.99641534412729,0.0,0.0,38.721386,204.923676,6.119138430173293,-2199.939941
1.6514885253900502,36.153004,13.233454,13.269746,20.390371,0.432904,115.51272427921757,104.20226386282125,0.0,0.0,38.686081,204.799484,6.506837614678899,-2227.420898
1.6565024414057916,36.224308,13.116228,13.358419,20.370493,0.43396,115.7598520387391,104.40275286160804,0.0,0.0,38.764336,204.781876,6.562425688073395,-2176.418457
1.6623754882812136,36.088356,12.995931,13.20594,20.394855,0.43396,116.0493249599569,104.63759550439008,0.0,0.0,38.681507,204.655823,6.271651580020387,-2185.280273
1.6679475097653267,35.960289,12.826016,13.330985,20.299532,0.430878,116.32396082963406,104.86040119262645,0.0,0.0,38.72533,204.898865,5.759947094801222,-2236.75415
1.6738603515623254,36.10622,12.770554,13.272555,20.327177,0.430878,116.61539517777898,105.09683509541738,0.0,0.0,38.734127,204.817886,5.516209378185525,-2211.677002
1.678869384765676,36.074261,12.684619,13.40109,20.327072,0.437598,117.03785621054142,105.44821582862639,0.0,0.0,38.712589,204.693863,5.282449643221202,-2221.057373
1.6840454101557043,36.090973,12.584217,13.461596,20.361662,0.437598,117.49985136754128,105.83321152969266,0.0,0.0,38.778683,204.689011,5.0971525993883775,-2256.97583
1.6895473632812354,36.023029,12.558632,13.382259,20.411314,0.438924,117.99093777186886,106.24244992029827,0.0,0.0,38.753777,204.737549,5.276749031600406,-2232.4646
1.6955012207026812,36.176662,12.471826,13.346081,20.386566,0.438924,118.52235968091823,106.68530120853481,0.0,0.0,38.760166,204.637314,5.517634148827727,-2261.218262
1.7005122070304424,36.068512,12.446485,13.439066,20.394892,0.438233,118.96962398908398,107.05802121062835,0.0,0.0,38.794632,204.582642,5.6444920489296635,-2274.039551
1.706669189452441,36.012077,12.431546,13.467845,20.37826,0.438233,119.51917617362149,107.51598105144672,0.0,0.0,38.8265,204.68634,5.663021916411825,-2235.198486
1.7117602539055952,36.08588,12.41549,13.448892,20.395519,0.436816,119.9735879942393,107.89465730984655,0.0,0.0,38.756676,204.600143,5.5760748216106,-2246.699951
1.7174873046869834,36.104279,12.41069,13.366151,20.410616,0.436816,120.48476588174002,108.3206385916546,0.0,0.0,38.798786,204.599976,5.527612232415902,-2233.265869
1.722502197265385,36.182999,12.448492,13.445418,20.434891,0.441768,120.93237884904977,108.69364914283625,0.0,0.0,38.873291,204.472916,5.447792150866461,-2242.410645
1.7281743164057843,36.160072,12.436852,13.457775,20.40489,0.441768,121.43865371733796,109.11554457809274,0.0,0.0,38.896328,204.651672,5.292427726809377,-2242.363281
1.7340051269529795,36.082344,12.393535,13.358385,20.39805,0.436399,121.95909286335124,109.54924357005376,0.0,0.0,38.913307,204.503265,5.275322731906217,-2229.87207
1.739141113281221,35.803993,12.394233,13.439485,20.393599,0.436399,122.41751426412509,109.93126114296687,0.0,0.0,38.913902,204.454239,5.417859327217126,-2252.733643
1.7445012207026593,35.991322,12.424251,13.401771,20.376619,0.439005,122.89593998328607,110.32994896981042,0.0,0.0,38.864128,204.437439,5.596029459734965,-2260.275635
1.7501372070310026,35.96405,12.469836,13.493202,20.408854,0.439005,123.39898975449223,110.74915682600185,0.0,0.0,38.861179,204.616196,5.734290214067278,-2236.942627
1.755502197264832,35.853275,12.399922,13.420602,20.355816,0.43625,123.87785129758322,111.14820783920554,0.0,0.0,39.008385,204.513458,5.68725239551478,-2248.915527
1.7615021972651448,35.961094,12.410743,13.37383,20.435467,0.43625,124.41339174277111,111.5944912385454,0.0,0.0,39.075191,204.383026,5.554693883792049,-2246.841553
1.7683161621089312,35.907898,12.423553,13.486343,20.571507,0.437752,125.02158403709055,112.1013178041206,0.0,0.0,39.038563,204.577148,5.554693883792049,-2277.433594
1.7736440429680442,35.912251,12.419469,13.449573,20.700722,0.437752,125.4971333183135,112.4976086009872,0.0,0.0,39.070324,204.39743,5.402180632008156,-2284.975342
1.7795009765623035,35.944855,12.446381,13.659783,20.796726,0.437867,126.01990412235232,112.93325063997499,0.0,0.0,39.08186,204.24881,5.473448929663609,-2318.395752
1.7854870605460746,36.051052,12.48776,13.712157,20.912783,0.437867,126.5542024693397,113.37849895818846,0.0,0.0,39.092804,204.369583,5.446365749235473,-2310.712402
1.7905410156245125,36.035778,12.503728,13.631528,21.035088,0.433865,127.00530202808949,113.75441500025121,0.0,0.0,39.055996,204.426559,5.407881243628949,-2324.947754
1.7960219726555806,35.999413,12.582245,13.890186,21.310167,0.433865,127.49451438951805,114.16209168950823,0.0,0.0,39.087551,204.307327,5.463470846075435,-2372.084961
1.8018769531245198,36.040745,12.617341,13.904427,21.442438,0.434371,127.63577194030356,114.2798062527335,0.0,0.0,39.140045,204.244537,5.49197879714577,-2354.408447
1.8074870605469187,35.957138,12.759977,14.054044,21.60811,0.434371,127.2149862239769,113.92915177229426,0.0,0.0,39.0965,204.434296,5.437813965341488,-2414.744141
1.8132248535148392,35.887787,12.814481,14.094585,21.716017,0.432691,126.7846234621026,113.57051642701018,0.0,0.0,39.126064,204.385208,5.4991042813455655,-2387.121826
1.8188889160155668,35.999054,12.877501,14.165738,21.834116,0.432691,126.35979084890018,113.21648953523116,0.0,0.0,39.032139,204.26593,5.64164097859327,-2384.764893
1.8244868164056243,35.801006,12.939543,14.232632,21.958933,0.431374,125.93992072010197,112.86659804378283,0.0,0.0,39.001213,204.238571,5.745693170234454,-2427.659668
1.8303417968745634,35.852097,12.993103,14.194028,22.01436,0.431374,125.50076831795454,112.50063800418607,0.0,0.0,39.005787,204.337524,5.68725239551478,-2432.279053
1.8355009765618888,35.944855,13.076978,14.254342,22.236021,0.430631,125.11380440492894,112.1781683370708,0.0,0.0,38.925941,204.164948,5.787028746177368,-2423.700195
1.8407478027338584,35.966778,13.129125,14.298898,22.269791,0.430631,124.72026657344905,111.85022040900084,0.0,0.0,38.950794,204.104248,5.601731702344547,-2459.005859
1.846501953124971,36.148903,13.13162,14.35998,22.284031,0.437049,124.28867692428665,111.49056265846896,0.0,0.0,38.98315,204.241608,5.594604689092762,-2463.342529
1.8525659179686045,36.129387,13.229579,14.42909,22.365114,0.437049,123.83384966365207,111.11154024734795,0.0,0.0,38.856293,204.173645,5.49197879714577,-2472.157227
1.8594057617183353,36.040974,13.249178,14.439474,22.419111,0.432235,123.32082765970901,110.68402225596515,0.0,0.0,38.837425,204.159668,5.5760748216106,-2483.234375
1.8645068359373909,36.168556,13.314362,14.514431,22.488518,0.432235,122.93822194331887,110.36518441644657,0.0,0.0,38.847145,204.220917,5.50623129459735,-2494.028809
1.870501708984193,36.115101,13.312076,14.452912,22.516634,0.43455,122.48857690809534,109.99048052301407,0.0,0.0,38.820881,204.274368,5.544717329255861,-2482.621582
1.875517822265465,36.009167,13.384833,14.473523,22.559198,0.43455,122.11234368090322,109.67695308687217,0.0,0.0,38.834301,204.042313,5.546142099898064,-2478.190674
1.8814726562495707,35.987087,13.410715,14.489859,22.571678,0.432421,121.66570177277303,109.30475179732984,0.0,0.0,38.793552,204.029724,5.601731702344547,-2513.779297
1.8865998535156905,36.082584,13.435008,14.550662,22.589008,0.432421,121.281136699072,108.98428116137073,0.0,0.0,38.741264,204.097092,5.57464852191641,-2497.51709
1.8933247070308425,36.024296,13.44712,14.615863,22.632952,0.431014,120.77673952964696,108.56395052628223,0.0,0.0,38.815105,204.155502,5.577499592252803,-2507.69873
1.8985017089844405,36.011368,13.447172,14.625985,22.646181,0.431014,120.38843885882983,108.24036689524024,0.0,0.0,38.755104,204.016541,5.496254740061162,-2541.920166
1.9047145996091785,36.027882,13.500454,14.618167,22.695065,0.429326,119.92244143034813,107.85203601843021,0.0,0.0,38.783813,204.107452,5.480575942915393,-2479.463379
1.910495605467986,36.096722,13.516021,14.606579,22.710962,0.429326,119.48883748862312,107.49069969211834,0.0,0.0,38.857235,204.237289,5.372247910295616,-2504.304688
1.915763671874629,35.951748,13.488883,14.592093,22.76557,0.431939,119.09370653484373,107.1614241632042,0.0,0.0,39.011929,204.002518,5.42641111111111,-2509.112793
1.9209645996088511,35.955643,13.502025,14.607416,22.753109,0.431939,118.70361131247083,106.83634507374005,0.0,0.0,38.957409,203.952057,5.423560040774721,-2506.70874
1.926542724609135,35.963463,13.470593,14.600471,22.77257,0.427481,118.36090870013717,106.55075975056133,0.0,0.0,39.03027,204.114914,5.415008256880733,-2499.449707
1.9316376953120198,36.047398,13.523264,14.637521,22.814331,0.427481,118.35473195565126,106.54561225144907,0.0,0.0,39.005177,204.037079,5.272471559633028,-2540.082031
1.9375026855468604,36.020466,13.488534,14.641709,22.730265,0.430057,118.34762169963588,106.53968679401585,0.0,0.0,39.000534,203.954773,5.417859327217126,-2493.133301
1.9434885253904213,35.881611,13.53932,14.578917,22.784191,0.430057,118.34036493499427,106.53363924103131,0.0,0.0,38.942104,204.023163,5.308106523955149,-2492.332031
1.948698486327885,35.998901,13.515568,14.565496,22.808119,0.428496,118.33404878533068,106.52837556615204,0.0,0.0,38.914249,204.183884,5.322360550458715,-2516.230469
1.9543386230461692,36.055172,13.586179,14.529684,22.800945,0.428496,118.32721112415317,106.5226772804416,0.0,0.0,38.944321,203.960587,5.282449643221202,-2506.614502
1.9595004882812646,35.922134,13.545585,14.543053,22.789881,0.42754,118.32095328196304,106.51746219712517,0.0,0.0,38.974598,203.995468,5.119958307849132,-2507.840088
1.965500488280668,35.959831,13.499459,14.592634,22.80147,0.42754,118.31367935065413,106.51140033799523,0.0,0.0,38.976379,204.018097,5.38935137614679,-2518.210205
1.9707614746093896,35.93626,13.482426,14.582791,22.755013,0.423249,118.30730134179281,106.50608511166095,0.0,0.0,39.04781,204.035583,5.376523751274209,-2522.02832
1.9765224609373035,35.839954,13.588744,14.65459,22.776443,0.423249,118.30031717198908,106.50026473039918,0.0,0.0,39.045193,203.872467,5.487701427115188,-2524.526611
1.9825014648431534,35.874153,13.591519,14.621902,22.738031,0.425682,118.2930686947041,106.49422408382966,0.0,0.0,38.985943,203.898438,5.3850755351681965,-2525.705078
1.988498535155486,35.932964,13.547609,14.589476,22.709131,0.425682,118.28579831511945,106.48816518459188,0.0,0.0,39.034706,204.105469,5.336612945973496,-2495.914307
1.9937294921874127,36.089119,13.509843,14.531778,22.670719,0.423992,118.27945671143192,106.48288029715216,0.0,0.0,39.06741,203.971893,5.470597859327216,-2503.974854
1.9995014648429787,36.001072,13.575655,14.504414,22.621975,0.423992,118.27245922266216,106.47704881629483,0.0,0.0,39.01931,203.869415,5.372247910295616,-2502.230713
2.0055024414059517,35.954857,13.499895,14.519213,22.591696,0.427748,118.26518410744517,106.47098597053416,0.0,0.0,38.994793,203.947739,5.359418654434251,-2489.927979
2.0124604492184517,35.919189,13.478185,14.398566,22.470978,0.427748,118.25674876229932,106.46395622667009,0.0,0.0,38.977112,203.891403,5.44208990825688,-2450.427002
2.018518310546824,36.11533,13.4552,14.379579,22.434399,0.427898,118.24940468443603,106.45783590967011,0.0,0.0,39.003483,203.843124,5.452067991845057,-2496.055664
2.023637451171453,36.066517,13.44288,14.401359,22.462095,0.427898,118.24319863822487,106.4526639914476,0.0,0.0,39.018822,203.746033,5.395053618756371,-2493.557617
2.0294863281242215,35.98267,13.402111,14.417031,22.370787,0.424208,118.23610791669299,106.44675481342122,0.0,0.0,39.022312,203.97377,5.550417940876657,-2456.64917
2.0356901855466276,35.927391,13.411466,14.346489,22.385115,0.424208,118.22858684457015,106.44048699512894,0.0,0.0,38.984859,203.91626,5.477724872579,-2476.446777
2.0415002441404795,35.853916,13.391709,14.463646,22.295708,0.42797,118.22154318338485,106.4346170356736,0.0,0.0,39.008492,203.815277,5.627386952089704,-2442.319336
2.0476501464836474,36.002895,13.378778,14.330678,22.290699,0.42797,118.21408752218403,106.42840372872848,0.0,0.0,38.94376,203.866333,5.621686340468909,-2423.794434
2.053015136718386,36.074806,13.344013,14.362441,22.438709,0.427438,118.2775543689091,106.48129292408196,0.0,0.0,39.079468,203.789459,5.50623129459735,-2474.136963
2.0586152343748836,35.737686,13.264693,14.379369,22.387278,0.427438,118.34492287227434,106.53743351290314,0.0,0.0,39.214809,203.72171,5.423560040774721,-2468.103516
2.064489257812056,35.937668,13.315827,14.332877,22.412462,0.424893,118.41558666994491,106.59632018859577,0.0,0.0,39.34565,203.844513,5.44208990825688,-2435.814453
2.0695012207024774,35.92207,13.310993,14.298234,22.382496,0.424893,118.47587998259574,106.64656476736941,0.0,0.0,39.344513,203.92688,5.315233537206931,-2478.143555
2.0764111328116996,36.023739,13.251167,14.25792,22.353474,0.425207,118.5590053967882,106.7158361548228,0.0,0.0,39.388336,203.753342,5.366545667686035,-2435.814453
2.082011230468197,36.057171,13.315636,14.377903,22.32515,0.425207,118.62637390015342,106.77197674364398,0.0,0.0,39.376381,203.697327,5.392202548419978,-2449.342773
2.0881572265625437,36.072941,13.267433,14.315599,22.276527,0.429002,118.70030949626977,106.833589926266,0.0,0.0,39.407814,203.903717,5.554693883792049,-2461.787109
2.0935012207028194,36.022133,13.32232,14.341917,22.249495,0.429002,118.76459710504828,106.88716309518686,0.0,0.0,39.335003,203.785934,5.5489931702344535,-2465.887939
2.1003811035152467,35.949055,13.30417,14.414116,22.249912,0.427099,118.84736127039977,106.95613344103135,0.0,0.0,39.42614,203.645905,5.606007543323139,-2463.436768
2.1055021972651957,36.074871,13.298917,14.401114,22.285009,0.427099,118.90896741420434,107.00747204906662,0.0,0.0,39.45565,203.738403,5.546142099898064,-2458.016113
2.111499999999978,35.99361,13.320924,14.326385,22.275183,0.429965,118.98112026197545,107.06759960358619,0.0,0.0,39.428162,203.851761,5.3309122324159,-2421.814697
2.1175009765620416,36.011414,13.340226,14.368741,22.317976,0.429965,119.05331129051837,107.12775897551157,0.0,0.0,39.419769,203.684418,5.145615188583079,-2485.49707
2.12292407226505,35.896217,13.29862,14.390067,22.339373,0.424203,119.11855048160966,107.18212513208515,0.0,0.0,39.470608,203.663666,5.0387119266055045,-2468.480469
2.1284860839841713,36.000767,13.297451,14.357833,22.316492,0.424203,119.1854608157132,107.2378839120365,0.0,0.0,39.419697,203.881958,5.021608358817533,-2457.450439
2.1336689453119106,36.078789,13.276543,14.418567,22.258831,0.42503,119.24781001607681,107.28984173573886,0.0,0.0,39.417202,203.729706,5.000227420998981,-2474.561279
2.1395029296872963,36.058239,13.334554,14.405617,22.269615,0.42503,119.3179921486261,107.34832702261961,0.0,0.0,39.487152,203.672318,5.127085321100917,-2482.055908
2.144970947265392,35.988125,13.304083,14.38984,22.326773,0.428964,119.3837717444876,107.40314351786017,0.0,0.0,39.400169,203.753555,5.211181345565749,-2459.571533
2.150500976562398,36.041965,13.345654,14.471935,22.285358,0.428964,119.4502973338906,107.45858167626056,0.0,0.0,39.427952,203.810532,5.178397451580021,-2501.61792
2.1565009765618015,36.058784,13.404345,14.353871,22.374136,0.429092,119.52247661450374,107.51873125821493,0.0,0.0,39.389786,203.692368,5.261068705402651,-2437.652832
2.1621269531242433,36.035236,13.352198,14.421149,22.437645,0.429092,119.59015643800834,107.57513128126817,0.0,0.0,39.387638,203.702026,5.109980224260958,-2480.264893
2.1675039062492942,36.127239,13.36937,14.481551,22.514975,0.428684,119.65484053941718,107.62903486171099,0.0,0.0,39.406765,203.722351,5.238262996941896,-2501.712158
2.1738649902335965,36.030773,13.392529,14.358602,22.490351,0.428684,119.73136361706916,107.69280428545046,0.0,0.0,39.307934,203.740387,5.091450356778796,-2459.335938
2.178974853515683,35.928406,13.359231,14.431848,22.55419,0.431537,119.69385024737012,107.66154309578062,0.0,0.0,39.335598,203.787323,4.946064118246688,-2498.27124
2.184392822265181,36.000832,13.42438,14.458305,22.450054,0.431537,119.6538437895064,107.62820432925707,0.0,0.0,39.266747,203.748856,4.866244036697247,-2455.753418
2.189762939452521,35.996861,13.380872,14.377728,22.466022,0.4267,119.61419066914002,107.59516001110406,0.0,0.0,39.300133,203.786148,4.822057288481142,-2455.65918
2.195485839843059,35.975964,13.34246,14.46197,22.419966,0.4267,119.57193258610182,107.55994488736225,0.0,0.0,39.300587,203.668961,4.822057288481142,-2523.159668
2.2005026855467804,35.853077,13.422215,14.471376,22.40131,0.428784,119.53488803389193,107.52907437937324,0.0,0.0,39.220867,203.62825,5.147039959225279,-2462.258301
2.2061376953124636,35.878654,13.403106,14.484536,22.421764,0.428784,119.49327893809377,107.49440007916913,0.0,0.0,39.285789,203.829514,5.238262996941896,-2463.861084
2.21148583984359,35.92247,13.412443,14.447031,22.454399,0.424506,119.4537880645374,107.46149096690053,0.0,0.0,39.304043,203.89119,5.228286442405708,-2498.553955
2.2164997558593313,35.969318,13.40342,14.409631,22.399809,0.424506,119.41676514523552,107.43063848636278,0.0,0.0,39.313431,203.716858,5.466322018348623,-2454.10376
2.223336669921082,35.886967,13.427783,14.487764,22.385061,0.424042,119.36628114892983,107.38856842428072,0.0,0.0,39.304951,203.635406,5.325210091743118,-2496.5271
2.2286296386719187,36.031689,13.423944,14.47211,22.385183,0.424042,119.32719769514081,107.35599882901079,0.0,0.0,39.328335,203.7901,5.159869215086645,-2479.60498
2.234500732421111,36.087601,13.429476,14.527764,22.38625,0.427047,119.28384534750622,107.31987181669292,0.0,0.0,39.358128,203.704803,5.1612939857288485,-2458.817383
2.240501708984084,35.907463,13.448656,14.48752,22.525412,0.427047,119.23953394095022,107.28294558736935,0.0,0.0,39.352753,203.59465,4.9375123343527,-2496.951416
2.2464855957023246,36.000374,13.440454,14.399282,22.548536,0.428221,119.19534872635758,107.24612451817812,0.0,0.0,39.358181,203.692642,4.930385423037718,-2482.385986
2.2516816406250655,36.091015,13.412198,14.429352,22.537804,0.428221,119.15698096127495,107.21415133108725,0.0,0.0,39.391392,203.716003,5.004503261977574,-2479.274902
2.2575007324212493,36.068295,13.403472,14.480033,22.426075,0.423132,119.11401259775737,107.1783443060292,0.0,0.0,39.352123,203.651932,5.134212334352702,-2462.588379
2.2635126953118743,35.97089,13.428254,14.333575,22.511572,0.423132,119.06962006779638,107.14135047376342,0.0,0.0,39.432262,203.662659,5.261068705402651,-2449.295654
2.268524658203205,36.20657,13.425654,14.467154,22.557716,0.42543,119.03261157043316,107.1105100115265,0.0,0.0,39.359383,203.845093,5.251092150866463,-2492.049072
2.2737814941401666,36.109013,13.44178,14.435199,22.526529,0.42543,118.9937949225095,107.07816275482207,0.0,0.0,39.389019,203.746567,5.359418654434251,-2454.85791
2.2794995117183134,36.107979,13.403978,14.438706,22.553247,0.426193,118.95157289431796,107.04297767683235,0.0,0.0,39.32933,203.585571,5.482000713557594,-2470.696045
2.2863024902344478,36.131474,13.42007,14.507625,22.430717,0.426193,118.90133947919662,107.00111643272734,0.0,0.0,39.345284,203.743744,5.24824108053007,-2480.971924
2.2915004882806898,36.205315,13.39712,14.382406,22.491014,0.426431,118.86295729217532,106.96913122733564,0.0,0.0,39.363522,203.843811,5.245389908256882,-2460.844238
2.2966645507813155,36.064926,13.345217,14.421673,22.554924,0.426431,118.82482568633837,106.937354839921,0.0,0.0,39.388302,203.587234,5.107130682976555,-2492.991943
2.302495605468721,36.203331,13.362442,14.536944,22.582462,0.424282,118.78176898844646,106.9014742027703,0.0,0.0,39.366119,203.569092,5.058668093781853,-2521.556885
2.307668457030559,36.092861,13.433612,14.532005,22.591747,0.424282,118.74500012397671,106.87083342888805,0.0,0.0,39.398441,203.686508,5.166994597349644,-2464.33252
2.3135014648432843,36.082291,13.443717,14.505461,22.594069,0.423317,118.7241644520335,106.85347024808581,0.0,0.0,39.295525,203.770996,5.1299364933741085,-2505.671875
2.3191503906246,36.111698,13.438935,14.496682,22.638554,0.423317,118.70398632640895,106.83665502636298,0.0,0.0,39.387707,203.670502,5.199778491335372,-2508.829834
2.324502441405457,35.954811,13.445462,14.52499,22.634069,0.427907,118.68486864683675,106.8207235158345,0.0,0.0,39.307133,203.660629,5.291001427115187,-2482.810303
2.3295134277341276,35.998531,13.447836,14.500801,22.621067,0.427907,118.66696925931647,106.80580725574887,0.0,0.0,39.318005,203.712051,5.268195718654435,-2499.638184
2.3363964843747453,35.995529,13.490786,14.511569,22.557123,0.430376,118.64238278270946,106.78531838263832,0.0,0.0,39.427097,203.679138,5.1826749235474,-2483.328613
2.341502441406192,35.977577,13.472932,14.462337,22.584366,0.430376,118.62414415710171,106.77011942217885,0.0,0.0,39.464252,203.653748,5.144188888888889,-2470.790283
2.3473513183589603,35.922798,13.481099,14.515548,22.610054,0.430671,118.60325180013103,106.75270900352496,0.0,0.0,39.464165,203.706619,5.051541080530072,-2499.119629
2.3525043945310244,36.002579,13.446247,14.481691,22.668642,0.430671,118.58484486359558,106.73736978298282,0.0,0.0,39.540798,203.645691,5.040138226299694,-2493.274658
2.358386230468568,35.89912,13.472844,14.552896,22.626791,0.427072,118.56383477618323,106.71986125494468,0.0,0.0,39.476105,203.596832,4.921832110091743,-2485.874023
2.363572265624498,35.939922,13.483805,14.56143,22.581364,0.427072,118.5453101092061,106.7044239250183,0.0,0.0,39.461113,203.646072,4.763618144750256,-2519.71875
2.3695002441399993,35.970093,13.467713,14.503139,22.635063,0.426868,118.52413519917542,106.68677804384222,0.0,0.0,39.487411,203.866013,4.943213047910295,-2474.419922
2.375500244140312,35.985233,13.461222,14.479387,22.644173,0.426868,118.50270302632777,106.66891777549317,0.0,0.0,39.419052,203.722672,4.876220591233435,-2519.341553
2.3816423339840185,36.146515,13.494503,14.402441,22.721172,0.428241,118.48076330446492,106.65063454668761,0.0,0.0,39.420151,203.620361,5.0871745158002035,-2480.830566
2.3875002441400284,36.084568,13.454136,14.452738,22.79571,0.428241,118.45983868063244,106.63319723879506,0.0,0.0,39.427429,203.720276,4.993100407747196,-2520.991455
2.3925273437498618,36.177109,13.475253,14.512564,22.714279,0.4229,118.44188173600736,106.61823301412159,0.0,0.0,39.468182,203.632141,5.074346890927626,-2489.173828
2.3984851074219478,36.053288,13.473089,14.522651,22.728102,0.4229,118.42060043254051,106.6004984711316,0.0,0.0,39.47134,203.546844,4.901877471967381,-2507.934326
2.403691162108771,35.945412,13.452408,14.502878,22.753075,0.421964,118.40200425522103,106.5850015488385,0.0,0.0,39.464813,203.604935,4.917556167176351,-2523.772461
2.4090891113273756,36.190895,13.476736,14.487782,22.714628,0.421964,118.38272262510785,106.56893341190826,0.0,0.0,39.489925,203.752975,4.975996839959224,-2503.503418
2.4150041503899047,35.988693,13.523194,14.580854,22.740335,0.42899,118.36159393517649,106.5513260477497,0.0,0.0,39.523243,203.683136,4.890474515800205,-2519.577148
2.4205031738274556,35.984722,13.546335,14.558271,22.77906,0.42899,118.34195126504218,106.53495704204111,0.0,0.0,39.466663,203.592087,4.810654434250765,-2511.04541
2.425986083983844,35.996162,13.539145,14.551465,22.699846,0.428622,118.32236615201269,106.5186360009204,0.0,0.0,39.537903,203.702988,4.866244036697247,-2497.187012
2.431738037109426,36.104553,13.545742,14.508306,22.753424,0.428622,118.30337430035134,106.50280945677046,0.0,0.0,39.463051,203.783478,4.82490846075433,-2514.910645
2.4375021972655304,36.101139,13.584661,14.502633,22.749374,0.422425,118.28806847087029,106.49005488083837,0.0,0.0,39.415176,203.608887,5.0244595310907245,-2518.115967
2.4434999999994034,36.136906,13.563177,14.60595,22.758921,0.422425,118.27214223991471,106.47678331510674,0.0,0.0,39.460957,203.609207,5.171272069317022,-2526.506348
2.4486669921871,35.829254,13.588221,14.548131,22.756931,0.424322,118.25842209696101,106.4653501154021,0.0,0.0,39.468636,203.697495,5.0786227319062185,-2500.298096
2.454502929686896,35.988091,13.544049,14.511255,22.740404,0.424322,118.24292567392352,106.45243671501748,0.0,0.0,39.425526,203.635925,4.9916756371049935,-2473.52417
2.4604999999992287,36.03915,13.567086,14.453366,22.90346,0.420742,118.22700138780016,106.43916676994353,0.0,0.0,39.471096,203.598907,4.832035372069316,-2547.388184
2.4663669433593896,36.074394,13.524067,14.626858,22.817299,0.420742,118.21142263353251,106.42618476171718,0.0,0.0,39.481915,203.638977,4.85341488277268,-2514.722168
2.472374023436714,36.160629,13.531728,14.544065,22.845903,0.421627,118.19547176803563,106.41289266765496,0.0,0.0,39.433189,203.725067,4.840587155963304,-2491.483398
2.4774999999999636,36.155285,13.479755,14.560191,22.757822,0.421627,118.1818605356856,106.40155022478031,0.0,0.0,39.521564,203.572662,4.822057288481142,-2526.412109
2.4834848632808644,35.945564,13.550437,14.542477,22.804821,0.42489,118.16596866343238,106.38830729066768,0.0,0.0,39.528828,203.644516,5.0130565749235485,-2484.884277
2.4896860351555006,36.28204,13.518203,14.442703,22.872238,0.42489,118.14950241740024,106.37458572232057,0.0,0.0,39.612926,203.777191,5.008779204892965,-2512.223877
2.4956018066404795,36.355927,13.529913,14.573332,22.747787,0.423455,118.13379400765203,106.36149567024897,0.0,0.0,39.642807,203.639618,4.998802650356778,-2524.385254
2.5014848632808935,36.173847,13.5011,14.540138,22.8029,0.423455,118.1181724670758,106.34847800755368,0.0,0.0,39.678844,203.595764,5.199778491335372,-2495.018799
2.506503906249236,36.180828,13.504276,14.517154,22.807438,0.424268,118.10484518022821,106.33737218070014,0.0,0.0,39.788147,203.658554,5.168420897043833,-2516.18335
2.511648925780719,36.147854,13.496859,14.467589,22.790178,0.424268,118.09118338224076,106.32598760072585,0.0,0.0,39.793472,203.700378,5.054392252803261,-2499.968262
2.5169079589841203,36.16029,13.448412,14.547939,22.754,0.424638,118.07721883870617,106.31435073837291,0.0,0.0,39.818008,203.565994,5.071495718654434,-2531.785645
2.5231408691406614,36.133282,13.483456,14.595078,22.792936,0.424638,118.06066831661167,106.30055894152639,0.0,0.0,39.861637,203.61203,5.0244595310907245,-2525.327881
2.5284997558592295,36.128471,13.478778,14.565374,22.811417,0.420613,118.04643862761934,106.28870112950989,0.0,0.0,39.865337,203.648788,4.941788277268092,-2496.291504
2.5342167968747162,36.213966,13.510646,14.526543,22.877823,0.420613,118.03125791567703,106.27605081588847,0.0,0.0,39.749805,203.639725,4.964593985728847,-2529.617432
2.5395107421873035,36.095901,13.550925,14.52293,22.827526,0.424054,118.01720066847385,106.26433670218616,0.0,0.0,39.784885,203.632843,4.9517648318042795,-2542.580078
2.5454848632807625,36.24815,13.524992,14.577556,22.77599,0.424054,118.00133732042636,106.25111753771948,0.0,0.0,39.645355,203.602646,5.037287155963302,-2505.247559
2.5505017089835746,36.11993,13.520297,14.476403,22.713388,0.428404,117.9880158680754,106.24001657283897,0.0,0.0,39.596699,203.733078,4.861968195718655,-2533.105713
2.556225830077892,36.140602,13.487434,14.513995,22.708223,0.428404,117.9728163560884,106.22735059285999,0.0,0.0,39.623383,203.596664,4.861968195718655,-2524.432373
2.561747802734317,36.087437,13.536894,14.539859,22.723232,0.424475,117.96136922604995,106.21781150307224,0.0,0.0,39.560135,203.559601,4.985973394495412,-2496.291504
2.5674846191404868,36.259365,13.546335,14.575217,22.795937,0.424475,117.956767826189,106.2139770031881,0.0,0.0,39.53183,203.59433,4.906153312945974,-2521.415527
2.5724997558590985,36.226467,13.521588,14.528445,22.7714,0.427409,117.9527452729528,106.21062487549128,0.0,0.0,39.511845,203.650818,4.958891845056065,-2515.617676
2.5778586425776666,36.270512,13.509023,14.527049,22.804611,0.427409,117.94844700386827,106.2070429845875,0.0,0.0,39.466259,203.496918,4.958891845056065,-2527.4021
2.583488769530959,36.225952,13.490227,14.544886,22.83934,0.42634,117.94393117774716,106.20327979615324,0.0,0.0,39.504463,203.54744,4.904728542303771,-2519.058838
2.588658691405726,36.094177,13.502286,14.607782,22.847195,0.42634,117.93978447405084,106.19982420973965,0.0,0.0,39.489944,203.585037,4.9731457696228345,-2536.923828
2.594501708984353,36.398891,13.543997,14.599388,22.778067,0.426008,117.93509789209185,106.19591872477382,0.0,0.0,39.488232,203.594757,4.789273496432212,-2524.338135
2.599857666014941,36.308983,13.625568,14.564763,22.797752,0.426008,117.93080197285829,106.19233879207918,0.0,0.0,39.491844,203.492004,4.760767074413863,-2495.301514
2.605498535155675,36.313202,13.546004,14.509195,22.867037,0.422998,117.92627753061691,106.18856842354471,0.0,0.0,39.489227,203.574478,4.695199388379206,-2549.933594
2.6114904785154067,36.44838,13.567819,14.587224,22.853861,0.422998,117.92147149789976,106.18456339628041,0.0,0.0,39.520416,203.608307,4.716580326197757,-2556.108643
2.617569580077543,36.228168,13.55815,14.573786,22.796322,0.427378,117.91659555711594,106.1805001122939,0.0,0.0,39.558147,203.428635,4.823482059123342,-2504.91748
2.6226525878901157,36.258991,13.603247,14.62089,22.747194,0.427378,117.91251856566538,106.17710261941842,0.0,0.0,39.553661,203.484863,4.820632517838939,-2563.13208
2.6285056152337347,36.361645,13.614067,14.603699,22.737909,0.426703,117.90782395504885,106.17319044390466,0.0,0.0,39.468128,203.57341,4.837736085626911,-2538.950684
2.6344995117187864,36.199371,13.575777,14.577259,22.890057,0.426703,117.90301635576438,106.1691841111676,0.0,0.0,39.46949,203.57869,4.797826809378184,-2496.998535
2.6402543945305297,36.329773,13.590262,14.57321,22.866217,0.425785,117.8984004651557,106.16533753566036,0.0,0.0,39.482544,203.470245,4.633909174311928,-2561.623535
2.6455034179680297,36.148422,13.540174,14.64684,22.831593,0.425785,117.89419031548292,106.16182907759972,0.0,0.0,39.454113,203.557617,4.685222833843018,-2503.079102
2.6514995117186118,36.350986,13.563526,14.605549,22.807194,0.424409,117.8893809538102,106.15782127620578,0.0,0.0,39.42942,203.631668,4.609678593272171,-2502.655029
2.657333496093088,36.14513,13.519669,14.567695,22.813704,0.424409,117.88470161722506,106.1539218290515,0.0,0.0,39.438198,203.427567,4.73653496432212,-2547.765381
2.6626384277342368,36.236347,13.497923,14.637155,22.811121,0.42263,117.88044662456275,106.1503760018329,0.0,0.0,39.483589,203.532654,4.8149303771661565,-2517.078857
2.668627441405988,36.222649,13.549041,14.554571,22.801138,0.42263,117.87564294169657,106.14637293277775,0.0,0.0,39.470032,203.565887,4.807803363914371,-2490.446533
2.674504394531141,36.27206,13.549599,14.597835,22.858713,0.424366,117.87092914063038,106.14244476522259,0.0,0.0,39.496311,203.542892,4.86909357798165,-2544.088623
2.679700439452972,36.371941,13.577802,14.631919,22.860668,0.424366,117.86676148409616,106.13897171811075,0.0,0.0,39.558479,203.468964,5.03301121304791,-2523.112549
2.6847753906249636,36.38588,13.501309,14.6015,22.822186,0.425109,117.8626909547358,106.13557961031044,0.0,0.0,39.52359,203.654175,4.87051987767584,-2506.001709
2.6898063964836183,36.420513,13.51932,14.592093,22.816181,0.425109,117.84603424728944,106.12169883789346,0.0,0.0,39.559105,203.635452,4.843438328236492,-2552.997559
2.695486328124389,36.22184,13.547872,14.643978,22.817265,0.426265,117.82061761320037,106.10051800722215,0.0,0.0,39.525791,203.533615,4.775021100917432,-2539.893311
2.701529296874469,36.371296,13.563683,14.65684,22.820667,0.426265,117.79357645579773,106.07798338780344,0.0,0.0,39.515232,203.468536,4.7094534148827725,-2529.145996
2.706649414061758,36.492893,13.604172,14.603716,22.825554,0.426219,117.77066488691246,106.05889014125975,0.0,0.0,39.515858,203.556015,4.794975739041794,-2524.715088
2.7124843749998035,36.180153,13.577173,14.572495,22.830353,0.426219,117.74455452565182,106.03713119636208,0.0,0.0,39.513714,203.701233,4.775021100917432,-2536.216553
2.717499267578205,36.249523,13.649199,14.550488,22.860319,0.429563,117.72211381725623,106.01843033915944,0.0,0.0,39.426453,203.449066,4.88334760448522,-2512.129639
2.7225163574212274,36.358559,13.550751,14.58108,22.844908,0.429563,117.69966327650702,105.99972128821186,0.0,0.0,39.388687,203.443466,4.897601529051987,-2494.830322
2.727670166014832,36.330654,13.60049,14.469282,22.947266,0.426212,117.67660094486635,105.98050240424575,0.0,0.0,39.377533,203.586533,4.861968195718655,-2503.691895
2.7334992675778267,36.286797,13.544188,14.562181,22.848293,0.426212,117.65051680321535,105.95876530933458,0.0,0.0,39.406818,203.52449,4.759340774719673,-2526.129395
2.7394992675781396,36.213814,13.530227,14.568218,22.885695,0.43038,117.62366792295003,105.93639092315027,0.0,0.0,39.445057,203.452591,4.921832110091743,-2502.796387
2.7445471191404067,36.21077,13.548307,14.564902,22.859184,0.43038,117.60107972925024,105.91756715977351,0.0,0.0,39.45647,203.534424,4.755064831804281,-2509.442627
2.7497021484368815,36.294323,13.552862,14.583698,22.796251,0.428654,117.5780119351909,105.8983437237269,0.0,0.0,39.357376,203.564499,4.7807217125382255,-2541.166016
2.755499267577761,36.444824,13.563159,14.62157,22.755867,0.428654,117.55207090890916,105.87672589332541,0.0,0.0,39.362228,203.498306,4.782146483180428,-2531.927246
2.762335205077761,36.370064,13.579372,14.5715,22.725622,0.4286,117.52148136433603,105.85123424239927,0.0,0.0,39.350414,203.486145,4.840587155963304,-2506.661621
2.767499023437267,36.339622,13.577592,14.570453,22.793737,0.4286,117.49837424086223,105.83197803137288,0.0,0.0,39.342052,203.595398,4.827759531090724,-2521.038574
2.7726511230466713,36.448906,13.550524,14.587294,22.833687,0.433045,117.47531955660772,105.8127655203195,0.0,0.0,39.284672,203.598801,4.994526707441386,-2527.024902
2.778484130859397,36.348545,13.614923,14.560924,22.894211,0.433045,117.44921793521695,105.79101385875066,0.0,0.0,39.198055,203.407135,4.894750458715597,-2517.220459
2.7835451660148465,36.533623,13.545672,14.605061,22.885902,0.430279,117.42657074739549,105.77214093290428,0.0,0.0,39.115105,203.439621,4.900452701325178,-2543.617188
2.7894980468745416,36.472366,13.561466,14.628115,22.866636,0.430279,117.39993271649097,105.74994225702812,0.0,0.0,39.047356,203.596985,4.616805606523955,-2532.25708
2.794662109374258,36.472301,13.604853,14.652862,22.867281,0.42863,117.37682450053344,105.73068513558563,0.0,0.0,39.067566,203.548828,4.596849439347603,-2517.17334
2.800499023436714,36.399055,13.661188,14.672478,22.854803,0.42863,117.35070539940293,105.70891890735912,0.0,0.0,39.078228,203.429962,4.5711940876656465,-2541.448975
2.8062260742181024,36.620502,13.604102,14.654537,22.935904,0.429174,117.3244628931223,105.68704986780375,0.0,0.0,39.046032,203.529144,4.73653496432212,-2520.142822
2.8118369140620416,36.518017,13.577226,14.593245,22.928747,0.429174,117.29037547341918,105.6586436847178,0.0,0.0,39.136642,203.560349,4.742237206931701,-2548.189453
2.817090087890392,36.441315,13.682305,14.688464,22.867247,0.432432,117.25846097469181,105.63204826911166,0.0,0.0,39.03706,203.42421,4.910429153924567,-2546.351074
2.822499023437558,36.428104,13.708606,14.760436,22.882378,0.432432,117.22560018000367,105.60466427353822,0.0,0.0,39.058929,203.531647,4.80352742099898,-2553.468994
2.828484863281119,36.436077,13.75913,14.7174,22.878084,0.429647,117.18923453052663,105.57435956564068,0.0,0.0,39.068909,203.495697,4.696625688073396,-2560.775146
2.833500976562391,36.472988,13.800508,14.611605,22.891382,0.429647,117.15876024085556,105.54896432424812,0.0,0.0,39.037724,203.459305,4.5084775739041785,-2535.933838
2.8386738281242287,36.44405,13.798047,14.674013,22.889585,0.429206,117.12733372233367,105.52277555881321,0.0,0.0,39.055523,203.334213,4.501350560652397,-2539.893311
2.8453369140625,36.422367,13.748326,14.656701,22.95627,0.429206,117.08685361361651,105.48904213488224,0.0,0.0,39.091896,203.471786,4.507052803261978,-2553.233154
2.850498779296686,36.487846,13.768327,14.664834,22.954071,0.424715,117.05549384010753,105.46290899029142,0.0,0.0,39.201984,203.517715,4.702326401630987,-2568.977051
2.8563808593744398,36.434017,13.755761,14.803787,22.849131,0.424715,117.01975856019683,105.43312959036585,0.0,0.0,39.167183,203.458023,4.635335474006117,-2568.317139
2.8614838867188155,36.356125,13.753562,14.707626,22.850492,0.427442,116.98875624331254,105.4072943262956,0.0,0.0,39.144234,203.452805,4.812079204892967,-2526.459229
2.8675368652338875,36.461449,13.781223,14.617399,22.904367,0.427442,116.95198270764551,105.37664971323974,0.0,0.0,39.061249,203.483948,4.7194314984709465,-2525.280762
2.8734997558585746,36.383198,13.739304,14.671134,22.97414,0.42967,116.91575648108432,105.34646119110542,0.0,0.0,39.114861,203.414871,4.629633231396532,-2553.940186
2.8796896972653485,36.37397,13.728396,14.719319,22.974211,0.42967,116.8781508575897,105.31512317152657,0.0,0.0,39.090237,203.308136,4.556940163098879,-2540.741943
2.8855966796872963,36.33012,13.727139,14.637207,22.972971,0.423083,116.84226428898309,105.28521769768773,0.0,0.0,39.037235,203.417908,4.481395922528032,-2541.401855
2.891497802734193,36.413105,13.705167,14.687975,23.077091,0.423083,116.80641331771669,105.25534188829906,0.0,0.0,39.045017,203.426605,4.588297655453618,-2557.899658
2.897483642577754,36.395283,13.660297,14.703036,22.980389,0.424366,116.77004766823964,105.22503718040151,0.0,0.0,39.046188,203.249405,4.659565953109072,-2564.499023
2.9026887207028267,36.402393,13.751607,14.706911,23.001802,0.424366,116.73842536434657,105.19868526049062,0.0,0.0,39.031006,203.363022,4.784997553516818,-2544.560059
2.907987792968015,36.503288,13.772672,14.72171,22.981995,0.429513,116.70623201978749,105.17185747335806,0.0,0.0,39.074249,203.41156,4.765042915392456,-2543.23999
2.9140397949213366,36.30666,13.763806,14.699685,22.927841,0.429513,116.6694644170105,105.14121780437723,0.0,0.0,39.024982,203.350906,4.755064831804281,-2561.387939
2.9194975585933207,36.343689,13.802166,14.738988,22.884665,0.428309,116.63630697782055,105.11358660505226,0.0,0.0,39.014809,203.232117,4.660990723751275,-2565.064697
2.9246425781248035,36.394714,13.786425,14.756178,22.899271,0.428309,116.6050495466647,105.08753874575572,0.0,0.0,39.050045,203.355392,4.622506218144751,-2561.906494
2.9304055175780377,36.407127,13.760107,14.713909,22.866199,0.422862,116.57003807933842,105.05836252298383,0.0,0.0,39.013988,203.373856,4.534134352701326,-2539.610596
2.935895507812347,36.439972,13.744819,14.658813,22.866217,0.422862,116.61256128357064,105.09379857330235,0.0,0.0,38.98399,203.34317,4.57261885830785,-2535.556641
2.9415415039056825,36.532085,13.785622,14.716212,22.801226,0.424392,116.66846788276038,105.14038746158992,0.0,0.0,39.039871,203.319016,4.581170642201834,-2537.866455
2.9466564941403703,36.414536,13.731118,14.585845,22.824558,0.424392,116.71911646702158,105.18259466553842,0.0,0.0,39.069382,203.350433,4.766467686034659,-2506.897217
2.9525385742181243,36.428181,13.710997,14.64492,22.893826,0.424611,116.77736076756116,105.2311316406103,0.0,0.0,39.087044,203.333206,4.796400509683994,-2528.533203
2.9584985351557407,36.495914,13.686284,14.606788,22.850458,0.424611,116.83637624362359,105.28031126271858,0.0,0.0,39.072365,203.167786,4.998802650356778,-2534.519775
2.9653845214843386,36.442883,13.614137,14.650401,22.776426,0.426681,116.9045612142258,105.33713213940071,0.0,0.0,39.020657,203.308884,4.716580326197757,-2534.566895
2.9706616210933134,36.361938,13.628989,14.632879,22.735395,0.426681,116.95681500396402,105.38067701617732,0.0,0.0,38.944092,203.317093,4.636760244648317,-2530.795898
2.97650048828109,36.545361,13.604992,14.564711,22.729322,0.429575,117.01463141087494,105.42885741279954,0.0,0.0,38.999294,203.258896,4.578319571865444,-2508.452881
2.98248339843758,36.494846,13.627139,14.603821,22.701469,0.429575,117.07387412988142,105.47822640425397,0.0,0.0,39.053116,203.222519,4.501350560652397,-2525.657959
2.988690429687267,36.513466,13.580315,14.539562,22.66934,0.423719,117.13533609380946,105.52944476868463,0.0,0.0,39.144302,203.278732,4.57261885830785,-2524.338135
2.994498535155799,36.437649,13.561432,14.619738,22.693005,0.423719,117.19284789847623,105.5773713298003,0.0,0.0,39.118839,203.265564,4.698050458715596,-2506.70874
3.0004833984366996,36.503159,13.572252,14.571569,22.678816,0.428527,117.25210995730774,105.62675643779484,0.0,0.0,39.085072,203.108948,4.7408109072375115,-2527.449219
3.005504394531272,36.516968,13.512984,14.598568,22.717926,0.428527,117.30182781248962,105.66818803325113,0.0,0.0,39.057461,203.248489,4.656714882772682,-2506.94458
3.0106503906245052,36.50848,13.556004,14.572198,22.665447,0.428878,117.35278341647307,105.71065108727367,0.0,0.0,39.026134,203.231308,4.669544138634048,-2523.536865
3.0165004882810535,36.474724,13.559407,14.593629,22.57522,0.428878,117.41071102737787,105.75892415400146,0.0,0.0,39.001911,203.261398,4.598275739041793,-2525.092285
3.021642333984346,36.320194,13.515358,14.558865,22.581696,0.425304,117.46162553423315,105.80135296037629,0.0,0.0,39.027496,203.173279,4.581170642201834,-2494.688721
3.0274973144523756,36.487637,13.516405,14.528428,22.609409,0.425304,117.51960149470052,105.84966631845433,0.0,0.0,38.977268,203.253769,4.481395922528032,-2530.371582
3.032757324218437,36.478268,13.493229,14.560034,22.56604,0.42883,117.57168606096978,105.89307017550507,0.0,0.0,38.941441,203.162445,4.452887971457695,-2515.853516
3.03851025390577,36.495686,13.548482,14.569963,22.560963,0.42883,117.62865151557962,105.94054144436299,0.0,0.0,38.97097,203.05191,4.57261885830785,-2507.981445
3.0444973144531104,36.473763,13.559302,14.558236,22.598711,0.428617,117.68793533171427,105.98994468346514,0.0,0.0,38.973656,203.164841,4.518455657492355,-2509.442627
3.050497314452514,36.49585,13.510925,14.539737,22.573004,0.428617,117.7473472741897,106.03945469464543,0.0,0.0,38.943325,203.217224,4.517029255861367,-2496.055664
3.056138183593248,36.50882,13.536929,14.493715,22.67625,0.429619,117.80320310633876,106.08600127701524,0.0,0.0,38.932434,203.118332,4.515604485219164,-2506.048828
3.061539306640043,36.533646,13.515358,14.598376,22.678013,0.429619,117.84225528094356,106.1185447821686,0.0,0.0,38.962891,203.144043,4.504201630988787,-2522.358398
3.0675151367186118,36.482979,13.462286,14.516403,22.61063,0.430265,117.83697613750252,106.11414543469206,0.0,0.0,38.873829,203.209808,4.502775331294597,-2504.681885
3.074423095702514,36.501392,13.468586,14.511586,22.59454,0.430265,117.83087353654389,106.10905986305957,0.0,0.0,38.846466,203.132675,4.38019480122324,-2492.897461
3.0795222167962493,36.444412,13.488377,14.455792,22.591574,0.430168,117.82636889177903,106.10530594013622,0.0,0.0,38.87685,202.953812,4.357389092762489,-2515.570557
3.085960205077754,36.424263,13.490786,14.594327,22.600229,0.430168,117.82068147042264,106.10056635632465,0.0,0.0,38.819553,203.136154,4.374492660550458,-2505.341797
3.0921281738274047,36.447258,13.490942,14.517677,22.619637,0.425385,117.81523258861954,106.09602555824289,0.0,0.0,38.798698,203.140793,4.4258063200815485,-2499.213867
3.097330078124287,36.48885,13.513264,14.60602,22.574173,0.425385,117.81063714353648,106.09219596733378,0.0,0.0,38.806816,203.05751,4.481395922528032,-2532.540039
3.1024970703119834,36.402458,13.546859,14.606561,22.583405,0.427124,117.80607254036671,106.08839207837707,0.0,0.0,38.848316,203.097839,4.605402752293577,-2506.520264
3.1084980468749563,36.407837,13.587243,14.591814,22.572201,0.427124,117.80077118212098,106.08397421830544,0.0,0.0,38.797546,203.195099,4.5711940876656465,-2516.418945
3.1135080566400575,36.536308,13.515393,14.622198,22.556686,0.431274,117.79634525972226,106.08028589826762,0.0,0.0,38.747074,203.119614,4.499925790010193,-2534.283936
3.1190070800776084,36.505077,13.577802,14.601064,22.5481,0.431274,117.79148733485948,106.07623757116211,0.0,0.0,38.767845,202.940643,4.440060346585118,-2507.557129
3.124497070311918,36.463837,13.575271,14.541028,22.539146,0.427276,117.78663739007219,106.07219589421213,0.0,0.0,38.710827,203.1035,4.468566666666666,-2512.695312
3.1304831542965985,36.506454,13.549983,14.554449,22.535307,0.427276,117.7813491881671,106.06778899791043,0.0,0.0,38.754894,203.105957,4.410127522935779,-2484.271484
3.135498046875,36.381115,13.532845,14.454449,22.586843,0.428046,117.77691895221406,106.06409708319393,0.0,0.0,38.657352,203.083023,4.5127534148827735,-2457.686035
3.1408601074217586,36.477364,13.543456,14.488096,22.694471,0.428046,117.77218202254966,106.0601495868248,0.0,0.0,38.705715,202.938126,4.448612028542303,-2529.428955
3.14648291015601,36.451229,13.53665,14.571988,22.692133,0.427254,117.76721474908516,106.0560101346153,0.0,0.0,38.756954,203.133743,4.633909174311928,-2485.261475
3.1514980468746217,36.427624,13.50356,14.54738,22.659899,0.427254,117.76278429745442,106.05231804016489,0.0,0.0,38.744755,203.047379,4.589722426095822,-2490.917725
3.157333007811758,36.307117,13.527138,14.536631,22.636215,0.430592,117.75762960005518,106.04802239916766,0.0,0.0,38.672817,203.095016,4.435784403669723,-2543.664307
3.1626550292967295,36.389675,13.575585,14.588795,22.61269,0.430592,117.75292804153612,106.04410437916354,0.0,0.0,38.806011,203.073196,4.505626401630989,-2489.83374
3.168499023437107,36.34502,13.511658,14.493488,22.608746,0.42741,117.74776536406142,106.0398020880108,0.0,0.0,38.740601,203.095551,4.499925790010193,-2486.816895
3.17498486328077,36.425724,13.529878,14.593332,22.645937,0.42741,117.7420356698728,106.03502727634836,0.0,0.0,38.72533,202.997025,4.524156269113148,-2509.584229
3.180679931640043,36.289696,13.536633,14.477607,22.663755,0.425857,117.73700455580453,106.03083462289472,0.0,0.0,38.731998,202.86409,4.62535739041794,-2441.989502
3.1860507812498327,36.395512,13.481937,14.437903,22.715029,0.425857,117.74022851661375,106.03352123902113,0.0,0.0,38.670338,203.093307,4.371643017329256,-2536.923828
3.191497802734375,36.448372,13.480192,14.576631,22.720894,0.424972,117.75898655083597,106.04915298835799,0.0,0.0,38.692574,203.055069,4.505626401630989,-2532.162842
3.1974978027337784,36.455818,13.492827,14.581185,22.674576,0.424972,117.77964888999806,106.06637166397552,0.0,0.0,38.661961,203.074478,4.611103363914373,-2468.857666
3.20251171874952,36.36858,13.495008,14.469021,22.630753,0.4329,117.79691542887224,106.08076049621663,0.0,0.0,38.586567,203.066101,4.374492660550458,-2502.466553
3.2076718749995052,36.371853,13.511937,14.448829,22.744629,0.4329,117.81468557863339,106.09556900565072,0.0,0.0,38.605625,203.053513,4.451463200815495,-2493.557617
3.213488769531068,36.365517,13.46794,14.502214,22.769148,0.429457,117.83471735324585,106.11226220898989,0.0,0.0,38.546829,203.070526,4.642460958205912,-2482.95166
3.2184987792961692,36.382206,13.499808,14.565636,22.77051,0.429457,117.8519704400763,106.12663983115571,0.0,0.0,38.55566,202.870483,4.408701223241589,-2526.789307
3.223516845702761,36.391499,13.48014,14.583245,22.708973,0.424224,117.86925127174693,106.1410405741018,0.0,0.0,38.573059,203.021942,4.576894801223242,-2513.496582
3.2287966308585965,36.41304,13.56391,14.599127,22.655552,0.424224,117.88743339034717,106.15619239209109,0.0,0.0,38.596516,203.055649,4.646738328236494,-2497.611328
3.2344826660155377,36.367065,13.499895,14.488934,22.676355,0.430367,117.90701452149483,106.17251005790865,0.0,0.0,38.527649,202.966614,4.440060346585118,-2509.30127
3.2394987792968095,36.298218,13.508743,14.508096,22.65852,0.430367,117.92428862714361,106.18690519581709,0.0,0.0,38.576622,202.876785,4.450036799184507,-2519.812988
3.244510742187231,36.330666,13.5222,14.503541,22.649967,0.428558,117.94154843999593,106.20128842302056,0.0,0.0,38.49168,202.990829,4.4258063200815485,-2495.395752
3.2496616210937646,36.265514,13.505044,14.49923,22.560438,0.428558,117.95928664115321,106.21607030852587,0.0,0.0,38.522747,203.041138,4.239082874617738,-2450.096924
3.255497558593561,36.410576,13.47801,14.446054,22.693651,0.423784,117.97938399447884,106.23281816098199,0.0,0.0,38.514961,202.942566,4.411552293577983,-2523.678223
3.261558593749214,36.355087,13.473769,14.520226,22.678904,0.423784,118.00025652182414,106.25021199402565,0.0,0.0,38.58828,202.803223,4.421530479102956,-2504.304688
3.2674826660149847,36.472172,13.476771,14.486281,22.630003,0.427483,118.02065738688631,106.2672127738051,0.0,0.0,38.479744,203.000275,4.460014984709479,-2464.09668
3.2727927246087347,36.443604,13.458778,14.39443,22.661871,0.427483,118.03894375882541,106.28245146987774,0.0,0.0,38.438503,203.016022,4.387321814475025,-2501.288086
3.278496582031039,36.24789,13.454363,14.503471,22.599724,0.427468,118.05858626492258,106.29882028166374,0.0,0.0,38.379219,202.807281,4.247636289500509,-2487.665283
3.2835114746094405,36.219769,13.44164,14.462738,22.554138,0.427468,118.07585616680768,106.31321191642365,0.0,0.0,38.44149,202.893692,4.343135066258919,-2481.726074
3.2894975585932116,36.233677,13.495323,14.485269,22.543142,0.428297,118.096470583064,106.33039065614803,0.0,0.0,38.43882,202.950714,4.330307441386339,-2480.029053
3.2946445312500146,36.323673,13.432146,14.393872,22.557575,0.428297,118.11419533217757,106.34516133157808,0.0,0.0,38.428608,202.915253,4.395873598369012,-2453.538086
3.3004824218742215,36.365711,13.439127,14.403314,22.69845,0.42771,118.13429941152506,106.36191478907183,0.0,0.0,38.456566,202.727737,4.430082161060142,-2456.931885
3.3059226074219623,36.067116,13.452826,14.517555,22.609356,0.42771,118.15303390467076,106.37752692077697,0.0,0.0,38.40313,202.904312,4.343135066258919,-2522.735352
3.311747558593197,36.153679,13.442687,14.486892,22.559374,0.421697,118.17309342412341,106.39424324489639,0.0,0.0,38.428818,202.858322,4.361664933741081,-2479.793457
3.316934570311787,36.40366,13.448726,14.459719,22.506947,0.421697,118.17616861375612,106.39680610560544,0.0,0.0,38.36039,202.810638,4.233382262996942,-2481.254639
3.322125488281017,36.372169,13.475777,14.433313,22.486877,0.425911,118.17812194886514,106.39843409918544,0.0,0.0,38.414631,202.837952,4.2248304791029545,-2507.133057
3.3274963378898974,36.326424,13.460732,14.429631,22.473684,0.425911,118.18014299199669,106.40011852354657,0.0,0.0,38.425976,202.898651,4.170665647298675,-2483.093018
3.3339494628899047,36.345688,13.420593,14.409527,22.550735,0.429128,118.18257129383102,106.40214237484496,0.0,0.0,38.34943,202.787857,4.247636289500509,-2513.166504
3.3391484374997162,36.50452,13.436562,14.521029,22.555202,0.429128,118.18452766064253,106.40377289517635,0.0,0.0,38.368206,202.607773,4.434358103975536,-2524.243896
3.3445463867183207,36.376869,13.461658,14.548324,22.500666,0.424961,118.18655890131886,106.40546581861034,0.0,0.0,38.373898,202.761246,4.39302252803262,-2502.796387
3.3504824218744034,36.398426,13.43883,14.522878,22.461536,0.424961,118.18879262297443,106.40732749841017,0.0,0.0,38.367737,202.793777,4.412978695208971,-2497.799805
3.355499267578125,36.354065,13.449424,14.438671,22.444067,0.426339,118.19068045493545,106.40890089884641,0.0,0.0,38.339027,202.714783,4.417254536187564,-2494.924561
3.3607634277341276,36.375549,13.457888,14.489527,22.49925,0.426339,118.1926613509763,106.41055186289361,0.0,0.0,38.355972,202.616089,4.317478287461775,-2482.95166
3.3665292968744325,36.307411,13.473316,14.441028,22.455935,0.426426,118.19483103940021,106.41236017464128,0.0,0.0,38.265381,202.77533,4.194897757390418,-2466.170898
3.37249633788997,36.319706,13.434432,14.391568,22.48871,0.426426,118.19707642851692,106.41423157860557,0.0,0.0,38.294735,202.659622,4.331732212028542,-2466.547852
3.379386230468299,36.243843,13.447294,14.409805,22.521276,0.423124,118.19966908537477,106.4163924104568,0.0,0.0,38.205433,202.511002,4.284695922528034,-2489.927979
3.3853842773432916,36.321766,13.461676,14.452023,22.501625,0.423124,118.20192614195261,106.41827353858554,0.0,0.0,38.158573,202.670609,4.383045973496432,-2495.395752
3.3904973144526593,36.404881,13.461239,14.563018,22.433334,0.425397,118.20385017060411,106.41987710690206,0.0,0.0,38.219898,202.66954,4.398724668705402,-2491.342041
3.39648217773356,36.583897,13.46452,14.569982,22.402235,0.425397,118.20610226621423,106.4217541003467,0.0,0.0,38.213566,202.650818,4.358813863404689,-2480.170654
3.4016022949217586,36.360729,13.470366,14.463855,22.367714,0.425514,118.20802895908913,106.42335988914171,0.0,0.0,38.211838,202.543808,4.383045973496432,-2469.564697
3.407322265624316,36.436775,13.489424,14.493908,22.385376,0.425514,118.21018137599577,106.42515380606325,0.0,0.0,38.15229,202.728546,4.323180428134557,-2507.321533
3.412633300780726,36.397945,13.447643,14.505548,22.369703,0.428801,118.21217991103299,106.42681947120948,0.0,0.0,38.124733,202.605042,4.374492660550458,-2485.826904
3.4184992675773174,36.303581,13.473822,14.457433,22.380035,0.428801,118.21438726606377,106.428659175929,0.0,0.0,38.272606,202.385162,4.454314271151885,-2477.955078
3.424664062499687,36.205372,13.44637,14.434623,22.363997,0.43125,118.21670706969643,106.43059260015478,0.0,0.0,38.211033,202.570801,4.257612742099897,-2479.41626
3.430791259765101,36.377808,13.44787,14.412616,22.490751,0.43125,118.21901272538408,106.43251423287404,0.0,0.0,38.096668,202.559174,4.28184485219164,-2473.759766
3.436760009764839,36.321953,13.403263,14.404762,22.475901,0.429706,118.2298062589102,106.44150897266141,0.0,0.0,38.137787,202.544342,4.350262079510704,-2486.628418
3.442497070312129,36.298828,13.423944,14.445687,22.455046,0.429706,118.26563781978429,106.47136837904337,0.0,0.0,38.160614,202.61908,4.298948419979613,-2459.807373
3.4477570800781905,36.352928,13.423594,14.420015,22.441694,0.424973,118.29848989770387,106.49874490189538,0.0,0.0,38.104244,202.605255,4.3545380224260954,-2473.712646
3.453497070312551,36.37698,13.381814,14.437398,22.435167,0.424973,118.33433975632386,106.52861955628265,0.0,0.0,38.138641,202.492706,4.37734373088685,-2499.025391
3.4594970703119543,36.270325,13.402687,14.372284,22.410124,0.428978,118.3718135398909,106.55984747114044,0.0,0.0,38.120071,202.311325,4.348837308868501,-2420.447754
3.4653640136712056,36.322159,13.37588,14.413087,22.441624,0.428978,118.40845630083244,106.59038287242412,0.0,0.0,38.094559,202.483749,4.300374719673803,-2468.056396
3.47137304687476,36.369617,13.338969,14.412668,22.470001,0.428129,118.44598650244927,106.62165780196491,0.0,0.0,38.066128,202.478882,4.247636289500509,-2460.184326
3.476496093750029,36.25201,13.376038,14.357275,22.474434,0.428129,118.47798316074886,106.64832148056907,0.0,0.0,38.06152,202.49585,4.273293068297656,-2458.20459
3.48248193359359,36.323872,13.41192,14.466473,22.404818,0.43046,118.5153685052108,106.67947569673457,0.0,0.0,38.056389,202.491425,4.204874311926606,-2498.177002
3.488781982421642,36.370708,13.436544,14.510417,22.357855,0.43046,118.55471628291862,106.71226526146867,0.0,0.0,38.044716,202.541199,4.267590927624873,-2491.954834
3.4945029296868597,36.33252,13.428237,14.432511,22.309616,0.427144,118.59044720619036,106.74204080382147,0.0,0.0,38.028797,202.455841,4.221979408766565,-2465.039551
3.5004848632806898,36.26762,13.419424,14.401568,22.345043,0.427144,118.6278081536578,106.77317468931324,0.0,0.0,38.043701,202.305191,4.199173598369011,-2471.780029
3.5054958496093604,36.299656,13.412844,14.433296,22.345795,0.429854,118.65910492317738,106.7992551317146,0.0,0.0,38.1007,202.47142,4.261890214067279,-2477.577881
3.5106647949214675,36.380417,13.391273,14.442651,22.323578,0.429854,118.69138824616246,106.82615769573516,0.0,0.0,38.023788,202.384567,4.025279408766564,-2478.002197
3.5165119628900356,36.367558,13.352669,14.392179,22.328081,0.430403,118.72790749731931,106.85659017298305,0.0,0.0,38.025185,202.378281,4.086569724770642,-2467.113525
3.522697753905959,36.324165,13.41143,14.432284,22.262617,0.430403,118.76654166293771,106.88878506551038,0.0,0.0,38.023876,202.429703,4.129330071355758,-2487.712402
3.5284968261712493,36.320499,13.380243,14.475739,22.249023,0.429084,118.80276052609965,106.9189672213379,0.0,0.0,38.008659,202.513885,4.140732925586136,-2473.429932
3.533764892577892,36.305798,13.381011,14.437886,22.280333,0.429084,118.83566292282042,106.94638567620449,0.0,0.0,38.012409,202.430771,4.241934046890927,-2463.106934
3.5394968261716713,36.430809,13.405724,14.396297,22.256544,0.426517,118.87146246263922,106.97621839857717,0.0,0.0,38.044975,202.204437,4.14928623853211,-2476.352539
3.545495849609324,36.199253,13.409755,14.383226,22.277802,0.426517,118.90893014695762,107.00744123076653,0.0,0.0,38.04604,202.365799,4.1321811416921514,-2477.955078
3.5523886718747235,36.377644,13.40185,14.453366,22.276196,0.425119,118.9519801685823,107.04331597523999,0.0,0.0,37.885986,202.346649,4.233382262996942,-2488.513916
3.557952880859375,36.300388,13.395618,14.446926,22.276579,0.425119,118.98673216244934,107.07227574930916,0.0,0.0,38.028099,202.355072,4.13360754332314,-2485.874023
3.5637387695305733,36.261238,13.429249,14.413418,22.266388,0.426815,119.02110392670828,107.10091867573986,0.0,0.0,37.988346,202.294479,4.136457084607543,-2460.702881
3.569481689452914,36.320633,13.424084,14.391184,22.251379,0.426815,119.01967430495064,107.0997275014278,0.0,0.0,38.005955,202.350967,4.136457084607543,-2468.951904
3.5745017089839166,36.174709,13.415112,14.439003,22.248394,0.425194,119.0184246394071,107.09868626832807,0.0,0.0,37.905396,202.248123,4.202024770642203,-2474.796875
3.580334716796642,36.062088,13.405113,14.369788,22.219931,0.425194,119.01697259149512,107.09747640833301,0.0,0.0,37.923737,202.170288,4.266166055045871,-2462.116943
3.585496582030828,36.034767,13.375724,14.40073,22.180855,0.424273,119.0156876153942,107.09640575414433,0.0,0.0,37.870682,202.289459,4.2547632008154945,-2475.598145
3.5906396484369907,36.283119,13.385252,14.371411,22.223175,0.424273,119.0144073190057,107.09533899913613,0.0,0.0,37.869705,202.254044,4.169240876656472,-2455.281982
3.5960646972653194,36.244987,13.385828,14.400084,22.225166,0.425237,119.01305682693086,107.09421375642098,0.0,0.0,37.879459,202.261505,4.13503231396534,-2485.544189
3.6015007324213,36.239151,13.406369,14.403558,22.192966,0.425237,119.01170359995915,107.093086234964,0.0,0.0,37.909618,202.061203,4.150711009174313,-2456.696289
3.6074965820307625,36.262199,13.400052,14.316855,22.233385,0.42968,119.01021101479799,107.09184259895116,0.0,0.0,37.85281,202.285187,4.137883384301732,-2454.810791
3.6134965820310754,36.329029,13.372669,14.29532,22.249285,0.42968,119.00871739645356,107.09059810208029,0.0,0.0,37.864052,202.230789,4.126480530071356,-2488.749512
3.619395507812442,36.344006,13.344344,14.409666,22.243839,0.422982,119.00724893916035,107.08937456963426,0.0,0.0,37.842182,202.050644,4.220554638124362,-2445.006104
3.624499511718568,36.366016,13.34616,14.411655,22.210436,0.422982,119.00597836684962,107.08831591681921,0.0,0.0,37.850262,202.139725,4.182068603465852,-2452.548096
3.6304965820309008,36.401054,13.404205,14.299613,22.232687,0.426081,119.00448547781103,107.08707202761285,0.0,0.0,37.756107,202.164902,4.240509276248727,-2432.184814
3.6364956054685535,36.400333,13.371692,14.31984,22.303089,0.426081,119.00299210256856,107.08582773329681,0.0,0.0,37.759251,202.204544,4.261890214067279,-2432.043457
3.6420134277341276,36.379761,13.330104,14.428096,22.267172,0.426581,119.00161851580903,107.08468324787287,0.0,0.0,37.794941,202.024765,4.236233333333332,-2508.971436
3.647496582030726,36.328781,13.36958,14.452319,22.191536,0.426581,119.0002535591685,107.08354595314539,0.0,0.0,37.742199,202.250046,4.401575840978594,-2421.013428
3.6534814453125364,36.320633,13.325392,14.280834,22.21513,0.425418,118.99876370890422,107.08230459587438,0.0,0.0,37.739861,202.162827,4.234807033639142,-2419.552002
3.6584963378900284,36.2859,13.402948,14.413226,22.248428,0.425418,118.99751531964588,107.0812644261875,0.0,0.0,37.776196,202.008652,4.129330071355758,-2491.954834
3.6639975585931097,36.347923,13.3826,14.437973,22.228132,0.427154,118.9961458656194,107.08012338419567,0.0,0.0,37.6889,202.123352,4.140732925586136,-2444.063477
3.669483398437478,36.424198,13.326509,14.409719,22.250296,0.427154,118.99478024044853,107.0789855324424,0.0,0.0,37.70068,202.236542,4.085144954128442,-2426.339844
3.6744963378905595,36.352089,13.35965,14.284726,22.249407,0.427541,118.99353233739409,107.0779457678652,0.0,0.0,37.712322,202.166718,4.066615086646279,-2478.379395
3.6802583007811336,36.329258,13.361186,14.356297,22.310331,0.427541,118.99209797514854,107.07675064373396,0.0,0.0,37.66885,201.925858,4.23053119266055,-2451.841064
3.6858544921869907,36.208328,13.36054,14.398375,22.282949,0.431241,118.990704879458,107.07558990328499,0.0,0.0,37.686859,202.144852,4.127905300713558,-2451.228271
3.6910703124995052,36.322758,13.357067,14.455286,22.200802,0.431241,119.02514601199717,107.10429072833672,0.0,0.0,37.612949,202.033081,4.172092048929664,-2466.076416
3.696495361327834,36.233009,13.38719,14.349875,22.193857,0.429265,119.07302184601419,107.14418703888762,0.0,0.0,37.612495,202.050003,4.247636289500509,-2424.595703
3.7023142089838075,36.242565,13.389214,14.317152,22.209213,0.429265,119.12437293858254,107.18697938242167,0.0,0.0,37.668274,201.917068,4.14928623853211,-2454.386475
3.7078122558586983,36.334549,13.37068,14.343801,22.165689,0.428891,119.17289297737751,107.2274125273569,0.0,0.0,37.622669,202.107712,4.1008236493374115,-2464.33252
3.7134953613276593,36.399559,13.321832,14.361445,22.153193,0.428891,119.22304615069321,107.26920661029664,0.0,0.0,37.607311,202.048233,4.025279408766564,-2448.070068
3.71948120117122,36.125484,13.356037,14.31073,22.125862,0.429845,119.27587094248607,107.31322702981362,0.0,0.0,37.577206,201.859451,4.002473700305809,-2456.554688
3.7245363769525284,36.192696,13.330854,14.304691,22.096439,0.429845,119.32048266199267,107.35040325978828,0.0,0.0,37.580734,202.07901,4.011025484199797,-2454.952148
3.7296623535148683,36.251892,13.344798,14.285616,22.115183,0.428739,119.36571919549796,107.38810016525277,0.0,0.0,37.535408,202.092834,4.065188685015291,-2453.255127
3.7349511718748545,36.19598,13.300208,14.253242,22.146614,0.428739,119.41239280120026,107.4269946243439,0.0,0.0,37.534172,201.929382,3.98536860346585,-2451.51123
3.7401491699210965,36.17123,13.261464,14.288479,22.121029,0.429047,119.45826492135939,107.46522118246186,0.0,0.0,37.527889,201.84436,4.116502446483181,-2429.828125
3.745536132812049,36.132607,13.296456,14.217972,22.121639,0.429047,119.50580464853573,107.50483740550787,0.0,0.0,37.49506,201.978043,4.039533435270133,-2437.511475
3.7507641601559953,36.18277,13.249946,14.314587,22.126404,0.426473,119.55194177601156,107.54328480185083,0.0,0.0,37.48019,201.89061,4.062339143730887,-2453.962158
3.7564960937497744,36.207836,13.249893,14.272091,22.129824,0.426473,119.60252585553324,107.58543797133528,0.0,0.0,37.48494,201.928055,4.053785830784913,-2434.306152
3.7624951171874272,36.150658,13.300016,14.31073,22.131569,0.432101,119.65546699200172,107.62955534421933,0.0,0.0,37.502182,201.919724,3.9996226299694193,-2459.94873
3.7675190429681606,36.227993,13.25745,14.299369,22.079893,0.432101,119.6998029315365,107.66650175880537,0.0,0.0,37.42363,201.947784,4.126480530071356,-2428.885254
3.7726630859369834,36.181767,13.279021,14.333016,22.087276,0.427935,119.74519890033801,107.70433152629141,0.0,0.0,37.428551,201.824722,4.018152497451581,-2461.50415
3.7784999999994398,36.137451,13.253419,14.279805,22.092319,0.427935,119.79670942820258,107.747256731847,0.0,0.0,37.434517,201.863556,4.0138765545361865,-2461.928467
3.7843261718744543,36.117214,13.298166,14.328828,22.165131,0.430642,119.84812515670184,107.79010293836275,0.0,0.0,37.426926,201.859772,4.053785830784913,-2426.622803
3.7894960937492215,36.275288,13.309056,14.267885,22.152477,0.430642,119.89374950579253,107.8281230217175,0.0,0.0,37.420189,201.933487,4.085144954128442,-2448.588623
3.7948100585936118,36.174809,13.320697,14.373575,22.096439,0.426407,119.9406450281909,107.86720241037916,0.0,0.0,37.42799,201.802689,4.127905300713558,-2453.538086
3.8004970703123035,36.109516,13.333996,14.299369,22.138691,0.426407,119.99083267400307,107.90902522024247,0.0,0.0,37.394115,201.618393,4.130756371049948,-2418.515137
3.8069421386717295,36.220379,13.344135,14.298845,22.060942,0.426678,120.04771013866332,107.95642284871252,0.0,0.0,37.345165,201.897598,3.9397570846075416,-2475.928223
3.8127219238276666,36.218407,13.317259,14.297519,22.044622,0.426678,120.09871650626688,107.99892792301078,0.0,0.0,37.330364,201.797195,3.954011111111111,-2446.797363
3.817888916015363,36.235977,13.308533,14.299438,22.077223,0.428608,120.10896215193684,108.00746612185861,0.0,0.0,37.368149,201.728546,4.006749541284405,-2420.777588
3.8229079589837056,36.226173,13.289248,14.314482,22.113926,0.428608,120.10960169610378,108.00799932851561,0.0,0.0,37.316959,201.772385,3.9440330275229365,-2464.002441
3.8293149414057552,36.221832,13.305252,14.340189,22.084728,0.423125,120.11041809641378,108.00867998530614,0.0,0.0,37.335495,201.852249,4.089420795107034,-2470.648926
3.8343579101556315,36.12278,13.280697,14.348706,22.07546,0.423125,120.11106068928821,108.00921573375965,0.0,0.0,37.298359,201.715683,4.139308154943936,-2432.090576
3.8395998535152103,36.168865,13.263646,14.338933,22.036648,0.429745,120.11172863620953,108.00977262062278,0.0,0.0,37.328007,201.622757,4.025279408766564,-2444.67627
3.8454968261712565,36.202351,13.265077,14.203434,22.058218,0.429745,120.11248004927542,108.0103990956492,0.0,0.0,37.284954,201.735748,4.053785830784913,-2436.23877
3.8505119628898683,36.136948,13.290889,14.274202,22.025112,0.428417,120.1131190956942,108.01093188731903,0.0,0.0,37.285496,201.736115,4.0381071355759435,-2428.838135
3.856376953124709,36.141331,13.263087,14.215494,22.086544,0.428417,120.11386643344701,108.0115549646379,0.0,0.0,37.239578,201.600677,3.968265035677881,-2420.306396
3.8614958496091276,36.152664,13.262721,14.277414,22.152966,0.425984,120.11451870130131,108.01209877940477,0.0,0.0,37.269108,201.54071,4.021003567787971,-2468.339111
3.867480957031148,36.290569,13.276141,14.185668,22.095844,0.425984,120.11528134481004,108.01273461757951,0.0,0.0,37.181324,201.735855,4.136457084607543,-2394.192383
3.8725397949210674,36.213486,13.264431,14.315966,22.093384,0.424472,120.11592595978637,108.01327205191843,0.0,0.0,37.239002,201.575287,4.125054230377166,-2463.059814
3.8783488769531687,36.114521,13.264222,14.301341,22.095165,0.424472,120.11666617351865,108.01388918973325,0.0,0.0,37.194759,201.58313,3.98536860346585,-2465.84082
3.8835688476556243,36.128071,13.275461,14.279892,22.098778,0.42978,120.11733132060657,108.01444374229348,0.0,0.0,37.169926,201.611237,4.028130581039756,-2431.336426
3.889494873046715,36.181461,13.263577,14.278984,21.995636,0.42978,120.1180864356744,108.01507330378708,0.0,0.0,37.155178,201.717072,3.989644444444443,-2454.999268
3.8945158691403776,36.286533,13.242285,14.253173,22.008724,0.424203,120.11872622871542,108.01560671793767,0.0,0.0,37.140312,201.64212,4.021003567787971,-2449.719971
3.9003627929687354,36.002796,13.278603,14.304186,22.076649,0.424203,120.11947126438301,108.01622787594081,0.0,0.0,37.197239,201.406448,3.8898697247706435,-2425.821289
3.9054956054687864,36.141987,13.281988,14.257448,22.059998,0.425366,120.12012530546511,108.01677316909952,0.0,0.0,37.168934,201.565262,3.981092762487257,-2423.322998
3.911301757811998,36.112625,13.236648,14.243155,22.118532,0.425366,120.12086514588627,108.01738999567394,0.0,0.0,37.154655,201.485886,3.952586340468908,-2422.42749
3.9165126953121217,36.206635,13.251325,14.236732,22.076561,0.425433,120.12152914193157,108.01794358857632,0.0,0.0,37.165215,201.450027,4.016727726809378,-2414.084229
3.9223857421875437,35.989979,13.243733,14.225861,22.022354,0.425433,120.12227750628998,108.01856752180625,0.0,0.0,37.136559,201.399246,3.9924956167176346,-2435.20166
3.927598632812078,36.023434,13.208445,14.179019,22.076717,0.423941,120.12294175120935,108.01912132220221,0.0,0.0,37.094063,201.607712,3.8927208970438323,-2410.218994
3.9339926757811554,36.189804,13.227607,14.162352,22.043104,0.423941,120.12375650272858,108.01980060434771,0.0,0.0,37.056244,201.440582,3.926929459734964,-2429.828125
3.9397416992187573,36.131046,13.187886,14.241515,22.008183,0.428184,120.1244890635829,108.02041136173456,0.0,0.0,37.067814,201.381378,3.932630173292559,-2410.878906
3.944932617187078,36.057182,13.198043,14.212126,22.034903,0.428184,120.13053673334204,108.02545104072749,0.0,0.0,37.073784,201.522797,3.98536860346585,-2432.373535
3.9504956054679496,36.168427,13.222755,14.239386,21.994972,0.427734,120.13715205775024,108.03096375431394,0.0,0.0,37.073555,201.612473,3.9440330275229365,-2436.144287
3.956516601561816,36.07687,13.171883,14.194586,22.077293,0.427734,120.14431203012603,108.03693033653414,0.0,0.0,37.092789,201.412003,3.9226536187563714,-2428.508057
3.9624956054685754,36.065525,13.207416,14.190939,22.090313,0.426764,120.15142206676066,108.0428553060651,0.0,0.0,37.082176,201.327286,3.9711146788990828,-2438.077148
3.9676606445309517,35.975048,13.237642,14.254395,22.104956,0.426764,120.15756416292407,108.0479736668408,0.0,0.0,37.082371,201.520233,3.855661162079511,-2447.598633
3.973526611327543,35.998074,13.244466,14.338042,22.081919,0.429097,120.16453977951126,108.05378662081877,0.0,0.0,37.129475,201.353958,3.952586340468908,-2438.54834
3.9785375976562136,36.033741,13.218672,14.295424,22.05368,0.429097,120.17049868118238,108.05875232108922,0.0,0.0,37.158165,201.390289,3.9055485219164123,-2420.63623
3.98449560546851,35.99155,13.266718,14.215249,22.024239,0.426983,120.17758374994642,108.06465648427556,0.0,0.0,37.291691,201.385544,3.8898697247706435,-2427.376953
3.9896555175773756,36.054848,13.290662,14.199909,22.001062,0.426983,120.18371974930423,108.06976976443222,0.0,0.0,37.379562,201.429443,3.8912944954128434,-2424.171631
3.9963344726556898,35.973518,13.230121,14.293557,21.951813,0.424722,120.19166214506632,108.07638835942849,0.0,0.0,37.45459,201.286957,3.8713398572884814,-2423.98291
4.001496337889876,36.055817,13.226683,14.240275,21.95492,0.424722,120.19780046701675,108.08150357505907,0.0,0.0,37.481762,201.282211,3.9639891946992853,-2412.24585
4.0083645019531104,36.07626,13.243419,14.223172,21.975286,0.427963,120.20596786393816,108.08830966909113,0.0,0.0,37.548115,201.483261,3.899847808358818,-2428.55542
4.013621337890072,36.042042,13.209998,14.16682,22.004448,0.427963,120.21221912195436,108.09351899714098,0.0,0.0,37.577888,201.243378,3.9198024464831795,-2432.373535
4.019811279296846,36.064663,13.242476,14.223138,21.940748,0.427957,120.21957999859113,108.09965299785506,0.0,0.0,37.646248,201.139084,3.8485341488277265,-2412.717285
4.026117431640159,36.098606,13.234221,14.194324,21.978655,0.427957,120.22707906948833,108.10590215926726,0.0,0.0,37.613873,201.328674,3.802922629969418,-2437.982666
4.031665283202528,36.07748,13.184379,14.278897,21.955582,0.429495,120.23367639380376,108.11139987293086,0.0,0.0,37.647591,201.258789,3.875615800203873,-2416.393799
4.037323242187085,36.042957,13.221115,14.188635,22.010818,0.429495,120.24040465427774,108.11700669893658,0.0,0.0,37.714275,201.222458,3.9582869520897037,-2411.44458
4.042502197265094,36.004997,13.258079,14.229717,21.996315,0.42911,120.24656329891351,108.12213884996395,0.0,0.0,37.626369,201.14975,3.966838735983691,-2434.588867
4.048495361327696,36.037022,13.257154,14.177186,22.000313,0.42911,120.25369017434458,108.12807785168081,0.0,0.0,37.637558,201.346481,3.9055485219164123,-2415.309814
4.053659179687202,35.986771,13.231813,14.273557,22.031988,0.4287,120.25983081888762,108.13319500278531,0.0,0.0,37.664608,201.224762,3.911250764525994,-2399.283203
4.059916259765487,36.065033,13.215181,14.264935,21.993052,0.4287,120.26727153464543,108.13939553541533,0.0,0.0,37.710609,201.127502,3.9126755351681943,-2428.979492
4.065759277343204,36.131046,13.200469,14.19668,22.035025,0.42275,120.28266182437704,108.15222075549133,0.0,0.0,37.708447,201.214722,3.955435881753314,-2394.286621
4.071496337890494,36.023376,13.163436,14.2149,22.036455,0.42275,120.32789222396906,108.1899128706169,0.0,0.0,37.734085,201.193329,3.8656392456676856,-2462.965576
4.0766552734367,36.162472,13.213855,14.243469,22.065514,0.424447,120.36856474508821,108.22380674204625,0.0,0.0,37.754539,201.118073,3.9283542303771672,-2434.44751
4.082494140624476,36.087231,13.175983,14.173626,22.06122,0.424447,120.41459777784034,108.26216772018758,0.0,0.0,37.811047,201.021835,3.975392048929663,-2383.35083
4.087641113281279,36.115547,13.234972,14.095126,22.181221,0.426237,120.45517598475124,108.29598299620261,0.0,0.0,37.721413,201.267914,3.7387812436289507,-2432.420654
4.094022216796475,35.971218,13.21012,14.151131,22.108114,0.426237,120.50548395335144,108.33790643179718,0.0,0.0,37.722198,201.140793,3.7772657492354744,-2467.679199
4.100548095702834,36.036652,13.155164,14.228582,21.976524,0.426946,120.55693331634963,108.38078103230386,0.0,0.0,37.775986,201.096725,3.902697349643221,-2380.145508
4.106480224609186,36.001377,13.155984,14.164044,21.959997,0.426946,120.60370161497029,108.41975473387929,0.0,0.0,37.790665,201.178238,3.898421508664628,-2433.174805
4.111494140624927,36.072605,13.211481,14.200397,21.906717,0.425467,120.6432308169117,108.4526958364085,0.0,0.0,37.769493,201.141373,3.8884449541284405,-2418.468018
4.116642089843481,36.060322,13.195984,14.189926,21.920591,0.425467,120.68381672294161,108.48651752837573,0.0,0.0,37.813091,201.05043,3.882742711518859,-2406.824951
4.1224951171871,35.910843,13.210835,14.204167,21.895809,0.425028,120.72996139291986,108.5249715378238,0.0,0.0,37.769165,201.019913,3.7473330275229353,-2390.704102
4.128496093750073,36.000614,13.185268,14.183434,21.879631,0.425028,120.77727247943298,108.5643975640286,0.0,0.0,37.792217,201.1745,3.7473330275229353,-2428.366699
4.134495117186816,36.211861,13.163226,14.146087,21.870729,0.426641,120.82456816770801,108.603810758329,0.0,0.0,37.801849,201.055542,3.7045726809378188,-2388.111572
4.140187011718808,36.042423,13.16122,14.150048,21.863104,0.426641,120.86944248304432,108.64120613566581,0.0,0.0,37.785637,200.991272,3.811474413863406,-2420.211914
4.145858886718088,35.984383,13.145006,14.066662,21.864325,0.426877,120.91415896644028,108.67846998598273,0.0,0.0,37.833492,201.115555,3.774414678899082,-2405.882324
4.151493896483771,36.00647,13.144413,14.090816,21.884972,0.426877,120.95858480809241,108.7154916341045,0.0,0.0,37.798378,201.028717,3.787243934760448,-2429.450928
4.157479980468452,36.055054,13.113872,14.184726,21.828112,0.427279,121.00577848304013,108.7548198170384,0.0,0.0,37.802952,201.005997,3.8684887869520885,-2413.424316
4.162948974609208,35.852913,13.126525,14.145074,21.871777,0.427279,121.04889547445511,108.79075075328792,0.0,0.0,37.844765,200.938293,3.8428319062181453,-2416.252441
4.1684948730462565,35.92017,13.141376,14.081305,21.907118,0.424817,121.09261877149466,108.8271869457724,0.0,0.0,37.822426,201.118118,3.681766972477064,-2407.720703
4.174479980468277,35.909721,13.135495,14.163172,21.926281,0.424817,121.13980474732334,108.86650871275411,0.0,0.0,37.84927,201.043549,3.6903186544342494,-2456.130615
4.179656005859215,35.930794,13.128549,14.162107,21.915617,0.427639,121.18061200302571,108.90051486334679,0.0,0.0,37.784573,200.918991,3.718826605504586,-2395.983398
4.185001953124811,36.060944,13.156228,14.201934,21.918671,0.427639,121.22275890544141,108.93563738962044,0.0,0.0,37.814522,200.978195,3.678915800203872,-2420.63623
4.190543945312129,36.027054,13.141114,14.147448,21.902737,0.426686,121.26645140600478,108.97204791829614,0.0,0.0,37.841347,201.133118,3.683191743119267,-2424.690186
4.195951904296635,35.997864,13.147607,14.138094,21.866035,0.426686,121.23622640122159,108.94686026598218,0.0,0.0,37.817329,200.941223,3.750184199796127,-2411.491699
4.201494873046613,36.019287,13.161325,14.114568,21.863087,0.422995,121.20065538987454,108.91721758828936,0.0,0.0,37.85091,200.912369,3.7858175331294595,-2425.821289
4.206865722655493,35.986446,13.175722,14.209874,21.876629,0.422995,121.16618892235236,108.88849536900798,0.0,0.0,37.831047,201.007324,3.8713398572884814,-2435.20166
4.212506835937347,36.013737,13.166298,14.173592,21.852911,0.426576,121.12998808601581,108.85832783417843,0.0,0.0,37.803699,200.965027,3.778690519877675,-2402.582764
4.218494873046438,35.891594,13.17019,14.13408,21.837082,0.426576,121.09156092801243,108.82630502076353,0.0,0.0,37.798431,200.870285,3.6860428134556567,-2405.505127
4.22454785156242,35.816135,13.134064,14.181811,21.857624,0.429693,121.05271702014038,108.79393491382034,0.0,0.0,37.88562,200.948425,3.753035270132517,-2424.030029
4.229830810546446,35.844681,13.125006,14.17052,21.883261,0.429693,121.01881457499684,108.76568271585545,0.0,0.0,37.879723,201.074539,3.6646618756371048,-2423.040283
4.2354946289060535,35.914696,13.16347,14.156017,21.877327,0.428621,120.98246803287915,108.73539375885247,0.0,0.0,37.801781,200.90213,3.768714067278286,-2411.538818
4.241479736328074,35.81979,13.188637,14.095597,21.904867,0.428621,120.94405967562172,108.70338661281478,0.0,0.0,37.784069,200.816132,3.802922629969418,-2427.046875
4.247285644531075,35.938824,13.157938,14.172404,21.848532,0.423048,120.9068012973252,108.67233778801682,0.0,0.0,37.760979,201.000183,3.8428319062181453,-2429.922363
4.252495605468539,35.843208,13.222773,14.196297,21.89319,0.423048,120.87336730410172,108.64447596886757,0.0,0.0,37.852551,200.908905,3.931205402650356,-2416.34668
4.2584797363278994,35.878384,13.18738,14.206157,21.939945,0.42677,120.8349652137596,108.61247404528895,0.0,0.0,37.900753,200.847549,3.8656392456676856,-2444.251953
4.264352539062202,36.010735,13.215827,14.227728,21.880486,0.42677,120.79727755176378,108.58106748204456,0.0,0.0,37.824554,200.902344,3.7444819571865455,-2406.636475
4.269662597655952,35.993046,13.226298,14.200433,21.826071,0.423586,120.76320119972017,108.55267036084041,0.0,0.0,37.802341,200.966202,3.7088485219164116,-2395.653564
4.275498535155748,35.887928,13.229282,14.206279,21.930189,0.423586,120.72575011377762,108.52146094542599,0.0,0.0,37.951904,200.721771,3.6361554536187555,-2437.275635
4.28149462890633,35.991169,13.229091,14.223103,21.905722,0.427278,120.68727125372286,108.48939504672374,0.0,0.0,37.797558,200.758362,3.6418560652395513,-2423.275879
4.286515624999993,35.979713,13.21567,14.241968,21.858112,0.427278,120.65504990861348,108.46254377340493,0.0,0.0,37.795113,200.807541,3.748759429153924,-2405.458008
4.2917006835932625,36.021446,13.194239,14.204638,21.932056,0.42918,120.62177572173061,108.43481512696201,0.0,0.0,37.829025,200.801682,3.6447072375127427,-2443.356445
4.297494628905952,35.929932,13.13731,14.176785,21.879963,0.42918,120.58459411314675,108.40383027728767,0.0,0.0,37.744293,200.694565,3.859937003058104,-2442.177979
4.303479492186852,35.875004,13.209457,14.224429,21.831392,0.424492,120.54618732261814,108.37182443686476,0.0,0.0,37.811169,200.765778,3.9597117227319067,-2421.720459
4.308536621093481,35.906254,13.231691,14.273295,21.816856,0.424492,120.51373410164199,108.34477993256027,0.0,0.0,37.832531,200.871613,3.7644381243628944,-2422.993164
4.314040527343423,35.862209,13.14012,14.194045,21.809752,0.428457,120.47841376690768,108.31534615323034,0.0,0.0,37.810856,200.768448,3.735930173292558,-2406.872314
4.319061523437085,35.961498,13.199474,14.156034,21.814604,0.428457,120.47031527516317,108.30859733420174,0.0,0.0,37.762131,200.683472,3.703146381243629,-2403.006836
4.325518554686823,35.918438,13.154675,14.207692,21.850695,0.427162,120.49068827663078,108.32557483542475,0.0,0.0,37.888817,200.679413,3.534954332313964,-2434.259033
4.331510498046555,35.780628,13.165461,14.122945,21.929073,0.427162,120.50959384888651,108.34132947897118,0.0,0.0,37.786911,200.745728,3.630453211009174,-2418.232178
4.336685546874833,35.803013,13.149317,14.200048,21.938793,0.423764,120.52592198379685,108.35493625806313,0.0,0.0,37.824852,200.620743,3.5805658511722727,-2446.891602
4.342494384764905,35.814922,13.173558,14.225983,21.938828,0.423764,120.5442498280164,108.37020946157942,0.0,0.0,37.8722,200.634552,3.678915800203872,-2407.10791
4.347544433593612,35.799019,13.170469,14.163242,21.938915,0.424106,120.56018356725406,108.3834875776108,0.0,0.0,37.864296,200.771378,3.6846180428134567,-2413.094238
4.353494384765327,35.846085,13.180748,14.135807,21.879265,0.424106,120.57895664721349,108.39913181091032,0.0,0.0,37.83445,200.637054,3.6760647298674822,-2406.023682
4.358800292968226,35.718685,13.105791,14.059681,21.894186,0.430126,120.59569766509368,108.41308265914383,0.0,0.0,37.818691,200.570114,3.6917434250764525,-2407.060791
4.364479248046337,35.904388,13.150591,14.124307,21.851324,0.430126,120.61361570755957,108.42801436119873,0.0,0.0,37.812199,200.61647,3.6133496432212016,-2392.448242
4.369537353515625,35.819481,13.168863,14.074759,21.870502,0.426807,120.62957486683081,108.44131366059143,0.0,0.0,37.774155,200.721497,3.610498572884812,-2420.400635
4.375495361327921,35.893425,13.120224,14.152073,21.853243,0.426807,120.64837336682383,108.45697907725229,0.0,0.0,37.784416,200.547073,3.5663118246687064,-2426.057129
4.380667236328009,35.745541,13.140992,14.135266,21.807728,0.42823,120.66469148778155,108.47057751138371,0.0,0.0,37.746983,200.524078,3.620476656472986,-2425.161377
4.386494384765683,35.910049,13.156001,14.211777,21.795914,0.42823,120.68307710480472,108.48589885890303,0.0,0.0,37.763874,200.591873,3.532103261977574,-2443.262207
4.3915173339837565,35.903568,13.18902,14.21682,21.790695,0.425213,120.69892534029302,108.49910572180994,0.0,0.0,37.765026,200.483688,3.534954332313964,-2407.249268
4.397479248046693,35.956734,13.161935,14.097168,21.845686,0.425213,120.71773616515081,108.51478140919143,0.0,0.0,37.803509,200.444702,3.6518341488277257,-2427.848145
4.402816162109048,35.76561,13.153087,14.155772,21.863609,0.422732,120.73457501164513,108.52881378127003,0.0,0.0,37.801102,200.457657,3.627602140672784,-2435.295898
4.408494140624498,35.863289,13.187973,14.147517,21.800014,0.422732,120.75248997289484,108.54374291564478,0.0,0.0,37.728271,200.580841,3.7288031600407736,-2408.14502
4.4141872558593604,35.881481,13.162877,14.093276,21.807432,0.426396,120.77045269299552,108.55871184906202,0.0,0.0,37.752861,200.462036,3.5249762487257894,-2413.942871
4.41949414062492,35.840992,13.171115,14.135912,21.816908,0.426396,120.7871967920919,108.57266526497568,0.0,0.0,37.728657,200.393066,3.65611009174312,-2408.757812
4.424658203124636,35.853134,13.161691,14.140799,21.768164,0.423564,120.80349026332009,108.58624315766582,0.0,0.0,37.677853,200.474304,3.529252191641181,-2411.868652
4.430424072264941,35.886826,13.142458,14.200084,21.76689,0.423564,120.82168253402715,108.60140338325505,0.0,0.0,37.757854,200.569839,3.5035968399592248,-2401.498535
4.435498046874272,35.954582,13.167084,14.07633,21.752335,0.423663,120.83769176306153,108.61474440745036,0.0,0.0,37.742252,200.447952,3.499319367991846,-2411.255859
4.440641113280435,35.818249,13.127589,14.055004,21.753557,0.423663,120.85391898814154,108.62826709501705,0.0,0.0,37.713684,200.311234,3.5862664627930685,-2401.592773
4.4462841796867,35.90852,13.141184,14.122579,21.7675,0.425104,120.8815595833629,108.65130100845508,0.0,0.0,37.615673,200.383774,3.603371559633027,-2415.451172
4.452350097655653,35.893513,13.099422,14.112143,21.793783,0.425104,120.91545936802527,108.67955095519838,0.0,0.0,37.694679,200.459427,3.677491029561672,-2405.128174
4.457493164061816,35.691025,13.081306,14.116784,21.80031,0.425406,120.94420173555717,108.70350303513456,0.0,0.0,37.63171,200.329468,3.6675129459734976,-2395.88916
4.464347167968299,35.710125,13.119946,14.04661,21.716959,0.425406,120.98250579072143,108.73542322369093,0.0,0.0,37.627068,200.34462,3.6161992864424066,-2383.586426
4.469500976561903,35.749577,13.107677,14.033748,21.69359,0.42145,121.01130819168024,108.75942533170635,0.0,0.0,37.700821,200.441391,3.6090738022426088,-2419.504883
4.474513916014985,35.728371,13.1071,14.094184,21.70764,0.42145,121.03932333610882,108.7827713896827,0.0,0.0,37.676144,200.326111,3.6147745158002036,-2418.844971
4.480479003906112,35.727531,13.071498,14.096837,21.648424,0.421979,121.07265962519584,108.81055175468225,0.0,0.0,37.700523,200.285782,3.654685321100917,-2401.0271
4.486456054687551,35.666775,13.098217,14.121496,21.640816,0.421979,121.10606276969008,108.83838783277005,0.0,0.0,37.735638,200.349258,3.6404312945973483,-2406.212402
4.491642089843481,35.851757,13.072842,13.981286,21.723434,0.425806,121.13504527092965,108.86254002502318,0.0,0.0,37.777416,200.313309,3.5777147808358825,-2376.893066
4.497480957031257,35.727509,13.059439,14.103852,21.767832,0.425806,121.16767616725039,108.8897325600917,0.0,0.0,37.724625,200.264236,3.549208358817533,-2413.047119
4.502493896484339,35.568825,13.072213,14.071513,21.767431,0.421371,121.19569131167897,108.91307861806804,0.0,0.0,37.648045,200.296555,3.6375802242609585,-2404.279541
4.508366943358851,35.725777,13.136001,14.099716,21.722736,0.421371,121.228513223449,108.94043033338869,0.0,0.0,37.645409,200.429916,3.6133496432212016,-2391.741211
4.514518798827339,35.773289,13.092598,14.067971,21.752579,0.426336,121.2628932755267,108.96908050476588,0.0,0.0,37.660576,200.301422,3.620476656472986,-2395.229248
4.520493896484368,35.635822,13.068828,14.040275,21.810066,0.426336,121.29628550485242,108.99690748683928,0.0,0.0,37.680698,200.172318,3.601946788990824,-2380.946777
4.5256489257808425,35.717529,13.101917,14.10209,21.864325,0.4251,121.32509472779157,109.0209152798637,0.0,0.0,37.660664,200.217178,3.5420813455657485,-2400.508789
4.531153808593444,35.796043,13.094884,14.104027,21.797188,0.4251,121.35585913029367,109.04655239646871,0.0,0.0,37.636894,200.266953,3.5192756371049936,-2438.925537
4.53637573242122,35.768707,13.101131,14.110135,21.712929,0.427984,121.38504219775497,109.07087172798656,0.0,0.0,37.634312,200.106232,3.510722324159022,-2369.963867
4.541630859374891,35.657711,13.128078,14.08298,21.697395,0.427984,121.41441082308127,109.09534569174932,0.0,0.0,37.664955,200.165863,3.505021610601428,-2399.283203
4.547493896484411,35.797012,13.113837,14.082648,21.768286,0.425993,121.44717679461259,109.12265078999613,0.0,0.0,37.61335,200.180435,3.554908970438329,-2398.43457
4.5536457519528994,35.829418,13.107921,14.082928,21.730259,0.425993,121.48155684669028,109.15130096137332,0.0,0.0,37.591743,200.183731,3.553484199796126,-2413.094238
4.559480712890036,35.795834,13.081532,14.121095,21.737885,0.426747,121.51416591267397,109.17847530441304,0.0,0.0,37.617817,200.05481,3.5149996941896022,-2410.313232
4.564639648437151,35.65229,13.078618,14.013834,21.72888,0.426747,121.54159737554863,109.20133495363761,0.0,0.0,37.629353,200.141327,3.5819906218144753,-2389.902832
4.569909667968204,35.80817,13.090748,14.130537,21.729664,0.423228,121.52224218798858,109.1852053743529,0.0,0.0,37.589546,200.145004,3.4209255861365953,-2413.895752
4.575512695311772,35.87112,13.134919,14.100589,21.770153,0.423228,121.5016639634679,109.1680565814045,0.0,0.0,37.600681,200.075546,3.4451561671763518,-2414.649902
4.580616699218808,35.863384,13.141062,14.148791,21.78546,0.425198,121.48291850107883,109.15243511450343,0.0,0.0,37.544239,199.98967,3.48079113149847,-2411.915771
4.5864936523430515,35.915001,13.129143,14.135092,21.768339,0.425198,121.46133423002604,109.134447936122,0.0,0.0,37.550594,200.060883,3.505021610601428,-2429.828125
4.591646728515116,35.91378,13.119858,14.166889,21.689734,0.426047,121.44240854004966,109.11867627717812,0.0,0.0,37.532112,200.110336,3.497894597349643,-2387.593018
4.596876708984382,35.884556,13.131883,14.016697,21.83984,0.426047,121.42320040385437,109.10266924264477,0.0,0.0,37.474781,199.934143,3.5791410805300723,-2400.037354
4.602543701171271,35.882561,13.106245,14.114393,21.86162,0.420819,121.40238725581193,109.08532467698383,0.0,0.0,37.556473,199.988968,3.4921939857288473,-2433.834717
4.608493652342986,35.993294,13.121603,14.182806,21.765093,0.420819,121.38053488501484,109.06711407859841,0.0,0.0,37.453804,200.109207,3.5848416921508655,-2410.548828
4.614493652343299,35.938549,13.119823,14.201236,21.724133,0.428594,121.3584987000118,109.04875029927379,0.0,0.0,37.534416,199.948853,3.550633129459736,-2392.778076
4.6197646484370125,35.793686,13.101533,14.101426,21.75312,0.428594,121.33913992583308,109.0326177310927,0.0,0.0,37.559231,199.859192,3.3952688073394506,-2410.643066
4.625493652343721,35.899162,13.140696,14.151305,21.722771,0.425678,121.3180990275062,109.01508337051199,0.0,0.0,37.56567,199.995422,3.4708130479102954,-2414.697021
4.631478515624622,35.830421,13.147554,14.159664,21.705494,0.425678,121.29611843509225,108.99676591908118,0.0,0.0,37.58733,200.032822,3.4736641182466883,-2396.690674
4.6364946289058935,35.811455,13.161586,14.138076,21.777134,0.425114,121.27769576838195,108.98141345285381,0.0,0.0,37.537243,199.755646,3.467961875637104,-2417.242432
4.642239501952645,35.695812,13.136682,14.154708,21.755388,0.425114,121.25659658750195,108.96383052270703,0.0,0.0,37.461693,199.858551,3.5848416921508655,-2417.195312
4.647492431639876,35.78315,13.157397,14.133102,21.735825,0.423346,121.23730416576831,108.94775324910886,0.0,0.0,37.483978,199.961884,3.4750888888888882,-2404.091064
4.653491455077528,35.802063,13.13984,14.095248,21.760241,0.423346,121.21527156738391,108.92939245868062,0.0,0.0,37.504799,199.910614,3.505021610601428,-2412.481445
4.660472412108902,35.682518,13.123453,14.121549,21.729805,0.421642,121.18963262394408,108.90802633294787,0.0,0.0,37.499615,199.771912,3.4494320081549446,-2404.609619
4.665538574218772,35.739288,13.125966,14.096749,21.752945,0.421642,121.1710261430278,108.89252068578132,0.0,0.0,37.561466,199.893814,3.483640672782876,-2381.842285
4.671495361328198,35.774151,13.11937,14.040012,21.729036,0.422296,121.14914866590014,108.87428916512127,0.0,0.0,37.560158,199.856033,3.5905439347604498,-2401.734131
4.677973388671489,35.666603,13.120434,14.086942,21.705755,0.422296,121.12535683106653,108.85446232102136,0.0,0.0,37.463856,199.772079,3.554908970438329,-2395.842041
4.684318359374629,35.691975,13.106891,14.102509,21.695877,0.426825,121.10205367302436,108.83504271405248,0.0,0.0,37.467815,199.783813,3.4394554536187574,-2407.249268
4.689658447265174,35.792313,13.095896,14.070518,21.677849,0.426825,121.08244114557596,108.81869868145289,0.0,0.0,37.465515,199.817154,3.430902140672783,-2420.400635
4.695749267577412,35.769112,13.121254,14.129821,21.664358,0.425325,121.06632685727246,108.80526985442955,0.0,0.0,37.473961,199.756119,3.4665371049949036,-2406.11792
4.70147924804678,35.696468,13.114221,14.124883,21.698704,0.425325,121.11156474882273,108.84296827222866,0.0,0.0,37.439369,199.730042,3.4879165137614687,-2397.303467
4.707126220702776,35.767365,13.123453,14.101636,21.649769,0.426045,121.15614729810085,108.8801205689348,0.0,0.0,37.45792,199.82254,3.446580937818552,-2396.172119
4.712493408203045,35.609131,13.098932,14.106121,21.631096,0.426045,121.19852095842643,108.91543211630997,0.0,0.0,37.448463,199.764175,3.534954332313964,-2392.118164
4.718499267577499,35.613571,13.095442,14.032474,21.643398,0.428384,121.24593689929291,108.9549455836239,0.0,0.0,37.401707,199.650238,3.4394554536187574,-2398.010498
4.725569335937507,35.655434,13.101394,14.118826,21.62668,0.428384,121.30175471358368,109.00146064459722,0.0,0.0,37.434937,199.704865,3.5007457696228346,-2396.407715
4.7306591796868815,35.631447,13.107851,14.05352,21.567238,0.423775,121.3419387597294,109.03494750502652,0.0,0.0,37.473873,199.756393,3.4366043832823645,-2403.384033
4.736479248046635,35.73447,13.109718,14.075022,21.630239,0.423775,121.38788789039266,109.07323862483533,0.0,0.0,37.39019,199.578918,3.477939959225281,-2391.599854
4.741494140625036,35.646271,13.119107,14.079541,21.599001,0.424533,121.42748020101618,109.10623237004245,0.0,0.0,37.416454,199.609482,3.459410091743119,-2395.229248
4.747390136718423,35.576057,13.126978,14.039594,21.599018,0.424533,121.47402877711073,109.14502303002746,0.0,0.0,37.460297,199.650665,3.3639112130479094,-2395.417969
4.752609130859128,35.607994,13.069264,14.025981,21.574724,0.423788,121.5152324587328,109.17935959062785,0.0,0.0,37.443054,199.622345,3.372462996941897,-2376.23291
4.758492187499542,35.36673,13.087693,13.996103,21.615231,0.423788,121.56167887853198,109.2180651199719,0.0,0.0,37.413662,199.612259,3.4380291539245675,-2362.751709
4.7644921874998545,35.615273,13.054151,13.903955,21.657045,0.424697,121.60904855994397,109.25754003756161,0.0,0.0,37.424728,199.729034,3.4009694189602437,-2404.374023
4.770123046874687,35.607517,13.037676,13.985353,21.655075,0.424697,121.65350389572221,109.29458632252619,0.0,0.0,37.410732,199.65744,3.42947737003058,-2402.677002
4.775496093750007,35.531425,13.052632,13.943013,21.717728,0.424619,121.69592381550228,109.32993641962557,0.0,0.0,37.367153,199.635468,3.4765136595310913,-2372.603516
4.78149316406234,35.605869,13.017501,13.972177,21.680292,0.424619,121.74327036718702,109.36939206235317,0.0,0.0,37.364971,199.498627,3.3795900101936787,-2405.175293
4.787516113280617,35.545998,13.03792,14.007115,21.687134,0.425432,121.79082123146249,109.4090179663627,0.0,0.0,37.352913,199.499969,3.477939959225281,-2385.424805
4.792834960937398,35.555935,13.068479,13.995527,21.596663,0.425432,121.8328132512884,109.44401147851316,0.0,0.0,37.38129,199.518097,3.304045769622834,-2398.387451
4.798493164062165,35.5648,13.039055,14.013014,21.609995,0.423215,121.87748446452099,109.4812376621907,0.0,0.0,37.40424,199.399887,3.3981198776758403,-2378.02417
4.804478027343066,35.55299,13.046594,13.980501,21.653469,0.423215,121.92473464234217,109.52061299299287,0.0,0.0,37.350506,199.528992,3.3425302752293575,-2390.656982
4.809538085936765,35.551395,13.020415,14.012612,21.671932,0.425644,121.96468353626084,109.5539038923241,0.0,0.0,37.341309,199.558426,3.386717023445463,-2412.811523
4.814951904296322,35.560448,13.049438,14.039804,21.614813,0.425644,122.00742534474516,109.58952223125443,0.0,0.0,37.297886,199.471313,3.403820489296636,-2386.509033
4.820749999999862,35.459412,13.011166,13.959628,21.626244,0.42277,122.04822892158226,109.62352535744068,0.0,0.0,37.352024,199.421555,3.3653360856269114,-2385.943359
4.827166992186903,35.47934,13.026035,14.017429,21.619123,0.42277,122.03799316957212,109.61499537494726,0.0,0.0,37.343731,199.439255,3.319724566768603,-2403.666992
4.832492919921606,35.592552,13.020625,14.072316,21.601234,0.421658,122.02949777579258,109.6079157231403,0.0,0.0,37.322372,199.375458,3.272686748216105,-2383.539307
4.8377348632811845,35.582241,13.055372,14.076941,21.624847,0.421658,122.02113634559133,109.60094771012416,0.0,0.0,37.324062,199.228439,3.2213746177370033,-2378.448486
4.843492919921118,35.395069,13.039857,13.976696,21.613695,0.423282,122.01195166247007,109.5932936377947,0.0,0.0,37.339161,199.317307,3.247031396534148,-2374.630371
4.84851000976505,35.619362,13.020922,13.987185,21.653399,0.423282,122.00394889638392,109.58662451816907,0.0,0.0,37.245163,199.406448,3.318298165137614,-2365.532959
4.854486816406279,35.625774,13.049386,13.983048,21.675964,0.418877,121.99441528487272,109.5786796657333,0.0,0.0,37.272038,199.292191,3.390992864424056,-2395.842041
4.859717773437296,35.523125,13.05127,14.064812,21.69874,0.418877,121.98607137897676,109.57172625662875,0.0,0.0,37.294064,199.211853,3.4665371049949036,-2416.205322
4.865491943359302,35.589291,13.031637,14.046539,21.611252,0.424963,121.97686099354105,109.56405076522896,0.0,0.0,37.259003,199.328949,3.499319367991846,-2373.499023
4.870519775390676,35.680672,13.034831,14.036574,21.615353,0.424963,121.96884109257861,109.55736736622312,0.0,0.0,37.236786,199.301575,3.296918756371049,-2383.586426
4.876492919921475,35.653164,13.052336,14.011042,21.680414,0.424229,121.95931332250251,109.54942738175788,0.0,0.0,37.240627,199.158936,3.3482309887869524,-2389.337158
4.8817648925778485,35.658245,13.044465,14.091427,21.640781,0.424229,121.95090399253344,109.54241945138338,0.0,0.0,37.23307,199.209183,3.353933129459735,-2422.710205
4.887347900390523,35.688568,13.032283,14.095982,21.646906,0.424526,121.94199853000993,109.53499806804524,0.0,0.0,37.21722,199.255707,3.3952688073394506,-2401.498535
4.892491699218226,35.60915,13.070189,14.078599,21.566418,0.424526,121.93379365026934,109.52816051663929,0.0,0.0,37.278934,199.221085,3.383865851172274,-2401.687012
4.898491699218539,35.563984,13.047065,14.102893,21.572054,0.422647,121.92422304300251,109.5201848337235,0.0,0.0,37.161934,199.032135,3.4180745158002024,-2400.084473
4.9036528320311845,35.563503,13.044413,14.073241,21.549959,0.422647,121.91599051380244,109.51332424059038,0.0,0.0,37.236313,199.151199,3.3468062181447493,-2393.155273
4.90985083007763,35.546333,13.084465,14.030361,21.514288,0.423504,121.90610407961124,109.50508536273463,0.0,0.0,37.259037,199.245193,3.3482309887869524,-2395.983398
4.91613671874984,35.385536,13.068112,14.045423,21.497377,0.423504,121.89607745097766,109.49672965358616,0.0,0.0,37.162159,199.153336,3.298343527013252,-2390.562744
4.922463623046497,35.416733,13.060747,14.095615,21.563328,0.422188,121.88598539827096,109.48831942316777,0.0,0.0,37.232422,199.048615,3.2584342507645254,-2389.761475
4.9283657226560535,35.540096,13.091411,14.033625,21.569122,0.422188,121.87657095203578,109.48047387733081,0.0,0.0,37.250347,199.201767,3.2912166156982665,-2388.158691
4.9334916992183935,35.489407,13.065844,14.049489,21.593102,0.419114,121.86839450061268,109.47366001671476,0.0,0.0,37.182648,199.13504,3.3225756371049955,-2382.832275
4.939668701171286,35.454536,13.039526,14.061199,21.54598,0.419114,121.85854155731604,109.4654490485567,0.0,0.0,37.183224,198.984924,3.4636860346585108,-2370.529541
4.944907714843794,35.432308,13.072911,14.074498,21.589106,0.421767,121.85018480026287,109.45848492991699,0.0,0.0,37.18792,199.122772,3.352508358817532,-2393.485352
4.950085693359142,35.38018,13.077833,14.017447,21.610571,0.421767,121.84273204330701,109.45227419155702,0.0,0.0,37.191147,199.131409,3.3396792048929647,-2380.80542
4.9554775390624854,35.576572,13.053906,14.036261,21.628111,0.420554,121.84389298711837,109.45324203116239,0.0,0.0,37.168602,199.03746,3.2897918450560666,-2389.007324
4.960495605468168,35.471661,13.076332,14.105162,21.601269,0.420554,121.84497345074068,109.45414277715508,0.0,0.0,37.160328,199.018265,3.2755378185524973,-2400.037354
4.9657556152342295,35.543694,13.058863,14.081635,21.584568,0.42665,121.84610600833251,109.45508695212894,0.0,0.0,37.199978,198.98674,3.208545361875637,-2400.791504
4.971477539062107,35.533333,13.061131,14.157588,21.512682,0.42665,121.84733802282683,109.45611404095985,0.0,0.0,37.160625,199.026215,3.229926299694189,-2381.418213
4.976493408203169,35.452976,13.077991,13.988826,21.630764,0.419713,121.84841801334548,109.45701439254202,0.0,0.0,37.225636,198.808456,3.247031396534148,-2390.892578
4.982491455078161,35.402901,13.059718,14.035702,21.630676,0.419713,121.84970948119957,109.45809104562893,0.0,0.0,37.218864,198.895248,3.259859123343527,-2412.24585
4.987655517577878,35.565968,13.063889,14.040519,21.600729,0.421337,121.85082137993165,109.45901799800986,0.0,0.0,37.191498,198.972061,3.2912166156982665,-2386.178955
4.993493408202994,35.500786,13.06703,13.99256,21.601183,0.421337,121.85207836378572,109.46006590295183,0.0,0.0,37.183662,199.00296,3.298343527013252,-2394.145264
4.9994943847650575,35.424419,13.074116,14.043608,21.684307,0.419286,121.85337046244469,109.46114308191945,0.0,0.0,37.162598,198.806168,3.1843148827726795,-2390.845459
5.00549340820271,35.585613,13.004081,14.015352,21.597954,0.419286,121.85466214056706,109.46221991029992,0.0,0.0,37.188774,198.930878,3.2199482161060144,-2369.162354
5.011406494139919,35.463787,13.018077,13.910867,21.548285,0.421841,121.85593531507968,109.46328131284653,0.0,0.0,37.219246,198.949234,3.118748725790009,-2361.243408
5.016495361327543,35.47958,13.047361,13.99359,21.573328,0.421841,121.85703102315321,109.46419476762281,0.0,0.0,37.234795,198.756241,3.178612640163098,-2397.491943
5.0229624023431825,35.500893,13.012894,13.960937,21.670729,0.420053,121.8584234723549,109.46535560544515,0.0,0.0,37.151604,198.8004,3.245605096839958,-2342.294189
5.0291342773434735,35.611401,13.030329,13.851163,21.651915,0.420053,121.8597523679651,109.46646346078695,0.0,0.0,37.150696,198.860733,3.188590723751275,-2416.111084
5.0348583984368815,35.507633,13.057624,14.023956,21.651741,0.421057,121.86098485556306,109.4674909440284,0.0,0.0,37.131462,198.794266,3.2669860346585127,-2402.582764
5.040492431639905,35.497032,13.069963,14.030554,21.657377,0.421057,121.86219794591102,109.4685022564383,0.0,0.0,37.098896,198.654297,3.316873394495414,-2372.462158
5.046493408202878,35.519131,13.052126,14.044184,21.499506,0.422768,121.86349004456999,109.46957943540592,0.0,0.0,37.086208,198.847565,3.0945166156982684,-2392.071045
5.052502197265312,35.524128,13.025564,13.963625,21.507097,0.422768,121.8647838253753,109.47065801672207,0.0,0.0,37.120434,198.920105,3.155806931702343,-2374.960205
5.0575283203124854,35.657375,13.055582,14.052508,21.492664,0.422593,121.86586602371102,109.47156020888669,0.0,0.0,37.208164,198.621704,3.152957288481141,-2377.741455
5.063491210937173,35.411289,13.014778,13.899261,21.56003,0.422593,121.86714992190657,109.4726305514052,0.0,0.0,37.10223,198.655365,3.1501062181447512,-2385.236328
5.069690185546278,35.531895,13.05333,13.894514,21.493992,0.422411,121.86848465246189,109.47374327114348,0.0,0.0,37.115879,198.768295,3.209971661569827,-2364.166016
5.0748012695312354,35.51479,13.003941,13.871146,21.493677,0.422411,121.8340736490194,109.44506768350278,0.0,0.0,37.114079,198.676697,3.3225756371049955,-2391.78833
5.080493164062318,35.504734,13.019072,13.940413,21.467672,0.420108,121.6260712479986,109.2717320635128,0.0,0.0,37.062614,198.56041,3.3639112130479094,-2389.99707
5.0864772949216785,35.511333,13.013016,13.991129,21.525335,0.420108,121.4073894751831,109.0894969523532,0.0,0.0,37.106316,198.693069,3.2855159021406717,-2377.364258
5.091654296874367,35.545822,13.039701,14.021601,21.500343,0.420009,121.21820311018155,108.93184138823347,0.0,0.0,37.066994,198.723221,3.1158976554536193,-2385.849121
5.0979682617180515,35.604343,13.024063,13.931443,21.460955,0.420009,120.98746801130534,108.73956182212807,0.0,0.0,37.070381,198.585587,3.1472551478083584,-2374.441895
5.103530029296962,35.580837,13.026088,13.981251,21.521408,0.422725,120.7842209195298,108.5701889663765,0.0,0.0,37.098129,198.688858,3.10164362895005,-2391.882568
5.1094921874992,35.551231,13.026157,14.005702,21.472263,0.422725,120.56634210699961,108.38862298989132,0.0,0.0,37.051182,198.627029,3.144403975535167,-2373.734863
5.115330078124316,35.505779,13.038461,14.006033,21.488354,0.423404,120.35300448097193,108.21084134173138,0.0,0.0,37.034061,198.547333,3.3211493374108056,-2369.351074
5.120643066406046,35.451263,13.024587,13.995597,21.48893,0.423404,120.15884868398238,108.04904457746004,0.0,0.0,37.091724,198.451904,3.2741130479102942,-2383.633545
5.126493164061685,35.379036,13.035983,13.843048,21.486818,0.420766,119.9450649689073,107.87089118781432,0.0,0.0,37.093643,198.577271,3.3297011213047907,-2369.680908
5.132491943359128,35.458103,13.047798,13.866853,21.461443,0.420766,119.72584788923491,107.6882099868718,0.0,0.0,37.072929,198.53566,3.2698372069317014,-2393.956543
5.138584960936896,35.253139,13.012597,13.941513,21.430412,0.425747,119.50318700211662,107.50265894165904,0.0,0.0,37.058319,198.398666,3.211396432212027,-2379.485596
5.143685058593292,35.294838,13.003679,13.941234,21.42495,0.425747,119.31681099811368,107.34734534889971,0.0,0.0,37.048756,198.532349,3.1985688073394494,-2357.000977
5.149490966796293,35.398876,13.005826,13.951914,21.403467,0.41998,119.10464212539019,107.17053766343253,0.0,0.0,37.068287,198.531601,3.0004425076452588,-2387.923096
5.156324951171882,35.436691,13.002963,13.88797,21.366974,0.41998,118.85490363309482,106.96242191003286,0.0,0.0,36.986786,198.501999,3.1230245667686045,-2369.775146
5.162376953124294,35.297894,13.005896,13.791983,21.415945,0.424077,118.63374160517577,106.77811991621232,0.0,0.0,37.114288,198.476974,3.0617328236493364,-2353.795654
5.167491943358982,35.358715,13.027135,13.829871,21.473415,0.424077,118.44682137253501,106.62235279884034,0.0,0.0,37.150223,198.439529,3.157233231396533,-2374.394775
5.173477050781003,35.3643,12.998425,13.868615,21.454008,0.421992,118.22810391259571,106.44008794836189,0.0,0.0,37.04052,198.32457,3.2142476044852186,-2343.944092
5.1799348144531905,35.464943,13.011794,13.886294,21.463381,0.421992,117.99211388474116,106.24342926755399,0.0,0.0,37.055737,198.2173,3.2741130479102942,-2360.771973
5.185410888671868,35.295906,13.014691,13.842175,21.431093,0.423205,117.79199833807836,106.07666603703261,0.0,0.0,36.937847,198.463638,3.195717737003057,-2371.566406
5.19054785156186,35.471584,13.037484,13.815526,21.430534,0.423205,117.60427514515229,105.92022978498623,0.0,0.0,36.938389,198.380264,3.1158976554536193,-2361.573242
5.195647949218255,35.345604,13.029665,13.795002,21.515125,0.420581,117.41789914114935,105.7649161922269,0.0,0.0,37.037781,198.333633,3.0218235474006123,-2362.610352
5.200668945311918,35.412968,13.017187,13.866486,21.56263,0.420581,117.21824378250746,105.60974904938536,0.0,0.0,37.021149,198.222412,2.9833390417940886,-2374.206055
5.20641992187484,35.395733,13.003469,13.953764,21.461775,0.424965,116.57768593218485,105.37439508564165,0.0,0.0,36.958199,198.357162,3.027524159021405,-2363.69458
5.211494873046831,35.413612,13.004866,13.906922,21.471775,0.424965,116.01242544506242,105.16670690240426,0.0,0.0,36.967884,198.415359,3.0745619775739033,-2346.206543
5.217490722656294,35.448147,13.017728,13.915091,21.517918,0.418466,115.34459303522743,104.92133171155768,0.0,0.0,36.897045,198.190414,3.248456167176351,-2387.263184
5.222612792967993,35.355648,13.010677,13.917377,21.459017,0.418466,114.77408430285487,104.71171521642512,0.0,0.0,37.002735,198.241516,3.104494699286443,-2362.327637
5.228383789061809,35.23428,13.01408,13.923537,21.445055,0.419392,114.13129662812547,104.4755419699073,0.0,0.0,36.950012,198.243057,3.10021885830785,-2364.024414
5.233491699218575,35.505016,13.04607,13.900343,21.454916,0.419392,113.562365088626,104.26650496746862,0.0,0.0,36.95298,198.183105,3.051756269113149,-2384.576416
5.240372802733873,35.342907,13.003417,13.973939,21.470675,0.419893,112.79593093124177,103.98490149200096,0.0,0.0,37.031952,198.071884,3.0888160040774726,-2375.903076
5.245491699218292,35.359337,13.038112,13.906451,21.473799,0.419893,112.22577570761662,103.77541488316184,0.0,0.0,36.903885,198.202042,3.0189723751274204,-2375.384521
5.251660644530602,35.494831,13.008461,13.895771,21.469139,0.417933,111.53866347455704,103.52295589369521,0.0,0.0,36.93174,198.216232,3.043204485219164,-2378.872803
5.257490722656257,35.427017,13.033103,13.997988,21.46174,0.417933,110.88929509852953,103.28436476386844,0.0,0.0,36.902649,198.038483,3.073135677879714,-2372.320557
5.262514648436991,35.403839,13.01066,13.908179,21.461077,0.423518,110.32971794434637,103.07876475257967,0.0,0.0,36.896172,198.148163,3.060308053007136,-2380.286865
5.268476562499927,35.444546,13.01422,13.960396,21.436241,0.423518,109.66566535881071,102.83477834594777,0.0,0.0,36.938251,198.176758,3.1059194699286428,-2344.415527
5.273695556640632,35.29401,12.997117,13.794374,21.423624,0.421019,109.08436101315158,102.6211953232381,0.0,0.0,36.922386,198.053101,3.046054026503567,-2384.623535
5.279490722656192,35.416065,12.984691,13.918039,21.362368,0.421019,108.43888123334568,102.38403294263934,0.0,0.0,36.893852,197.940536,3.0945166156982684,-2374.158936
5.284507568359004,35.422523,13.00415,13.912246,21.406347,0.42086,107.88009267559907,102.17872267769752,0.0,0.0,36.889767,197.976715,3.178612640163098,-2375.243164
5.290491699218364,35.360218,13.00586,13.785159,21.360813,0.42086,107.21356552883148,101.93382706701142,0.0,0.0,36.950031,198.018326,3.0146965341488277,-2369.256836
5.295643554687558,35.214211,13.019473,13.80769,21.391373,0.420653,106.63973925282929,101.72299163897102,0.0,0.0,36.862873,198.059921,3.0232483180428122,-2356.624023
5.301476562499374,35.172161,13.004935,13.852891,21.387062,0.420653,105.99004456103494,101.48428061410414,0.0,0.0,36.883205,197.997894,3.0417781855249744,-2340.408691
5.306537597655733,35.194271,12.991078,13.738056,21.348406,0.421448,105.42633407380504,101.27716193230727,0.0,0.0,36.919384,198.080521,3.0018689092762476,-2335.60083
5.312491455078089,35.326679,12.991724,13.727183,21.180532,0.421448,104.7631788566282,101.03350523703567,0.0,0.0,36.909767,198.046265,3.1215982670744147,-2323.675049
5.317699462890232,35.209171,13.00532,13.622767,20.980183,0.41904,104.18309819509476,100.82037182072642,0.0,0.0,36.948757,197.809052,3.1843148827726795,-2310.382324
5.322944580078001,35.196724,12.992615,13.601232,20.911177,0.41904,103.59888420051458,100.60571973390907,0.0,0.0,36.926018,197.948441,3.0945166156982684,-2295.816895
5.328499511718292,35.212597,12.97956,13.516379,20.78006,0.423811,102.98016231359021,100.37838874659965,0.0,0.0,36.928391,197.999115,3.104494699286443,-2280.497314
5.334478515625051,35.175129,12.984691,13.453394,20.605207,0.423811,102.3142062194146,100.13370295223375,0.0,0.0,36.890831,197.853806,3.1059194699286428,-2248.161377
5.339695556640436,35.274967,12.970014,13.387861,20.556044,0.421843,101.89105904080168,100.0,0.0,0.0,36.887794,197.723801,3.0759867482161063,-2236.0
5.344938476561765,35.246212,12.958722,13.29828,20.467335,0.421843,101.73174903035536,100.0,0.0,0.0,36.879036,197.835449,3.1871659531090724,-2234.538574
5.351031494140443,35.190651,12.909019,13.213148,20.271574,0.424449,101.54660817211516,100.0,0.0,0.0,36.839767,197.889862,3.0873896024464837,-2196.828857
5.356491455077958,35.162422,12.929071,13.149884,20.186756,0.424449,101.38070320943199,100.0,0.0,0.0,36.844795,197.865173,3.1087706422018346,-2194.000732
5.361642333983582,35.260208,12.890694,12.988818,19.937,0.425442,101.22418993351133,100.0,0.0,0.0,36.915581,197.828735,3.067434964322119,-2158.506348
5.36730834960872,35.219292,12.851514,13.019796,19.838448,0.425442,101.0520238463198,100.0,0.0,0.0,36.885754,197.834915,3.048905198776759,-2169.159424
5.372491455077579,35.168442,12.818791,12.941628,19.701571,0.420015,100.89453134239547,100.0,0.0,0.0,36.772297,197.767761,3.0218235474006123,-2147.570557
5.378489257812362,35.127396,12.731827,12.854979,19.503174,0.420015,100.71228365780249,100.0,0.0,0.0,36.879978,197.638931,3.026099388379205,-2104.675781
5.383683349608873,35.31889,12.644758,12.835676,19.316837,0.421738,100.55445732614962,100.0,0.0,0.0,36.862961,197.796249,2.940577064220183,-2096.285156
5.389562255859346,35.255974,12.52385,12.647071,19.062212,0.421738,100.37582239941868,100.0,0.0,0.0,36.758335,197.737564,3.026099388379205,-2031.377319
5.3955761718743815,35.280212,12.452454,12.506249,18.947847,0.425626,100.19308510082385,100.0,0.0,0.0,36.829052,197.686935,3.140128134556574,-2033.074219
5.402354248046322,35.248547,12.274564,12.529147,18.740324,0.425626,99.98712822911159,100.0,0.0,0.0,36.849155,197.740341,3.046054026503567,-2034.064087
5.407499267577805,35.235558,12.207111,12.429896,18.573866,0.427465,99.83079299464615,100.0,0.0,0.0,36.865334,197.786057,3.1215982670744147,-1971.937378
5.413311279296067,35.370438,12.040479,12.283317,18.340479,0.427465,99.65419070786223,100.0,0.0,0.0,36.797394,197.660904,2.939152293577983,-1986.597046
5.418625244140458,35.351963,11.952956,12.174223,18.225016,0.431268,99.49272194477145,100.0,0.0,0.0,36.818005,197.434509,2.903518960244648,-1958.503174
5.424151123046613,35.225163,11.855084,12.128045,18.135084,0.431268,99.32481401571712,100.0,0.0,0.0,36.870991,197.669495,2.9149218144750253,-1908.773438
5.429519287108633,35.383114,11.613111,11.982965,17.874472,0.434553,99.16169836916562,100.0,0.0,0.0,36.846767,197.651733,2.8351001019367987,-1921.594849
5.435476074218059,35.218094,11.525728,11.874658,17.759235,0.434553,98.98069697475913,100.0,0.0,0.0,36.894199,197.599564,3.0346511722731897,-1905.662476
5.440493164061991,35.161591,11.496112,11.886385,17.583075,0.429738,98.82824897873252,100.0,0.0,0.0,36.790779,197.429184,3.0617328236493364,-1856.922607
5.447076171874869,35.187389,11.355133,11.688042,17.387226,0.429738,98.62821940380007,100.0,0.0,0.0,36.862541,197.676651,3.060308053007136,-1847.21228
5.452829101562202,35.116524,11.296058,11.604445,17.266825,0.437885,98.47379388546074,100.0,0.0,0.0,36.863293,197.597061,3.0560321100917416,-1832.976929
5.4584912109367,35.010544,11.107471,11.431478,17.059528,0.437885,98.3476697554395,100.0,0.0,0.0,36.851391,197.455795,2.9320252803261986,-1782.634399
5.464489990234142,35.14426,11.058831,11.476452,16.947309,0.435528,98.21404626463439,100.0,0.0,0.0,36.868423,197.553207,2.8750109072375127,-1796.445557
5.470235107421104,35.260525,10.896038,11.389051,16.775652,0.435528,98.08607312615301,100.0,0.0,0.0,36.79385,197.540939,2.919197655453618,-1758.170166
5.475490966796315,35.17934,10.803943,11.274374,16.682999,0.438485,97.96899826106603,100.0,0.0,0.0,36.852875,197.537735,2.903518960244648,-1720.460449
5.480578124999738,35.143223,10.743437,11.235369,16.609612,0.438485,97.85568123376123,100.0,0.0,0.0,36.876801,197.408112,2.9477040774719674,-1734.271606
5.486590087890363,35.054981,10.636298,11.148509,16.419819,0.440157,97.72176407690658,100.0,0.0,0.0,36.864445,197.563126,3.0232483180428122,-1694.817749
5.491887939452681,35.094391,10.570974,11.034581,16.310326,0.440157,97.60375383106918,100.0,0.0,0.0,36.801514,197.507004,2.896391946992863,-1674.878784
5.497489990233589,35.075291,10.505633,11.060114,16.180342,0.44387,97.47896751305144,100.0,0.0,0.0,36.868599,197.377594,2.954831090723752,-1702.40686
5.503489990233902,35.085686,10.51518,10.959258,16.134424,0.44387,97.34531683094545,100.0,0.0,0.0,36.878895,197.52829,2.9861885830784916,-1663.518677
5.509475830077463,35.04113,10.437501,10.967408,16.131126,0.441897,97.21198156792971,100.0,0.0,0.0,36.866261,197.418411,2.860756982670745,-1680.535156
5.514942871093808,35.126907,10.463207,10.948507,16.141598,0.441897,97.09020260778976,100.0,0.0,0.0,36.812874,197.388901,2.87215983690112,-1677.141357
5.5204909667963875,35.099384,10.502563,10.968123,16.130255,0.444315,96.9666181452711,100.0,0.0,0.0,36.806435,197.288727,2.7453034658511735,-1662.811646
5.526630859374563,35.111668,10.505424,11.030847,16.039764,0.444315,96.82985134008378,100.0,0.0,0.0,36.867027,197.487,2.7666828746177354,-1681.855103
5.532426757812573,35.228249,10.485197,10.942434,16.055367,0.444917,96.70074704348563,100.0,0.0,0.0,36.814182,197.40155,2.957682161060142,-1686.993042
5.53765673828093,35.082458,10.504115,10.934284,16.091248,0.444917,96.5842486339774,100.0,0.0,0.0,36.822701,197.192169,2.816570234454637,-1680.676636
5.543475830078023,35.113773,10.504586,11.035157,16.10713,0.443976,96.45462770266244,100.0,0.0,0.0,36.809174,197.401978,2.8550562691131507,-1681.383667
5.5484897460937646,35.012287,10.464307,10.905698,16.062191,0.443976,96.3429421534107,100.0,0.0,0.0,36.787689,197.435684,2.896391946992863,-1659.7948
5.554203857421271,34.987976,10.476523,10.870287,16.10261,0.448176,96.21565967397179,100.0,0.0,0.0,36.802002,197.383148,2.702541488277268,-1663.471558
5.5594987792965185,34.996387,10.50066,10.884301,16.112959,0.448176,96.09771468725651,100.0,0.0,0.0,36.788143,197.185349,2.8137206931702337,-1675.868652
5.56549072265625,35.014175,10.527344,10.911352,16.092138,0.445787,95.96424346773635,100.0,0.0,0.0,36.740047,197.361542,2.8393775739041804,-1676.717041
5.570545654296438,35.153282,10.527082,10.979869,16.010149,0.445787,95.8516442907749,100.0,0.0,0.0,36.726589,197.263489,2.8051673802242596,-1692.790894
5.576620849608844,34.992928,10.51895,10.945488,16.026344,0.44814,95.71631862453445,100.0,0.0,0.0,36.793781,197.324097,2.7894885830784903,-1655.693848
5.5817897949218604,35.021103,10.504744,10.901091,16.101965,0.44814,95.1887921098496,100.0,0.0,0.0,36.854427,197.279495,2.8037426095820592,-1683.693359
5.587475830077892,35.147041,10.50586,10.938071,16.091423,0.444904,94.50811398513936,100.0,0.0,0.0,36.839104,197.279709,2.846502956167176,-1668.32666
5.592491699218044,35.036732,10.505599,10.872032,16.078072,0.444904,93.90766177079107,100.0,0.0,0.0,36.836712,197.182251,2.900667787971459,-1656.966553
5.5985007324215985,35.060654,10.523714,10.920444,16.010725,0.448809,93.18831738764409,100.0,0.0,0.0,36.813763,197.042053,2.732474311926606,-1692.413818
5.6037966308585965,34.934593,10.525966,10.923918,15.995279,0.448809,92.55434272550521,100.0,0.0,0.0,36.802334,197.179474,2.6426760448521924,-1674.643066
5.609489746093459,35.051273,10.533313,10.88952,15.965802,0.445436,91.87281704108624,100.0,0.0,0.0,36.821583,197.164703,2.7153707441386343,-1662.858765
5.615528564452688,34.955963,10.535512,10.91397,15.985314,0.445436,91.14990706192316,100.0,0.0,0.0,36.820518,197.092743,2.7139444444444445,-1690.669678
5.6216406249996,34.926327,10.481149,10.830741,15.9265,0.449794,90.41822922370415,100.0,0.0,0.0,36.809608,197.124908,2.7880638124362904,-1629.297119
5.627490478515028,35.02253,10.487379,10.862329,15.969921,0.449794,89.71794032090544,100.0,0.0,0.0,36.785053,197.151199,2.847929357798165,-1662.293091
5.633489501952681,35.003147,10.49436,10.840863,16.005524,0.446709,88.99979421182944,100.0,0.0,0.0,36.794689,197.090118,2.7709587155963313,-1668.703735
5.638499511718692,35.020229,10.504935,10.881248,16.001928,0.446709,88.40004342620561,100.0,0.0,0.0,36.781441,196.915359,2.8564810397553506,-1630.192627
5.643694580077863,35.016392,10.50525,10.816587,16.00528,0.444196,87.7781391833671,100.0,0.0,0.0,36.773449,197.027496,2.756706320081548,-1667.619629
5.649490478514963,35.143475,10.52642,10.953865,16.022837,0.444196,87.08430927007294,100.0,0.0,0.0,36.771706,197.023819,2.7224977573904185,-1666.158325
5.654557617187493,34.905361,10.512248,10.830339,15.877495,0.445278,86.47771955438547,100.0,0.0,0.0,36.725143,196.952866,2.809444852191641,-1634.906372
5.660524414061911,35.017132,10.535093,10.785191,15.839798,0.445278,85.76343130329408,100.0,0.0,0.0,36.771442,196.821533,2.7609822629969427,-1635.519165
5.665638427733938,35.005329,10.509264,10.67135,15.606568,0.449306,85.15123015781082,100.0,0.0,0.0,36.74638,197.002747,2.753855249745158,-1586.59082
5.671495361328198,35.150085,10.518723,10.575049,15.473897,0.449306,84.45009369530337,100.0,0.0,0.0,36.745579,196.912918,2.7695339449541283,-1579.520142
5.6783464355467,35.047577,10.504622,10.48121,15.280178,0.45007,83.62994815920982,100.0,0.0,0.0,36.795753,196.758698,2.8707350662589195,-1515.88501
5.683633300780457,34.80476,10.506018,10.351663,15.231923,0.45007,82.9970548663545,100.0,0.0,0.0,36.766277,196.870773,2.8664592252803267,-1516.073486
5.688884521484397,34.903061,10.506209,10.375467,15.093179,0.450436,82.36842859823975,100.0,0.0,0.0,36.764374,196.985352,2.8636080530071353,-1517.864746
5.694490478515036,34.833874,10.505843,10.225483,14.913073,0.450436,81.69733666609736,100.0,0.0,0.0,36.757114,196.858719,3.011845463812435,-1492.316406
5.700418457030537,34.828999,10.505389,10.127297,14.82487,0.448958,81.23915898046725,100.0,0.0,0.0,36.711914,196.671524,2.8636080530071353,-1442.44519
5.70562524413981,34.947674,10.550014,10.008414,14.707906,0.448958,81.82263950408775,100.0,0.0,0.0,36.759434,196.891998,2.852205198776758,-1450.364258
5.710669433593466,34.945915,10.534465,9.880979,14.509109,0.449617,82.38789908576932,100.0,0.0,0.0,36.753834,196.73378,2.6612059123343514,-1404.876953
5.71649023437476,34.772125,10.533714,9.81021,14.351812,0.449617,83.04018692016516,100.0,0.0,0.0,36.718109,196.777954,2.753855249745158,-1388.803101
5.721507324218692,34.86602,10.520764,9.766929,14.191165,0.453278,83.60240967819024,100.0,0.0,0.0,36.715874,196.592789,2.7795121304791017,-1391.961304
5.727490234374272,34.894291,10.50778,9.639615,13.919698,0.453278,84.27286373698163,100.0,0.0,0.0,36.712437,196.82692,2.9605332313965347,-1342.608643
5.732661376952819,34.830284,10.518269,9.482442,13.827655,0.452048,84.85234987993684,100.0,0.0,0.0,36.792194,196.719482,2.956255861365952,-1308.76416
5.7389421386715185,34.773891,10.514831,9.492442,13.594826,0.452048,85.5561816401779,100.0,0.0,0.0,36.789715,196.566544,2.8122943934760443,-1308.057129
5.745040283202798,34.671055,10.495826,9.342249,13.454895,0.449997,86.23954903920226,100.0,0.0,0.0,36.757095,196.720825,2.8222724770642214,-1257.66748
5.751412109374542,34.732315,10.490782,9.193609,13.166429,0.449997,86.95358562127997,100.0,0.0,0.0,36.807934,196.685608,2.6355490316004078,-1174.375977
5.756491210937384,34.647846,10.46237,8.966243,13.045521,0.453875,87.5227575073118,100.0,0.0,0.0,36.816521,196.592636,2.652654128440367,-1196.624756
5.762547119140436,34.526562,9.450652,8.98537,12.805223,0.453875,88.20139183883552,100.0,0.0,0.0,36.832386,196.593384,2.7367501529051994,-1158.915039
5.768475097655937,34.663586,8.770613,8.83502,12.69756,0.455992,88.86569017399889,100.0,0.0,0.0,36.873642,196.643784,2.87215983690112,-1139.588745
5.77367724609303,34.570858,8.301796,8.817288,12.553213,0.455992,89.44865088095746,100.0,0.0,0.0,36.813484,196.576202,2.795190825688072,-1118.659912
5.779489257812202,34.491844,7.616015,8.534616,12.283298,0.454973,90.09995379957282,100.0,0.0,0.0,36.778931,196.438736,2.702541488277268,-1111.400757
5.784585205077747,34.694714,7.519802,8.599521,12.164904,0.454973,90.67101344085056,100.0,0.0,0.0,36.786205,196.572952,2.6569300713557586,-1067.374634
5.79058911132779,34.549076,7.289224,8.348891,11.870068,0.455882,91.34382035400643,100.0,0.0,0.0,36.793991,196.557053,2.7453034658511735,-1042.203369
5.795634033202987,34.508335,7.159921,8.281631,11.724237,0.455882,91.90916201200305,100.0,0.0,0.0,36.828476,196.530853,2.6384002038735996,-972.628845
5.80230712890625,34.553082,6.998314,8.078016,11.564708,0.458178,92.65695931833395,100.0,0.0,0.0,36.873833,196.523392,2.6227214067278277,-981.349243
5.807489990233989,34.522995,6.896586,7.990948,11.416329,0.458178,93.2377586823298,100.0,0.0,0.0,36.842613,196.570389,2.645527115188582,-978.19104
5.813489013671642,34.512012,6.841996,7.880982,11.33235,0.459044,93.91001842005207,100.0,0.0,0.0,36.863258,196.402985,2.8037426095820592,-950.191528
5.818896972656148,34.546494,6.653059,7.746653,11.103622,0.459044,94.51604257153693,100.0,0.0,0.0,36.847725,196.272186,2.723922528032619,-914.650085
5.823997070312544,34.440941,6.642448,7.675954,10.980358,0.461168,95.08756731193324,100.0,0.0,0.0,36.839314,196.402557,2.6654817533129473,-870.435425
5.829616943358815,34.502022,6.485222,7.614244,10.891003,0.461168,95.60547218523072,100.0,0.0,0.0,36.814636,196.48381,2.4032156982670747,-882.266846
5.835479003905675,34.398476,6.384314,7.472166,10.645172,0.462601,95.44942023141462,100.0,0.0,0.0,36.882282,196.365326,2.6555053007135587,-847.80957
5.840678955078147,34.343697,6.3055,7.416441,10.507039,0.462601,95.3109940698916,100.0,0.0,0.0,36.857796,196.269791,2.759555861365954,-839.372009
5.8465339355461765,34.417606,6.11138,7.283299,10.277246,0.459902,95.15513059246801,100.0,0.0,0.0,36.822159,196.384048,2.5557289500509675,-819.338684
5.8524748535155595,34.52906,6.131101,7.282287,10.208625,0.459902,94.99697940159045,100.0,0.0,0.0,36.816364,196.2836,2.4374243628950056,-835.08252
5.857489990234171,34.506351,6.029355,7.25021,10.182255,0.466809,94.86347312383066,100.0,0.0,0.0,36.84626,196.277145,2.225045667686034,-769.561829
5.862647949218626,34.547321,5.897539,7.138307,10.138083,0.466809,94.72616482229084,100.0,0.0,0.0,36.838615,196.233521,2.86930876656473,-803.359192
5.868490966796344,34.477314,5.894293,7.206248,10.090439,0.467027,94.57061980497873,100.0,0.0,0.0,36.875057,196.323502,2.648378287461774,-852.240417
5.874493896483727,34.312218,5.887661,7.144711,10.117455,0.467027,94.4108178208702,100.0,0.0,0.0,36.847778,196.224655,2.733900611620796,-796.335754
5.881390869139977,34.344059,5.933734,7.181344,10.089497,0.465822,94.22721581781722,100.0,0.0,0.0,36.865616,196.127945,2.1509261977573897,-797.51416
5.886501708983815,34.38628,5.796718,7.10232,10.058152,0.465822,94.09116185916551,100.0,0.0,0.0,36.897045,196.358551,2.6669081549439357,-778.942139
5.8924897460938155,34.471786,5.765164,7.039737,10.036093,0.466869,93.93175632539983,100.0,0.0,0.0,36.846031,196.210785,2.8322505606523958,-801.520813
5.898488769530559,34.426311,5.792739,7.065444,10.02248,0.466869,93.77205832826647,100.0,0.0,0.0,36.837029,196.05455,2.2735082568807328,-828.860413
5.904632812499585,34.211693,5.791552,7.059318,10.068013,0.468002,93.60849981467953,100.0,0.0,0.0,36.855682,196.154831,2.8750109072375127,-741.043823
5.910489746092935,34.559212,5.741307,6.960941,10.240161,0.468002,93.45258434376835,100.0,0.0,0.0,36.818844,196.139786,2.6640569826707443,-794.214539
5.916672607421788,34.400898,5.778323,7.060313,10.341331,0.467983,93.28799245961555,100.0,0.0,0.0,36.834061,196.088745,2.4602300713557606,-880.098511
5.922474609375058,34.375832,6.016248,7.684139,10.760007,0.467983,93.13353930554285,100.0,0.0,0.0,36.875702,196.09082,2.2207697247706424,-975.127136
5.928423583984113,34.402172,6.264993,7.710632,10.931702,0.474406,92.97517364152898,100.0,0.0,0.0,36.880482,196.15126,3.0360774719673795,-923.370483
5.933489746093073,34.534821,6.404715,7.759864,11.120952,0.474406,92.8403090339059,100.0,0.0,0.0,36.795666,196.072739,2.688287563710498,-1000.816895
5.939474609374884,34.275482,6.696148,8.032169,11.488494,0.471622,92.68098798955755,100.0,0.0,0.0,36.827778,195.931259,2.3889617737003044,-1087.502197
5.944489746093495,34.377304,6.822729,8.161821,11.674883,0.471622,92.54748171179776,100.0,0.0,0.0,36.839836,196.062805,2.0454492354740053,-1072.748291
5.950075683593241,34.398312,6.988681,8.267599,11.981953,0.465809,92.39878033728974,100.0,0.0,0.0,36.839138,196.018753,2.272081957186543,-1138.080444
5.955558593749629,34.361759,7.126709,8.44198,12.092302,0.465809,92.18767989891616,100.0,0.0,0.0,36.875126,195.966476,2.7980419979612634,-1162.968872
5.9614895019531104,34.346413,7.219066,8.738736,12.259563,0.469969,91.12757863411498,100.0,0.0,0.0,36.84008,195.836624,2.867883995922527,-1122.053711
5.968371582031068,34.462349,7.407444,8.87256,12.598763,0.469969,89.89746318713516,100.0,0.0,0.0,36.744251,195.967758,2.756706320081548,-1211.143066
5.973523437499352,34.432388,7.539226,8.905579,12.742901,0.469799,88.97661121785039,100.0,0.0,0.0,36.792683,195.912811,2.7453034658511735,-1219.957642
5.9794895019531396,34.582714,7.625055,9.006766,12.91552,0.469799,87.91022606130544,100.0,0.0,0.0,36.757011,195.792618,2.2207697247706424,-1215.149658
5.985476562499571,34.451225,7.690972,9.07373,13.049988,0.467739,86.84008802496906,100.0,0.0,0.0,36.782822,195.929825,2.05257624872579,-1232.401855
5.991376464843597,34.504333,7.739052,9.096209,13.09594,0.467739,85.78552880358077,100.0,0.0,0.0,36.830063,195.827301,2.4787599388379196,-1225.614136
5.996489501952965,34.526497,7.765649,9.11778,13.126515,0.464782,84.87161529809643,100.0,0.0,0.0,36.851494,195.794067,2.5101174311926617,-1216.516724
6.002488525390618,34.434341,7.793573,9.120781,13.179011,0.464782,83.79933899304169,100.0,0.0,0.0,36.914097,195.853653,2.9277494393476053,-1227.169678
6.0075893554685535,34.489521,7.786697,9.068826,13.170425,0.463838,82.88760739441281,100.0,0.0,0.0,36.827393,195.959,2.7453034658511735,-1235.607178
6.012905517577565,34.527435,7.8238,9.207012,13.156813,0.463838,81.93738695885335,100.0,0.0,0.0,36.878914,195.758957,2.581385830784914,-1225.519897
6.0184895019528994,34.484528,7.875668,9.201009,13.22156,0.461139,80.93929548688477,100.0,0.0,0.0,36.755367,195.610123,2.6212966360856274,-1237.068481
6.02453540039005,34.470268,7.820135,9.131793,13.202782,0.461139,79.858640659505,100.0,0.0,0.0,36.806782,195.742264,2.39466391437309,-1228.866577
6.0296293945311845,34.547276,7.895284,9.122543,13.133427,0.46043,78.9481309287152,100.0,0.0,0.0,36.770237,195.828629,2.4345731906218138,-1229.762207
6.034671386718401,34.537689,7.839926,9.067238,13.165905,0.46043,78.04691612112971,100.0,0.0,0.0,36.819874,195.675537,2.551453109072374,-1249.654175
6.039686279296802,34.513256,7.885912,9.17956,13.197319,0.456366,77.15054514676339,100.0,0.0,0.0,36.805771,195.564835,2.6127433231396533,-1229.950806
6.045488281250073,34.420856,7.83298,9.071567,13.207703,0.456366,76.11348481835601,100.0,0.0,0.0,36.767464,195.695267,2.6212966360856274,-1207.513428
6.052345214843626,34.656952,7.894568,9.209787,13.264004,0.455341,74.88786409949847,100.0,0.0,0.0,36.809418,195.676071,2.540050152905198,-1252.670898
6.0576372070308935,34.576881,7.855126,9.105877,13.192346,0.455341,73.94196383951285,100.0,0.0,0.0,36.814182,195.654404,2.629848419979612,-1211.425903
6.063489257811852,34.612297,7.832439,9.173696,12.98723,0.460155,72.89595769299804,100.0,0.0,0.0,36.8409,195.681824,2.790914984709479,-1146.470825
6.069489257812165,34.549141,7.737761,8.82605,12.818207,0.460155,71.82350683539485,100.0,0.0,0.0,36.825211,195.693024,2.732474311926606,-1105.414307
6.074820312499469,34.488049,7.495351,8.715106,12.407279,0.456833,70.87062447347172,100.0,0.0,0.0,36.765858,195.555664,2.6355490316004078,-1044.748779
6.080707275390523,34.421249,7.343832,8.428874,12.16089,0.456833,70.16788732483147,100.0,0.0,0.0,36.738544,195.503433,2.6954145769622824,-1062.048096
6.086588134765407,34.385006,7.139589,8.243044,11.784919,0.456947,71.13955236100169,100.0,0.0,0.0,36.807602,195.68454,2.877862079510704,-946.797668
6.092474121093801,34.540134,7.019728,7.930912,11.536644,0.456947,72.11206449804203,100.0,0.0,0.0,36.757339,195.505249,2.849354128440368,-951.039978
6.09802124023372,34.366047,6.871263,7.928469,11.329208,0.457983,73.02858730138075,100.0,0.0,0.0,36.712803,195.519073,2.672608766564729,-917.996826
6.103924072264817,34.397144,6.619446,7.753808,10.939467,0.457983,74.00388276985151,100.0,0.0,0.0,36.757359,195.522537,2.668332925586136,-849.647888
6.109474121093626,34.346687,6.515571,7.572812,10.748139,0.46016,74.92088963083032,100.0,0.0,0.0,36.784916,195.66011,2.681162079510703,-806.564514
6.1153400878902175,34.331493,6.181642,7.305515,10.311209,0.46016,75.8900940406635,100.0,0.0,0.0,36.76556,195.446411,2.2464250764525993,-730.956421
6.1203640136718604,34.33831,6.005602,7.219599,10.125378,0.461093,76.7201722171128,100.0,0.0,0.0,36.820118,195.365921,2.267806014271151,-736.282959
6.1254899902342,34.400681,5.845863,6.933698,9.915394,0.461093,77.56711173469125,100.0,0.0,0.0,36.827847,195.47261,2.4588053007135575,-772.154358
6.131489013671853,34.185856,5.711482,7.027328,9.562372,0.461347,78.55830042901103,100.0,0.0,0.0,36.741112,195.420334,2.8080184505606525,-705.408081
6.137546142577776,34.142628,5.589613,6.881167,9.411691,0.461347,79.55908959985888,100.0,0.0,0.0,36.79385,195.395096,2.649803058103974,-677.502869
6.142958984374673,34.168404,5.320205,6.45605,9.175057,0.464188,80.45342642802767,100.0,0.0,0.0,36.85186,195.393768,2.7695339449541283,-720.256287
6.1491420898437354,34.352894,5.302491,6.510833,9.008669,0.464188,81.47503007739859,100.0,0.0,0.0,36.795944,195.45549,2.473057696228338,-693.906616
6.154488037109331,34.399632,5.165195,6.294514,8.806503,0.463792,82.35831425611909,100.0,0.0,0.0,36.83654,195.257568,2.054001019367993,-626.736145
6.160474121093102,34.206905,5.088005,6.229888,8.68816,0.463792,83.3473650291952,100.0,0.0,0.0,36.842419,195.209412,2.125269317023446,-674.344666
6.165685058593226,34.352654,5.062891,6.258423,8.634268,0.469106,84.20834221833573,100.0,0.0,0.0,36.826279,195.330978,2.792339755351682,-678.964111
6.171587890624323,34.340252,4.985368,6.251529,8.520602,0.469106,85.18363768680648,100.0,0.0,0.0,36.810482,195.358765,2.896391946992863,-633.90094
6.1784189453119325,34.186989,4.859346,6.072139,8.434162,0.466486,86.31229875090656,100.0,0.0,0.0,36.837986,195.197235,2.196537716615698,-614.716125
6.184282958984113,34.358967,4.813395,5.90849,8.447024,0.466486,87.28118045564636,100.0,0.0,0.0,36.845615,195.279175,2.406066870540266,-782.713074
6.1895109863280595,34.323521,4.894251,6.211145,8.507548,0.467627,88.14498131435397,100.0,0.0,0.0,36.958946,195.357758,2.696840876656472,-668.593933
6.195473876952747,34.122665,4.89268,6.213571,8.47856,0.467627,89.13019996444619,100.0,0.0,0.0,36.863922,195.213516,2.1723071355759442,-661.004883
6.2005078124993815,34.148617,4.907602,6.028421,8.48575,0.471587,89.96193200449906,100.0,0.0,0.0,36.879593,195.180496,1.6449223241590205,-665.388611
6.20617480468718,34.39336,4.946084,6.302071,8.436431,0.471587,90.89826083294406,100.0,0.0,0.0,36.871582,195.221939,1.998412945973497,-713.657104
6.211577880859295,34.171707,4.916572,6.15802,8.489695,0.471973,91.64174988517,100.0,0.0,0.0,36.844463,195.151474,2.406066870540266,-575.120911
6.216622802733582,34.194809,4.922349,6.154809,8.466291,0.471973,91.24670090558239,100.0,0.0,0.0,36.859383,195.09082,2.902092558613659,-662.9375
6.222490722655493,33.990391,4.870935,6.166415,8.490672,0.472306,90.78720602441763,100.0,0.0,0.0,36.889473,195.176071,2.702541488277268,-623.71936
6.228344726561772,34.176376,4.928876,6.165123,8.46048,0.472306,90.3288008544335,100.0,0.0,0.0,36.896347,195.291611,2.906368501529051,-648.702026
6.233497802733837,34.241833,4.946084,6.220569,8.486117,0.470065,89.92528271602099,100.0,0.0,0.0,36.929192,195.149551,2.796615596330275,-687.825928
6.240304687499702,34.14423,4.986293,6.259994,8.665263,0.470065,89.39226100677386,100.0,0.0,0.0,36.873032,195.016037,2.400364627930682,-699.563049
6.245473632811809,34.208347,5.06413,6.324479,8.766468,0.473094,88.98750021526064,100.0,0.0,0.0,36.88345,195.134293,2.179434148827726,-730.390808
6.2516816406250655,34.308258,5.141897,6.597622,9.095161,0.473094,88.50137432226055,100.0,0.0,0.0,36.889523,195.096268,1.7546752293577994,-682.028015
6.2575747070304715,34.202488,5.246557,6.512508,9.264761,0.470436,88.03991031387464,100.0,0.0,0.0,36.891319,195.06575,2.269230784913354,-750.612671
6.263560791015152,34.177021,5.367448,6.858444,9.477259,0.470436,87.57116244654455,100.0,0.0,0.0,36.870502,195.083252,2.374707747196738,-753.252319
6.269488769530653,34.231426,5.452475,6.934064,9.610471,0.473224,87.10696460133708,100.0,0.0,0.0,36.918007,195.116486,2.3077168195718647,-759.757263
6.274638671874527,34.267662,5.567921,7.145061,9.925202,0.473224,86.70369499354473,100.0,0.0,0.0,36.946259,194.995819,3.3140223241590214,-836.355225
6.281318603515501,34.421196,5.699178,7.161849,10.063318,0.470643,86.18061450910332,100.0,0.0,0.0,36.828457,194.963867,3.3425302752293575,-827.870544
6.286487548827608,34.330555,5.838027,7.383422,10.214506,0.470643,85.77585371759011,100.0,0.0,0.0,36.86319,195.048676,2.880711620795107,-837.816467
6.292473632812289,34.446381,5.950279,7.343631,10.41449,0.473466,85.30710585026002,100.0,0.0,0.0,36.897324,195.024612,1.7703539245667697,-906.54248
6.297673583983851,34.298859,5.980855,7.556093,10.517126,0.473466,84.8999171057654,100.0,0.0,0.0,36.885036,194.912277,1.9656291539245676,-891.128601
6.303441650390596,34.36692,6.241852,7.654366,10.750252,0.473369,84.44824138026515,100.0,0.0,0.0,36.925457,194.927048,2.21649235474006,-924.218933
6.308488525390203,34.343918,6.28995,7.661783,10.852207,0.473369,84.05303945875742,100.0,0.0,0.0,36.958721,195.01619,2.031195208970439,-908.050903
6.3144904785149265,34.315754,6.307559,7.691679,10.971841,0.469626,83.58304893832663,100.0,0.0,0.0,36.934551,194.92865,2.1323963302752307,-919.033875
6.32007055664053,34.333717,6.397507,7.759759,11.057374,0.469626,83.14609387263485,100.0,0.0,0.0,36.906384,194.818604,2.598490927624873,-960.514587
6.325776611327456,34.315456,6.447141,7.826357,11.07254,0.469507,82.6992740530974,100.0,0.0,0.0,36.978912,194.9207,2.9648091743119265,-926.764343
6.330945556640472,34.337643,6.481295,7.67496,11.097043,0.469507,82.29451326158417,100.0,0.0,0.0,36.878197,194.944489,2.9876148827726814,-916.488464
6.336732421874331,34.316471,6.461033,7.692848,11.077531,0.466936,81.86402145138746,100.0,0.0,0.0,36.861477,194.846817,2.3789852191641168,-961.221619
6.342476562499542,34.293491,6.486967,7.800702,11.137724,0.466936,81.58556286056995,100.0,0.0,0.0,36.894848,194.844894,2.4944387359836884,-932.892212
6.347630371093146,34.300014,6.514472,7.743389,11.134635,0.469017,81.33572178388866,100.0,0.0,0.0,36.899349,194.932602,1.9528014271151883,-931.383789
6.353488525390276,34.431931,6.512552,7.782744,11.155926,0.469017,81.0517361545676,100.0,0.0,0.0,36.867535,194.856049,1.9299957186544336,-926.811462
6.3603894042962565,34.259315,6.571104,7.770493,11.106781,0.466051,80.71720238509941,100.0,0.0,0.0,36.929699,194.728241,2.022643527013251,-911.869019
6.3655363769530595,34.289497,6.551627,7.752918,11.093517,0.466051,80.46769269402434,100.0,0.0,0.0,36.896782,194.834869,2.879286850152904,-882.549683
6.3714873046874345,34.4454,6.481121,7.834699,11.12884,0.466642,80.17920968861901,100.0,0.0,0.0,36.83593,194.788895,2.920622426095821,-958.016296
6.377473388671206,34.515644,6.503582,7.748241,11.121249,0.466642,79.88902241438174,100.0,0.0,0.0,36.85141,194.664276,2.9377275229357798,-922.521973
6.3826904296875,34.476902,6.509969,7.762883,11.106432,0.463845,79.63611602084302,100.0,0.0,0.0,36.85099,194.788254,2.796615596330275,-906.023987
6.388575439452325,34.39143,6.506409,7.653808,11.111336,0.463845,79.35082851949755,100.0,0.0,0.0,36.863605,194.930786,2.022643527013251,-988.231262
6.394560302734135,34.379921,6.502482,7.81873,11.109905,0.467172,79.0607004212614,100.0,0.0,0.0,36.850342,194.769638,2.249276146788992,-918.279663
6.400488281249636,34.393459,6.523372,7.73147,11.11973,0.467172,78.77332992467693,100.0,0.0,0.0,36.92305,194.588852,2.071106116207952,-944.770752
6.406272216796424,34.376595,6.578713,7.813634,11.13343,0.464239,78.49294219622328,100.0,0.0,0.0,36.869663,194.689728,2.180858919469929,-935.249023
6.411473144530646,34.394234,6.548678,7.769655,11.175159,0.464239,78.24081692589918,100.0,0.0,0.0,36.875755,194.660858,2.8835626911314973,-946.750488
6.4166523437497744,34.354313,6.561051,7.935468,11.137602,0.467102,77.98974498839483,100.0,0.0,0.0,36.953293,194.579834,3.00329367991845,-929.168335
6.422487304686911,34.48867,6.57079,7.790842,11.154634,0.467102,77.70688370309483,100.0,0.0,0.0,36.834286,194.568314,2.9705097859327223,-958.346252
6.427888183593495,34.320694,6.625746,7.943251,11.141755,0.463658,77.44506540378913,100.0,0.0,0.0,36.877411,194.705292,2.7082437308868497,-905.081238
6.433495117186794,34.435627,6.573076,7.694471,11.129783,0.463658,77.17325819549625,100.0,0.0,0.0,36.875351,194.574982,2.347626095820592,-916.394165
6.439487060546526,34.50631,6.588905,7.83976,11.048194,0.462409,76.88278687645366,100.0,0.0,0.0,36.86422,194.570557,2.159477981651377,-905.599731
6.4465610351562646,34.502316,6.568364,7.680544,10.962469,0.462409,76.53986195002825,100.0,0.0,0.0,36.834568,194.6064,2.430297349643221,-904.798401
6.451671142577652,34.423279,6.443756,7.610945,10.865418,0.466152,76.29213937418666,100.0,0.0,0.0,36.927097,194.563934,2.5699829765545363,-864.448975
6.457499999999527,34.267944,6.426198,7.509339,10.761909,0.466152,76.03963251784205,100.0,0.0,0.0,36.883606,194.480453,2.686862793068298,-935.484741
6.462512207031068,34.235222,6.414576,7.683982,10.65868,0.46498,76.3654134701377,100.0,0.0,0.0,36.812977,194.400009,2.54432609582059,-839.890503
6.46753002929654,34.385006,6.23412,7.329425,10.509377,0.46498,76.6915593986585,100.0,0.0,0.0,36.891357,194.555405,2.853629969418961,-876.657532
6.472669189452972,34.088593,6.224173,7.547053,10.427736,0.469807,77.02559198734936,100.0,0.0,0.0,36.896137,194.452499,2.4887380224260967,-828.718994
6.478473144530653,34.212852,6.212533,7.277191,10.3288,0.469807,77.40283458739437,100.0,0.0,0.0,36.872387,194.374298,2.5999156982670755,-801.379395
6.483489990234375,34.281185,6.116231,7.361886,10.225903,0.467835,77.72891704178906,100.0,0.0,0.0,36.899208,194.442474,2.102463608562691,-832.348572
6.489124023437398,34.12775,6.028883,7.264747,10.186094,0.467835,78.09511514388971,100.0,0.0,0.0,36.890327,194.545212,2.2407243628950044,-791.527771
6.494475097655595,34.170967,5.929651,7.138621,10.143616,0.467962,78.44292161794796,100.0,0.0,0.0,36.862892,194.467545,2.344775025484199,-803.689148
6.4994880371086765,34.267029,5.86534,7.208482,10.050962,0.467962,78.76875017583818,100.0,0.0,0.0,36.895473,194.334717,2.267806014271151,-813.587952
6.505488037108989,34.277794,5.877312,7.126753,10.065797,0.465569,79.1587352067012,100.0,0.0,0.0,36.898617,194.457138,2.9134954128440365,-811.655334
6.5111289062497235,34.296993,5.845497,7.140645,10.000299,0.465569,79.52537762768466,100.0,0.0,0.0,36.864304,194.306702,2.8835626911314973,-780.309082
6.516490966796482,34.263451,5.807765,7.128464,9.947907,0.466851,79.87389818566172,100.0,0.0,0.0,36.862926,194.240021,2.4645060142711523,-777.622253
6.522488037108815,34.218761,5.786194,7.128219,9.946843,0.466851,80.26369279414638,100.0,0.0,0.0,36.877361,194.180176,2.319119775739041,-768.901917
6.529277832030857,34.235714,5.743,6.995059,9.891118,0.46621,80.70501252450653,100.0,0.0,0.0,36.924671,194.329269,2.357604281345565,-806.705933
6.534874999999374,34.193935,5.743279,7.100383,9.86925,0.46621,81.06881447834627,100.0,0.0,0.0,36.930988,194.226959,2.146650356778797,-757.730347
6.540472900390341,34.164955,5.757852,6.984728,9.8511,0.46893,81.4326640377806,100.0,0.0,0.0,36.858215,194.212341,2.146650356778797,-791.480591
6.5456369628900575,34.109524,5.758061,7.117364,9.797697,0.46893,81.76831521668743,100.0,0.0,0.0,36.894775,194.238159,2.541476554536187,-753.582275
6.551117919921126,34.249947,5.684553,6.984361,9.814695,0.468335,82.12456374951924,100.0,0.0,0.0,36.883015,194.183319,3.0375022426095826,-796.429993
6.556665771484404,34.201168,5.694344,7.063437,9.785638,0.468335,82.48516025999005,100.0,0.0,0.0,36.896645,194.092468,2.847929357798165,-716.013977
6.562589843749265,34.232243,5.692127,6.982354,9.775638,0.471448,82.87021017754746,100.0,0.0,0.0,36.928371,194.082977,2.4274462793068285,-782.807373
6.568546874999811,34.217804,5.736822,7.132565,9.785742,0.471448,83.25740234686133,100.0,0.0,0.0,36.887272,194.219864,1.962777981651376,-795.063049
6.574472656249782,34.242584,5.695967,7.104834,9.847784,0.468582,83.64256334413945,100.0,0.0,0.0,36.874115,194.088638,2.574258817533129,-761.548462
6.579740722655515,34.116688,5.72855,6.993681,9.852793,0.468582,83.98497451747774,100.0,0.0,0.0,36.920414,193.971008,2.2093668705402654,-783.184448
6.585502685546089,34.244713,5.716822,7.051884,9.793858,0.468169,84.2633156848381,100.0,0.0,0.0,36.917866,194.090134,1.763226911314985,-789.925049
6.591087646484084,34.219688,5.728602,6.996403,9.766685,0.468169,84.27799746932037,100.0,0.0,0.0,36.867481,194.132645,2.9690850152905193,-732.087769
6.596487792968219,34.130466,5.69471,6.946752,9.747365,0.466207,84.29219341227207,100.0,0.0,0.0,36.888443,193.974319,2.845078185524973,-772.342896
6.6020175781250146,34.048092,5.678253,6.966839,9.713857,0.466207,84.30673015027361,100.0,0.0,0.0,36.908634,194.010544,2.6170207951070346,-763.245422
6.607475585937209,34.212479,5.683349,7.064048,9.784067,0.469603,84.3210781994905,100.0,0.0,0.0,36.872681,194.097595,2.3119927624872565,-772.578613
6.612542724608829,34.147396,5.728742,7.022058,9.728796,0.469603,84.33439872916917,100.0,0.0,0.0,36.892265,194.06485,2.521520387359838,-741.845154
6.619356689452616,34.096859,5.739824,7.064868,9.756789,0.467015,84.35231132773973,100.0,0.0,0.0,36.956539,193.96701,2.373282976554535,-798.645447
6.624472656249964,34.190151,5.727817,7.032372,9.743561,0.467015,84.36576021713584,100.0,0.0,0.0,36.951931,194.014801,2.252127319062181,-724.357239
6.629493652343626,34.084194,5.674204,6.940295,9.738307,0.468518,84.37895944688154,100.0,0.0,0.0,36.96764,194.006638,1.9898596330275224,-745.191895
6.634507568359368,34.294495,5.676106,6.954274,9.736423,0.468518,84.39214006446818,100.0,0.0,0.0,36.996784,193.876434,1.7689291539245666,-785.022827
6.6413715820308425,33.988743,5.674937,6.986613,9.769738,0.46616,84.41018423174913,100.0,0.0,0.0,36.937027,193.863251,2.5329232415902125,-754.525024
6.646492431640581,34.178078,5.648375,6.97368,9.787819,0.46616,84.423645957117,100.0,0.0,0.0,36.964325,193.988342,3.2427540265035684,-752.922363
6.651539550781308,34.122177,5.709929,7.084135,9.742985,0.466469,84.43691385931152,100.0,0.0,0.0,37.00872,193.938095,2.597064525993884,-731.710632
6.65661645507771,34.104897,5.707939,6.918654,9.743752,0.466469,84.45026006093369,100.0,0.0,0.0,36.9338,193.811676,2.4958635066258914,-721.858948
6.663362548827536,34.190697,5.654727,6.988864,9.821187,0.469238,84.46799423949697,100.0,0.0,0.0,36.905701,193.914993,2.5115438328236506,-801.237976
6.668493408203176,34.297363,5.668515,7.104485,9.806354,0.469238,84.48148227860693,100.0,0.0,0.0,36.920761,193.996506,2.686862793068298,-767.629211
6.674529541015545,34.239891,5.617502,6.972599,9.794835,0.465769,84.49735010687846,100.0,0.0,0.0,36.958897,193.861328,2.153777268093782,-737.602783
6.680472412109339,34.112206,5.691185,7.06211,9.743124,0.465769,84.51297276808965,100.0,0.0,0.0,36.870518,193.738007,2.178007849133536,-781.958862
6.686359374999483,33.967396,5.6482,6.997398,9.76541,0.468042,84.52844845742436,100.0,0.0,0.0,36.88195,193.764038,1.977032008154945,-749.905579
6.691604492187253,34.011135,5.63471,6.916071,9.728971,0.468042,84.54223685827316,100.0,0.0,0.0,36.912018,193.800629,3.133001121304792,-770.457397
6.697504394531279,34.048538,5.66204,7.103437,9.76007,0.463223,84.55774656293299,100.0,0.0,0.0,36.898754,193.696548,2.354753109072376,-784.881409
6.7034863281242,34.10865,5.618776,6.900207,9.771397,0.463223,84.57347191191813,100.0,0.0,0.0,36.928879,193.838394,2.8750109072375127,-719.973511
6.708970458984368,34.176823,5.665617,6.971168,9.766056,0.467407,84.58788863358386,100.0,0.0,0.0,36.884026,193.90892,2.4844606523955144,-758.437439
6.715580322264941,34.190186,5.716124,7.028271,9.790315,0.467407,84.60166648660964,100.0,0.0,0.0,36.914341,193.686096,2.4203192660550465,-752.498169
6.7214724121085965,34.097111,5.71396,6.946368,9.735113,0.468351,84.5353092773927,100.0,0.0,0.0,36.961845,193.74472,2.3789852191641168,-710.357483
6.726487304686998,34.094036,5.708637,6.98759,9.798429,0.468351,84.47883113723668,100.0,0.0,0.0,36.910744,193.768997,2.3889617737003044,-784.598572
6.731653320312034,34.109676,5.671028,7.004466,9.827785,0.468801,84.4206510366719,100.0,0.0,0.0,36.961933,193.717682,2.2735082568807328,-777.575134
6.737523193359266,34.124031,5.670173,7.011377,9.818028,0.468801,84.35454403488177,100.0,0.0,0.0,36.898422,193.568573,2.2549783893985738,-701.212891
6.743487304686823,34.021378,5.705426,7.016194,9.86021,0.466276,84.2873757136768,100.0,0.0,0.0,36.95879,193.730209,1.676279816513763,-829.94458
6.750368164061911,34.227356,5.705409,7.096526,9.875882,0.466276,84.20988289920052,100.0,0.0,0.0,36.89743,193.760559,2.4032156982670747,-788.039612
6.7554882812492,34.009174,5.728934,7.105968,9.90042,0.468564,84.15221971068235,100.0,0.0,0.0,36.902962,193.614349,2.359029051987768,-791.480591
6.760518310546104,34.18087,5.746927,7.034763,9.899321,0.468564,84.09557109953224,100.0,0.0,0.0,36.9431,193.611572,2.752428950050968,-787.096863
6.766472167968459,34.374546,5.752878,7.148813,9.922113,0.469045,84.0285182586781,100.0,0.0,0.0,36.994587,193.690048,2.7296231396534147,-797.985535
6.772391113280719,34.138199,5.743646,7.017817,9.900559,0.469045,83.96185860092325,100.0,0.0,0.0,37.008354,193.622833,1.401184607543323,-798.881165
6.778464111327594,34.201038,5.743629,7.153403,9.928396,0.466774,83.89346398837367,100.0,0.0,0.0,36.992054,193.540726,1.977032008154945,-825.136536
6.783491210937427,34.217892,5.742756,7.008515,9.953928,0.466774,83.83684837160952,100.0,0.0,0.0,36.89872,193.576202,2.500140876656474,-749.76416
6.7894870605468896,34.214039,5.728654,7.07869,9.953352,0.468152,83.76932261122337,100.0,0.0,0.0,36.897308,193.621704,2.2364485219164116,-800.483826
6.795640136718248,34.105007,5.764449,7.184886,10.002096,0.468152,83.70002615212441,100.0,0.0,0.0,36.897289,193.412659,2.7837879714576976,-738.78125
6.801472167968313,34.020332,5.712354,7.033053,9.924382,0.467027,83.6343453278195,100.0,0.0,0.0,36.952702,193.473724,2.577109887869522,-734.303162
6.806487060546715,34.139595,5.709632,7.103507,9.956266,0.467027,83.57786718766349,100.0,0.0,0.0,36.90099,193.490372,2.2920365953109076,-746.417419
6.812486083984368,34.146358,5.806177,7.184241,9.97323,0.472475,83.51030568335923,100.0,0.0,0.0,36.885422,193.509201,1.9927107033639153,-819.715759
6.817981933593728,34.074345,5.778725,7.18726,9.971066,0.472475,83.44841096484251,100.0,0.0,0.0,36.883469,193.377716,2.5799610601427108,-686.128967
6.824078124999687,34.017628,5.754972,7.079039,9.964784,0.467289,83.37975514673747,100.0,0.0,0.0,36.951881,193.486435,2.173731906218144,-857.425537
6.829486083984193,34.053207,5.792826,7.170174,9.937384,0.467289,83.31885025979935,100.0,0.0,0.0,36.931461,193.59407,2.101038837920488,-778.140808
6.834947998046118,34.154167,5.742738,6.990731,9.954173,0.465453,83.25733772625325,100.0,0.0,0.0,36.927673,193.407684,2.6384002038735996,-761.454224
6.8403530273435535,34.171906,5.758515,7.186335,9.912025,0.465453,83.20049046192834,100.0,0.0,0.0,36.869297,193.314865,2.3119927624872565,-791.056396
6.845509033202688,34.33601,5.758533,7.05684,9.873405,0.469077,83.20215332656832,100.0,0.0,0.0,36.870972,193.45752,2.5300737003058096,-842.67157
6.851471923827376,34.20359,5.756945,7.092023,9.900664,0.469077,83.20407641980032,100.0,0.0,0.0,36.882038,193.339676,2.6398265035677864,-741.138062
6.8564890136713075,34.144527,5.743332,7.063175,9.91864,0.468098,83.20569448260403,100.0,0.0,0.0,36.916801,193.287292,1.9470992864424057,-762.67981
6.861962890624454,34.101311,5.704728,7.104258,9.968815,0.468098,83.20745986392383,100.0,0.0,0.0,36.892578,193.287766,1.9385475025484211,-828.436157
6.867560791015421,34.27544,5.739771,7.086945,9.95857,0.470488,83.20926524407109,100.0,0.0,0.0,36.840691,193.387787,2.601340468909276,-726.996948
6.873485839842942,34.185551,5.705984,6.984571,9.907313,0.470488,83.21117613293644,100.0,0.0,0.0,36.965878,193.303986,2.031195208970439,-772.342896
6.8804047851563155,34.209209,5.723506,7.141081,9.990508,0.466333,83.21340756358641,100.0,0.0,0.0,36.896259,193.276031,2.4645060142711523,-769.703247
6.885661865234397,34.126049,5.74403,7.059702,10.001869,0.466333,83.21510302569601,100.0,0.0,0.0,36.93008,193.281311,2.502990519877676,-782.901611
6.8914868164056315,34.243828,5.776247,7.159703,9.959931,0.468455,83.21698163204314,100.0,0.0,0.0,36.928772,193.220444,1.9642043832823648,-774.416931
6.897473876952972,34.25705,5.811814,7.166125,9.99358,0.468455,83.21891252032223,100.0,0.0,0.0,36.89949,193.143372,2.900667787971459,-796.477173
6.903339843749563,34.2584,5.844153,7.234957,10.015709,0.469983,83.22080435462806,100.0,0.0,0.0,36.879856,193.186371,2.9876148827726814,-802.463562
6.908613769531257,34.347679,5.788184,7.135828,10.031119,0.469983,83.22250524964926,100.0,0.0,0.0,36.864025,193.24707,1.818816513761468,-779.979126
6.914634765624214,34.147614,5.779493,7.060086,9.997977,0.469567,83.2244470824894,100.0,0.0,0.0,36.939838,193.148758,2.0654038735983704,-827.35199
6.920488769530493,34.340698,5.839772,7.184118,9.956511,0.469567,83.22633505864061,100.0,0.0,0.0,36.898216,193.111206,2.3404991845056062,-741.986572
6.9261538085929715,34.318893,5.803454,7.042303,9.993423,0.464024,83.22816209169643,100.0,0.0,0.0,36.892349,193.190842,2.249276146788992,-788.322388
6.9314716796870925,34.341103,5.802058,7.145497,9.989234,0.464024,83.22987715953052,100.0,0.0,0.0,36.966156,193.226852,2.303439449541285,-777.952209
6.936485595702834,34.239616,5.806875,7.144362,9.998536,0.472485,83.23149419874217,100.0,0.0,0.0,36.979107,192.976822,2.518670744138633,-831.59436
6.9433247070310244,34.46064,5.792285,7.144694,10.012166,0.472485,83.23369988211542,100.0,0.0,0.0,36.960728,193.014587,2.3362232415902144,-719.077881
6.949174560546453,34.557442,5.809685,7.048288,10.036774,0.470105,83.23558651972319,100.0,0.0,0.0,37.007866,193.095413,2.702541488277268,-819.432983
6.954486572265523,34.288746,5.787137,7.111779,10.015587,0.470105,83.23729969784888,100.0,0.0,0.0,36.95879,192.976929,2.06825494393476,-826.786377
6.960667724609266,34.2281,5.76321,7.00848,9.984278,0.470777,83.23929318271819,100.0,0.0,0.0,36.953903,192.944763,2.2364485219164116,-739.299744
6.965774658202463,34.220837,5.750504,6.949544,9.976267,0.470777,83.24049203449015,100.0,0.0,0.0,36.9268,193.018707,2.1837099898063186,-837.722168
6.97149462890593,34.251846,5.789947,7.216719,10.00611,0.470232,83.24075513528352,100.0,0.0,0.0,36.935371,193.085007,2.0611280326197745,-868.974121
6.977486572265661,34.189137,5.748899,7.00403,9.956668,0.470232,83.24103074596994,100.0,0.0,0.0,36.980816,192.90065,2.126695718654435,-757.636108
6.983523437499571,34.245651,5.742948,7.110244,10.002393,0.466175,83.24130842292234,100.0,0.0,0.0,36.990414,192.943268,2.300589908256879,-839.843384
6.989312499999869,34.361183,5.809406,7.081517,10.005255,0.466175,83.24157470172266,100.0,0.0,0.0,36.896889,193.060638,2.6654817533129473,-768.996155
6.9946125488277175,34.098671,5.821483,7.157557,9.975516,0.473412,83.24181848742087,100.0,0.0,0.0,36.963066,192.96637,2.726773598369012,-782.524536
7.0004714355463875,34.055149,5.769126,7.135113,9.987768,0.473412,83.24208797791725,100.0,0.0,0.0,36.881916,192.826401,2.4445513761467903,-842.435913
7.006535400390021,34.119339,5.794973,7.158848,10.003528,0.468646,83.24236690136708,100.0,0.0,0.0,36.954777,192.872116,2.226470438328237,-786.342651
7.012642578124542,34.246338,5.844118,7.086596,9.952724,0.468646,83.24264781247496,100.0,0.0,0.0,36.921722,192.823944,2.1723071355759442,-811.608215
7.018487548827579,34.267879,5.86061,7.23843,10.044226,0.466968,83.24291666287806,100.0,0.0,0.0,36.882839,192.759552,2.0568520897043827,-829.803162
7.024486328125022,34.221466,5.847451,7.145183,10.037053,0.466968,83.24319258799625,100.0,0.0,0.0,36.894341,192.831085,2.2578279306829767,-841.917419
7.029675292968022,34.237316,5.83965,7.204886,10.014958,0.471423,83.24343126417801,100.0,0.0,0.0,36.92326,192.847412,2.2792088685015286,-753.488037
7.034765380859426,34.213963,5.812303,7.180192,9.99707,0.471423,83.24366539232865,100.0,0.0,0.0,36.934898,192.82196,2.702541488277268,-787.002563
7.040491455078154,34.207966,5.784955,7.163857,9.976756,0.47302,83.2439287738647,100.0,0.0,0.0,36.88755,192.776459,2.3404991845056062,-834.139771
7.046486328124956,34.203033,5.825584,7.204485,10.037436,0.47302,83.24420451930759,100.0,0.0,0.0,36.927238,192.813538,2.5671318042813445,-756.64624
7.0515273437495125,34.232159,5.804519,7.106177,10.010631,0.469812,83.2444363902872,100.0,0.0,0.0,36.973293,192.775879,2.1922617737003063,-804.160522
7.056667236327485,34.211487,5.832111,7.230192,10.017908,0.469812,83.24467280929797,100.0,0.0,0.0,36.887394,192.619263,2.125269317023446,-817.028992
7.062486328124578,34.178143,5.779755,7.109371,10.011817,0.470162,83.24494046935219,100.0,0.0,0.0,36.949909,192.674896,2.390388073394494,-765.083801
7.068461181640487,34.371021,5.771814,7.174624,10.031032,0.470162,83.24521529395915,100.0,0.0,0.0,36.951233,193.081482,2.575685117227319,-794.874512
7.07348535156234,34.134785,5.784519,7.108621,10.020927,0.466711,83.24544639008903,100.0,0.0,0.0,36.895508,193.965683,2.3846858307849126,-762.632629
7.078741210937551,34.291878,5.807224,7.060941,10.0144,0.466711,83.24568814321036,100.0,0.0,0.0,36.99366,194.003387,2.0625543323139643,-803.924805
7.084945312499258,34.277359,5.78513,7.102879,9.9796,0.468694,83.24597351251171,100.0,0.0,0.0,36.997673,194.322769,2.0996124362894997,-773.568481
7.0904873046874854,34.338299,5.743384,7.106893,10.036407,0.468694,83.24560379609667,100.0,0.0,0.0,36.927605,194.403366,2.344775025484199,-781.063293
7.095513183593539,34.427467,5.754204,7.104432,10.036948,0.472473,83.23869920575758,100.0,0.0,0.0,36.91748,194.374557,2.371858205912335,-824.476624
7.100896240233851,34.292934,5.773838,7.13719,10.037506,0.472473,83.23130392195371,100.0,0.0,0.0,37.013714,194.448013,2.6070427115188575,-795.675842
7.107131103515712,34.288857,5.784571,7.150593,10.037716,0.466031,83.22273841976389,100.0,0.0,0.0,36.944447,194.411102,2.272081957186543,-773.285645
7.112500244140392,34.283173,5.802809,7.212775,10.080526,0.466031,83.2153622538872,100.0,0.0,0.0,36.941689,194.474106,2.290611722731906,-852.711792
7.118471191405661,34.301498,5.770575,7.186195,10.036652,0.469627,83.20715932150972,100.0,0.0,0.0,36.904724,194.469894,2.521520387359838,-745.616089
7.123832031249549,34.307529,5.788725,7.170628,10.035971,0.469627,83.19979455930891,100.0,0.0,0.0,36.955772,195.066864,2.3647311926605505,-782.241699
7.13030517578045,34.07188,5.797451,7.085305,9.999741,0.46832,83.19090170454108,100.0,0.0,0.0,36.916103,195.466797,2.123844546381243,-808.779968
7.135471191405486,34.119709,5.769318,7.184503,10.018867,0.46832,83.18380459332106,100.0,0.0,0.0,36.907497,195.499283,2.414618552497452,-837.580811
7.141378173827434,34.152184,5.763227,7.067294,10.016756,0.467724,83.17568953632824,100.0,0.0,0.0,36.928757,195.619415,2.2278952089704376,-770.457397
7.1464860839842,34.073494,5.749283,7.098725,9.984696,0.467724,83.16867225083934,100.0,0.0,0.0,37.01516,195.702255,2.3119927624872565,-801.190857
7.151498046874622,34.144112,5.771151,7.130139,9.954853,0.464799,83.16178677842744,100.0,0.0,0.0,36.961128,195.746689,1.817391743119265,-791.763428
7.157485107421962,34.11187,5.765391,7.138307,10.00262,0.464799,83.15356170950267,100.0,0.0,0.0,36.906715,195.552246,2.390388073394494,-769.797485
7.163376953124498,34.186062,5.797364,7.192827,10.012009,0.467787,83.1454674474482,100.0,0.0,0.0,36.927204,195.633072,2.4117674821610593,-807.648682
7.168558105468037,34.29747,5.74218,7.049755,9.996547,0.467787,83.13834954128983,100.0,0.0,0.0,36.937378,196.090866,2.7125196738022415,-769.467529
7.174486083984448,34.104679,5.741848,7.105689,9.966738,0.465873,83.1302056397051,100.0,0.0,0.0,36.945492,196.200821,2.605617838939858,-795.110168
7.180487060546511,34.133804,5.797887,7.14541,10.037733,0.465873,83.12196145285311,100.0,0.0,0.0,36.966,196.437347,1.941398572884811,-858.981079
7.186324951171628,34.08028,5.825025,7.205288,10.063301,0.468589,83.11394131469181,100.0,0.0,0.0,36.955563,196.48439,2.3276714576962267,-782.571655
7.192208007812042,34.154484,5.798777,7.020871,9.976948,0.468589,83.10585912711768,100.0,0.0,0.0,36.993938,196.509415,2.195112945973495,-785.682739
7.197485839843466,34.093098,5.749318,7.124781,9.986599,0.466457,83.09860840167562,100.0,0.0,0.0,36.913242,196.415207,2.0269193679918462,-805.433228
7.203485839843779,34.069721,5.787311,7.074502,9.993667,0.466457,83.09036555643256,100.0,0.0,0.0,36.896469,196.465729,1.672003975535167,-811.136841
7.208841796874367,34.312252,5.813193,7.131361,10.032707,0.465435,83.08300750227639,100.0,0.0,0.0,36.975285,196.608521,2.3889617737003044,-766.686462
7.214326904296286,34.247219,5.75752,7.147609,9.965167,0.465435,83.08240040784122,100.0,0.0,0.0,36.959785,196.641861,2.591363914373088,-793.837463
7.2195097656249345,34.223553,5.780295,7.047643,10.007105,0.46868,83.10567542939303,100.0,0.0,0.0,36.897724,196.615356,2.473057696228338,-816.369019
7.2254848632810535,34.226322,5.758341,7.194973,9.941904,0.46868,83.13250819954042,100.0,0.0,0.0,36.896488,196.987015,2.7894885830784903,-763.952515
7.230635742187587,34.23061,5.763454,6.99417,9.963265,0.468178,83.15563959549407,100.0,0.0,0.0,36.933449,197.081482,1.9870100917431195,-766.780701
7.236495849609128,34.149719,5.7878,7.155916,9.963981,0.468178,83.18195597131526,100.0,0.0,0.0,37.041111,196.990738,2.0425981651376155,-775.029724
7.2424826660153485,34.047623,5.788201,7.099476,9.964086,0.466941,83.20884136763603,100.0,0.0,0.0,36.976784,197.127197,1.5936086646279295,-805.150391
7.248484863281192,34.338493,5.742948,7.116107,9.961851,0.466941,83.23579583580934,100.0,0.0,0.0,36.975822,197.166245,2.173731906218144,-782.335999
7.25445385742114,34.31356,5.757573,7.14445,9.972532,0.467446,83.26260119649143,100.0,0.0,0.0,36.959209,197.157761,1.686258002038736,-799.918152
7.259485839843364,34.185047,5.71382,7.103647,9.967052,0.467446,83.2851986560611,100.0,0.0,0.0,36.886051,197.052994,2.21791865443425,-780.921875
7.2654855957025575,34.348354,5.748585,7.148115,9.98138,0.469306,83.31214216044829,100.0,0.0,0.0,36.941498,197.331131,2.4616548419979605,-829.661743
7.272355712890203,34.372768,5.748917,7.15712,9.978727,0.469306,83.34299425458687,100.0,0.0,0.0,36.976486,197.41217,2.810869622833844,-779.790588
7.277537597656192,34.263885,5.768707,7.064973,10.00159,0.463745,83.36626489062424,100.0,0.0,0.0,37.007519,197.341156,2.4915875637104996,-809.015625
7.283485595702587,34.275517,5.774972,7.239721,10.018833,0.463745,83.39297596274571,100.0,0.0,0.0,36.963188,197.479858,2.1879859327217135,-791.056396
7.289470703124607,34.509243,5.796613,7.096596,9.962323,0.465805,83.4198536844162,100.0,0.0,0.0,36.995422,197.594864,1.9784567787971452,-796.948547
7.294570556639883,34.134972,5.823402,7.197382,9.98412,0.465805,83.44275593723995,100.0,0.0,0.0,36.952526,197.52269,1.8216676860346597,-694.990784
7.300485595702412,34.076397,5.754082,7.082076,10.021677,0.463966,83.46931899824882,100.0,0.0,0.0,37.004272,197.518372,1.599310907237514,-804.113403
7.3064707031244325,34.104332,5.777992,7.211152,10.012759,0.463966,83.49619671991931,100.0,0.0,0.0,37.01799,197.639404,2.162329051987767,-779.224915
7.311485595702834,34.19397,5.805933,7.1163,9.998519,0.467852,83.51871743298614,100.0,0.0,0.0,37.054951,197.753784,2.2991635066258906,-793.130432
7.318207519530915,34.059883,5.776857,7.124851,10.003038,0.467852,83.5489040253073,100.0,0.0,0.0,36.972004,197.618713,2.8179966360856255,-757.259033
7.323624511718663,34.172604,5.802442,7.061552,10.015569,0.464813,83.57323047394792,100.0,0.0,0.0,36.921532,197.730682,2.879286850152904,-789.170898
7.329484619140203,34.236835,5.788882,7.172495,9.999146,0.464813,83.59954684976911,100.0,0.0,0.0,36.91893,197.928116,2.0582783893985725,-842.577332
7.335484619140516,34.146564,5.820872,7.214974,9.998362,0.465799,83.62649145053491,100.0,0.0,0.0,36.950867,197.786163,2.502990519877676,-772.720032
7.341273437499694,34.087948,5.868621,7.160523,10.03091,0.465799,83.65248768380144,100.0,0.0,0.0,37.012142,197.852051,2.038322222222221,-772.531433
7.347524414061809,34.217869,5.837713,7.134659,9.973143,0.468273,83.62764502023347,100.0,0.0,0.0,37.049385,197.848419,1.8116896024464824,-770.975952
7.353661376952914,34.184708,5.782634,7.088882,10.022149,0.468273,83.60076792900678,100.0,0.0,0.0,36.987812,197.831726,1.5152148827726815,-811.843872
7.359358398437507,34.18005,5.79773,7.112565,9.991433,0.467692,83.57581757996851,100.0,0.0,0.0,37.039158,197.734253,1.8573010193679917,-769.656067
7.364646484375044,34.304356,5.762459,7.10239,10.006634,0.467692,83.55265818163258,100.0,0.0,0.0,36.953117,197.912369,2.196537716615698,-799.116821
7.370486328124571,34.265522,5.791988,7.160366,10.017366,0.463332,83.52708233637887,100.0,0.0,0.0,36.950397,197.957611,2.400364627930682,-841.681702
7.376470458983931,34.111629,5.803542,7.027852,9.989269,0.463332,83.50087457956391,100.0,0.0,0.0,36.961655,197.878082,2.6768847094801234,-802.463562
7.382100341796104,34.033356,5.781133,7.162513,9.981747,0.466387,83.47621826720813,100.0,0.0,0.0,37.034828,197.968063,2.4188944954128435,-799.16394
7.387485351561736,34.240414,5.776997,7.161867,9.982864,0.466387,83.45263438682512,100.0,0.0,0.0,36.979332,198.013199,2.7096685015290527,-784.692871
7.393470214843546,34.165207,5.805741,7.127399,9.954329,0.46678,83.42642342233727,100.0,0.0,0.0,36.965405,197.929184,1.526617737003059,-794.96875
7.398485351562158,34.316681,5.772477,7.091866,9.980142,0.46678,83.40445941676863,100.0,0.0,0.0,36.966698,197.81012,1.996986646279307,-808.308594
7.403857177733698,34.140129,5.81075,7.252932,10.002008,0.469158,83.38093327449783,100.0,0.0,0.0,37.01532,197.976929,1.6777062181447515,-849.789307
7.409470214843168,34.204048,5.857661,7.135933,9.964033,0.469158,83.35635073861873,100.0,0.0,0.0,36.943817,198.103455,1.9884348623853196,-771.07019
7.415655273437551,34.143478,5.78862,7.129825,9.978065,0.467741,83.32926301020495,100.0,0.0,0.0,37.0023,197.978043,2.2578279306829767,-803.170654
7.42108325195295,34.328918,5.848289,7.20808,9.962061,0.467741,83.30549094634519,100.0,0.0,0.0,37.002144,197.979004,2.903518960244648,-778.75354
7.426495117187187,34.164379,5.858935,7.135584,10.002725,0.46824,83.2817894512892,100.0,0.0,0.0,37.012859,198.066589,2.7495793068297663,-721.71759
7.432484130858938,34.171989,5.820453,7.188132,10.036879,0.46824,83.25556030998824,100.0,0.0,0.0,36.993382,198.018326,2.4573790010193677,-791.999084
7.438485107421911,34.208817,5.839615,7.073018,10.037489,0.468604,83.2292787766966,100.0,0.0,0.0,36.966888,197.904007,2.038322222222221,-780.261963
7.443510253905515,34.066078,5.825235,7.184555,10.01372,0.468604,83.20727093293166,100.0,0.0,0.0,36.970116,198.079453,2.426021508664628,-786.814026
7.4486831054682625,34.34454,5.810278,7.053611,10.036896,0.463549,83.18461620846529,100.0,0.0,0.0,36.997307,198.047928,2.1281204892966348,-822.921143
7.454485107421533,33.94014,5.840907,7.178324,10.004871,0.463549,83.15920609297807,100.0,0.0,0.0,36.965336,198.010101,1.710488481141691,-764.282471
7.460484130859186,34.119263,5.810488,7.086421,9.986511,0.465826,83.13293311348082,100.0,0.0,0.0,37.033188,198.101212,2.143799184505605,-803.359192
7.466283203124476,34.090622,5.806543,7.153106,9.947716,0.465826,83.10753582868519,100.0,0.0,0.0,37.009682,198.074646,2.2364485219164116,-770.457397
7.472514160155697,34.131012,5.839005,7.138917,10.004277,0.464056,83.11204340511159,100.0,0.0,0.0,37.018513,198.006638,2.2806336391437316,-846.301147
7.478487060546286,34.056927,5.788498,7.276109,10.036355,0.464056,83.11862460300773,100.0,0.0,0.0,37.004654,197.89328,2.44740244648318,-758.673096
7.483527099609091,34.15337,5.863786,7.152251,10.036547,0.469117,83.12417793427149,100.0,0.0,0.0,36.993607,197.991165,2.4374243628950056,-790.019348
7.489367919921278,34.106075,5.812215,7.155113,10.030369,0.469117,83.13061360067111,100.0,0.0,0.0,37.030468,198.109695,1.9228687054026492,-759.851562
7.494489013671227,34.087391,5.840243,7.075496,9.987192,0.465027,83.13625624146692,100.0,0.0,0.0,36.91106,198.078171,1.9513751274209987,-823.015381
7.5004851074218095,34.191799,5.878289,7.186789,10.008169,0.465027,83.14286299480143,100.0,0.0,0.0,37.015423,198.029099,2.05257624872579,-851.627686
7.505523925780835,34.358566,5.860069,7.06691,10.029007,0.468398,83.14841498104212,100.0,0.0,0.0,37.022038,198.089157,2.2278952089704376,-776.019592
7.511364990234142,34.239792,5.83356,7.097189,10.002027,0.468398,83.15485091644636,100.0,0.0,0.0,37.04483,198.076736,1.8316442405708473,-803.924805
7.516484863281221,34.200211,5.750592,7.146928,9.969653,0.464663,83.1604922122191,100.0,0.0,0.0,36.953747,197.919846,2.178007849133536,-791.857727
7.522537841796293,33.892921,5.804362,7.160506,9.978885,0.464663,83.16716164362882,100.0,0.0,0.0,36.944447,198.021194,2.0981876656472993,-804.113403
7.528484863280937,34.074368,5.761081,7.175689,9.95234,0.467815,83.17371432703581,100.0,0.0,0.0,36.932873,197.990204,2.179434148827726,-750.801208
7.535083007812318,34.071781,5.805706,7.176439,9.99604,0.467815,83.18098444574993,100.0,0.0,0.0,36.955772,197.937454,2.2335974515800188,-810.571167
7.540515869140108,34.04327,5.785583,7.191169,9.982218,0.464439,83.18697060543856,100.0,0.0,0.0,36.999474,197.982254,2.4089164118246695,-756.410522
7.546542968749236,34.120552,5.838917,7.139772,9.961083,0.464439,83.19361152235913,100.0,0.0,0.0,37.034081,198.035553,2.2621054026503553,-827.729126
7.551609863280646,34.16283,5.811133,7.190419,9.932445,0.462581,83.1991944441305,100.0,0.0,0.0,37.036488,197.948334,2.3362232415902144,-772.295776
7.556631835936969,34.123592,5.785793,7.127434,9.985412,0.462581,83.20472786905277,100.0,0.0,0.0,37.02216,197.81662,2.1552020387359825,-797.561279
7.56249780273356,34.182014,5.812686,7.163141,9.991625,0.470301,83.21119124292771,100.0,0.0,0.0,37.042072,197.938248,1.9855837920489297,-781.628906
7.5675249023433935,34.171707,5.78684,7.121623,9.997297,0.470301,83.2167303169469,100.0,0.0,0.0,36.944656,197.993408,1.942823343527014,-819.527222
7.57348388671835,34.150711,5.763454,7.14897,9.980682,0.461254,83.22329618158,100.0,0.0,0.0,36.960762,197.939743,2.1908370030581032,-726.195618
7.578652832030457,34.072636,5.767922,7.04211,9.933632,0.461254,83.22899154728026,100.0,0.0,0.0,36.956646,197.776077,2.142374413863405,-814.153625
7.584487792968503,34.111267,5.743594,7.014606,9.955464,0.465546,83.23542075756914,100.0,0.0,0.0,36.948685,197.879562,2.145225484199795,-815.803406
7.589698730468626,34.223507,5.765339,7.182827,9.940612,0.465546,83.24116239206312,100.0,0.0,0.0,37.015476,197.916534,2.3162686034658524,-779.036377
7.5957468261713075,34.22702,5.800069,7.014623,9.987594,0.461887,83.24876696774851,100.0,0.0,0.0,37.036507,197.848572,2.055427319062183,-792.376221
7.601129638671409,34.112808,5.782582,7.224642,9.974208,0.461887,83.26527792091198,100.0,0.0,0.0,37.053223,197.882767,2.6754599388379203,-785.164246
7.606286621093204,34.17485,5.757398,7.111168,9.967297,0.468831,83.2810961748884,100.0,0.0,0.0,37.012074,197.93457,2.2221944954128428,-776.726685
7.6115007324215185,34.351879,5.780051,7.131553,9.95213,0.468831,83.29708966303754,100.0,0.0,0.0,37.003258,197.903793,2.0454492354740053,-786.955444
7.617484619140669,34.157986,5.753035,6.984588,9.980665,0.463229,83.31544431933456,100.0,0.0,0.0,37.12532,197.69371,1.941398572884811,-808.591431
7.622634521483633,34.160198,5.809109,7.198813,10.022114,0.463229,83.33124085625538,100.0,0.0,0.0,36.983501,197.852844,1.6834068297655445,-795.393005
7.628506591796395,34.288799,5.808987,7.199249,10.013283,0.465732,83.34925253284682,100.0,0.0,0.0,37.006069,197.913071,1.7233176350662582,-763.669678
7.634483642577834,34.251015,5.853804,7.168447,9.969181,0.465732,83.36758622095222,100.0,0.0,0.0,37.002266,197.827606,2.173731906218144,-791.810547
7.641397705077907,34.136322,5.782704,7.063577,9.997419,0.464229,83.38879404903592,100.0,0.0,0.0,36.990921,197.823288,2.6369754332313966,-781.063293
7.64648461914021,34.260986,5.755653,7.172844,9.970054,0.464229,83.40439737904836,100.0,0.0,0.0,36.995876,197.793625,2.448827217125383,-788.793762
7.651529541015407,34.258293,5.742791,7.103961,9.986913,0.464522,83.4198719044552,100.0,0.0,0.0,36.997395,197.725403,2.504416819571866,-794.1203
7.657492431640094,34.184601,5.810715,7.222827,10.009914,0.464522,83.43816215844943,100.0,0.0,0.0,36.949123,197.661652,1.8829579001019354,-790.160767
7.663680419921548,34.159359,5.768114,7.127469,10.035273,0.470671,83.45714286503875,100.0,0.0,0.0,36.986977,197.782639,2.1637538226299697,-772.578613
7.669527587890116,34.236431,5.770208,7.143437,9.982392,0.470671,83.4750781575036,100.0,0.0,0.0,36.965805,197.749725,1.9271446483180439,-792.941833
7.675469482421249,34.103371,5.806665,7.075898,9.973335,0.462243,83.49330400919503,100.0,0.0,0.0,36.985737,197.769791,1.8972119266055045,-769.938904
7.680613525390072,34.23304,5.802268,7.09061,9.969077,0.462243,83.50908257338018,100.0,0.0,0.0,37.032299,197.578339,1.9898596330275224,-827.729126
7.6860314941404795,34.107365,5.819371,7.10417,9.953143,0.469136,83.52570136295765,100.0,0.0,0.0,37.01757,197.745148,2.1894107033639134,-784.410034
7.691627441406126,34.197285,5.819807,7.062739,10.013737,0.469136,83.5428660743809,100.0,0.0,0.0,36.965439,197.736877,2.357604281345565,-763.763916
7.697484374999476,34.031132,5.833228,7.18541,9.938256,0.466952,83.5608313214052,100.0,0.0,0.0,36.93853,197.476181,2.4958635066258914,-816.227661
7.703484374999789,34.214443,5.789632,7.153979,9.992602,0.466952,83.57923540272529,100.0,0.0,0.0,36.936646,197.671265,2.4958635066258914,-775.076843
7.709332275389897,34.170517,5.792756,7.157172,9.960158,0.47015,83.5971729417821,100.0,0.0,0.0,37.004585,197.65509,1.8943607543323129,-773.851318
7.714469482421919,34.093292,5.781796,7.110034,9.989793,0.47015,83.61293053777565,100.0,0.0,0.0,36.97694,197.65947,2.0654038735983704,-799.823914
7.719656249999389,34.064781,5.810819,7.093594,9.968449,0.462123,83.62849135510848,100.0,0.0,0.0,36.952351,197.544296,1.9699049949031606,-792.659058
7.725015380859077,34.035702,5.7556,7.137853,10.021084,0.462123,83.60606435885612,100.0,0.0,0.0,37.00441,197.671417,1.9157417940876664,-769.750366
7.730379394531155,34.088223,5.743768,7.064868,10.02166,0.467684,83.58361692891395,100.0,0.0,0.0,37.00317,197.624481,2.0853600407747193,-827.587708
7.735486328124352,34.166187,5.762599,7.151309,9.995464,0.467684,83.56224533274035,100.0,0.0,0.0,37.009472,197.529526,2.1822836901121287,-751.319702
7.741484374999345,34.093269,5.78403,7.018271,9.938309,0.466569,83.53714458817618,100.0,0.0,0.0,37.007099,197.529205,2.6227214067278277,-832.914185
7.746611328124345,34.178143,5.778131,7.250227,9.995569,0.466569,83.51568921387434,100.0,0.0,0.0,37.01223,197.608841,2.344775025484199,-734.633179
7.751747314452587,34.224422,5.769789,7.06691,10.019217,0.466534,83.49419603724635,100.0,0.0,0.0,36.992649,197.55043,2.38040998980632,-818.113098
7.757489257812267,34.175121,5.825514,7.189267,10.036215,0.466534,83.47016703971279,100.0,0.0,0.0,37.043732,197.344574,1.8216676860346597,-743.400696
7.763469238280777,34.269997,5.81232,7.117818,10.037018,0.469509,83.44514189980092,100.0,0.0,0.0,37.048164,197.563934,1.3997598369011202,-840.17334
7.768486328124709,34.26836,5.802477,7.216265,10.011451,0.469509,83.42414628351985,100.0,0.0,0.0,37.020641,197.609756,1.962777981651376,-777.150879
7.773859130858909,34.230618,5.743157,7.045548,9.938273,0.46516,83.401662072936,100.0,0.0,0.0,37.012421,197.560089,2.381834760448523,-809.015625
7.779469238281308,34.201191,5.755287,7.188639,9.933212,0.46516,83.37818478502734,100.0,0.0,0.0,37.051044,197.342285,2.1637538226299697,-753.723694
7.7844841308588,34.217201,5.749266,7.145567,9.963928,0.469396,83.35719836390668,100.0,0.0,0.0,36.96558,197.430252,2.223619266055046,-761.407104
7.790483154296453,34.333412,5.773978,7.226946,9.977803,0.469396,83.33209353260455,100.0,0.0,0.0,37.006767,197.400909,2.4017909276248717,-752.733826
7.795858154296184,34.34037,5.748393,7.051325,9.962305,0.467125,83.3096001268603,100.0,0.0,0.0,37.051216,197.418564,2.577109887869522,-779.224915
7.801483154296875,34.310474,5.778969,7.213194,9.939722,0.467125,83.28606051619772,100.0,0.0,0.0,36.942108,197.457718,2.0126653414882774,-730.15509
7.807484130858938,34.332485,5.764815,6.955635,9.951869,0.464522,83.26094751141967,100.0,0.0,0.0,36.99118,197.520935,1.9528014271151883,-827.446289
7.813501953124614,34.155304,5.830296,7.271903,10.051066,0.464522,83.23576401041177,100.0,0.0,0.0,37.014378,197.372421,2.055427319062183,-753.346619
7.818688964843204,34.314522,5.829877,7.104641,10.01967,0.463447,83.21405730172525,100.0,0.0,0.0,37.049107,197.25267,2.103889908256881,-822.921143
7.824499999999716,34.136303,5.794449,7.172338,10.028257,0.463447,83.18973916748085,100.0,0.0,0.0,37.017448,197.467484,1.9114658511722717,-769.326111
7.830470947264985,34.359505,5.768358,7.109231,10.02372,0.467808,83.16475182989514,100.0,0.0,0.0,37.050049,197.397552,2.2036646279306837,-777.056641
7.835526123046293,34.197712,5.764519,7.1352,9.953701,0.467808,83.14359683083353,100.0,0.0,0.0,37.033974,197.368256,2.179434148827726,-798.975403
7.840934082030799,34.208412,5.790767,7.115706,9.975691,0.464933,83.12096549768306,100.0,0.0,0.0,37.032753,197.180435,2.4431266055045873,-758.955933
7.846718017577587,34.175098,5.75328,7.108272,10.03604,0.464933,83.11615354676174,100.0,0.0,0.0,36.968719,197.361755,2.0297704383282364,-802.275024
7.8525959472653994,34.194286,5.795252,7.193508,9.989705,0.467553,83.1439926321611,100.0,0.0,0.0,36.933468,197.348358,1.9542261977573914,-784.83429
7.858124999999745,34.161041,5.797748,7.144537,10.022097,0.467553,83.17017936446878,100.0,0.0,0.0,36.958477,197.232178,1.8487492354740072,-783.04303
7.863468994140021,34.105663,5.841989,7.233927,10.021014,0.468746,83.19548962116869,100.0,0.0,0.0,36.981983,197.313309,2.095336595310907,-810.28833
7.868483886718423,34.20657,5.795339,7.11623,10.005883,0.468746,83.2192411850991,100.0,0.0,0.0,37.003189,197.410294,2.249276146788992,-770.221741
7.874336914062042,34.241875,5.779388,7.150488,10.03194,0.462969,83.2469623278705,100.0,0.0,0.0,37.003399,197.318436,1.9342715596330264,-748.255798
7.879365966796286,34.179726,5.775705,7.111221,10.00988,0.462969,83.27078095721681,100.0,0.0,0.0,37.045895,197.143036,1.9699049949031606,-860.536621
7.884483886718044,34.138527,5.861273,7.271798,10.036372,0.463061,83.2950204798629,100.0,0.0,0.0,37.015266,197.336945,2.0839337410805294,-799.493958
7.890483886718357,34.212425,5.818847,7.160279,10.066565,0.463061,83.32343771539932,100.0,0.0,0.0,37.048687,197.294693,2.354753109072376,-793.083252
7.895668945312536,34.151821,5.822896,7.180296,10.036808,0.464273,83.34799522062077,100.0,0.0,0.0,37.000328,197.243805,2.0425981651376155,-798.551208
7.9014118652339675,34.216198,5.770243,7.156439,10.015412,0.464273,83.37519487196857,100.0,0.0,0.0,37.00502,197.237411,1.9228687054026492,-793.931763
7.906482910156228,34.287849,5.822198,7.146422,9.998833,0.462909,83.39921238496203,100.0,0.0,0.0,37.05825,197.357651,2.1095906218144758,-774.888306
7.912468749999789,34.232605,5.808498,7.030068,9.974557,0.462909,83.42756255508255,100.0,0.0,0.0,36.966469,197.269409,2.0996124362894997,-803.217773
7.917743652343233,34.288876,5.770644,7.146492,9.962654,0.469408,83.45254557880489,100.0,0.0,0.0,36.971096,197.081268,2.071106116207952,-764.800964
7.924146728515552,34.227749,5.799458,7.112669,9.957314,0.469408,83.48287186609386,100.0,0.0,0.0,37.000607,197.215424,1.9143153924566776,-812.92804
7.929482666015247,34.345203,5.835845,7.152146,10.01152,0.469153,83.50814396488471,100.0,0.0,0.0,36.901268,197.235428,2.250702446483179,-788.228149
7.935332763671795,34.265217,5.838934,7.125986,9.961712,0.469153,83.53585123205283,100.0,0.0,0.0,36.98851,197.257202,1.9200176350662592,-789.783691
7.940482666015669,34.276451,5.799964,7.108987,9.926773,0.466785,83.56024223003483,100.0,0.0,0.0,37.036732,197.099884,2.102463608562691,-774.605469
7.946633789061707,34.410519,5.776613,7.158377,9.991555,0.466785,83.58937521544092,100.0,0.0,0.0,37.034744,197.273102,1.8401975535168187,-795.581543
7.952483642578045,34.244122,5.748358,7.06499,9.951834,0.468021,83.61708132630878,100.0,0.0,0.0,37.031792,197.153397,1.8088384301732936,-796.241455
7.957504638671708,34.290512,5.801081,7.14548,10.01426,0.468021,83.64086179774604,100.0,0.0,0.0,36.899017,197.007065,2.344775025484199,-799.116821
7.963951660155544,34.331024,5.792425,7.18925,10.022097,0.466587,83.67139621908434,100.0,0.0,0.0,36.926819,197.144424,1.835921610601427,-796.71283
7.96972265624936,34.344788,5.730661,7.019964,9.984993,0.466587,83.69872884496367,100.0,0.0,0.0,37.032509,197.152908,2.37755891946993,-780.780457
7.9750935058591494,34.357758,5.742651,7.172548,9.964347,0.463627,83.67925811451025,100.0,0.0,0.0,36.978111,197.086655,1.891509683995923,-803.076355
7.980550537108684,34.157516,5.771517,7.203001,10.020438,0.463627,83.65794434695397,100.0,0.0,0.0,36.983677,197.009781,1.8843826707441385,-827.022034
7.986483642577696,34.256645,5.761814,7.145864,9.954207,0.464896,83.63477115533117,100.0,0.0,0.0,36.938511,197.199966,2.2093668705402654,-766.309326
7.991632568358909,34.245289,5.778114,7.113961,10.02461,0.464896,83.6146607688887,100.0,0.0,0.0,36.992371,197.124802,1.6463470948012235,-811.655334
7.9975185546873035,34.203327,5.776439,7.219372,10.036633,0.465704,83.59167161257093,100.0,0.0,0.0,36.870132,197.028778,1.9385475025484211,-783.93866
8.00348242187465,34.279682,5.802495,7.11602,10.037506,0.465704,83.56837827354691,100.0,0.0,0.0,37.007656,197.086548,1.961353211009173,-795.345825
8.008495605467942,34.100918,5.794833,7.145549,10.037559,0.464909,83.5487980613511,100.0,0.0,0.0,36.967587,197.196869,2.23074627930683,-776.679504
8.01373559570311,34.130859,5.800522,7.156404,9.996529,0.464909,83.52833200045899,100.0,0.0,0.0,37.024796,197.02504,1.7675028542303768,-800.9552
8.01952856445314,34.148647,5.838045,7.152251,10.02351,0.465662,83.5057061469973,100.0,0.0,0.0,36.913868,196.849274,2.249276146788992,-763.198303
8.025468505858953,34.159012,5.826788,7.159284,10.021538,0.465662,83.482506255952,100.0,0.0,0.0,36.925964,197.145233,2.3119927624872565,-771.730103
8.030981445312136,34.074959,5.800104,7.06944,10.036355,0.46494,83.46097412526176,100.0,0.0,0.0,36.937656,197.04628,2.0796577981651376,-797.749878
8.03686230468702,34.128143,5.810854,7.067469,10.022655,0.46494,83.43800499351087,100.0,0.0,0.0,36.971512,197.011017,2.353328338430173,-811.843872
8.042470458984099,34.166275,5.782337,7.119842,10.005953,0.46564,83.41610097800731,100.0,0.0,0.0,36.965179,197.021362,1.942823343527014,-778.093628
8.04748339843718,34.264095,5.771691,7.095252,10.020247,0.46564,83.3965217193623,100.0,0.0,0.0,36.998566,197.136795,1.924293476044852,-765.837952
8.053483398437493,34.143314,5.821657,7.126614,10.012917,0.465496,83.37308725481938,100.0,0.0,0.0,36.981548,197.00354,1.6491982670744152,-827.729126
8.059236328124825,34.028393,5.868743,7.240314,9.955656,0.465496,83.35061778368944,100.0,0.0,0.0,36.971462,196.81871,1.6933849133537218,-783.231567
8.064483398437005,34.189945,5.813838,7.175445,10.003981,0.465071,83.33012406982404,100.0,0.0,0.0,37.005684,196.94812,1.9143153924566776,-781.817505
8.070510253905923,34.099697,5.893333,7.144956,10.04995,0.465071,83.30658471469275,100.0,0.0,0.0,36.941689,196.883621,2.591363914373088,-809.062805
8.077364257812405,34.084492,5.86068,7.203612,10.015255,0.465578,83.27981472943975,100.0,0.0,0.0,37.04195,196.943481,2.8222724770642214,-780.026245
8.082525390625051,34.143085,5.877259,7.161117,10.018291,0.465578,83.25965666545711,100.0,0.0,0.0,36.967743,196.951859,1.9214424057084594,-773.521362
8.088949218749804,34.200394,5.864484,7.178167,10.008763,0.462938,83.2345668367196,100.0,0.0,0.0,36.977551,197.005203,2.0269193679918462,-809.816956
8.094756347655675,34.219677,5.849755,7.077189,9.944993,0.462938,83.2133303698679,100.0,0.0,0.0,36.972839,196.937073,1.707638939857288,-773.002808
8.100209228515268,34.167889,5.810453,7.131308,9.965709,0.469735,83.20974258668824,100.0,0.0,0.0,36.964779,196.759979,1.8715550458715609,-825.419373
8.105353271484091,34.169254,5.799004,7.201256,9.996774,0.469735,83.20635800680932,100.0,0.0,0.0,36.964901,196.890778,1.6035867482161068,-815.897644
8.11071923828058,34.135735,5.824833,7.145741,10.009636,0.469323,83.2028274096969,100.0,0.0,0.0,36.965599,196.866135,2.373282976554535,-768.713318
8.116483154296475,34.198429,5.777328,7.103053,10.030874,0.469323,83.1990349775013,100.0,0.0,0.0,36.964916,196.823502,1.691958613659532,-828.436157
8.121631103515028,34.171642,5.90075,7.27494,10.049531,0.467685,83.19564782746205,100.0,0.0,0.0,36.965302,196.83876,2.853629969418961,-769.608948
8.127468017577485,34.133934,5.858935,7.080453,10.098083,0.467685,83.19180736539535,100.0,0.0,0.0,37.021095,196.891144,2.6840116207951064,-736.754333
8.132483154296096,34.145626,5.864083,7.145305,10.036303,0.4671,83.18850760080718,100.0,0.0,0.0,37.041531,196.841751,2.398939857288482,-804.396179
8.13848217773375,34.117226,5.855776,7.165148,10.03728,0.4671,83.18456047708698,100.0,0.0,0.0,36.990433,196.730576,1.3099615698267062,-856.199951
8.144266113280537,34.2799,5.81883,7.170558,10.008711,0.462548,83.1807548728197,100.0,0.0,0.0,37.00462,196.86554,1.9271446483180439,-743.212097
8.14952905273367,34.031315,5.789231,7.207277,9.995552,0.462548,83.17729206368587,100.0,0.0,0.0,37.043922,196.774109,1.4268413863404676,-747.595886
8.154740966796453,34.194786,5.7941,7.063681,9.934835,0.46256,83.1738628272713,100.0,0.0,0.0,37.00584,196.749039,1.4767288481141678,-837.816467
8.160471923827572,34.147285,5.83773,7.182286,9.958972,0.46256,83.17009208080343,100.0,0.0,0.0,37.049858,196.70108,2.44740244648318,-760.0401
8.166422119140407,34.131569,5.751517,7.052983,9.995325,0.463034,83.1661770840873,100.0,0.0,0.0,37.048267,196.884003,2.5172444444444433,-792.564758
8.171482910155646,34.186596,5.783018,7.109999,10.001974,0.463034,83.16284728075031,100.0,0.0,0.0,36.98085,196.778061,2.6127433231396533,-831.217285
8.177468017577667,34.122536,5.816212,7.147696,10.033527,0.461325,83.15890931322627,100.0,0.0,0.0,36.909714,196.752075,2.2934628950050975,-805.386047
8.182486083984259,34.413723,5.819545,7.052512,10.037367,0.461325,83.15560762101785,100.0,0.0,0.0,37.054428,196.784088,1.4396706422018337,-796.194336
8.1882358398434,34.065697,5.832669,7.156928,9.996965,0.462731,83.15182450565344,100.0,0.0,0.0,37.011967,196.845856,1.694809683995922,-818.443054
8.193822998046926,34.048592,5.823036,7.130837,10.033195,0.462731,83.14814837321256,100.0,0.0,0.0,36.992508,196.759491,1.834495310907237,-774.322693
8.199482910155893,34.089256,5.810592,7.201221,10.023597,0.463732,83.14442437153564,100.0,0.0,0.0,37.053349,196.61264,1.585056880733945,-815.002075
8.206390869140705,34.178219,5.858499,7.070174,9.995464,0.463732,83.13987920363464,100.0,0.0,0.0,37.028511,196.842331,2.2578279306829767,-714.788391
8.211538818359259,34.081501,5.849685,7.018637,10.00173,0.463294,83.13649205359539,100.0,0.0,0.0,36.990292,196.757996,2.3604553516819577,-829.14325
8.216942871093124,34.141678,5.80609,7.211152,10.019601,0.463294,83.1329363974198,100.0,0.0,0.0,37.034203,196.676971,2.4217455657492364,-757.400391
8.222706787109018,34.00359,5.92164,7.189913,10.016895,0.458491,83.12918638417351,100.0,0.0,0.0,37.048374,196.71756,2.2392980632008146,-783.184448
8.22839477539037,34.046585,5.876753,7.172024,10.03653,0.458491,83.15015082650164,100.0,0.0,0.0,37.047867,196.831192,1.941398572884811,-761.359924
8.233634765624629,34.16103,5.821483,7.066666,10.005656,0.460513,83.16946406479201,100.0,0.0,0.0,37.03413,196.683212,2.197964016309888,-805.668884
8.239579833983953,34.022068,5.876841,7.18726,9.985691,0.460513,83.19137603728461,100.0,0.0,0.0,37.049576,196.557526,1.3755292558613663,-783.514404
8.245581787108677,34.22184,5.9115,7.145375,10.01152,0.458886,83.21349767219726,100.0,0.0,0.0,36.983994,196.687317,1.582205810397552,-810.005493
8.250841796874738,34.105412,5.871535,7.154397,9.985063,0.458886,83.23288469726207,100.0,0.0,0.0,37.053749,196.642288,2.103889908256881,-770.033203
8.25646777343718,34.063515,5.843455,7.093088,10.016686,0.46224,83.25362058055718,100.0,0.0,0.0,36.99572,196.612854,2.159477981651377,-815.803406
8.261482666015581,34.074051,5.836003,7.121169,10.026023,0.46224,83.27210416755445,100.0,0.0,0.0,37.021198,196.577271,2.247851376146789,-735.057373
8.267531738280923,34.198975,5.748585,7.138132,10.036582,0.461392,83.29439947133865,100.0,0.0,0.0,37.043205,196.755966,2.3490524974515803,-803.50061
8.27282373046819,34.138603,5.742774,7.119144,10.034156,0.461392,83.31390437527482,100.0,0.0,0.0,36.973259,196.598816,2.1509261977573897,-760.464355
8.278482666015407,33.838776,5.817276,7.084694,9.960507,0.462073,83.33476173679614,100.0,0.0,0.0,37.019924,196.570496,1.3684022426095817,-742.033691
8.28448266601481,33.906086,5.752634,6.972633,9.9407,0.462073,83.3568761729991,100.0,0.0,0.0,36.940468,196.600632,2.21649235474006,-824.005249
8.289582763671206,34.057724,5.75143,7.067084,9.966912,0.466754,83.37567380370709,100.0,0.0,0.0,36.965424,196.674561,2.3433502548419987,-842.200195
8.29467456054681,34.181133,5.826037,7.047835,9.951659,0.466754,83.39444083989885,100.0,0.0,0.0,37.025406,196.504288,2.145225484199795,-760.841431
8.300482666015341,34.161564,5.788044,7.026596,9.976006,0.463283,83.41584800287363,100.0,0.0,0.0,37.039089,196.444016,2.0768067278287448,-806.753052
8.306481689452994,34.150425,5.839144,7.215078,10.004731,0.463283,83.43795883972173,100.0,0.0,0.0,37.035126,196.699966,2.1552020387359825,-765.743713
8.312531494139876,34.208313,5.783594,6.990889,10.012061,0.465322,83.46025684302207,100.0,0.0,0.0,36.940712,196.524139,1.9328452599388366,-814.200745
8.317654541015145,34.258053,5.768044,7.163298,10.011311,0.465322,83.47913905856905,100.0,0.0,0.0,37.014656,196.532944,1.686258002038736,-786.861145
8.323045654296948,34.197144,5.834292,7.064554,10.006022,0.462862,83.49900929702257,100.0,0.0,0.0,36.952351,196.580688,2.066830173292557,-823.156799
8.328482421874469,34.105171,5.846369,7.198063,10.030787,0.462862,83.51904780531535,100.0,0.0,0.0,36.926838,196.653442,1.72474250764526,-764.800964
8.334826416014948,33.985962,5.810645,7.115549,10.014277,0.467809,83.54243011426448,100.0,0.0,0.0,36.991741,196.529892,1.8430470948012216,-836.543762
8.340484619140625,33.93063,5.85431,7.213124,9.963632,0.467809,83.56328477626967,100.0,0.0,0.0,36.986923,196.460281,1.5052367991845041,-786.719727
8.345647460937471,34.183205,5.825339,7.149424,9.97618,0.465435,83.58231366552683,100.0,0.0,0.0,37.048424,196.550003,1.79458603465851,-778.093628
8.35089453124965,34.006031,5.797015,6.999562,9.952828,0.465435,83.59231584118727,100.0,0.0,0.0,36.964043,196.489029,2.1908370030581032,-787.191101
8.356469482421744,34.266842,5.787049,7.114432,9.960124,0.465793,83.60113377967203,100.0,0.0,0.0,36.999928,196.433929,2.173731906218144,-822.873962
8.361682373046278,34.160538,5.772774,7.18082,9.961922,0.465793,83.60937904450786,100.0,0.0,0.0,36.996506,196.390244,2.101038837920488,-780.686218
8.367482421874229,33.920998,5.74766,6.998306,9.920001,0.469707,83.61855302149856,100.0,0.0,0.0,36.998844,196.664642,1.870130275229358,-805.857422
8.373338378905828,34.153164,5.743943,7.123001,9.983492,0.469707,83.62781542887737,100.0,0.0,0.0,36.97961,196.455154,1.5109374108053,-817.217529
8.379368408202936,33.930878,5.747957,7.010697,9.996948,0.465434,83.63735316755199,100.0,0.0,0.0,37.05003,196.353806,1.9784567787971452,-732.936218
8.384482421874964,33.936954,5.765775,7.001779,9.972602,0.465434,83.64544203803328,100.0,0.0,0.0,37.033764,196.569901,1.7389964322120273,-802.6521
8.390467285155864,34.052891,5.763175,7.220052,10.004522,0.465978,83.65490833731138,100.0,0.0,0.0,37.059753,196.457245,1.979883078491335,-841.446045
8.395522216796962,34.063339,5.807905,7.145951,10.003789,0.465978,83.66290375733882,100.0,0.0,0.0,37.055283,196.36586,1.9570773700305801,-750.471252
8.401357421874309,34.025688,5.772372,7.108394,9.976563,0.462895,83.67213334121114,100.0,0.0,0.0,37.039402,196.316833,2.4345731906218138,-722.895996
8.406467285155486,34.049652,5.789144,7.260402,10.020037,0.462895,83.68021564699112,100.0,0.0,0.0,36.989281,196.572678,1.8416223241590217,-833.856934
8.411482177733888,34.130966,5.741883,7.168796,10.019164,0.464224,83.68814773695895,100.0,0.0,0.0,36.966366,196.369324,2.049725076452598,-709.179077
8.416646240233604,34.136005,5.760016,7.007834,10.037262,0.464224,83.69631577001476,100.0,0.0,0.0,36.940468,196.395416,2.1879859327217135,-818.01886
8.423194335937296,34.219688,5.80061,7.125497,10.034644,0.463609,83.7066729378755,100.0,0.0,0.0,36.950642,196.405182,2.0440244648318053,-823.015381
8.428492187499614,34.252785,5.789248,7.079196,10.036442,0.463609,83.71505258600858,100.0,0.0,0.0,37.000134,196.483856,2.1053146788990813,-746.511719
8.434481201171366,34.147667,5.781726,7.091692,10.049461,0.464849,83.72452544998798,100.0,0.0,0.0,37.09544,196.338608,2.1380985728848123,-833.479858
8.439491210937376,34.203949,5.778463,7.148935,10.05091,0.464849,83.7324498167778,100.0,0.0,0.0,36.975163,196.274323,2.1138664627930686,-821.224182
8.44568017578058,34.248615,5.762197,7.206475,10.0344,0.464763,83.74223894489643,100.0,0.0,0.0,36.990814,196.333801,1.8601521916411836,-704.371094
8.451568115234295,34.136868,5.798986,7.217854,9.956197,0.464763,83.75155193909116,100.0,0.0,0.0,37.003014,196.343826,2.0112405708460743,-847.526733
8.457501220702397,34.159012,5.80314,7.259128,9.972393,0.466323,83.76093637268242,100.0,0.0,0.0,37.03429,196.36618,2.1865611620795105,-762.208435
8.462543212890523,34.105358,5.803856,7.191675,10.031223,0.466323,83.76891132628818,100.0,0.0,0.0,37.005196,196.309845,2.1138664627930686,-752.498169
8.467927001952376,34.237579,5.783751,7.206213,10.010019,0.465894,83.77742690235411,100.0,0.0,0.0,36.930363,196.386398,1.817391743119265,-822.355469
8.47375610351537,34.247189,5.823803,7.13068,10.021643,0.465894,83.78664683225392,100.0,0.0,0.0,36.945667,196.323608,1.4909827726809382,-838.42926
8.479504150390312,34.149181,5.871465,7.153263,10.015307,0.462227,83.77993226313767,100.0,0.0,0.0,37.045895,196.188812,2.179434148827726,-762.349792
8.485467041015,34.198353,5.832442,7.095462,9.991276,0.462227,83.73069314990265,100.0,0.0,0.0,37.003242,196.305267,1.833070540265037,-804.207642
8.490687988281024,34.154202,5.800557,7.144816,9.956371,0.467133,83.68758070163328,100.0,0.0,0.0,37.013695,196.283493,2.3134175331294595,-769.797485
8.496481933593714,34.165249,5.778899,7.043053,9.97618,0.467133,83.6397366697264,100.0,0.0,0.0,37.063766,196.192383,2.39466391437309,-776.915222
8.501490966796155,34.087566,5.757922,7.115095,9.962305,0.467205,83.59837412115765,100.0,0.0,0.0,37.030346,196.169235,1.6263924566768615,-801.992188
8.507481933593226,34.05323,5.842879,7.114607,9.976407,0.467205,83.54890316637243,100.0,0.0,0.0,36.93586,196.344101,1.6620258919469926,-788.888062
8.512656005858844,33.95219,5.809196,7.11445,9.955377,0.462025,83.50617779269122,100.0,0.0,0.0,37.00415,196.258377,1.6819820591233443,-762.396973
8.518334960936954,33.889854,5.785025,7.142024,9.966721,0.462025,83.4592833031334,100.0,0.0,0.0,37.08387,196.11882,1.7717803261977583,-819.432983
8.523480957031097,34.002693,5.756473,7.243822,9.975848,0.466149,83.4167897710024,100.0,0.0,0.0,37.082127,196.304245,1.8601521916411836,-782.713074
8.5294809570305,34.154549,5.749667,7.126875,10.015848,0.466149,83.36724422371842,100.0,0.0,0.0,36.995911,196.384323,1.6805557594291547,-800.719482
8.535124023436765,34.045822,5.798463,7.155828,9.988972,0.464962,83.32064608814215,100.0,0.0,0.0,36.990589,196.111465,2.3433502548419987,-782.288879
8.540208984374658,34.221306,5.7678,7.0941,10.022183,0.464962,83.27865655938115,100.0,0.0,0.0,36.984814,196.089218,1.780332008154944,-805.857422
8.545480957031032,34.180576,5.810627,7.124746,10.036652,0.461263,83.23512276429446,100.0,0.0,0.0,37.035004,196.237778,1.7846079510703359,-792.281921
8.551678955077477,33.998562,5.797032,7.056648,9.972759,0.461263,83.18394223007822,100.0,0.0,0.0,37.020641,196.245468,1.6791309887869517,-825.466492
8.556984863281286,34.038506,5.814764,7.17972,9.999024,0.461989,83.14012820911782,100.0,0.0,0.0,36.966873,196.144531,1.7033614678899094,-768.713318
8.562294921875036,33.972523,5.837015,7.146282,10.000299,0.461989,83.09627991592825,100.0,0.0,0.0,36.965389,196.213348,1.4482224260958212,-822.166931
8.567466796874214,34.00515,5.849109,7.146142,10.008693,0.45993,83.05357268636837,100.0,0.0,0.0,37.056034,196.291504,2.014091743119266,-815.991943
8.572480712889956,34.070595,5.876404,7.169267,10.030421,0.45993,83.01216981753002,100.0,0.0,0.0,37.032108,196.147903,2.357604281345565,-770.740234
8.577734863280966,34.147907,5.832879,7.169668,9.983527,0.464295,82.96878319142738,100.0,0.0,0.0,36.965771,196.16304,2.2221944954128428,-791.904846
8.583529785156315,34.020672,5.857556,7.195707,10.021241,0.464295,82.92093109546657,100.0,0.0,0.0,36.966366,196.160278,2.3333721712538216,-798.598328
8.589486816405952,34.117138,5.865148,7.160262,10.035657,0.462187,82.87174036655507,100.0,0.0,0.0,36.990238,196.27742,1.7033614678899094,-768.61908
8.594980712889992,34.216286,5.816351,7.060139,9.971538,0.462187,82.82637401521508,100.0,0.0,0.0,37.007519,196.125702,1.7290183486238528,-768.52478
8.600747802734077,34.017639,5.818551,7.175305,9.963894,0.461639,82.78161103311452,100.0,0.0,0.0,36.981777,196.080475,1.9057636085626901,-860.065247
8.605981689453074,34.145302,5.856893,7.263683,10.032445,0.461639,82.81463231210022,100.0,0.0,0.0,36.937202,196.209671,1.8943607543323129,-773.945557
8.611496582030668,34.112141,5.833001,7.072878,10.039514,0.462245,82.8494264939739,100.0,0.0,0.0,37.002876,196.094559,1.9570773700305801,-775.218262
8.617481689452688,34.050602,5.782791,7.105601,10.036372,0.462245,82.88718732307802,100.0,0.0,0.0,37.094585,196.08255,1.543721304791028,-789.076599
8.6227375488279,34.199085,5.770976,7.075549,10.038362,0.46373,82.92034723043898,100.0,0.0,0.0,36.957428,196.138458,2.1095906218144758,-793.130432
8.628482666014861,34.356712,5.836369,7.157417,9.991869,0.46373,82.95659392962227,100.0,0.0,0.0,36.958092,196.221985,2.451678287461773,-797.184204
8.634480712889854,34.165794,5.77759,7.10719,9.996127,0.463996,82.99443639543628,100.0,0.0,0.0,36.927151,196.001038,2.158053211009174,-770.363159
8.640354492186816,34.196251,5.799755,7.082303,10.000595,0.463996,83.03149484077245,100.0,0.0,0.0,36.983955,196.042007,1.887233741080531,-780.261963
8.646334472656235,34.244648,5.812128,7.183839,10.008431,0.462197,83.06922332325568,100.0,0.0,0.0,36.980728,196.169708,1.4696018348623863,-848.186646
8.651482666015,34.23101,5.846735,7.188621,9.981119,0.462197,83.10170395157789,100.0,0.0,0.0,36.993484,196.139359,2.0041136595310918,-756.410522
8.65746655273415,34.289291,5.86061,7.119267,9.963161,0.464931,83.13945707910563,100.0,0.0,0.0,37.011147,195.992935,1.6135648318042812,-751.131165
8.663743652343328,34.254158,5.796823,7.172617,9.995691,0.464931,83.17906012528536,100.0,0.0,0.0,36.987255,196.101273,1.8131159021406722,-800.295288
8.669572509765203,34.208511,5.809964,7.138778,9.989566,0.464489,83.21583515260991,100.0,0.0,0.0,37.044464,196.188919,2.0269193679918462,-771.96582
8.675481445312471,34.164703,5.781866,7.073472,9.923073,0.464489,83.25311540334648,100.0,0.0,0.0,37.044933,195.920059,2.2592542303771666,-826.267883
8.680553466796482,34.2733,5.792058,7.125165,9.98899,0.467608,83.28511545330115,100.0,0.0,0.0,36.98003,195.989304,1.4510734964322112,-810.712585
8.686013427733997,34.223953,5.829685,7.100104,9.943684,0.467608,83.31956306423669,100.0,0.0,0.0,37.026451,195.990845,1.870130275229358,-794.497375
8.691956542968,34.16164,5.818324,7.131727,9.99344,0.46499,83.35705895911255,100.0,0.0,0.0,36.943714,196.044144,2.2963139653414872,-814.059326
8.697466552734113,34.154648,5.80972,7.141273,10.00009,0.46499,83.39182233468063,100.0,0.0,0.0,37.048164,195.957031,1.7432722731906232,-752.215332
8.702484374999585,34.217278,5.820104,7.078777,9.956144,0.463508,83.42348043464298,100.0,0.0,0.0,36.966541,196.108368,1.3969086646279312,-807.601501
8.707734374999745,34.407375,5.751849,7.145235,9.931607,0.463508,83.4566033744372,100.0,0.0,0.0,36.965439,196.149277,1.2629252803261977,-774.982605
8.713466308593524,34.315273,5.776683,7.145776,9.955272,0.463084,83.49276689659534,100.0,0.0,0.0,36.966244,196.004288,1.7161907237512755,-817.076111
8.718484374999207,34.042942,5.833455,7.124031,9.961659,0.463084,83.52442653687298,100.0,0.0,0.0,36.992908,195.906998,2.153777268093782,-762.491211
8.723732421874956,34.074619,5.828237,7.126352,9.950229,0.464549,83.55529240720188,100.0,0.0,0.0,36.996277,196.010696,2.1509261977573897,-834.941101
8.729009277343721,34.012295,5.805269,7.212758,9.986372,0.464549,83.5662468625113,100.0,0.0,0.0,36.965946,196.091248,1.726167278287463,-775.076843
8.734215332030544,34.198246,5.818306,7.13602,9.997401,0.466003,83.577054339379,100.0,0.0,0.0,37.033783,195.957397,1.6449223241590205,-799.16394
8.739480224608997,34.153175,5.902635,7.129493,9.990124,0.466003,83.58798396040001,100.0,0.0,0.0,37.068581,195.923416,2.1053146788990813,-777.150879
8.745466308593677,34.25238,5.892146,7.146596,9.953719,0.465265,83.6004107342379,100.0,0.0,0.0,37.068512,196.006699,1.9356964322120285,-782.524536
8.75152124023407,34.211006,5.815235,7.18979,9.96056,0.465265,83.61298043193982,100.0,0.0,0.0,36.991287,196.010803,1.2871558613659542,-775.783936
8.757483154296096,34.154713,5.829039,7.179598,9.985045,0.46575,83.62535703037862,100.0,0.0,0.0,37.028111,195.999329,1.8815331294597353,-768.854736
8.763466308593706,34.207832,5.852512,7.109354,9.953631,0.46575,83.63777772234995,100.0,0.0,0.0,37.049561,195.993515,1.6064378185524966,-805.24469
8.768483154296518,34.116253,5.770784,7.123664,9.942235,0.466029,83.64819241200266,100.0,0.0,0.0,37.034725,196.065369,2.3162686034658524,-779.319214
8.773843261717957,34.067245,5.823716,7.107102,9.914487,0.466029,83.6593196936867,100.0,0.0,0.0,37.022667,195.969559,2.1338226299694174,-793.27179
8.77948120117162,34.125645,5.83492,7.217976,10.006808,0.464119,83.671023739049,100.0,0.0,0.0,37.003468,195.823929,1.634944240570846,-800.530945
8.785488281249854,33.978653,5.844013,7.074065,9.963632,0.464119,83.6834940995972,100.0,0.0,0.0,36.984482,195.97084,1.7589510703363922,-749.717041
8.792501220702434,34.04496,5.791098,7.141081,9.952079,0.463811,83.6980525676625,100.0,0.0,0.0,37.006977,195.930466,1.6748550458715599,-773.379944
8.798466064452441,34.055325,5.79485,7.070505,9.953021,0.463811,83.71043524796787,100.0,0.0,0.0,36.97406,195.822708,1.5836321100917419,-793.036133
8.803480224609302,34.058453,5.802041,7.133036,9.95049,0.462819,83.72084436257623,100.0,0.0,0.0,37.063591,195.882614,1.6620258919469926,-769.797485
8.808541992187202,34.000973,5.780575,7.157347,9.953213,0.462819,83.7313523075161,100.0,0.0,0.0,37.047379,196.062073,1.9670539245667678,-796.382874
8.814541992187515,34.038689,5.763227,7.026927,9.947157,0.469976,83.74380797022013,100.0,0.0,0.0,37.015408,195.901077,2.160904281345567,-754.430786
8.819625976561838,34.119133,5.743087,7.051779,9.996581,0.469976,83.75436203598139,100.0,0.0,0.0,37.040817,195.846344,1.941398572884811,-821.41272
8.825946044921693,34.084938,5.787398,7.161134,9.999182,0.465044,83.7674821426065,100.0,0.0,0.0,37.06736,195.883041,1.5879079510703376,-760.228638
8.83209008788981,34.133247,5.771342,7.04581,10.019757,0.465044,83.78023683041613,100.0,0.0,0.0,36.981026,195.880219,1.3883568807339437,-832.772766
8.837266113280748,34.0816,5.791674,7.200733,10.050212,0.464662,83.79098196815164,100.0,0.0,0.0,36.978336,195.816299,1.8088384301732936,-778.282166
8.842483886718583,33.866798,5.802442,7.195654,10.037646,0.464662,83.80181377248556,100.0,0.0,0.0,36.989491,195.811188,2.019792354740062,-809.864136
8.848011962890268,33.915138,5.800295,7.248517,10.088676,0.465969,83.81328974785205,100.0,0.0,0.0,36.950325,195.958466,1.7931597349643233,-795.581543
8.854568847656083,33.993095,5.825078,7.198377,10.081399,0.465969,83.82690147202369,100.0,0.0,0.0,37.029697,195.901764,2.0169428134556586,-812.456665
8.8599218749996,34.221752,5.835793,7.146125,10.050683,0.460973,83.82152828182478,100.0,0.0,0.0,37.055111,195.789307,1.9228687054026492,-789.359436
8.865465820312238,34.013187,5.825339,7.155235,10.034732,0.460973,83.813016934478,100.0,0.0,0.0,37.053959,195.853592,2.1480751274209995,-786.531189
8.87048095703085,34.284218,5.80061,7.120505,10.028134,0.467814,83.80531744103085,100.0,0.0,0.0,37.032333,195.946945,1.563675942915393,-831.311523
8.87651879882742,34.181675,5.843908,7.232548,9.968728,0.467814,83.79604783863374,100.0,0.0,0.0,37.125652,195.719482,1.9285694189602438,-801.80365
8.881736816405464,34.070953,5.860506,7.092652,9.987262,0.463317,83.78803687215307,100.0,0.0,0.0,37.07291,195.735977,1.9314204892966367,-797.467041
8.887480957030675,34.101734,5.824397,7.120052,9.965482,0.463317,83.77921817476117,100.0,0.0,0.0,37.005283,195.90683,1.5565504587155954,-771.824402
8.893539794921708,34.166222,5.799493,7.143786,9.989758,0.463582,83.76991633809105,100.0,0.0,0.0,37.035843,195.835983,1.1374921508664617,-812.173828
8.900126953124527,34.169209,5.789545,7.118987,9.972759,0.463582,83.75980339715552,100.0,0.0,0.0,37.088425,195.797958,2.5286472986748207,-772.81427
8.905479736327834,34.034946,5.750121,7.183141,9.970804,0.462647,83.75158553162011,100.0,0.0,0.0,37.00354,195.866669,2.5628559633027517,-775.171143
8.911479736328147,34.078697,5.754885,7.031517,9.9322,0.462647,83.74237402587787,100.0,0.0,0.0,37.027969,195.788361,2.0639791029561674,-784.457153
8.918242675780675,34.049599,5.762302,7.096457,9.986162,0.466884,83.73199121661006,100.0,0.0,0.0,37.016941,195.643356,2.146650356778797,-765.790833
8.9241977539059,33.880016,5.803664,7.125619,9.981834,0.466884,83.7228486772194,100.0,0.0,0.0,36.943172,195.769684,1.4467960244648326,-776.915222
8.929479736328176,34.019043,5.762512,7.145793,9.990473,0.45977,83.71473950865115,100.0,0.0,0.0,37.033592,195.856262,1.3755292558613663,-809.43988
8.936368652342935,34.126778,5.799493,7.111814,10.015988,0.45977,83.7041632937452,100.0,0.0,0.0,37.069664,195.679047,1.7432722731906232,-806.705933
8.941479736327892,33.937401,5.786037,7.178359,10.024365,0.465356,83.69631649716668,100.0,0.0,0.0,37.067257,195.677765,2.122419775739043,-791.244934
8.946636718749687,34.028992,5.817713,7.136247,10.054487,0.465356,83.68839923496806,100.0,0.0,0.0,37.054901,195.818604,1.9513751274209987,-797.089905
8.952491699218626,33.978512,5.776683,7.138673,10.024016,0.461058,83.67941037059997,100.0,0.0,0.0,36.98209,195.764191,2.306290519877675,-762.67981
8.957662597656054,34.08569,5.775898,7.122216,10.013981,0.461058,83.67147174382504,100.0,0.0,0.0,37.014881,195.63942,1.582205810397552,-855.728577
8.963480712890487,33.985722,5.775915,7.241344,9.931887,0.464067,83.66253947684329,100.0,0.0,0.0,37.059769,195.740982,2.467357084607542,-699.987305
8.968786621093386,34.058674,5.777311,6.944256,9.972026,0.464067,83.65439357619648,100.0,0.0,0.0,37.03347,195.766434,1.8672791029561662,-789.87793
8.973971679687565,34.152607,5.749196,6.99574,9.952008,0.465753,83.64643321002812,100.0,0.0,0.0,37.008408,195.68396,1.6192655453618758,-869.256958
8.979580566406185,34.195724,5.758637,7.073891,9.985272,0.465753,83.64967448622075,100.0,0.0,0.0,37.047222,195.647842,1.3213644240570834,-803.971985
8.985479492187551,34.089989,5.76581,7.122844,9.985394,0.460169,83.92556927330214,100.0,0.0,0.0,37.051952,195.715439,1.5223402650356774,-825.985046
8.99066650390614,34.381058,5.833961,7.262269,10.00419,0.460169,84.1681675948952,100.0,0.0,0.0,37.01907,195.748291,1.8273682976554526,-766.639282
8.997364501952688,34.190685,5.777241,7.085444,10.000473,0.466572,84.48143526659365,100.0,0.0,0.0,37.007465,195.555191,1.405460448521916,-810.146912
9.002479492187376,34.117039,5.780505,7.260611,10.003562,0.466572,84.72066511859855,100.0,0.0,0.0,37.044357,195.631409,2.320544546381244,-773.568481
9.008369628905712,34.270782,5.758183,7.030679,9.959251,0.468833,84.99614883820477,100.0,0.0,0.0,37.016033,195.705032,1.8387711518858298,-840.880371
9.013579589843175,34.066284,5.790243,7.122617,9.999043,0.468833,85.23982050264964,100.0,0.0,0.0,37.033974,195.67868,2.197964016309888,-735.717285
9.019554443359084,34.025089,5.7493,7.047573,9.994033,0.463397,85.51926645597482,100.0,0.0,0.0,37.065022,195.552994,1.4311173292558623,-743.164978
9.025479492187515,34.191364,5.757329,7.11684,9.962498,0.463397,85.79638302694073,100.0,0.0,0.0,36.985439,195.619095,1.2030598369011218,-813.399414
9.031646484374505,33.95351,5.748219,7.10993,10.011817,0.462648,86.08481537201465,100.0,0.0,0.0,37.032387,195.614929,1.3441702344546371,-818.443054
9.038189453124687,34.080639,5.743733,7.080296,9.966512,0.462648,86.39083227019285,100.0,0.0,0.0,37.035233,195.489151,1.33276738022426,-756.881897
9.043500488281097,34.269527,5.772442,7.206003,9.978972,0.465591,86.6392312106021,100.0,0.0,0.0,37.002998,195.623672,1.6677281345565742,-788.652344
9.049465332031104,34.343197,5.742389,7.183455,10.004644,0.465591,86.91820900374724,100.0,0.0,0.0,37.034706,195.643463,2.160904281345567,-759.14447
9.054783447265436,34.190807,5.759859,7.007485,10.040439,0.463729,87.16693908184483,100.0,0.0,0.0,37.03558,195.575623,2.4345731906218138,-808.874207
9.060524414062456,34.210407,5.761674,7.19,10.03522,0.463729,87.43544607291423,100.0,0.0,0.0,37.046295,195.592896,1.6420712538226307,-782.383118
9.066552246093124,34.192028,5.810941,7.096788,10.021258,0.464267,87.71736984963138,100.0,0.0,0.0,37.020275,195.667847,2.073957186544342,-807.271545
9.07336328124984,34.111465,5.770138,7.070086,9.994051,0.464267,88.0359243058021,100.0,0.0,0.0,37.033398,195.599564,1.5394453618756363,-817.594604
9.078479248046278,34.022533,5.776456,7.139703,10.002899,0.463507,88.2751998319709,100.0,0.0,0.0,37.033783,195.391678,1.6434975535168204,-834.139771
9.083488281249629,34.168804,5.82164,7.106596,10.00885,0.463507,88.50947403719186,100.0,0.0,0.0,37.015388,195.572571,1.814540672782875,-774.275513
9.089481201171111,34.119473,5.817381,7.137312,10.021416,0.464582,88.78976496254933,100.0,0.0,0.0,37.026627,195.599197,2.019792354740062,-833.291321
9.095355224609193,34.106251,5.7804,7.084571,10.03604,0.464582,89.06449505845109,100.0,0.0,0.0,37.013485,195.460663,1.694809683995922,-763.292542
9.10131323242149,34.016068,5.756037,7.004344,10.017978,0.464061,89.34315313244886,100.0,0.0,0.0,37.035824,195.490585,2.049725076452598,-791.904846
9.106941162109251,34.062653,5.762268,7.168569,10.0307,0.464061,89.66117726038935,100.0,0.0,0.0,37.023991,195.619736,1.9114658511722717,-775.783936
9.11248217773391,34.141964,5.767364,7.064746,10.037053,0.461051,89.98448377893725,100.0,0.0,0.0,37.005737,195.596893,1.34702130479103,-808.402832
9.118622070312085,33.912193,5.776997,7.136579,10.02618,0.461051,90.34273349848962,100.0,0.0,0.0,36.98579,195.465088,2.0939118246687065,-788.982361
9.124479248046555,34.105827,5.791605,7.064676,10.022097,0.460691,90.68448740607167,100.0,0.0,0.0,36.969612,195.513794,1.4852821610601423,-814.247864
9.130479248046868,34.214172,5.804589,7.115409,10.060072,0.460691,91.03457469016723,100.0,0.0,0.0,36.977501,195.544724,1.5722292558613644,-823.911011
9.136465087890429,34.122887,5.897329,7.213543,10.129654,0.465181,91.38383575915547,100.0,0.0,0.0,37.038235,195.371735,2.066830173292557,-789.406555
9.141775146484179,34.060352,5.890872,7.152181,10.185518,0.465181,91.69366642440117,100.0,0.0,0.0,37.014671,195.449295,1.6976608562691136,-776.585266
9.147482177733764,34.09613,5.882303,7.330839,10.275588,0.465408,92.026659602828,100.0,0.0,0.0,36.979298,195.530914,1.7019366972477064,-890.42157
9.153465087890254,33.976723,5.962338,7.317313,10.323233,0.465408,92.37574973075955,100.0,0.0,0.0,37.032982,195.474686,1.7589510703363922,-824.429504
9.158479980468655,34.134838,5.981571,7.299739,10.367509,0.465604,92.66835808454401,100.0,0.0,0.0,36.981617,195.415802,1.5508482161060138,-818.207397
9.164221923827427,34.131634,6.145551,7.489688,10.537335,0.465604,93.00338831056304,100.0,0.0,0.0,37.019909,195.540359,1.4810062181447505,-907.768066
9.169465087889876,34.077911,6.200857,7.510194,10.632484,0.461311,93.30931582168104,100.0,0.0,0.0,37.017273,195.57428,1.5194907237512745,-894.381104
9.174487060546198,34.243721,6.222148,7.421921,10.694963,0.461311,93.60233728301917,100.0,0.0,0.0,37.018181,195.391891,1.5522729867482168,-811.608215
9.18047998046859,34.080925,6.270456,7.644349,10.820165,0.462244,93.95201145956106,100.0,0.0,0.0,37.062405,195.418198,1.924293476044852,-968.716431
9.186538085937173,34.224098,6.358205,7.669759,10.913255,0.462244,94.30548907461426,100.0,0.0,0.0,37.070049,195.425018,2.120993476044853,-932.703613
9.191633056640057,34.292061,6.440824,7.82229,11.030707,0.460879,94.6027698172815,100.0,0.0,0.0,37.071095,195.371994,1.8458981651376145,-947.5047
9.197480957031075,34.248322,6.541278,7.808241,11.160778,0.460879,94.94398241151738,100.0,0.0,0.0,37.058094,195.306274,1.925718246687055,-990.96521
9.204377929687325,34.26836,6.599254,7.921994,11.345055,0.460928,95.34640614913536,100.0,0.0,0.0,37.017132,195.554489,1.5351695208970435,-978.379578
9.20953002929673,34.348999,6.693984,8.005398,11.401338,0.460928,95.647020242408,100.0,0.0,0.0,36.977379,195.563507,1.4254166156982675,-1009.301575
9.215479003905784,34.258957,6.803252,8.015869,11.595528,0.464679,95.9941303030996,100.0,0.0,0.0,37.046906,195.372162,1.5693780835881757,-998.695679
9.221464843749345,34.158989,6.835067,8.121036,11.727448,0.464679,96.34339137208784,100.0,0.0,0.0,37.011147,195.371094,1.9228687054026492,-1049.69812
9.227314941405893,34.19529,6.98978,8.30444,11.862877,0.463133,96.68473217211623,100.0,0.0,0.0,37.006104,195.447052,1.7062126401630981,-1032.115967
9.232780761718459,34.330502,7.027424,8.390409,12.091604,0.463133,96.88607520738464,100.0,0.0,0.0,36.975109,195.419907,2.2435755351681963,-1126.107544
9.238551757812274,34.315304,7.122015,8.604443,12.195549,0.460388,97.02980973733266,100.0,0.0,0.0,37.061024,195.269363,1.944248114169214,-1089.670532
9.244479736327776,34.268959,7.300847,8.742489,12.322741,0.460388,97.17745412863766,100.0,0.0,0.0,36.933189,195.384583,1.7389964322120273,-1147.083618
9.249859863281017,34.181797,7.328107,8.616571,12.446093,0.45831,97.31145352945265,100.0,0.0,0.0,36.950188,195.435913,1.6306683995922533,-1120.026855
9.255464843749905,34.171795,7.431912,8.816887,12.630508,0.45831,97.45105321379762,100.0,0.0,0.0,37.033138,195.307724,1.56082640163099,-1180.07959
9.260478759765647,34.284382,7.541477,8.857306,12.690212,0.456246,97.57593163166473,100.0,0.0,0.0,37.004795,195.37413,1.633519469928643,-1176.308594
9.26647973632771,34.061779,7.612507,8.925736,12.742708,0.456246,97.72539413890401,100.0,0.0,0.0,37.005352,195.425186,1.6976608562691136,-1177.015747
9.27196972656202,34.136856,7.620238,8.87975,12.90976,0.456916,97.86212983460335,100.0,0.0,0.0,36.947361,195.331512,1.9898596330275224,-1215.102539
9.277479736328132,34.225319,7.684951,9.037255,12.997684,0.456916,97.99936414403719,100.0,0.0,0.0,36.952526,195.164383,1.9570773700305801,-1215.291138
9.283478759764876,34.239235,7.784219,9.131933,13.128384,0.45738,98.14877800603409,100.0,0.0,0.0,36.900536,195.381393,1.7888837920489287,-1227.02832
9.289288574218517,34.28627,7.772439,9.065755,13.156062,0.45738,98.29347936017459,100.0,0.0,0.0,37.024395,195.385712,1.7589510703363922,-1218.260742
9.294691650390632,34.203316,7.804847,9.079315,13.160146,0.455076,98.42805034258762,100.0,0.0,0.0,36.968372,195.316101,1.657749949031601,-1233.061768
9.30047875976561,34.195332,7.837535,9.098355,13.118121,0.455076,98.57218619578535,100.0,0.0,0.0,36.932369,195.335358,1.56225117227319,-1229.526489
9.306464599609171,34.16407,7.8612,9.132631,13.153444,0.453557,98.72127170239614,100.0,0.0,0.0,36.965336,195.344421,1.686258002038736,-1253.095093
9.31152050781202,34.247417,7.853294,9.091427,13.18416,0.453557,98.84719599297459,100.0,0.0,0.0,36.922562,195.294113,1.975607237512742,-1222.314575
9.316754638671227,34.185921,7.942283,9.247954,13.194893,0.453368,98.97755916192101,100.0,0.0,0.0,36.883312,195.155792,1.998412945973497,-1279.114868
9.322521484374192,34.250046,8.009805,9.262336,13.2317,0.453368,99.12119032072896,100.0,0.0,0.0,36.898373,195.317001,2.0625543323139643,-1250.502563
9.327945556639861,34.475452,8.063436,9.274482,13.237197,0.450694,99.25628423949767,100.0,0.0,0.0,36.883049,195.34314,1.8302194699286443,-1252.010986
9.333938476562253,34.456112,8.081533,9.236227,13.244388,0.450694,99.40554608511212,100.0,0.0,0.0,36.89352,195.260132,1.9470992864424057,-1258.893066
9.339511474609026,34.314312,8.143227,9.30689,13.212642,0.449683,99.54434920361298,100.0,0.0,0.0,36.950047,195.228027,1.5294672782874619,-1224.718506
9.345479492187224,34.340797,8.075547,9.12935,13.232991,0.449683,99.69299082238696,100.0,0.0,0.0,36.890293,195.335678,1.7375716615698273,-1199.924438
9.35095336914037,34.315098,8.011393,9.192859,13.255383,0.451373,99.8293251948366,100.0,0.0,0.0,36.983276,195.295029,1.5380205912334364,-1268.886108
9.356037353515603,34.259373,8.108148,9.197571,13.241875,0.451373,99.95594876077439,100.0,0.0,0.0,36.842525,195.075241,2.0411733944954125,-1244.0448
9.362880371093524,34.212315,8.062318,9.274028,13.289938,0.449712,100.25676154043518,100.0,0.0,0.0,36.89666,195.244507,1.977032008154945,-1211.190186
9.368483398437093,34.264214,8.140626,9.295565,13.296011,0.449712,100.61785687231198,100.0,0.0,0.0,36.83905,195.299286,1.9998377166156969,-1289.626465
9.373516357421067,34.273422,8.135548,9.238077,13.320478,0.44778,100.94221331094553,100.0,0.0,0.0,36.828964,195.225571,1.8986366972477076,-1251.162476
9.379357421874374,34.185329,8.137798,9.286315,13.367791,0.44778,101.31864929417658,100.0,0.0,0.0,36.842369,195.108368,2.055427319062183,-1243.007812
9.38446435546848,34.282398,8.176525,9.390033,13.40842,0.444777,101.64777313523099,100.0,0.0,0.0,36.885284,195.232452,1.56082640163099,-1288.966553
9.389479492187093,34.348324,8.189701,9.283575,13.451509,0.444777,101.97098099176316,100.0,0.0,0.0,36.875492,195.23288,1.6406464831804277,-1307.161499
9.394504394530486,34.30286,8.170713,9.430347,13.454738,0.451051,102.29481820835089,100.0,0.0,0.0,36.891235,195.187805,1.57935616717635,-1271.101562
9.401527343749876,34.292355,8.244466,9.387327,13.576362,0.451051,102.74742249230592,100.0,0.0,0.0,36.863503,195.19458,1.6791309887869517,-1327.383301
9.407482421874192,34.268337,8.291866,9.435251,13.643238,0.447504,103.13120625418561,100.0,0.0,0.0,36.913765,195.181931,1.8074136595310906,-1310.41394
9.413290283202514,34.413254,8.383961,9.582442,13.749016,0.447504,103.50550241322776,100.0,0.0,0.0,36.870132,195.113922,1.942823343527014,-1349.349243
9.41894018554649,34.287689,8.412338,9.567328,13.786695,0.451393,103.86961867337124,100.0,0.0,0.0,36.871601,195.073959,1.9356964322120285,-1337.329346
9.425021240233946,34.29697,8.45986,9.642495,13.886696,0.451393,104.26152117996763,100.0,0.0,0.0,36.847549,195.245575,1.7789057084607542,-1347.793701
9.43047827148439,34.385822,8.514014,9.573611,13.914898,0.445013,104.61320757901383,100.0,0.0,0.0,36.763573,195.124588,1.5779298674821602,-1365.84729
9.436502197265327,34.24395,8.592199,9.73342,13.994724,0.445013,105.0014283292852,100.0,0.0,0.0,36.771374,194.941086,1.6976608562691136,-1361.322144
9.442479248046766,34.228416,8.594276,9.740611,14.046888,0.448028,105.3866281512899,100.0,0.0,0.0,36.845909,195.079025,1.600735677879714,-1373.672119
9.447735107421067,34.261955,8.664818,9.787871,14.169158,0.448028,105.72534973319159,100.0,0.0,0.0,36.854652,195.103302,1.9200176350662592,-1422.223389
9.45355126953109,34.355564,8.691381,9.912393,14.32916,0.445514,106.10018084828096,100.0,0.0,0.0,36.864655,195.094238,1.944248114169214,-1404.358398
9.459479248046591,34.29158,8.742358,9.782671,14.343313,0.445514,106.48221813600648,100.0,0.0,0.0,36.880028,194.972717,1.9927107033639153,-1401.907227
9.465479248046904,34.258236,8.783981,9.933283,14.551116,0.44205,106.86889695414173,100.0,0.0,0.0,36.864479,195.133438,1.7717803261977583,-1473.602905
9.470657226562253,34.291111,8.887263,10.124244,14.640261,0.44205,107.20259938960034,100.0,0.0,0.0,36.82476,195.098343,1.7560999999999996,-1480.296387
9.47594799804665,34.415001,8.944226,10.2029,14.804014,0.446457,107.54357093370065,100.0,0.0,0.0,36.848476,194.934204,1.525191437308869,-1471.528931
9.481479003906315,34.24662,9.005013,10.197298,14.890105,0.446457,107.8575083215521,100.0,0.0,0.0,36.825962,195.102081,1.546572375127421,-1496.22876
9.486499023437318,34.444431,9.053547,10.270161,14.926965,0.446905,107.91802770024081,100.0,0.0,0.0,36.765038,195.149445,1.6506230377166153,-1553.170532
9.491727050781265,34.421776,9.179412,10.355921,15.062568,0.446905,107.98105473920783,100.0,0.0,0.0,36.859978,194.989899,1.7874590214067285,-1512.161133
9.497352050781046,34.431656,9.244246,10.528994,15.172202,0.446798,108.04886752419898,100.0,0.0,0.0,36.862701,194.911362,1.8672791029561662,-1556.941528
9.502464111327754,34.31982,9.324648,10.513146,15.243755,0.446798,108.11049651312821,100.0,0.0,0.0,36.840851,194.962585,1.8630032619775734,-1574.759399
9.507487060546737,34.474991,9.346603,10.659693,15.354821,0.440621,108.17105121097576,100.0,0.0,0.0,36.801807,195.096481,1.8059888888888875,-1580.180176
9.51263305663997,34.574646,9.452939,10.796604,15.532291,0.440621,108.233089313495,100.0,0.0,0.0,36.793064,195.011383,1.7233176350662582,-1589.9375
9.518381103514912,34.478558,9.479362,10.693271,15.556201,0.446276,108.30238550315782,100.0,0.0,0.0,36.726871,194.84938,1.6292436289500503,-1612.186279
9.523479003905777,34.414238,9.56554,10.834789,15.573706,0.446276,108.36384378281929,100.0,0.0,0.0,36.774391,194.978317,1.6306683995922533,-1623.310669
9.529463867187587,34.46172,9.644459,10.851526,15.70896,0.442877,108.43599493782244,100.0,0.0,0.0,36.784164,195.017151,1.6434975535168204,-1633.256592
9.535146972655639,34.435528,9.639293,10.862189,15.766481,0.442877,108.5045082194641,100.0,0.0,0.0,36.791634,195.004181,1.7917349643221203,-1635.990601
9.540476806640072,34.362457,9.697757,10.935523,15.876814,0.442345,108.56876259920115,100.0,0.0,0.0,36.763676,195.006805,1.8672791029561662,-1669.97644
9.545489990234273,34.488495,9.735908,10.957582,15.913621,0.442345,108.6291995665192,100.0,0.0,0.0,36.77795,195.020935,1.9057636085626901,-1630.758301
9.551479003906024,34.46307,9.737548,10.905313,16.062208,0.436799,108.7014007569974,100.0,0.0,0.0,36.725788,194.994644,1.887233741080531,-1662.481689
9.556626953124578,34.379826,9.882994,10.98383,16.170271,0.436799,108.76346240562255,100.0,0.0,0.0,36.790535,194.863525,1.7475482161060147,-1667.43103
9.562466796875015,34.439621,9.887863,11.056693,16.228195,0.438684,108.83386526226265,100.0,0.0,0.0,36.691879,194.933716,1.666303363914374,-1680.676636
9.567478759765436,34.545052,9.973501,11.080149,16.224688,0.438684,108.89428751326452,100.0,0.0,0.0,36.725632,194.969833,1.5579752293577982,-1685.720337
9.57347875976484,34.528973,10.058057,11.125333,16.300762,0.440983,108.96662115058841,100.0,0.0,0.0,36.670116,194.964981,1.7375716615698273,-1729.463623
9.578741699217971,34.39732,10.053152,11.164199,16.376347,0.440983,109.03006907619839,100.0,0.0,0.0,36.661407,194.748291,1.760377370030582,-1700.427124
9.584478759765261,34.427032,10.082926,11.141703,16.391687,0.437747,109.09923281901553,100.0,0.0,0.0,36.719227,194.97554,1.8501741080530063,-1711.73999
9.590479736327325,34.469322,10.078353,11.167095,16.479628,0.437747,109.17157822939235,100.0,0.0,0.0,36.660969,195.004608,1.8401975535168187,-1736.298462
9.595489746093335,34.339138,10.127272,11.235124,16.470955,0.4343,109.23197693428833,100.0,0.0,0.0,36.661705,194.849594,1.8302194699286443,-1721.026001
9.601445800781221,34.585693,10.210989,11.261913,16.555004,0.4343,109.30378078422946,100.0,0.0,0.0,36.625751,194.862244,1.796010805300713,-1727.106689
9.60663183593715,34.505325,10.235457,11.274199,16.570955,0.434902,109.36630158191964,100.0,0.0,0.0,36.723118,194.982483,1.633519469928643,-1740.305176
9.611849609374985,34.569508,10.221374,11.259662,16.605684,0.434902,109.65606165704229,100.1996524318882,0.0,0.0,36.685684,194.844635,1.6791309887869517,-1724.938477
9.617480712890028,34.505566,10.198424,11.235281,16.625824,0.438164,110.02177081980795,100.46176088094626,0.0,0.0,36.693398,194.691055,1.763226911314985,-1723.854248
9.622753662109062,34.606026,10.218825,11.355753,16.685999,0.438164,110.36421983335285,100.70719848262655,0.0,0.0,36.723431,194.896378,1.7432722731906232,-1777.826416
9.628499755858684,34.710922,10.264149,11.315334,16.647203,0.430959,110.73739697858818,100.97465933053597,0.0,0.0,36.672245,194.858292,1.7974355759429161,-1702.171143
9.634478759765443,34.620632,10.261461,11.312803,16.772301,0.430959,111.12570035583211,101.25296134299779,0.0,0.0,36.62582,194.81369,1.7732050968399584,-1740.210938
9.640389648437122,34.594746,10.304585,11.404182,16.86408,0.433254,111.50958002371503,101.52809282620372,0.0,0.0,36.628212,194.817383,1.710488481141691,-1802.761963
9.64550854492154,34.509731,10.400782,11.502874,16.883802,0.433254,111.84202416053306,101.7663598043698,0.0,0.0,36.641373,194.865967,1.6990856269113137,-1779.476196
9.65148754882739,34.489796,10.466785,11.566104,16.911062,0.43382,112.23032753777699,102.04466181683162,0.0,0.0,36.645576,194.845001,1.7005119266055033,-1797.294067
9.657478515624462,34.422234,10.464046,11.448598,17.001238,0.43382,112.61940783888718,102.32352066059644,0.0,0.0,36.532314,194.644272,1.7475482161060147,-1785.604004
9.663856445312376,34.357323,10.490799,11.551426,17.106421,0.434618,113.03361924873285,102.62039129242793,0.0,0.0,36.561424,194.779602,1.7774809378185512,-1823.078125
9.669577636718714,34.642216,10.602493,11.612229,17.12616,0.434618,113.40517912387921,102.88669302211474,0.0,0.0,36.590816,194.779388,1.8458981651376145,-1826.89624
9.675463623046198,34.522594,10.576664,11.643137,17.159458,0.43396,113.78744152167316,103.16066538709809,0.0,0.0,36.561687,194.738907,1.9185913353720694,-1816.054688
9.68047753906194,34.488976,10.615163,11.705301,17.232809,0.43396,114.11306775517494,103.39404588648267,0.0,0.0,36.633606,194.782654,1.6791309887869517,-1848.814941
9.686346435546511,34.540916,10.656106,11.685598,17.271275,0.432303,114.49422026173136,103.66722277817601,0.0,0.0,36.649975,194.845322,1.672003975535167,-1868.65979
9.691596435546671,34.570141,10.722965,11.754779,17.312653,0.432303,114.83517884990015,103.91159217286688,0.0,0.0,36.535789,194.755234,1.7033614678899094,-1835.003784
9.697478515624425,34.488876,10.732895,11.866681,17.414171,0.431369,115.21718755826838,104.18538271538392,0.0,0.0,36.610115,194.500397,1.6463470948012235,-1884.969238
9.703477539062078,34.586197,10.745059,11.737222,17.475132,0.431369,115.60679109381913,104.46461656798547,0.0,0.0,36.578598,194.691696,1.6506230377166153,-1880.066895
9.708966308593517,34.465057,10.803349,11.798339,17.505655,0.431875,115.9632564481351,104.72009986092817,0.0,0.0,36.491879,194.68364,1.7404212028542303,-1892.699707
9.71447729492138,34.515156,10.871203,11.963907,17.538956,0.431875,116.32116466105985,104.9766172691479,0.0,0.0,36.573414,194.728241,1.818816513761468,-1917.682373
9.720479492187224,34.43132,10.959912,12.05054,17.664593,0.429436,116.710974319269,105.2559988525033,0.0,0.0,36.541706,194.679642,1.684833231396533,-1914.901367
9.72637329101508,34.614086,11.001274,11.993629,17.720579,0.429436,117.09374409591439,105.53033486241922,0.0,0.0,36.625366,194.832581,1.6734302752293568,-1919.237915
9.732128417967942,34.533642,11.031693,12.123367,17.877054,0.427777,117.43739553278756,105.78116424725695,0.0,0.0,36.610882,194.676071,1.6591763506625896,-1942.382324
9.738511230468248,34.530926,11.062618,12.220733,17.939987,0.427777,117.67090366473492,105.97575454778685,0.0,0.0,36.575336,194.546173,1.7518240570846078,-1941.392456
9.744463378905493,34.58757,11.186145,12.306405,18.092798,0.429782,117.88865642853834,106.15721536200498,0.0,0.0,36.499645,194.715912,1.6420712538226307,-1960.105835
9.750342285155966,34.564598,11.178553,12.242705,18.211264,0.429782,118.10372970796352,106.33644327038778,0.0,0.0,36.520378,194.678299,1.7290183486238528,-1957.371948
9.755623291015581,34.670174,11.191747,12.342008,18.269344,0.423825,118.29692946324785,106.4974432241348,0.0,0.0,36.580971,194.610931,1.6078625891946996,-1974.529907
9.76147729492186,34.663475,11.270823,12.407907,18.319658,0.423825,118.51109171798444,106.6759119445336,0.0,0.0,36.467098,194.610504,1.6648769622833854,-2006.394653
9.76721313476537,34.662361,11.339915,12.346004,18.367773,0.427746,118.72093107125752,106.85077824351804,0.0,0.0,36.582771,194.717987,1.690533843017329,-2001.115234
9.772628173827798,34.674011,11.390038,12.452672,18.478264,0.427746,118.91903428295399,107.01586441494372,0.0,0.0,36.421268,194.616806,1.7418475025484201,-2012.899536
9.778463134764934,34.62698,11.403337,12.54693,18.553307,0.423255,119.13249987175224,107.19375257982531,0.0,0.0,36.4431,194.574173,1.6691529051987772,-2035.996826
9.783478271484455,34.628845,11.443528,12.470787,18.663151,0.423255,119.31597309874363,107.34664708539007,0.0,0.0,36.502419,194.572464,1.6962360856269105,-2003.849243
9.789512207031294,34.753746,11.509899,12.541416,18.814531,0.421997,119.53671795343605,107.53060131112434,0.0,0.0,36.389103,194.639526,1.7503992864424047,-2038.447876
9.794781249999687,34.667805,11.477997,12.568815,18.868109,0.421997,119.72948005960527,107.69123655691826,0.0,0.0,36.388214,194.669403,1.6292436289500503,-2055.794434
9.800482177734011,34.709278,11.600929,12.72667,18.961338,0.420212,119.93804219199137,107.86503850412119,0.0,0.0,36.420498,194.526001,1.7361453618756375,-2074.88501
9.806477050780813,34.687668,11.63833,12.74592,19.030676,0.420212,120.15735798834875,108.04780184674327,0.0,0.0,36.37167,194.602936,1.614989602446484,-2088.837646
9.811509033203038,34.733307,11.652273,12.810266,19.036871,0.421861,120.34144749674712,108.20120992065016,0.0,0.0,36.428806,194.537262,1.7418475025484201,-2096.143799
9.816676025389825,34.750694,11.842571,12.818695,19.15579,0.421861,120.53047618801601,108.35873398431352,0.0,0.0,36.434288,194.37355,1.6677281345565742,-2095.29541
9.822479003905755,34.674938,11.876742,12.823582,19.172684,0.422242,120.74277173530245,108.53564711364702,0.0,0.0,36.43256,194.543671,1.7062126401630981,-2118.581055
9.827608154296286,34.731461,11.910984,12.854245,19.204969,0.422242,120.93041602630926,108.69201750929545,0.0,0.0,36.393326,194.739487,1.7133395514780838,-2101.611816
9.832755126953089,34.571087,11.876429,12.886741,19.358532,0.419475,121.11871232518143,108.84893124536381,0.0,0.0,36.344566,194.478256,1.7846079510703359,-2112.217529
9.838489013671278,34.623859,11.868226,12.878626,19.370922,0.419475,121.32848022553775,109.02373800019265,0.0,0.0,36.361355,194.365707,1.6434975535168204,-2133.947754
9.844463134765647,34.60873,12.01437,12.951611,19.362616,0.421138,121.54703683465463,109.20586868616138,0.0,0.0,36.33165,194.586395,1.6990856269113137,-2129.658447
9.849477050780479,34.586674,12.048576,12.965188,19.437485,0.421138,121.73046540357304,109.35872597662889,0.0,0.0,36.335091,194.509903,1.7119147808358808,-2137.247559
9.854663085937318,34.706974,12.076744,13.000424,19.49375,0.419599,121.92019076078026,109.51683059580942,0.0,0.0,36.342194,194.471756,1.637795310907236,-2142.998291
9.860684082031185,34.720665,12.080775,13.056516,19.594606,0.419599,122.13968728683237,109.69974439741446,0.0,0.0,36.352299,194.46109,1.686258002038736,-2156.196533
9.866479003905624,34.69899,12.115436,13.006638,19.663315,0.420656,122.34926492050465,109.87439212985441,0.0,0.0,36.337288,194.4478,1.7233176350662582,-2164.916992
9.872479003905937,34.780655,12.110183,13.176551,19.68136,0.420656,122.56625935617745,110.05522052016636,0.0,0.0,36.323814,194.426468,1.7005119266055033,-2195.509033
9.877491943359018,34.728954,12.221056,13.133793,19.741064,0.417228,122.7475560174596,110.20630081550632,0.0,0.0,36.277428,194.307022,1.8245187563710494,-2169.772217
9.882786865234266,34.762733,12.174598,13.118121,19.828447,0.417228,122.93905078149247,110.36587951542027,0.0,0.0,36.312313,194.45047,1.7518240570846078,-2158.930664
9.888476806640028,34.808819,12.242348,13.219728,19.874887,0.417973,123.14483171890257,110.53736333966386,0.0,0.0,36.331356,194.4366,1.56225117227319,-2215.495117
9.894290771483611,34.736012,12.312208,13.264353,19.969635,0.417973,123.35509805561776,110.71258499033478,0.0,0.0,36.313972,194.384003,1.6107137614678884,-2195.556152
9.89947778320311,34.674339,12.324896,13.28095,20.052916,0.418007,123.54269016907416,110.8689114869399,0.0,0.0,36.287201,194.283615,1.56225117227319,-2215.778076
9.904639892577507,34.723007,12.42118,13.341561,20.117245,0.418007,123.72938167085907,111.02448747508913,0.0,0.0,36.315403,194.473297,1.5907591233435263,-2244.720215
9.91046289062433,34.680481,12.441633,13.412521,20.206251,0.416324,123.93997470004332,111.19998136902346,0.0,0.0,36.279209,194.309586,1.6320946992864431,-2258.060059
9.916793701171628,34.764164,12.475176,13.378769,20.332745,0.416324,124.16893314370509,111.390779749117,0.0,0.0,36.282139,194.199753,1.7489745158002046,-2246.794189
9.923308837890545,34.692741,12.52727,13.493202,20.361628,0.414524,124.40455787964116,111.58713336336929,0.0,0.0,36.232018,194.350555,1.704787869520898,-2272.248291
9.928736816405944,34.724865,12.52228,13.514582,20.401558,0.414524,124.6008647354482,111.750722132974,0.0,0.0,36.3083,194.319351,1.72474250764526,-2287.803711
9.93432885742186,34.762486,12.604043,13.51528,20.433041,0.416147,124.80310503285565,111.91925542887631,0.0,0.0,36.275524,194.427002,1.5750787971457705,-2266.40332
9.939476806640414,34.781399,12.572105,13.469206,20.493984,0.416147,124.98928442212147,112.07440465731534,0.0,0.0,36.18692,194.282761,1.6449223241590205,-2253.346436
9.945631835937093,34.74538,12.610291,13.562959,20.587091,0.418244,125.21188560692565,112.25990533066145,0.0,0.0,36.137058,194.397339,1.56225117227319,-2309.86377
9.95147680664013,34.566048,12.678598,13.580655,20.641577,0.418244,125.4232732934671,112.43606143793922,0.0,0.0,36.178562,194.347092,1.7233176350662582,-2289.453369
9.95752270507819,34.650028,12.723869,13.573884,20.703218,0.41082,125.64192768006384,112.61827311834631,0.0,0.0,36.146832,194.198364,1.5950349643221193,-2301.284912
9.963476562499636,34.708099,12.716679,13.637724,20.699116,0.41082,125.85725333528654,112.79771086063705,0.0,0.0,36.11652,194.30452,1.6677281345565742,-2303.17041
9.968798583983698,34.744301,12.782281,13.709138,20.833759,0.411846,126.04972817672663,112.95810629034123,0.0,0.0,36.166866,194.264297,1.6477734964322122,-2309.392578
9.974462646484426,34.687809,12.796121,13.686589,20.845871,0.411846,126.25457318436047,113.12881017442477,0.0,0.0,36.165855,194.231232,1.7432722731906232,-2298.83374
9.979910644530719,34.726185,12.756085,13.713553,20.914982,0.410878,126.45160406131517,113.2930022939646,0.0,0.0,36.168999,194.101547,1.686258002038736,-2338.240479
9.985737548828183,34.787788,12.851095,13.703257,21.0228,0.410878,126.48203424024413,113.31836061749344,0.0,0.0,36.166031,194.386353,1.6035867482161068,-2311.796387
9.990921630858793,34.849396,12.833904,13.756451,21.10891,0.411237,126.25899308426004,113.13249303802813,0.0,0.0,36.163448,194.250275,1.6249676860346585,-2342.624268
9.996481445312384,34.779053,12.976035,14.020309,21.12816,0.411237,126.01978632881,112.93315412933624,0.0,0.0,36.167374,194.122665,1.5594000000000012,-2403.242676
10.001512451171948,34.80801,13.041498,14.006173,21.201597,0.412647,125.8033311577935,112.75277486918547,0.0,0.0,36.084091,194.170685,1.6192655453618758,-2382.549316
10.007463623046533,34.801022,13.059142,14.033852,21.270325,0.412647,125.54728654922853,112.5394044200451,0.0,0.0,36.103954,194.296631,1.637795310907236,-2367.182617
10.012802490234208,34.773632,13.067204,14.043416,21.378807,0.412644,125.31758588053397,112.34798724816287,0.0,0.0,36.157234,194.187592,1.580781039755352,-2406.212402
10.018477539062587,34.722378,13.033121,14.059123,21.471565,0.412644,125.07342125442253,112.14451678170948,0.0,0.0,36.061405,194.096054,1.6392201834862379,-2397.727539
10.023489501953009,34.737385,13.060818,14.020466,21.495073,0.414463,124.85778539254075,111.9648202789854,0.0,0.0,36.116276,194.234268,1.6962360856269105,-2362.94043
10.0294775390621,34.723007,13.084395,14.14099,21.550728,0.414463,124.60015468552265,111.75012808149337,0.0,0.0,36.084599,194.154999,1.7176154943934756,-2421.343262
10.034919433593132,34.878891,13.106577,14.131566,21.572002,0.408379,124.36602134432997,111.55501701686674,0.0,0.0,36.03746,194.16188,1.7233176350662582,-2401.121582
10.04113745117138,34.861198,13.123558,14.089699,21.502123,0.408379,124.09849590391558,111.3320792104524,0.0,0.0,36.077232,194.118301,1.5964597349643221,-2389.855713
10.046477294921715,34.830841,13.14087,14.086173,21.487551,0.406806,123.86875321936795,111.1406270253688,0.0,0.0,36.057461,194.217468,1.5422965341488282,-2408.710449
10.052477294921118,34.807545,13.147502,14.131235,21.565353,0.406806,123.61060781814983,110.92550591616002,0.0,0.0,36.048717,194.059769,1.580781039755352,-2418.797852
10.057725341796868,34.771702,13.135931,14.087081,21.545527,0.40782,123.38481462379012,110.73734497200506,0.0,0.0,36.065872,193.988937,1.6634521916411824,-2385.849121
10.063513427733596,34.689358,13.123487,14.109577,21.504951,0.40782,123.13578666268664,110.52982172749326,0.0,0.0,36.026642,194.157928,1.6292436289500503,-2396.030762
10.069477294921853,34.784439,13.163017,14.14914,21.529768,0.409417,122.87919584803186,110.31599610673511,0.0,0.0,35.99472,194.106125,1.6620258919469926,-2418.515137
10.075349365233706,34.788933,13.182651,14.12387,21.51256,0.409417,122.62655452356499,110.1054617269056,0.0,0.0,36.067844,194.085007,1.6520493374108052,-2395.747803
10.080477294921366,34.65847,13.215164,14.058861,21.535318,0.411875,122.405929279132,109.921607406519,0.0,0.0,36.007301,193.975113,1.7361453618756375,-2364.542969
10.08550830078093,34.628548,13.128636,14.093713,21.613766,0.411875,122.18947410811549,109.74122814636821,0.0,0.0,36.018333,194.138306,1.5166396534148816,-2432.184814
10.091476318359128,34.779041,13.126053,14.154411,21.553486,0.407276,121.93270472608519,109.52725371950424,0.0,0.0,36.019711,194.053589,1.6677281345565742,-2407.013672
10.09735229492162,34.617535,13.114116,14.123241,21.528233,0.407276,121.67989533820607,109.31657928686927,0.0,0.0,35.996204,193.954361,1.634944240570846,-2395.13501
10.102592285155879,34.808231,13.153348,14.078285,21.495457,0.404952,121.45444877463412,109.1287072016256,0.0,0.0,35.937057,194.021576,1.5964597349643221,-2404.845215
10.107681152343503,34.629379,13.14813,14.056156,21.557987,0.404952,121.23550416432364,108.94625340929373,0.0,0.0,35.967426,194.156219,1.5936086646279295,-2393.532471
10.113727294921773,34.606056,13.15614,14.144743,21.50036,0.409304,120.97537351404831,108.72947792632029,0.0,0.0,35.883846,193.986481,1.5536993883792054,-2409.276123
10.118881103515378,34.578602,13.148619,14.089734,21.543346,0.409304,120.9987277842699,108.74893987161005,0.0,0.0,35.93425,193.929565,1.614989602446484,-2393.013916
10.124406249999993,34.802166,13.13539,14.052683,21.585825,0.408985,121.0349641995737,108.77913694179874,0.0,0.0,35.979782,194.08847,1.6021619775739038,-2371.236572
10.129476074218474,34.713737,13.106909,14.108844,21.562281,0.408985,121.06821440505284,108.80684549906701,0.0,0.0,35.886883,194.044144,1.691958613659532,-2400.97998
10.135462158203154,34.676498,13.125338,14.073294,21.550589,0.405644,121.10747385743382,108.83956177161159,0.0,0.0,35.919327,193.924225,1.633519469928643,-2383.397949
10.141653076171679,34.642826,13.100032,14.048512,21.534201,0.405644,121.14807670393965,108.87339754138952,0.0,0.0,35.929222,193.975327,1.656325178389398,-2385.849121
10.147498046874716,34.775421,13.116891,14.055284,21.528633,0.409087,121.1864106714527,108.90534257507727,0.0,0.0,35.901421,194.042435,1.6135648318042812,-2394.003662
10.153654052734055,34.659122,13.072458,14.027203,21.461948,0.409087,121.2267845485189,108.93898753662592,0.0,0.0,35.936832,193.907852,1.5679533129459726,-2377.694336
10.159478027343539,34.578297,13.095216,14.023956,21.460535,0.406357,121.2649808141312,108.97081781851143,0.0,0.0,35.900707,193.86618,1.4596252803261986,-2396.832031
10.164615966796191,34.60751,13.093942,14.065144,21.478825,0.406357,121.29867775019538,108.99889865197531,0.0,0.0,35.888157,193.928543,1.4624763506625886,-2391.411133
10.170562011718175,34.622692,13.106211,13.989104,21.555737,0.407491,121.33767460825398,109.03139609550168,0.0,0.0,35.846813,193.95639,1.5978845056065252,-2374.111816
10.176476074218044,34.570053,13.087693,13.992071,21.49968,0.407491,121.37646171109164,109.06371874267815,0.0,0.0,35.845348,193.840683,1.5836321100917419,-2366.805664
10.183364990233713,34.640526,13.067658,14.029471,21.501444,0.406261,121.42164234520533,109.10136934271854,0.0,0.0,35.836533,193.917664,1.6420712538226307,-2407.390625
10.189107910156054,34.751858,13.145425,14.071008,21.444445,0.406261,121.4593070174333,109.13275662927451,0.0,0.0,35.870514,193.866928,1.6320946992864431,-2398.293213
10.195025878905653,34.686947,13.165513,14.091112,21.468248,0.404272,121.49811973922924,109.1651006256235,0.0,0.0,35.843079,193.80014,1.5693780835881757,-2376.657227
10.200478027343706,34.732468,13.096158,14.05209,21.525841,0.404272,121.53387740025015,109.19489873315094,0.0,0.0,35.850948,193.751068,1.5023856269113154,-2378.684082
10.206620849608953,34.81699,13.074534,14.07366,21.475334,0.407681,121.57416481333216,109.22847164124238,0.0,0.0,35.859482,193.949142,1.3940575942915385,-2396.549072
10.212475830077892,34.74332,13.0586,14.056173,21.469069,0.407681,121.61256442942582,109.26047138218468,0.0,0.0,35.859413,193.797852,1.4824309887869533,-2361.14917
10.218475830078205,34.709953,13.06176,14.055161,21.495527,0.410484,121.65191514934565,109.29326371115631,0.0,0.0,35.900932,193.742966,1.6164143730886842,-2417.525146
10.224461914061976,34.759506,13.062039,14.080729,21.505772,0.410484,121.69117460172663,109.32597998370089,0.0,0.0,35.924404,193.849976,1.6092889908256882,-2405.976562
10.230600830077492,34.710716,13.187834,14.041112,21.46125,0.405476,121.73143639585035,109.35953154261982,0.0,0.0,35.775677,193.838074,1.744697145769622,-2372.179199
10.235611816406163,34.64275,13.119073,14.075109,21.460972,0.405476,121.76430071577039,109.3869185279772,0.0,0.0,35.776272,193.766968,1.6520493374108052,-2379.579834
10.240909912108691,34.605152,13.032825,14.059978,21.49708,0.408023,121.77605167667026,109.39671109717483,0.0,0.0,35.805416,193.765366,1.3755292558613663,-2394.239502
10.246476806640203,34.675289,13.090504,14.059751,21.474829,0.408023,121.78503484179777,109.40419718189162,0.0,0.0,35.829468,193.904068,1.4040356778797158,-2371.707764
10.252246826171358,34.675777,13.068915,13.982421,21.472839,0.409094,121.79434578490029,109.41195641907242,0.0,0.0,35.833656,193.781952,1.3912080530071353,-2387.121826
10.257476806640625,34.652294,13.072947,13.955701,21.44619,0.409094,121.80278527982888,109.4189894384042,0.0,0.0,35.790146,193.619583,1.585056880733945,-2375.054688
10.263476806640028,34.700203,13.0297,13.986225,21.439714,0.408756,121.81246733693675,109.42705794195652,0.0,0.0,35.77409,193.739975,1.5508482161060138,-2385.943359
10.269341796874869,34.729389,13.079962,14.033328,21.374304,0.408756,121.82193153200114,109.43494489104658,0.0,0.0,35.776482,193.707321,1.5779298674821602,-2388.158691
10.275602783202885,34.695358,13.121306,14.033468,21.426783,0.413093,121.83203473653123,109.44336435611817,0.0,0.0,35.781002,193.759491,1.6677281345565742,-2374.67749
10.281476806640057,34.646961,13.079683,13.970675,21.464933,0.413093,121.84151350826038,109.45126345261347,0.0,0.0,35.818157,193.725311,1.4724529051987763,-2366.758545
10.28747363281218,34.839283,13.020188,13.986086,21.506067,0.406462,121.8511904438374,109.45932768815854,0.0,0.0,35.721806,193.859512,1.3384695208970425,-2383.162109
10.293204589843299,34.779171,13.038339,13.919767,21.500746,0.406462,121.86043835271396,109.46703439601934,0.0,0.0,35.743916,193.614182,1.4539230377166141,-2374.583252
10.29846166992138,34.630089,13.057746,14.020413,21.495579,0.411008,121.8689215776368,109.47410385756687,0.0,0.0,35.762955,193.544525,1.4852821610601423,-2384.199219
10.303480712890632,34.719204,13.06614,13.988965,21.461565,0.411008,121.87702068774519,109.48085321857064,0.0,0.0,35.744267,193.643845,1.5123637104994898,-2370.906494
10.309475585937435,34.626923,13.044779,14.046121,21.46003,0.410702,121.88669447161091,109.48891482764971,0.0,0.0,35.69894,193.608963,1.5594000000000012,-2382.643799
10.31481567382798,34.699036,13.054081,13.967778,21.448702,0.410702,121.89531164426393,109.49609591400224,0.0,0.0,35.75568,193.622192,1.4767288481141678,-2382.785156
10.320476562499607,34.717087,13.053854,14.032211,21.380098,0.410651,121.90444648549766,109.50370839739529,0.0,0.0,35.775574,193.624008,1.4581989806320088,-2392.636719
10.32647656249992,34.581352,13.060451,14.020449,21.429174,0.410651,121.91412854260554,109.51177690094761,0.0,0.0,35.61451,193.87648,1.327066666666668,-2390.704102
10.331609619140181,34.667675,13.084797,13.99893,21.443188,0.40991,121.92241163386095,109.51867958190414,0.0,0.0,35.575275,193.614822,1.3398942915392456,-2375.243164
10.336717529296948,34.583107,13.070713,13.977202,21.384321,0.40991,121.9306541468334,109.5255484471109,0.0,0.0,35.567665,193.628113,1.4282677879714565,-2369.680908
10.342483642577463,34.648674,13.031079,13.889331,21.40097,0.409114,121.93995878651333,109.53330243135972,0.0,0.0,35.622238,193.605759,1.4410954128440367,-2376.23291
10.348461425780442,34.536251,13.050521,13.903852,21.366852,0.409114,121.94960499290518,109.54134105886128,0.0,0.0,35.707527,193.674942,1.545147604485218,-2374.300293
10.354316406249382,34.778854,13.076576,13.995876,21.451111,0.405718,121.95905303544917,109.54921454731308,0.0,0.0,35.551296,193.553741,1.4667522935779804,-2391.835449
10.360153564452958,34.76786,13.095721,13.9405,21.435719,0.405718,121.96847231862756,109.55706406926265,0.0,0.0,35.54311,193.497253,1.4140137614678903,-2359.640625
10.366494384765247,34.712406,13.025808,13.953013,21.393291,0.406071,121.98674550284986,109.57229162120088,0.0,0.0,35.604107,193.701355,1.4282677879714565,-2402.865479
10.372476562499287,34.827473,13.054517,14.031705,21.338213,0.406071,122.00468582885745,109.58724177689488,0.0,0.0,35.578331,193.52803,1.3883568807339437,-2389.337158
10.378143310546875,34.599449,13.029438,13.949296,21.376783,0.409387,122.02168019309701,109.60140363723092,0.0,0.0,35.537354,193.44812,1.3812299694189611,-2365.014404
10.383461425781206,34.748524,13.025163,14.008372,21.338108,0.409387,122.03762902064562,109.61469422375022,0.0,0.0,35.564857,193.624542,1.3954838939857284,-2393.626709
10.388477294921358,34.671131,13.038618,13.950518,21.324409,0.40533,122.05267142352797,109.62722946224073,0.0,0.0,35.561157,193.63884,1.475304077471968,-2380.522461
10.394475341796351,34.697224,13.067484,14.059018,21.26631,0.40533,122.07065934049137,109.64221927675693,0.0,0.0,35.571594,193.512299,1.4852821610601423,-2383.680664
10.400169433592964,34.760422,13.049474,14.013905,21.304182,0.406836,122.08773570760867,109.65644947229427,0.0,0.0,35.553547,193.4142,1.4311173292558623,-2386.131836
10.40594726562449,34.863159,13.029229,13.889419,21.356451,0.406836,122.105063208539,109.67088894438562,0.0,0.0,35.59182,193.562973,1.328491437308868,-2358.886475
10.412136230468604,34.833645,13.020102,14.013886,21.351704,0.40822,122.12362368130937,109.68635588503955,0.0,0.0,35.555885,193.464294,1.33276738022426,-2391.222656
10.417510253905675,34.776138,13.072388,14.057273,21.226992,0.40822,122.13974017545618,109.6997861926401,0.0,0.0,35.547039,193.456345,1.4154385321100904,-2368.644043
10.423663330077943,34.760662,13.055808,13.980867,21.202454,0.406923,122.15819301944954,109.7151634433423,0.0,0.0,35.505276,193.515976,1.4596252803261986,-2332.442627
10.429658203124745,34.752449,13.006192,13.961356,21.320116,0.406923,122.1761714182218,109.73014532609406,0.0,0.0,35.460861,193.413345,1.4339683995922523,-2419.12793
10.435468261718597,34.715439,13.039106,14.004271,21.339069,0.406812,122.19359556540086,109.74466533610124,0.0,0.0,35.485451,193.351471,1.5736540265035674,-2363.223145
10.440516357421075,34.653156,13.026838,14.036366,21.325403,0.406812,122.20873461453195,109.7572811125076,0.0,0.0,35.45475,193.41217,1.5166396534148816,-2356.152588
10.445766113281024,34.689785,13.004534,13.945946,21.33741,0.405572,122.22447843488624,109.77040086102362,0.0,0.0,35.469463,193.580948,1.3185133537206937,-2397.208984
10.451461181640298,34.684265,13.019159,13.987447,21.375839,0.405572,122.24155773067774,109.78463349710385,0.0,0.0,35.408573,193.360367,1.2999850152905186,-2368.502441
10.456476074218699,34.690308,13.019665,13.934724,21.372175,0.405792,122.25659720488588,109.79716629505148,0.0,0.0,35.453144,193.274216,1.2999850152905186,-2361.337646
10.462234130858633,34.632236,12.992527,13.890168,21.366241,0.405792,122.27386540016356,109.81155634614903,0.0,0.0,35.470406,193.414307,1.456774209989806,-2375.243164
10.467838134764861,34.635639,12.991114,13.833571,21.320936,0.409308,122.2906715970855,109.82556140160347,0.0,0.0,35.462673,193.51886,1.4254166156982675,-2334.281006
10.472893066405959,34.605228,13.003365,13.813554,21.328894,0.409308,122.30583114693603,109.83819426181016,0.0,0.0,35.506252,193.475006,1.4339683995922523,-2352.522949
10.478475097655974,34.604195,13.02764,13.822978,21.352402,0.408869,122.32257144868836,109.85214440504926,0.0,0.0,35.506516,193.296356,1.4981097859327226,-2358.792236
10.484258056640101,34.684299,12.941322,13.925945,21.324863,0.408869,122.33991432515826,109.86659668999086,0.0,0.0,35.514038,193.354187,1.5209154943934773,-2366.899902
10.490150146483757,34.684822,13.005389,13.901617,21.27947,0.409341,122.3575844809705,109.88132170560196,0.0,0.0,35.479393,193.295029,1.2500961264016304,-2378.684082
10.495461181640167,34.59528,13.005372,13.865997,21.269573,0.409341,122.36913901788638,109.89095034129352,0.0,0.0,35.420876,193.270859,1.237268501529053,-2359.735107
10.500476074218568,34.562374,13.004935,13.941024,21.245316,0.409137,122.37808191417037,109.89840259893896,0.0,0.0,35.455433,193.238327,1.3769540265035665,-2338.617432
10.5054931640625,34.623783,12.979961,13.792995,21.242401,0.409137,122.3870287287673,109.90585812177687,0.0,0.0,35.53606,193.284088,1.1260892966360843,-2364.307373
10.510673095703169,34.555336,12.979019,13.838143,21.292768,0.412867,122.39626593389156,109.91355563165777,0.0,0.0,35.460739,193.274963,1.3598489296636074,-2327.115967
10.516460937499687,34.545837,12.972789,13.736066,21.335089,0.412867,122.406587205602,109.92215651145916,0.0,0.0,35.434837,193.290863,1.4125874617737004,-2335.176514
10.52148193359335,34.621231,12.935633,13.842804,21.326677,0.40788,122.41554098608866,109.92961783908372,0.0,0.0,35.477772,193.331253,1.3684022426095817,-2376.562988
10.526498046874622,34.625603,12.981707,13.84228,21.274374,0.40788,122.42448605921317,109.93707191072498,0.0,0.0,35.368992,193.399796,1.471028134556576,-2347.479248
10.53173706054622,34.649261,12.972824,13.883572,21.195402,0.410457,122.43382862341929,109.94485721800376,0.0,0.0,35.43264,193.361816,1.4239903160040779,-2344.179688
10.537643066405508,34.622604,12.983277,13.913432,21.328127,0.410457,122.44436061329347,109.95363369260095,0.0,0.0,35.409725,193.139206,1.2629252803261977,-2377.882812
10.544166992187456,34.585934,13.005633,13.915335,21.320534,0.407768,122.45599451984624,109.9633284118844,0.0,0.0,35.416809,193.252945,1.2786040774719667,-2348.044922
10.549461914061794,34.54673,13.004691,13.92153,21.217794,0.407768,122.46543678334885,109.97119680017194,0.0,0.0,35.435013,193.325333,1.146045463812436,-2394.852295
10.555047851562449,34.50106,13.005337,14.00188,21.223587,0.408977,122.47539800563487,109.97949764506399,0.0,0.0,35.436478,193.205032,1.2729018348623853,-2371.37793
10.561089843749869,34.570675,13.004395,13.915003,21.166939,0.408977,122.48617249554461,109.98847619879601,0.0,0.0,35.338329,193.238907,1.3912080530071353,-2343.896973
10.566497802734375,34.629913,12.960118,13.86317,21.259104,0.408807,122.49581633448071,109.99651256309687,0.0,0.0,35.393196,193.391373,1.3954838939857284,-2399.330322
10.573466796874527,34.544998,13.003383,13.966679,21.176432,0.408807,122.50824391709237,110.00686866525787,0.0,0.0,35.402534,193.273056,1.362700101936799,-2393.909424
10.578479736327608,34.567837,13.004674,13.961007,21.149818,0.408134,122.5171833304315,110.01431802050999,0.0,0.0,35.422291,193.149338,1.2629252803261977,-2353.371582
10.585282714843743,34.628025,13.005774,13.911077,21.151178,0.408134,122.52931486273046,110.02442741923888,0.0,0.0,35.300735,193.176758,1.0904558613659532,-2377.2229
10.590475830077594,34.55872,12.907885,13.843484,21.211702,0.407757,122.53857557773249,110.03214452027466,0.0,0.0,35.301208,193.191864,1.2002087665647292,-2361.243408
10.595621826171737,34.529236,12.964149,13.807498,21.174809,0.407757,122.54775226668987,110.03979160107163,0.0,0.0,35.291611,193.163742,1.1816788990825702,-2352.381592
10.601460693358604,34.588703,12.913871,13.779679,21.193762,0.404355,122.55816453033466,110.04846830589848,0.0,0.0,35.325275,193.169083,1.2614989806320078,-2364.684326
10.60833178710891,34.549294,12.935738,13.756869,21.166346,0.404355,122.57041753033546,110.05867892559436,0.0,0.0,35.309391,193.330338,1.3213644240570834,-2339.371826
10.613871826171817,34.500866,12.937605,13.737619,21.208561,0.407181,122.58029690341739,110.06691156424343,0.0,0.0,35.41386,193.078827,1.3299162079510711,-2354.738525
10.619066650389868,34.589008,12.909612,13.757951,21.261703,0.407181,122.62376510079216,110.10313522973438,0.0,0.0,35.291573,193.088791,1.3598489296636074,-2354.879883
10.624650634765203,34.670654,12.845231,13.723605,21.310448,0.4065,122.67604264066641,110.14670007998066,0.0,0.0,35.276165,193.129868,1.2814551478083596,-2338.711914
10.630475585937347,34.547966,12.924132,13.815875,21.212332,0.4065,122.73057612369628,110.19214489294087,0.0,0.0,35.257088,193.081161,1.2657749235473996,-2376.987305
10.636460693359368,34.54958,12.936558,13.94256,21.165228,0.405935,122.78660899751655,110.23883920492878,0.0,0.0,35.247299,193.064636,1.2472465851172274,-2344.273926
10.641667724608851,34.595818,12.885249,13.787707,21.169224,0.405935,122.83535748345734,110.27946316112207,0.0,0.0,35.286163,193.124969,1.2059110091743106,-2347.149414
10.647293701171293,34.587482,12.855789,13.747323,21.143326,0.406217,122.88802815628272,110.32335562391829,0.0,0.0,35.30051,193.243118,1.1431943934760462,-2379.485596
10.65246069335899,34.646133,12.934638,13.798038,21.157793,0.406217,122.93640179452592,110.36366720535464,0.0,0.0,35.286076,193.061264,1.3056857288481134,-2357.708008
10.657477539061802,34.47987,12.993417,13.782175,21.145071,0.409879,122.98336975390313,110.40280738145252,0.0,0.0,35.285362,192.971115,1.274328236493374,-2355.068359
10.662741699218714,34.64587,12.97162,13.791547,21.171999,0.409879,123.03265308351001,110.44387704309166,0.0,0.0,35.306061,193.129822,1.3071104994903162,-2341.304443
10.668315673828147,34.588978,12.945895,13.753553,21.174408,0.407606,123.08483691145985,110.4873637996487,0.0,0.0,35.299862,193.187637,1.2016335372069322,-2353.135742
10.673475585937013,34.615669,12.905738,13.751494,21.180864,0.407606,123.13314426565896,110.52762014408536,0.0,0.0,35.274574,193.021149,1.2087605504587167,-2350.260498
10.679472412109135,34.627304,12.965162,13.903171,21.144163,0.410158,123.18928685100047,110.5744058828314,0.0,0.0,35.239445,192.900543,1.1774029561671755,-2379.155518
10.684676513671548,34.678375,13.005023,13.95975,21.137287,0.410158,123.23800790906095,110.61500698233515,0.0,0.0,35.235691,193.044098,1.1688512742099897,-2368.738281
10.691301513671533,34.651051,12.985738,13.798737,21.131493,0.403333,123.30003148907264,110.66669357626148,0.0,0.0,35.241348,193.036835,1.2201634046890941,-2312.880615
10.696497558593364,34.591595,12.908547,13.725211,21.28755,0.403333,123.34867712046227,110.70723181986901,0.0,0.0,35.239689,192.965302,1.2415443425076458,-2328.011719
10.702460449218052,34.681179,12.877133,13.839436,21.333466,0.407192,123.40450199952349,110.75375280196131,0.0,0.0,35.198868,193.00676,1.2458202854230376,-2376.610107
10.707789550780944,34.599525,12.901985,13.826887,21.201912,0.407192,123.45439331381061,110.79532912021838,0.0,0.0,35.249062,193.010864,1.2629252803261977,-2353.182861
10.713477539062296,34.680035,12.950363,13.925632,21.150866,0.405789,123.50764454343592,110.83970538294302,0.0,0.0,35.208294,192.924179,1.2500961264016304,-2352.570068
10.719460449218786,34.499729,12.984133,13.81015,21.157846,0.405789,123.56365684634595,110.88638255241379,0.0,0.0,35.200405,192.930359,1.185954740061163,-2366.805664
10.725353271483982,34.653671,12.971113,13.809976,21.170063,0.404983,123.61882574193639,110.93235687868147,0.0,0.0,35.198921,192.975113,1.2458202854230376,-2356.624023
10.731339355468663,34.602337,12.93223,13.823659,21.128805,0.404983,123.67486775838341,110.97905880956588,0.0,0.0,35.247421,192.854721,1.2158874617736994,-2350.354736
10.736604248046206,34.732925,12.900187,13.832559,21.120953,0.40462,123.7206748387948,111.01723157030311,0.0,0.0,35.191784,192.807724,1.0847537206931706,-2372.320557
10.741956298827972,34.726116,12.910642,13.780918,21.10083,0.40462,123.73440337100376,111.02867195994658,0.0,0.0,35.165291,192.927689,1.2529471967380232,-2342.906982
10.747349365234186,34.626041,12.922631,13.902699,21.121859,0.409699,123.74823711229087,111.04020002340906,0.0,0.0,35.165588,193.076736,1.1588731906218153,-2402.252686
10.75342236328106,34.650997,12.957972,13.962141,21.075541,0.409699,123.76381494454604,111.05318148916862,0.0,0.0,35.185467,192.935318,1.2857310907237514,-2383.067871
10.758474365234179,34.517872,12.987867,13.863275,21.10083,0.409332,123.7767738222488,111.06398050307668,0.0,0.0,35.183739,192.784149,1.1802541284403671,-2341.068604
10.764475341796242,34.585388,12.948705,13.742349,21.089067,0.409332,123.7921669123727,111.07680801778503,0.0,0.0,35.198765,192.805374,1.1018588175331294,-2364.166016
10.769641357421278,34.522537,12.922282,13.824252,21.127985,0.406258,123.80541824626293,111.08785074403518,0.0,0.0,35.185516,192.925247,1.1488950050968392,-2353.984375
10.77551318359383,34.551922,12.951636,13.771128,21.039328,0.406258,123.82048005303959,111.10040219058727,0.0,0.0,35.153233,192.716019,1.1788278287461773,-2342.812744
10.781475341796067,34.481972,12.969473,13.787638,21.055664,0.405959,123.83577357028595,111.11314672828836,0.0,0.0,35.241226,192.727966,1.147470234454639,-2347.62085
10.787460205077878,34.557247,12.863329,13.748335,21.080219,0.405959,123.85112532827202,111.12593979971068,0.0,0.0,35.173439,192.899216,1.2002087665647292,-2338.334717
10.792679199218583,34.457409,12.882823,13.735229,21.111509,0.408771,123.86451255722152,111.13709577131037,0.0,0.0,35.133564,192.787674,1.2030598369011218,-2342.011475
10.798477294921213,34.413868,12.856872,13.779784,21.163395,0.408771,123.87938523815531,111.14948961373545,0.0,0.0,35.213684,192.750488,1.2586494393476046,-2352.900146
10.804460205077703,34.546764,12.864481,13.821651,21.066204,0.411693,123.89473198618526,111.16227851021401,0.0,0.0,35.163841,192.907532,1.114686442405707,-2366.192871
10.809475097656104,34.455227,12.941637,13.82064,21.021318,0.411693,123.90759567472209,111.17299820019059,0.0,0.0,35.180702,192.932602,1.1104104994903152,-2354.549805
10.815261230468423,34.379803,12.927413,13.82118,21.050287,0.40744,123.92243766967475,111.18536647108513,0.0,0.0,35.1451,192.660873,1.166000101936798,-2370.812256
10.820460205077325,34.378242,12.966925,13.818894,21.027931,0.40744,123.93577354657421,111.19647964951126,0.0,0.0,35.177383,192.713684,1.218738634046891,-2351.580322
10.825477050781046,34.531113,12.962684,13.738091,21.029835,0.408331,123.94864224506713,111.2072035144316,0.0,0.0,35.215397,192.760406,1.1446191641182464,-2313.446289
10.830618164061889,34.427479,12.830502,13.719731,21.040236,0.408331,123.96182970201706,111.2181930101488,0.0,0.0,35.069164,192.810287,1.1061346585117224,-2352.758789
10.836082031250044,34.475582,12.841356,13.722297,21.052767,0.410084,123.97584505421287,111.22987241532263,0.0,0.0,35.082043,192.680557,1.1018588175331294,-2332.961182
10.841621093749382,34.426586,12.834865,13.705368,21.086937,0.410084,123.9900532897186,111.2417125558313,0.0,0.0,35.109688,192.668655,1.0348663608562694,-2325.277832
10.84747509765566,34.463593,12.883189,13.803449,21.015768,0.407452,124.00506938064582,111.25422590602156,0.0,0.0,35.091591,192.843353,1.1560220183486236,-2363.270264
10.853464111327412,34.426128,12.91298,13.769836,21.019537,0.407452,124.0204317847886,111.26702784919938,0.0,0.0,35.137226,192.760788,1.1289403669724771,-2345.405273
10.859179931640028,34.383259,12.881654,13.726345,21.018682,0.407544,124.03509342132159,111.2792458221185,0.0,0.0,35.091068,192.705139,1.2586494393476046,-2322.685059
10.864476074218146,34.544582,12.835196,13.768371,21.066851,0.407544,124.04097399668127,111.28414624813354,0.0,0.0,35.140579,192.764191,1.185954740061163,-2366.569824
10.869498046874469,34.510975,12.848984,13.696013,21.042749,0.408986,124.03487590273713,111.27906445226846,0.0,0.0,35.030979,192.827682,1.1018588175331294,-2358.697998
10.875473876953038,34.602154,12.961323,13.810901,21.013046,0.408986,124.02761955633602,111.27301743635256,0.0,0.0,34.995186,192.567734,1.1175375127420997,-2339.654541
10.880846923827448,34.478874,12.981707,13.726345,21.029869,0.406074,124.02109515908164,111.26758038416983,0.0,0.0,34.994034,192.718689,1.002083995922528,-2317.641602
10.886459960936918,34.46896,12.855738,13.719172,21.078665,0.406074,124.01427934586482,111.26190048291878,0.0,0.0,35.016212,192.722748,0.9778519877675834,-2342.294189
10.89147485351532,34.494537,12.844358,13.692698,21.07692,0.4086,124.00818984913626,111.25682585147177,0.0,0.0,35.027855,192.615845,1.1531724770642207,-2335.553711
10.898344970702965,34.471436,12.848757,13.655856,21.054302,0.4086,123.9998475854713,111.2498738954366,0.0,0.0,35.058064,192.56517,1.1574483180428135,-2326.880371
10.903485839843597,34.473465,12.843992,13.777812,21.095961,0.406654,123.99360511759664,111.2446717867574,0.0,0.0,35.059723,192.664597,1.1389185524974506,-2380.098389
10.909473876952688,34.540569,12.872055,13.747864,21.008909,0.406654,123.98633394841006,111.23861241839653,0.0,0.0,35.019409,192.688766,1.0533962283384313,-2348.799072
10.915476806640072,34.4193,12.858407,13.741442,21.021055,0.407227,123.9790446954252,111.23253798005278,0.0,0.0,35.056301,192.536194,1.0804777777777788,-2331.452637
10.921408691406214,34.30468,12.850711,13.717236,21.008926,0.407227,123.9718417110518,111.22653543293883,0.0,0.0,35.052132,192.589279,0.965024260958207,-2368.549561
10.927020751953023,34.47723,12.843242,13.777288,21.004511,0.408585,123.96502708365783,111.22085651988337,0.0,0.0,35.066475,192.732025,0.9921059123343535,-2325.324951
10.932474853515487,34.505119,12.856732,13.701564,21.021055,0.408585,123.9584042631079,111.21533744746597,0.0,0.0,35.06995,192.654724,1.0491202854230366,-2331.829834
10.938459716796388,34.502831,12.837569,13.756398,20.976763,0.408376,123.95113694784554,111.2092812907408,0.0,0.0,35.013947,192.457886,1.1104104994903152,-2361.90332
10.943921630859222,34.451038,12.886837,13.751581,20.953533,0.408376,123.94450464071289,111.2037543127586,0.0,0.0,35.048817,192.610672,1.059098369011214,-2325.13623
10.949473632812442,34.464478,12.894777,13.714757,20.935505,0.406716,123.93776294142346,111.19813617373245,0.0,0.0,34.996544,192.642731,0.9949570846075424,-2330.179932
10.954931640624636,34.517796,12.836122,13.758474,20.93807,0.406716,123.93113537758218,111.19261314853264,0.0,0.0,35.022446,192.411209,1.0847537206931706,-2357.849609
10.960100585936743,34.529758,12.86867,13.727654,20.9065,0.40964,123.92485881730093,111.18738262922999,0.0,0.0,35.027035,192.500031,1.0448444444444436,-2320.422607
10.965168701171933,34.403996,12.8586,13.645803,20.947739,0.40964,123.91870469322768,111.18225414112288,0.0,0.0,35.035431,192.582504,1.1488950050968392,-2304.490234
10.970596679687333,34.578278,12.773695,13.714635,21.040184,0.407026,123.91211359343868,111.17676150293774,0.0,0.0,34.941223,192.6064,1.0348663608562694,-2366.758545
10.976473632812485,34.52121,12.816714,13.729644,21.076082,0.407026,123.90497731159991,111.17081454182619,0.0,0.0,34.997192,192.442688,1.0476955147808364,-2349.411865
10.98235473632758,34.48,12.927152,13.785892,21.037199,0.406939,123.89783599001407,111.16486338088336,0.0,0.0,34.923317,192.542435,0.965024260958207,-2366.098633
10.988046630858662,34.448662,12.912212,13.844758,20.996553,0.406939,123.89103248898952,111.1591937408246,0.0,0.0,34.955288,192.537476,1.0476955147808364,-2371.849365
10.99450463867106,34.482094,12.899018,13.728038,20.966343,0.411676,123.88705361351576,111.15587801126314,0.0,0.0,34.93602,192.337753,1.0277393476044847,-2318.914307
11.000474609374578,34.407715,12.853556,13.761616,20.971352,0.411676,123.88337542502491,111.15281285418743,0.0,0.0,34.958763,192.421616,1.0961581039755348,-2352.287354
11.005508544921213,34.511272,12.869803,13.667026,20.991545,0.407801,123.88027394183297,111.1502282848608,0.0,0.0,34.942444,192.46637,1.0519713557594292,-2340.73877
11.010649658202965,34.481842,12.821235,13.666293,21.011614,0.407801,123.87710642483135,111.14758868735946,0.0,0.0,34.922512,192.451065,1.0505450560652394,-2350.731689
11.01648242187457,34.521328,12.850502,13.771355,20.998299,0.404448,123.87351277165035,111.1445939763753,0.0,0.0,34.967087,192.29364,1.0163364933741073,-2353.135742
11.022474609374513,34.552502,12.920712,13.74282,20.962521,0.404448,123.86982089505773,111.14151741254811,0.0,0.0,34.91473,192.519073,1.0491202854230366,-2332.348389
11.027494384765305,34.562744,12.846261,13.728632,20.91753,0.408131,123.86672813615043,111.13894011345869,0.0,0.0,34.88253,192.574829,1.0291656472986745,-2314.011963
11.032643554686729,34.462666,12.827726,13.637165,20.927914,0.408131,123.8635556553317,111.13629637944308,0.0,0.0,34.928589,192.528198,1.0662253822629955,-2323.62793
11.03796044921819,34.483227,12.800798,13.673937,20.995262,0.407852,123.8602798368655,111.13356653072125,0.0,0.0,34.928219,192.321808,0.9878300713557607,-2361.290527
11.044089355468714,34.515614,12.846173,13.769505,20.919851,0.407852,123.85650372580044,111.13041977150036,0.0,0.0,34.89616,192.443649,0.9550461773700297,-2335.789307
11.049461425780464,34.556854,12.869769,13.744617,20.920095,0.410361,123.85319391270787,111.12766159392322,0.0,0.0,34.869789,192.439545,0.9750008154943947,-2353.560059
11.054673339843248,34.501049,12.876453,13.716799,20.93767,0.410361,123.84998277428302,111.12498564523585,0.0,0.0,34.796982,192.238693,1.036292660550459,-2341.021484
11.060474365233858,34.604607,12.868512,13.776311,20.918926,0.408291,123.84640867553313,111.12200722961094,0.0,0.0,34.841064,192.374298,0.9892548419979608,-2353.418701
11.066294433593612,34.471886,12.872823,13.741284,20.976343,0.408291,123.84282284412457,111.11901903677048,0.0,0.0,34.908081,192.415161,1.0377174311926591,-2326.408936
11.072364257812296,34.443371,12.86764,13.76872,20.958193,0.409871,123.83908313438509,111.11590261198758,0.0,0.0,34.79808,192.398941,0.986403669724772,-2389.384277
11.077473388671933,34.403122,12.871811,13.752786,20.946535,0.409871,123.8359353222333,111.11327943519441,0.0,0.0,34.87878,192.274551,0.9179864424057088,-2348.516357
11.083459228515494,34.414108,12.871967,13.75214,20.911299,0.405027,123.83224735652689,111.11020613043907,0.0,0.0,34.881046,192.350876,0.9379427115188594,-2348.893555
11.088518310546533,34.497646,12.854952,13.759295,20.890549,0.405027,123.82913038020875,111.10760865017396,0.0,0.0,34.889042,192.445358,0.9051588175331284,-2367.748291
11.094346191405748,34.543556,12.88956,13.719399,20.920042,0.404003,123.82553973540178,111.10461644616815,0.0,0.0,34.827576,192.141022,0.9194128440366975,-2324.052246
11.09954321289024,34.468918,12.879158,13.705036,20.917686,0.404003,123.82233777251768,111.10194814376473,0.0,0.0,34.827698,192.202789,0.9507703363914369,-2344.273926
11.1059521484367,34.556843,12.860223,13.767847,20.906082,0.404766,123.81838913120278,111.09865760933565,0.0,0.0,34.82766,192.289749,1.0633743119266057,-2383.822021
11.113170166015152,34.536674,12.867099,13.713657,20.842607,0.410586,123.8139420023134,111.0949516685945,0.0,0.0,34.879372,192.23555,1.1175375127420997,-2310.335205
11.119898193359404,34.363483,12.859612,13.717759,20.880497,0.410586,123.8426326282676,111.11886062788705,0.0,0.0,34.789982,192.250595,0.9750008154943947,-2349.600586
11.125475097655908,34.427959,12.827447,13.768091,20.872103,0.409917,123.874379767552,111.14531668907956,0.0,0.0,34.835899,192.247925,0.912285830784913,-2325.419189
11.13159008788989,34.417706,12.800973,13.748143,21.006239,0.409917,123.9091900200432,111.17432535539699,0.0,0.0,34.82555,192.202957,0.9265397553516831,-2353.418701
11.137365234374556,34.474785,12.84455,13.745578,21.018019,0.407329,123.94206567471959,111.20172185005659,0.0,0.0,34.803631,192.062286,0.8011074413863402,-2343.614014
11.142546142577885,34.410725,12.820693,13.798057,21.091475,0.407329,123.9715585628146,111.22629936065356,0.0,0.0,34.740105,192.250107,0.9379427115188594,-2349.836182
11.148476074218706,34.356472,12.82935,13.71029,21.049259,0.409323,124.00531534896697,111.25443013464582,0.0,0.0,34.834869,192.223495,0.8852041794087664,-2391.03418
11.153493164061729,34.391003,12.902265,13.824025,20.963516,0.409323,124.0338756830866,111.27823051364622,0.0,0.0,34.855305,192.141983,1.0619479102956169,-2339.230225
11.15935815429657,34.397278,12.842927,13.64172,20.956379,0.409247,124.0672627831623,111.30605321460617,0.0,0.0,34.797417,192.17601,0.9664490316004071,-2323.957764
11.164479980468059,34.439499,12.801897,13.707218,20.832224,0.409247,124.09641934031538,111.33035044823387,0.0,0.0,34.809792,192.181625,0.8381663608562682,-2371.613525
11.171299072265356,34.44516,12.821898,13.720848,20.774178,0.406534,124.13523776816429,111.36269927479643,0.0,0.0,34.760139,192.158951,0.9165616717635058,-2311.419434
11.176458984374221,34.460987,12.82216,13.724757,20.850794,0.406534,124.16461113369316,111.38717718283407,0.0,0.0,34.72665,191.991394,0.7341149847094799,-2323.910645
11.181478027343474,34.37711,12.816243,13.691371,20.864546,0.406256,124.19318258619103,111.41098682718884,0.0,0.0,34.740036,192.078659,0.8324657492354752,-2350.16626
11.186572021483698,34.536575,12.809594,13.665228,20.855854,0.406256,124.22218070645408,111.43515202951698,0.0,0.0,34.743561,192.153717,0.813935066258919,-2323.910645
11.192468017577994,34.412994,12.833468,13.659678,20.885225,0.407886,124.25574431078445,111.46312181797732,0.0,0.0,34.751987,192.03743,0.8723750254841993,-2315.19043
11.19751293945319,34.507988,12.791898,13.671179,20.908052,0.407886,124.28446308179407,111.48705422827729,0.0,0.0,34.726002,191.970795,0.878077166156982,-2333.762451
11.203345947265007,34.470955,12.81441,13.675857,20.949974,0.409821,124.317668118426,111.51472520905966,0.0,0.0,34.758656,192.058762,0.9707249745157989,-2337.95752
11.208458984374374,34.47245,12.812526,13.642889,20.88863,0.409821,124.34677464287697,111.53898074859278,0.0,0.0,34.720036,192.140381,0.9621731906218143,-2319.5271
11.213517822265203,34.498802,12.835074,13.63837,20.886414,0.407497,124.3755726323316,111.56297917454253,0.0,0.0,34.694294,192.043137,0.8894801223241582,-2321.506836
11.219472900390429,34.428059,12.8812,13.737951,20.876448,0.407497,124.4094725676039,111.59122923997212,0.0,0.0,34.70171,192.027298,0.9365163098878707,-2354.974121
11.225616943359455,34.453964,12.89586,13.710115,20.825975,0.408497,124.44444820597151,111.62037572843559,0.0,0.0,34.715828,192.048264,0.7155851172273194,-2310.995117
11.231473876952805,34.407135,12.81113,13.689713,20.821682,0.408497,124.47778944273695,111.64816020980882,0.0,0.0,34.726528,191.934692,0.7554951070336388,-2346.489502
11.236896972655813,34.317268,12.832735,13.748719,20.863987,0.409993,124.50866100973447,111.67388662434585,0.0,0.0,34.745129,191.853333,0.7783016309887865,-2354.502686
11.242697753906214,34.305687,12.853521,13.737043,20.8454,0.409993,124.53702714873702,111.6975252001398,0.0,0.0,34.729458,191.970749,0.9750008154943947,-2319.809814
11.247940917968663,34.384251,12.858896,13.703186,20.836535,0.411353,124.54533159443979,111.70444572454586,0.0,0.0,34.737556,192.062347,0.9892548419979608,-2357.425293
11.2534748535154,34.337173,12.867099,13.687131,20.851543,0.411353,124.55409658190229,111.71175004223595,0.0,0.0,34.726318,191.936661,0.9137106014271159,-2330.557129
11.258510742187354,34.319645,12.856034,13.663448,20.887373,0.410526,124.5620727320937,111.71839698100128,0.0,0.0,34.685619,191.91362,0.9179864424057088,-2334.705078
11.264477783202892,34.257408,12.800519,13.671912,20.903149,0.410526,124.57152369863408,111.72627296056025,0.0,0.0,34.677242,191.941147,0.785427930682977,-2312.927734
11.269641845702608,34.356174,12.782211,13.602994,20.997303,0.410012,124.57970285841732,111.73308907772534,0.0,0.0,34.666126,191.994644,0.8338905198776754,-2317.217285
11.275458740234171,34.334297,12.804969,13.755089,20.885696,0.410012,124.58891601372157,111.74076687687318,0.0,0.0,34.720173,191.720352,0.7897045871559627,-2363.977295
11.280622802733888,34.2691,12.83394,13.625437,20.864614,0.410321,124.59709517350481,111.74758299403825,0.0,0.0,34.726719,191.847366,0.8481444444444455,-2322.119629
11.286472656249316,34.320747,12.821548,13.72912,20.849415,0.410321,124.60636053127553,111.75530429620318,0.0,0.0,34.696003,191.903427,0.9265397553516831,-2330.651367
11.291640624999673,34.271435,12.789943,13.714321,20.945192,0.408639,124.61454587801775,111.76212556928138,0.0,0.0,34.652599,191.821915,0.8809267074413849,-2336.967773
11.297326660155704,34.314957,12.799175,13.653954,20.930374,0.408639,124.62355177019587,111.76963064533919,0.0,0.0,34.645008,191.680237,0.8581209989806331,-2357.378174
11.302474609374258,34.28616,12.822787,13.695647,20.844894,0.410255,124.63170540877329,111.77642549436258,0.0,0.0,34.690189,191.901611,0.8566962283384301,-2308.30835
11.308458740233618,34.39397,12.784009,13.654844,20.78437,0.410255,124.64118344325925,111.78432403104154,0.0,0.0,34.658203,191.854187,0.7597718654434249,-2337.250488
11.313680664062304,34.265263,12.766784,13.620917,20.784893,0.410312,124.64945424737252,111.79121652016993,0.0,0.0,34.657627,191.821655,0.7597718654434249,-2326.314697
11.319475585936743,34.283314,12.800536,13.623779,20.792118,0.410312,124.65863260103245,111.79886531730638,0.0,0.0,34.624168,191.794174,0.8581209989806331,-2320.092529
11.325472656249985,34.314453,12.80202,13.604599,20.819466,0.410752,124.66813112982005,111.80678093294759,0.0,0.0,34.570332,191.858139,0.7654732925586136,-2327.540283
11.330615478515028,34.238823,12.765335,13.640306,20.747894,0.410752,124.6762766480138,111.813569014835,0.0,0.0,34.646473,191.792465,0.8452933741080527,-2314.577637
11.3359375,34.272831,12.789472,13.662663,20.800985,0.404946,124.68470599295114,111.82059362423749,0.0,0.0,34.562199,191.737793,0.8338905198776754,-2327.493164
11.341530517577667,34.137775,12.802037,13.661354,20.768732,0.404946,124.69356455816835,111.82797592511376,0.0,0.0,34.616402,191.864273,0.8581209989806331,-2309.628174
11.34747363281258,34.296818,12.813293,13.684688,20.839659,0.403755,124.70297762958492,111.83582032470478,0.0,0.0,34.533123,191.901886,0.7911293577981657,-2357.61377
11.353464599608742,34.347942,12.843469,13.613465,20.781944,0.403755,124.7124664912491,111.84372788423173,0.0,0.0,34.595356,191.782608,0.768323547400612,-2301.049316
11.359292480467957,34.379135,12.809733,13.645385,20.87863,0.402084,124.72169704737551,111.85142018438526,0.0,0.0,34.51902,191.687378,0.7825775739041797,-2354.691406
11.365758544921846,34.347221,12.820886,13.699382,20.823271,0.402084,124.73193839792673,111.8599548318473,0.0,0.0,34.585529,191.72905,0.7497936799184501,-2330.934082
11.3717075195309,34.304134,12.872474,13.717864,20.837181,0.4039,124.74136074978178,111.86780696530803,0.0,0.0,34.601517,191.718796,0.7840031600407741,-2340.880127
11.377171386718146,34.321175,12.841932,13.750098,20.836256,0.4039,124.71238691415854,111.84366206940611,0.0,0.0,34.594746,191.624802,0.8324657492354752,-2352.47583
11.382514404296671,34.309929,12.865825,13.745124,20.790043,0.401152,124.67956377364769,111.81630939721009,0.0,0.0,34.624832,191.71283,0.8766508664627921,-2351.438965
11.388458496093335,34.277641,12.867413,13.717095,20.732573,0.401152,124.6430481235669,111.7858796275068,0.0,0.0,34.592949,191.790329,0.8509956167176342,-2316.227295
11.393476318358807,34.283695,12.843015,13.68481,20.753393,0.407794,124.6122227177218,111.76019173755273,0.0,0.0,34.594082,191.705566,0.7583462793068291,-2341.964355
11.399629394531075,34.337296,12.801356,13.673361,20.71875,0.407794,124.5744232381561,111.72869210779004,0.0,0.0,34.493942,191.704239,0.615809582059124,-2311.419434
11.40545825195295,34.348957,12.801775,13.579747,20.715086,0.404953,124.53861549405298,111.69885226092323,0.0,0.0,34.578011,191.779343,0.6713991845056068,-2307.50708
11.410473388671562,34.458881,12.80085,13.597444,20.758663,0.404953,124.5078065860167,111.67317811917087,0.0,0.0,34.563839,191.657928,0.7569206931702347,-2318.819824
11.416472412109215,34.366657,12.787744,13.628805,20.716446,0.404937,124.47095348075588,111.64246713625103,0.0,0.0,34.53883,191.434204,0.8880537206931695,-2331.924072
11.422170410155559,34.270706,12.811741,13.682121,20.700827,0.404937,124.43594962988162,111.61329720175786,0.0,0.0,34.542809,191.563248,0.8852041794087664,-2292.705811
11.427648193359346,34.348377,12.639331,13.612557,20.866238,0.405345,124.40229859932909,111.58525461980392,0.0,0.0,34.557152,191.623688,0.776876146788991,-2323.439453
11.433459228514948,34.369843,12.703066,13.564338,20.858559,0.405345,124.36660034068437,111.55550601100292,0.0,0.0,34.514866,191.560471,0.6785261977573899,-2375.431641
11.43847314453069,34.22596,12.782194,13.668056,20.850445,0.402952,124.33579893165208,111.52983811843315,0.0,0.0,34.553612,191.474106,0.8053832823649344,-2337.486328
11.443834228515698,34.320518,12.816418,13.626885,20.838717,0.402952,124.30286480588201,111.5023929583348,0.0,0.0,34.487103,191.605927,0.6885034658511728,-2323.580811
11.449475341796642,34.392773,12.808652,13.676084,20.816744,0.404967,124.26821040859419,111.47351423575032,0.0,0.0,34.467625,191.564957,0.6614218144750249,-2360.677734
11.455472167968765,34.341354,12.867133,13.651249,20.744404,0.404967,124.23137080154058,111.44281450135914,0.0,0.0,34.528603,191.478424,0.8424423037716628,-2309.156738
11.462291259765152,34.307255,12.850013,13.661039,20.737913,0.405919,124.18947986539212,111.4079053175754,0.0,0.0,34.535252,191.510864,0.8324657492354752,-2333.80957
11.46765112304638,34.299271,12.871218,13.711546,20.696133,0.405919,124.15655323862605,111.38046640665964,0.0,0.0,34.440662,191.430252,0.8680990825688075,-2333.762451
11.473476074218524,34.144165,12.828565,13.668771,20.684107,0.408247,124.12076949133572,111.35064655717713,0.0,0.0,34.474621,191.525269,0.8381663608562682,-2301.284912
11.479473144530857,34.29348,12.801461,13.653779,20.645119,0.408247,124.08392838448131,111.31994557294944,0.0,0.0,34.497711,191.468719,0.6101081549439352,-2353.324463
11.486172119140065,34.307377,12.845353,13.670377,20.663654,0.403497,124.04277535032651,111.28565130873254,0.0,0.0,34.475006,191.589874,0.6086833843017323,-2327.210449
11.492149169921504,34.338409,12.787587,13.665053,20.657022,0.403497,124.00605722713772,111.25505281109932,0.0,0.0,34.471462,191.42717,0.6599963302752294,-2313.681885
11.497718994140087,34.254105,12.783172,13.583098,20.695086,0.407571,123.9925501116909,111.24379684600544,0.0,0.0,34.488636,191.239182,0.6771006116207955,-2347.337891
11.503458007811787,34.228035,12.770554,13.544146,20.708471,0.407571,124.01329503689738,111.2610842836775,0.0,0.0,34.456226,191.505051,0.8852041794087664,-2301.096436
11.50927294921803,34.180588,12.751758,13.615839,20.749466,0.404602,124.0343144195735,111.2786004359076,0.0,0.0,34.443245,191.539398,0.8452933741080527,-2327.398926
11.514471923827841,34.305302,12.767639,13.661807,20.748053,0.404602,124.0531072549958,111.29426113209286,0.0,0.0,34.338478,191.4142,0.7469434250764531,-2348.704834
11.520458007812522,34.195965,12.817448,13.630899,20.773584,0.405593,124.07474527010353,111.3122928113493,0.0,0.0,34.455826,191.351303,0.7155851172273194,-2307.742676
11.526312988280552,34.321228,12.816889,13.611563,20.740896,0.405593,124.09590938276365,111.3299295718994,0.0,0.0,34.387974,191.429733,0.5288624872579002,-2347.432129
11.53162109374989,34.329811,12.842666,13.636642,20.715208,0.406206,124.11509669564234,111.3459189992983,0.0,0.0,34.455566,191.354935,0.6257876656472984,-2310.712402
11.537945068358567,34.237217,12.796749,13.702506,20.701647,0.406206,124.13795609061503,111.36496849510888,0.0,0.0,34.40382,191.315842,0.6286380224260957,-2301.614746
11.54412890625008,34.274731,12.745562,13.637426,20.829641,0.406204,124.16030893064374,111.38359586179946,0.0,0.0,34.375267,191.346878,0.7540703363914373,-2317.217285
11.549485839843328,34.309032,12.732438,13.557549,20.835627,0.406204,124.1796727435029,111.39973237251544,0.0,0.0,34.419491,191.271988,0.8410174311926609,-2310.995117
11.554634033203001,34.305183,12.733048,13.568107,20.787075,0.405762,124.19828201894549,111.41524010205093,0.0,0.0,34.39642,191.245743,0.7440922528032614,-2306.140137
11.560472900389868,34.133137,12.754637,13.643343,20.706656,0.405762,124.21938788661205,111.4328283251064,0.0,0.0,34.454292,191.299561,0.7241376146788994,-2311.749268
11.566472900390181,34.145912,12.799228,13.572104,20.70903,0.409588,124.24107620421422,111.4509019231082,0.0,0.0,34.424236,191.323303,0.6329138634046886,-2306.941406
11.572094970702892,34.239475,12.747342,13.6109,20.718645,0.409588,124.26139841196743,111.46783709623588,0.0,0.0,34.40279,191.194687,0.49607940876656503,-2311.419434
11.57757373046843,34.213211,12.732455,13.578857,20.756884,0.410749,124.28120259227792,111.48434057982794,0.0,0.0,34.455494,191.09819,0.5744740061162072,-2334.281006
11.583472900390007,34.316025,12.768319,13.609346,20.738785,0.410749,124.30252643742038,111.50211045078001,0.0,0.0,34.430084,191.274765,0.6614218144750249,-2311.278076
11.58953393554657,34.320431,12.800082,13.642855,20.700739,0.406318,124.32443537999816,111.52036790292816,0.0,0.0,34.421185,191.292679,0.7569206931702347,-2327.16333
11.595677734374476,34.143936,12.755877,13.572662,20.675014,0.406318,124.34664349004287,111.53887466129875,0.0,0.0,34.333572,191.11824,0.7740249745158008,-2297.843994
11.601473876952696,34.177719,12.741688,13.628718,20.7169,0.406442,124.36759492022651,111.55633418645178,0.0,0.0,34.386105,191.199432,0.6842276248725786,-2321.08252
11.607010742187413,34.230148,12.791688,13.613169,20.743776,0.406442,124.38760913551377,111.57301269919115,0.0,0.0,34.369736,191.167755,0.5944293577981646,-2335.553711
11.612947753906155,34.225407,12.746103,13.556117,20.624107,0.406597,124.40906976814111,111.59089655971394,0.0,0.0,34.388863,191.15094,0.5630710499490309,-2289.877686
11.618034667968459,34.185112,12.734131,13.547025,20.685259,0.406597,124.4274575361082,111.6062196996865,0.0,0.0,34.417553,191.078552,0.5873023445463815,-2316.227295
11.6238395996088,34.164749,12.72804,13.567636,20.71833,0.405536,124.44778103376579,111.62315592450538,0.0,0.0,34.309071,191.246277,0.6885034658511728,-2328.483154
11.629476806640014,34.294811,12.723642,13.583308,20.669395,0.405536,124.4665051210914,111.63875927241119,0.0,0.0,34.287083,191.087418,0.6386152905198772,-2299.399414
11.635457763671184,34.164387,12.752439,13.60617,20.66238,0.407191,124.48637098039424,111.6553140934158,0.0,0.0,34.34668,191.047089,0.7483689092762486,-2329.001465
11.640675781249229,34.165237,12.782159,13.604878,20.695766,0.407191,124.50370272220499,111.6697571577203,0.0,0.0,34.334846,191.169891,0.6471678899082561,-2314.671875
11.646471679687238,34.163822,12.780693,13.646205,20.61367,0.405991,124.52295390596895,111.68579975101973,0.0,0.0,34.317066,191.229523,0.6685480122324166,-2307.224121
11.652288574218801,34.226334,12.773171,13.614966,20.614893,0.405991,124.5422748286463,111.70190045986355,0.0,0.0,34.310432,191.127319,0.650018960244649,-2313.964844
11.658349609374454,34.155773,12.733171,13.641127,20.622572,0.404931,124.56240666892111,111.71867693085142,0.0,0.0,34.292877,190.963608,0.605832212028542,-2319.951172
11.66357055664048,34.093567,12.731286,13.598038,20.633827,0.404931,124.57974814174302,111.73312810430164,0.0,0.0,34.38588,191.177139,0.6129592252803265,-2300.907715
11.669457519530624,34.279846,12.722648,13.551335,20.665173,0.410165,124.59930179777085,111.74942275688079,0.0,0.0,34.285999,191.0466,0.5587952089704381,-2322.968018
11.675510498046606,34.111008,12.726103,13.51678,20.679884,0.410165,124.61940687776494,111.7661769277179,0.0,0.0,34.332859,190.855362,0.7668980632008151,-2296.146973
11.681627441405908,34.111824,12.714794,13.643309,20.606516,0.403388,124.63972441816958,111.78310814823674,0.0,0.0,34.305023,191.01593,0.5816009174311929,-2305.480225
11.687932617187471,34.108673,12.709157,13.563116,20.596777,0.403388,124.66066717604187,111.80056038136863,0.0,0.0,34.285564,191.022598,0.6671232415902135,-2322.260986
11.694536621092993,34.140633,12.724898,13.650376,20.572187,0.404797,124.68260249705345,111.81883974736483,0.0,0.0,34.285614,191.051514,0.4661466870540272,-2331.688477
11.700475585937056,34.167355,12.755231,13.607514,20.560947,0.404797,124.70232887852954,111.83527833728067,0.0,0.0,34.286541,190.97789,0.6899290519877672,-2295.722656
11.70574755859343,34.190533,12.758634,13.59062,20.565294,0.407676,124.71983983312933,111.84987074501899,0.0,0.0,34.286434,191.088593,0.513183690112131,-2323.863525
11.711457519530995,34.0471,12.783695,13.569835,20.610424,0.407676,124.73880557389897,111.86567547004373,0.0,0.0,34.268845,191.022232,0.6671232415902135,-2299.352295
11.716525390625065,34.166832,12.779366,13.599381,20.625923,0.406152,124.75563860138728,111.87970294062964,0.0,0.0,34.268444,190.888702,0.6970552497451575,-2308.826904
11.723340332030602,34.193153,12.794865,13.645036,20.577143,0.406152,124.77827455520308,111.89856616511828,0.0,0.0,34.245598,190.910263,0.5844520897043831,-2322.119629
11.72845751953082,34.173901,12.791688,13.554756,20.593235,0.404179,124.79527138804607,111.9127301396573,0.0,0.0,34.273834,190.929138,0.4861020387359831,-2297.749512
11.733478271484273,34.125,12.787308,13.580149,20.581419,0.404179,124.81194790843807,111.92662718814941,0.0,0.0,34.245754,191.001801,0.45331824668705395,-2286.248047
11.738803466796526,34.085091,12.732228,13.52151,20.594265,0.407617,124.82963564307411,111.94136691203514,0.0,0.0,34.208355,190.742859,0.5545193679918452,-2290.914795
11.744703369140552,34.048279,12.693851,13.510463,20.575974,0.407617,124.84923227773459,111.95769738000793,0.0,0.0,34.274395,190.976776,0.5017808358817537,-2297.513916
11.749988281249898,34.106602,12.67605,13.469049,20.590616,0.408543,124.86641381934649,111.97201527737884,0.0,0.0,34.238251,190.838882,0.6001307849133534,-2302.086182
11.755947265624854,34.132057,12.7575,13.565036,20.54484,0.408543,124.88578267410837,111.98815592883061,0.0,0.0,34.284534,190.759659,0.7184361875637107,-2314.813232
11.761933349608626,34.21154,12.733171,13.608037,20.578156,0.410093,124.90523961240346,112.00436998295,0.0,0.0,34.284916,190.89473,0.7483689092762486,-2310.240967
11.767654296874753,34.193153,12.765684,13.543656,20.646847,0.410093,124.92383476045472,112.01986588124028,0.0,0.0,34.185074,190.902313,0.6143848114169209,-2325.466309
11.773474365233596,34.033978,12.782403,13.606693,20.579535,0.403521,124.94275208791574,112.03563026135986,0.0,0.0,34.138077,190.763031,0.5317135575942915,-2317.641602
11.77850415039029,34.121357,12.74558,13.555315,20.552763,0.403521,124.95910070909748,112.04925406098332,0.0,0.0,34.201321,190.683167,0.49465382262996915,-2299.210938
11.784457275390196,34.189728,12.74345,13.565175,20.603863,0.403552,124.9784505187711,112.06537884158804,0.0,0.0,34.197239,190.886627,0.3549682976554543,-2305.810059
11.789664306640589,34.174675,12.684375,13.562086,20.574194,0.403552,124.99537525387277,112.07948273433482,0.0,0.0,34.169209,190.759506,0.5046311926605511,-2300.860596
11.795499267577725,34.143578,12.719437,13.59076,20.563879,0.406425,125.01434098759978,112.09528745285732,0.0,0.0,34.183868,190.651794,0.5987053007135579,-2319.008545
11.801457275390021,34.281536,12.761618,13.578264,20.517492,0.406425,125.03370666818027,112.11142545916792,0.0,0.0,34.214394,190.734161,0.6072577981651379,-2310.759521
11.806474121093743,34.20118,12.776871,13.584181,20.517912,0.407284,125.05001323145879,112.1250142106708,0.0,0.0,34.212177,190.820953,0.6885034658511728,-2302.322021
11.811628173827557,34.309372,12.703485,13.549154,20.628696,0.407284,125.06676576722074,112.13897460450882,0.0,0.0,34.183453,190.758545,0.5046311926605511,-2305.574463
11.818328124999425,34.300701,12.707429,13.56364,20.645294,0.405717,125.08854303210235,112.15712225682736,0.0,0.0,34.160397,190.61409,0.5231610601427116,-2320.941162
11.823473144530908,34.121174,12.741129,13.601772,20.584492,0.405717,125.10526620668658,112.17105818310951,0.0,0.0,34.178406,190.737961,0.36494556574923587,-2296.759766
11.828956054687296,34.313889,12.710989,13.576327,20.545816,0.407375,125.12308764802722,112.18590932823831,0.0,0.0,34.171688,190.731384,0.45046788990825654,-2306.422852
11.835036132812093,34.302032,12.703572,13.562366,20.558277,0.407375,125.14285010127983,112.20237797719582,0.0,0.0,34.170326,190.671646,0.5787506625891944,-2313.964844
11.840322998046759,34.17186,12.763537,13.572627,20.527021,0.407831,125.16003432570906,112.21669811023368,0.0,0.0,34.115685,190.656128,0.5602207951070339,-2304.301758
11.845470947265312,34.199978,12.776365,13.55706,20.535799,0.407831,125.17676702283741,112.23064197193935,0.0,0.0,34.140171,190.744034,0.5288624872579002,-2272.437012
11.851457031249993,34.231907,12.684986,13.584599,20.500301,0.407203,125.1962239611325,112.24685602605874,0.0,0.0,34.199421,190.626831,0.5402653414882777,-2333.196777
11.856676025390698,34.291832,12.708598,13.605681,20.549063,0.407203,125.21318757995603,112.26099232178491,0.0,0.0,34.132107,190.48793,0.5530937818552494,-2308.025391
11.862470947265138,34.174541,12.736068,13.611773,20.572397,0.403992,125.23202317224658,112.27668858951922,0.0,0.0,34.118668,190.696777,0.5060567787971455,-2299.163818
11.868622070312085,34.215153,12.754672,13.572644,20.568504,0.403992,125.25201654719437,112.29334967249724,0.0,0.0,34.049873,190.641724,0.4832509683995918,-2321.176758
11.874067871093757,34.220062,12.749192,13.538177,20.553427,0.403294,125.23233409797288,112.27694743723922,0.0,0.0,34.047535,190.603104,0.5103326197757383,-2294.49707
11.879365966796286,34.212067,12.709785,13.590341,20.578278,0.403294,125.20820016481063,112.25683561881151,0.0,0.0,34.052002,190.493362,0.5345639143730889,-2295.204102
11.884470947265072,34.257671,12.707185,13.632907,20.570913,0.409535,125.1849459118996,112.23745687482167,0.0,0.0,34.056576,190.679749,0.513183690112131,-2320.752441
11.890475830077776,34.277237,12.744497,13.552801,20.545311,0.409535,125.15759241574466,112.2146620595575,0.0,0.0,34.069141,190.498489,0.5388405708460761,-2280.686035
11.896352783202929,34.175285,12.732124,13.590533,20.587719,0.409402,125.13082166605194,112.19235287135457,0.0,0.0,34.049961,190.519669,0.487526911314985,-2326.974609
11.902324951171067,34.239006,12.732857,13.602906,20.61772,0.409402,125.10361719284727,112.16968224316331,0.0,0.0,34.079296,190.610092,0.47469918450560716,-2309.910889
11.90747192382787,34.263134,12.773014,13.555908,20.569674,0.406462,125.08017165674633,112.15014409487092,0.0,0.0,34.105633,190.508514,0.4547438328236498,-2318.961426
11.913471923828183,34.201759,12.754218,13.558596,20.562082,0.406462,125.05284040282277,112.12736781499076,0.0,0.0,34.075806,190.560318,0.45616931702344526,-2306.469971
11.91998071288981,34.256176,12.761094,13.601301,20.615015,0.404747,125.02319150838909,112.10266014809604,0.0,0.0,34.029453,190.490814,0.4376394495412848,-2318.537109
11.926048828124294,34.297146,12.760693,13.646938,20.619726,0.404747,124.99554997533774,112.07962529960884,0.0,0.0,34.12188,190.592316,0.41483374108053,-2330.27417
11.931470703124432,34.209034,12.788582,13.669067,20.640181,0.407284,124.97085220160993,112.0590436091963,0.0,0.0,34.075874,190.60289,0.43336360856269046,-2316.274414
11.937456787109113,34.327259,12.754951,13.591057,20.660286,0.407284,124.94358433804581,112.03632015516058,0.0,0.0,34.086418,190.409241,0.47469918450560716,-2319.149902
11.942835693358575,34.241035,12.755021,13.628073,20.665312,0.409089,124.91908229595418,112.01590157612739,0.0,0.0,34.031006,190.499344,0.4376394495412848,-2353.842773
11.948471679686918,34.278885,12.767744,13.643465,20.618505,0.409089,124.89340920038022,111.9945071091257,0.0,0.0,34.01469,190.462906,0.5288624872579002,-2300.389404
11.95447167968723,34.316746,12.767848,13.624338,20.547108,0.407791,124.86607794645667,111.97173082924554,0.0,0.0,34.035877,190.409882,0.4661466870540272,-2326.220459
11.961374755858742,34.106514,12.802229,13.639993,20.554508,0.407791,124.8346329918388,111.94552643009143,0.0,0.0,34.041286,190.488831,0.5060567787971455,-2320.894043
11.966585693358866,34.068325,12.800589,13.645874,20.551455,0.406368,124.81089608250674,111.92574546826843,0.0,0.0,34.042648,190.517166,0.5260121304791029,-2321.176758
11.9724707031246,34.2346,12.790658,13.612313,20.526218,0.406368,124.78408863313226,111.90340569668187,0.0,0.0,34.042019,190.349823,0.40913231396534133,-2321.506836
11.978470703124913,34.213234,12.780449,13.638614,20.534927,0.410011,124.7567573792087,111.88062941680171,0.0,0.0,34.016121,190.279129,0.40770672782874545,-2321.83667
11.984102539062405,34.263878,12.800379,13.653064,20.525887,0.410011,124.73110318953141,111.85925070487644,0.0,0.0,34.008076,190.508362,0.38490101936799215,-2326.739014
11.989471679687085,34.304596,12.800326,13.634129,20.529099,0.409061,124.70664563190255,111.83886919661128,0.0,0.0,33.981041,190.337769,0.4433408766564735,-2315.991699
11.99566650390625,34.270355,12.761705,13.655629,20.513477,0.409061,124.6784269129468,111.81535335490885,0.0,0.0,33.956905,190.330353,0.5089078491335368,-2303.406006
12.000879638671904,34.051125,12.738826,13.568788,20.61587,0.409132,124.67838527216514,111.81531851700612,0.0,0.0,33.990097,190.388809,0.49607940876656503,-2313.540527
12.006237548827812,34.064594,12.724724,13.561458,20.642624,0.409132,124.72834079579816,111.85694812003364,0.0,0.0,34.016243,190.411438,0.3720725790010189,-2301.520508
12.01159643554638,34.121891,12.712717,13.592977,20.633514,0.404015,124.77830542460272,111.8985853107041,0.0,0.0,33.986469,190.295563,0.4889523955147805,-2311.985107
12.01745654296883,34.136017,12.8027,13.632314,20.545189,0.404015,124.8329432826982,111.944116859117,0.0,0.0,34.043503,190.170685,0.3392895005096837,-2320.328369
12.023344482421635,34.16885,12.804358,13.647357,20.546375,0.408266,124.88784063818245,111.98986465535388,0.0,0.0,34.015106,190.294708,0.39630387359836955,-2307.884033
12.02862060546795,34.074162,12.707097,13.496989,20.630669,0.408266,124.93703360369933,112.03085879328461,0.0,0.0,33.974987,190.340271,0.3264610601427119,-2283.467041
12.034456542968655,34.124969,12.636888,13.542645,20.675556,0.408236,124.9914461087993,112.07620254753458,0.0,0.0,33.948982,190.272049,0.34213985728848106,-2314.341797
12.0406494140625,34.150013,12.747604,13.535908,20.575485,0.408236,125.04918655409571,112.12431958528158,0.0,0.0,33.915195,190.284424,0.5117582059123341,-2316.038818
12.046107421874694,34.14986,12.751024,13.594931,20.544962,0.406555,125.10007535781118,112.16672692171115,0.0,0.0,33.908161,190.355576,0.4932283384301737,-2296.146973
12.051625488280479,34.196106,12.698301,13.50945,20.514717,0.406555,125.15152412957613,112.20960089818195,0.0,0.0,33.948215,190.200607,0.5274377166156987,-2291.009033
12.057471435546177,34.13905,12.685352,13.58795,20.673933,0.404795,125.20602996268434,112.25502242577211,0.0,0.0,33.938442,190.121338,0.39772945973496393,-2328.671631
12.06347631835888,34.155159,12.707918,13.637531,20.6521,0.404795,125.26201766246005,112.30167884225187,0.0,0.0,34.007881,190.248672,0.32075963302752325,-2324.334961
12.069297363281294,34.264565,12.786522,13.579835,20.547352,0.405206,125.31629131369408,112.3469068849469,0.0,0.0,33.948597,190.213409,0.28797655453618803,-2304.490234
12.074471435546911,34.183292,12.693031,13.541615,20.53833,0.405206,125.36453278878543,112.38710811418969,0.0,0.0,33.890499,190.054398,0.2737226299694193,-2303.076172
12.080485351561947,34.156044,12.720047,13.578805,20.525084,0.404163,125.42060471139784,112.4338347163667,0.0,0.0,33.996609,190.170792,0.5274377166156987,-2317.594482
12.085517333984171,34.088394,12.695457,13.561475,20.430824,0.404163,125.46752138403069,112.47293194356072,0.0,0.0,33.950325,190.266541,0.42053516819571873,-2294.449951
12.091211425780784,34.249359,12.64591,13.536816,20.456585,0.405336,125.52061136296501,112.51717359267268,0.0,0.0,33.948738,190.084747,0.5188851172273183,-2318.159912
12.09655834960904,34.125328,12.720431,13.625594,20.456881,0.405336,125.57046445341825,112.55871783471704,0.0,0.0,33.9538,190.013855,0.35211794087665693,-2296.665527
12.102471191406039,34.143684,12.729366,13.496204,20.447107,0.405093,125.6255939907767,112.60465911584907,0.0,0.0,33.888317,190.093063,0.3378639143730893,-2274.369629
12.109223144530915,34.23951,12.697045,13.571772,20.530563,0.405093,125.68854714677755,112.65712007918312,0.0,0.0,33.933746,190.101288,0.24093955147808407,-2351.014648
12.115042236328009,34.183094,12.748633,13.646659,20.531559,0.40479,125.7428025876685,112.70233294659225,0.0,0.0,33.934845,189.976944,0.3150582059123345,-2329.048584
12.120953124999687,34.145649,12.733747,13.516449,20.541088,0.40479,125.79791391468387,112.74825905243839,0.0,0.0,33.975842,190.066818,0.3022297655453613,-2289.971924
12.127538330078096,34.053524,12.688528,13.595734,20.482466,0.406567,125.85165721633417,112.79304513023658,0.0,0.0,33.914024,190.143967,0.36352079510703433,-2347.57373
12.13347924804657,34.099968,12.72071,13.577409,20.477718,0.406567,125.84070937839783,112.78392187207118,0.0,0.0,33.919521,190.00798,0.4590196738022426,-2279.601807
12.138818115234244,34.091667,12.733275,13.554948,20.492273,0.405645,125.83087099095673,112.77572316205386,0.0,0.0,33.960361,189.980835,0.44476646279306786,-2295.204102
12.14447314453082,34.184994,12.69064,13.563413,20.504944,0.405645,125.82044998454103,112.76703893303745,0.0,0.0,33.879993,190.121124,0.2694466870540261,-2314.247559
12.15050903320298,34.195484,12.682106,13.576431,20.529221,0.403782,125.80932713596289,112.75776983171325,0.0,0.0,33.871181,190.033112,0.24664097859327277,-2299.82373
12.156365234374789,34.12991,12.740378,13.588351,20.530407,0.403782,125.7985354129178,112.74877667014451,0.0,0.0,33.923885,190.020248,0.21385718654434216,-2297.325439
12.16155712890577,34.143566,12.712246,13.496833,20.54805,0.403889,125.78896786456758,112.74080366085111,0.0,0.0,33.876522,189.905991,0.35211794087665693,-2299.493652
12.167473144530959,34.175579,12.705038,13.608684,20.568487,0.403889,125.77806591631108,112.73171864433661,0.0,0.0,33.874096,190.050659,0.30793119266055,-2328.765869
12.17345800781186,34.219559,12.778111,13.616676,20.535311,0.406235,125.76703709658676,112.72252790090491,0.0,0.0,33.855682,189.789108,0.37492364933741024,-2317.028809
12.179652099608575,34.099075,12.787709,13.672034,20.498487,0.406235,125.75562271357192,112.71301585262208,0.0,0.0,33.83432,189.836746,0.4020053007135582,-2320.988281
12.185569091796424,34.132256,12.736993,13.509258,20.545626,0.406804,125.74471896572014,112.70392933643498,0.0,0.0,33.913555,190.073227,0.27657370030581063,-2286.719482
12.192218017577943,34.290817,12.725928,13.560236,20.470633,0.406804,125.73246642119979,112.6937188156461,0.0,0.0,33.859852,189.83638,0.3364384301732924,-2301.37915
12.197470947265174,34.114498,12.733241,13.543936,20.487352,0.408219,125.72278639814404,112.6856520768162,0.0,0.0,33.764774,189.804794,0.34071508664627953,-2286.295166
12.202625976562558,34.096664,12.693223,13.565192,20.462624,0.408219,125.71328678451594,112.67773568016284,0.0,0.0,33.83289,190.014496,0.30080428134556586,-2330.227051
12.208472900390007,34.095375,12.713625,13.557601,20.4736,0.403175,125.7025121576261,112.66875676548366,0.0,0.0,33.877499,189.898788,0.279424057084608,-2301.473389
12.213491943359259,34.095356,12.681391,13.525977,20.443007,0.403175,125.6932631376419,112.66104919823765,0.0,0.0,33.790062,189.788574,0.3449909276248724,-2281.817139
12.220379882812267,34.216965,12.646137,13.540271,20.561909,0.405951,125.68057014217473,112.6504716325838,0.0,0.0,33.834164,189.76207,0.30080428134556586,-2334.657959
12.22558496093734,34.049969,12.656451,13.526326,20.546532,0.405951,125.67097829928812,112.64247837771052,0.0,0.0,33.868439,189.901245,0.32218521916411763,-2345.452393
12.232330810546955,34.055794,12.721914,13.609416,20.527493,0.406567,125.6585471449354,112.63211901441767,0.0,0.0,33.905266,189.720779,0.29795392456676845,-2314.577637
12.237469970702477,34.030804,12.719419,13.58816,20.476149,0.406567,125.64907677473074,112.6242269874438,0.0,0.0,33.866589,189.699127,0.2865510703363911,-2327.587402
12.243607910156243,34.074028,12.733101,13.606711,20.428329,0.406545,125.63776586844497,112.61480117033456,0.0,0.0,33.867325,189.829285,0.30793119266055,-2316.981689
12.248620849609324,34.036247,12.773363,13.600725,20.433949,0.406545,125.62852809593133,112.6071029760422,0.0,0.0,33.764599,189.833008,0.18392436289500538,-2323.910645
12.253950927733968,34.077477,12.736766,13.6224,20.414036,0.407573,125.62357513297,112.60297549156407,0.0,0.0,33.784794,189.779297,0.2608941896024461,-2327.210449
12.259589843749382,33.99025,12.733363,13.578927,20.416533,0.407573,125.64202088704018,112.61834712377068,0.0,0.0,33.771965,189.722321,0.2993795107033643,-2315.567383
12.265677734374549,34.069351,12.763712,13.496117,20.411243,0.406821,125.66193530551416,112.63494265655433,0.0,0.0,33.796379,189.853928,0.29795392456676845,-2316.368896
12.271569824218204,34.165882,12.74907,13.605803,20.395834,0.406821,125.68120922977833,112.65100443824348,0.0,0.0,33.800133,189.722427,0.33358807339449503,-2327.210449
12.277456787109259,34.083313,12.815911,13.649817,20.409237,0.407718,125.70046638299709,112.66705224390647,0.0,0.0,33.839207,189.58374,0.2737226299694193,-2315.850342
12.28246972656234,34.052925,12.809001,13.5561,20.435049,0.407718,125.71686447228673,112.6807174698708,0.0,0.0,33.834896,189.680069,0.3150582059123345,-2310.382324
12.287639648437107,34.083672,12.756941,13.670202,20.457981,0.408567,125.73377607501392,112.69481062844582,0.0,0.0,33.864338,189.81311,0.16254424057084646,-2330.132812
12.294300781250058,33.988743,12.778441,13.58453,20.514246,0.408567,125.75556565608724,112.71296881405976,0.0,0.0,33.816555,189.61377,0.2865510703363911,-2278.800537
12.299470703124825,33.916523,12.72612,13.489415,20.558626,0.403597,125.77247725881443,112.72706197263477,0.0,0.0,33.76722,189.589386,0.15684281345565776,-2324.476318
12.305470703124229,33.983028,12.753049,13.469398,20.497719,0.403597,125.79210417365309,112.74341791639846,0.0,0.0,33.801651,189.744888,0.305080937818553,-2285.30542
12.31072656249944,33.924976,12.69968,13.561563,20.495153,0.406022,125.80929689104595,112.757745339793,0.0,0.0,33.807114,189.642792,0.22811111111111085,-2287.709473
12.316513671874418,33.734531,12.632053,13.49856,20.509167,0.406022,125.82822740819013,112.7735209457083,0.0,0.0,33.803604,189.557816,0.23381253822629955,-2306.422852
12.322470703124964,33.81348,12.650989,13.55706,20.468992,0.406903,125.84771376569596,112.7897597570622,0.0,0.0,33.694931,189.69635,0.2124323139653417,-2323.109375
12.329146728515298,33.806152,12.75448,13.508526,20.462378,0.406903,125.86955206266305,112.80795853970453,0.0,0.0,33.744022,189.593185,0.21670825688073347,-2283.51416
12.335028564452841,33.828281,12.689837,13.50856,20.425711,0.405853,125.88879244483641,112.82399236934135,0.0,0.0,33.772053,189.482544,0.15256687054026455,-2312.503662
12.340477539061794,33.934185,12.679925,13.495332,20.411139,0.405853,125.90661687160579,112.83884622305479,0.0,0.0,33.75774,189.548737,0.3122071355759432,-2283.184326
12.346455566405893,33.915718,12.665614,13.478769,20.410843,0.403509,125.92617191053561,112.85514226956347,0.0,0.0,33.714165,189.631424,0.15256687054026455,-2287.61499
12.352693603515036,33.860252,12.620936,13.469782,20.399307,0.403509,125.9465774810533,112.87214710025626,0.0,0.0,33.731091,189.489471,0.2010294597349643,-2302.463379
12.358470458983902,33.946053,12.662612,13.511388,20.334019,0.404949,125.96547445610669,112.88789475411922,0.0,0.0,33.729504,189.459229,0.15826829765545325,-2309.769531
12.364461425780974,33.90913,12.664445,13.510271,20.314123,0.404949,125.9850718219606,112.90422607345585,0.0,0.0,33.698036,189.587357,0.2965283384301726,-2291.103271
12.369470458984324,33.913788,12.664532,13.543011,20.310406,0.403941,126.0014571333109,112.91788065101929,0.0,0.0,33.720901,189.46489,0.3307370030581037,-2313.634766
12.375165527343597,33.832798,12.676155,13.482504,20.352499,0.403941,126.0200865702592,112.93340535398866,0.0,0.0,33.742924,189.400391,0.389176860346585,-2306.234375
12.381489501953183,33.918705,12.676242,13.515349,20.422657,0.406228,126.02338387582162,112.93615322985136,0.0,0.0,33.693134,189.496735,0.16396972477064192,-2297.891113
12.387470458984353,33.936386,12.682926,13.499904,20.444176,0.406228,125.9980065188882,112.91500543240683,0.0,0.0,33.716625,189.615479,0.1539924566768604,-2311.042236
12.394453369140138,33.886211,12.62235,13.530794,20.43854,0.402927,125.96837784866983,112.89031487389153,0.0,0.0,33.718929,189.327042,0.07132120285423099,-2299.258057
12.399606445312202,33.774487,12.665072,13.565018,20.399202,0.402927,125.94651321185076,112.87209434320896,0.0,0.0,33.716625,189.338882,0.15541722731906193,-2309.910889
12.405470458984382,33.916523,12.707499,13.559014,20.359865,0.404238,125.92163204864626,112.85136004053855,0.0,0.0,33.673744,189.533005,0.22098409785932777,-2304.490234
12.411470458983786,33.824684,12.669244,13.539835,20.314367,0.404238,125.89617389189894,112.83014490991579,0.0,0.0,33.654705,189.378036,0.2908269113149854,-2298.315186
12.418302246092935,33.886803,12.668598,13.516187,20.38393,0.406568,125.86718644071648,112.80598870059707,0.0,0.0,33.702488,189.323517,0.21670825688073347,-2300.106445
12.423682373046177,33.811756,12.641705,13.471021,20.391504,0.406568,125.84435842150096,112.7869653512508,0.0,0.0,33.711494,189.355789,0.15969388379204907,-2304.254639
12.429479248046846,33.756172,12.65893,13.520009,20.40976,0.403856,125.81976212943519,112.766468441196,0.0,0.0,33.646397,189.259995,0.15684281345565776,-2294.780029
12.435470214843008,33.81863,12.669349,13.529904,20.427736,0.403856,125.79434230080473,112.7452852506706,0.0,0.0,33.695229,189.357666,0.2124323139653417,-2296.146973
12.441003173827994,33.845013,12.680326,13.491405,20.478155,0.405761,125.77086581128795,112.72572150940663,0.0,0.0,33.635979,189.432617,0.08700000000000015,-2298.692383
12.44647021484343,33.821575,12.631372,13.49315,20.446863,0.405761,125.74766901343465,112.70639084452888,0.0,0.0,33.672592,189.403702,0.09555249745158015,-2298.598145
12.452469238281083,33.818455,12.690082,13.515594,20.390965,0.407629,125.72221500026752,112.68517916688961,0.0,0.0,33.527531,189.24115,0.26659561671763476,-2306.800049
12.459523193359018,33.745419,12.684829,13.517391,20.396095,0.407629,125.69228488458963,112.6602374038247,0.0,0.0,33.597549,189.213104,0.27657370030581063,-2305.103027
12.464650146484018,33.945133,12.639523,13.527112,20.44688,0.403142,125.67053108854088,112.64210924045075,0.0,0.0,33.689556,189.487717,0.2053054026503561,-2308.779785
12.470469238281112,33.935394,12.673695,13.537321,20.431627,0.403142,125.64584053002558,112.62153377502132,0.0,0.0,33.627426,189.236465,0.2637452599388374,-2331.169922
12.476455078124673,33.891174,12.722299,13.565105,20.4151,0.407408,125.62044245519115,112.6003687126593,0.0,0.0,33.630726,189.18541,0.039962895005097296,-2299.729248
12.48230224609324,33.828674,12.745021,13.517339,20.410721,0.407408,125.5956327687451,112.57969397395426,0.0,0.0,33.67371,189.313171,0.10267869520897038,-2279.083252
12.487568115234353,33.833954,12.690309,13.498421,20.410511,0.403056,125.57328954841296,112.56107462367748,0.0,0.0,33.639923,189.480408,-0.014201121304791167,-2306.752686
12.493455078124498,33.892864,12.690937,13.465279,20.517004,0.403056,125.54831101107376,112.54025917589482,0.0,0.0,33.609364,189.258392,0.2038798165137617,-2271.258545
12.499346191405493,33.920506,12.613694,13.495646,20.545782,0.402855,125.52487629630409,112.52073024464895,0.0,0.0,33.59362,189.12706,0.19390254841998017,-2317.123047
12.505037109374825,33.931511,12.755335,13.500358,20.518208,0.402855,125.53872227394989,112.53226850409231,0.0,0.0,33.613899,189.250916,0.29510275229357824,-2304.537354
12.510469970702616,33.869362,12.771706,13.501388,20.462082,0.407065,125.55194040095769,112.54328355717655,0.0,0.0,33.570202,189.208878,0.2095812436289504,-2299.87085
12.516468994140268,33.868835,12.746801,13.57912,20.420965,0.407065,125.56653599781366,112.55544649630322,0.0,0.0,33.671528,189.160873,0.10125392456676885,-2321.789551
12.521506103515094,33.885319,12.742962,13.577827,20.394333,0.405029,125.57879126211172,112.56565916763896,0.0,0.0,33.575665,189.196457,0.031411213047910155,-2305.762939
12.526740966796751,33.85675,12.741862,13.559939,20.410145,0.405029,125.59152766076815,112.57627278235302,0.0,0.0,33.583046,189.336594,-0.011349949031600925,-2306.328613
12.53247192382787,33.874409,12.698127,13.640795,20.411697,0.406235,125.60547105327169,112.58789222045571,0.0,0.0,33.586082,189.084427,0.021433027522935376,-2315.284668
12.538468994140203,33.759651,12.667394,13.418874,20.4699,0.406235,125.62006189818337,112.60005119964778,0.0,0.0,33.589676,189.156921,0.18249959225280385,-2287.756592
12.544166015624796,33.914104,12.654445,13.559957,20.494839,0.405086,125.63392272565504,112.6116018338868,0.0,0.0,33.60535,189.183701,0.18677553516819562,-2328.011719
12.550610839843102,33.964989,12.734724,13.597775,20.423826,0.405086,125.64960295379291,112.62466862808611,0.0,0.0,33.590027,189.105286,0.17822293577981668,-2307.129883
12.556475830077943,33.807121,12.732699,13.510236,20.368382,0.40354,125.66387244847266,112.6365598167008,0.0,0.0,33.621353,188.962372,0.1539924566768604,-2287.520752
12.562276855468554,33.819653,12.685387,13.539207,20.38175,0.40354,125.67798631697724,112.6483213174573,0.0,0.0,33.582085,189.052536,0.07844821610601409,-2314.95459
12.568139892578074,33.813065,12.697586,13.461003,20.393093,0.401682,125.69225105971272,112.66020854613738,0.0,0.0,33.564495,189.171753,0.0513658511722736,-2309.628174
12.573454833984215,33.874542,12.686242,13.547094,20.344263,0.401682,125.70518228808461,112.67098451817009,0.0,0.0,33.533237,188.962753,-0.02702874617737008,-2295.204102
12.578472900389897,33.7756,12.640797,13.523168,20.457718,0.410126,125.71739122092596,112.68115858014346,0.0,0.0,33.499973,189.039627,0.04851549439347623,-2289.877686
12.583512939452703,33.886955,12.629139,13.496518,20.463827,0.410126,125.72965361314046,112.6913771913811,0.0,0.0,33.479588,189.057388,0.07844821610601409,-2295.156982
12.589393798827587,33.828369,12.659017,13.494634,20.432674,0.403036,125.74396171736747,112.7033005544644,0.0,0.0,33.538647,189.067947,0.11123129459734932,-2319.904053
12.594469726562238,33.82753,12.7127,13.502418,20.410824,0.403036,125.75631142655811,112.71359192950032,0.0,0.0,33.539818,188.901199,0.05564169215086645,-2289.359131
12.600469726562551,33.730659,12.700117,13.527985,20.407125,0.405355,125.77090939938621,112.7257568485943,0.0,0.0,33.507915,189.018173,0.07702262996941824,-2286.955078
12.605506835937376,33.890182,12.67085,13.482452,20.376078,0.405355,125.78316466368429,112.73596951993002,0.0,0.0,33.527252,189.045013,0.01145575942915384,-2291.574707
12.611396728515501,34.02441,12.655212,13.485384,20.396532,0.404291,125.79749474565361,112.74791119771086,0.0,0.0,33.524494,188.948883,0.06276870540265099,-2311.60791
12.616603759764985,33.811516,12.719803,13.507339,20.396252,0.404291,125.81016342910404,112.75846838335687,0.0,0.0,33.531124,188.904663,0.14971580020387323,-2309.250977
12.622454833984193,33.674942,12.709052,13.53493,20.376217,0.404901,125.8243990661808,112.77033135743753,0.0,0.0,33.534912,188.883911,0.12120856269113085,-2317.924316
12.62816870117149,33.886421,12.717185,13.519468,20.34627,0.404901,125.83830087917188,112.78191614611247,0.0,0.0,33.540409,189.106308,0.07274678899082539,-2304.395996
12.634898681640152,33.769394,12.741129,13.518735,20.343163,0.404975,125.92215957416728,112.85179852382906,0.0,0.0,33.452469,188.842987,0.22526004077471953,-2306.281494
12.640454589843102,33.609432,12.699262,13.516903,20.376322,0.404975,126.0131697031361,112.927640470508,0.0,0.0,33.493061,188.915863,0.14971580020387323,-2297.325439
12.646518554686736,33.742779,12.715352,13.464721,20.431017,0.406045,126.11250219789935,113.01041773779328,0.0,0.0,33.490532,189.021637,0.16967115188583062,-2282.005859
12.65246972656223,33.704971,12.652734,13.451718,20.417021,0.406045,126.20998705547038,113.09165530391559,0.0,0.0,33.45472,188.917297,0.10552986748216062,-2285.776855
12.657824707031068,33.742275,12.679471,13.538595,20.484177,0.406059,126.29770583073962,113.16475444960507,0.0,0.0,33.445454,188.772583,0.12976116207951122,-2332.06543
12.663470703124403,33.818695,12.768424,13.556013,20.479935,0.406059,126.3901916699334,113.24182615760247,0.0,0.0,33.476414,188.887375,0.12405973496432254,-2316.934326
12.668495605468706,33.845387,12.796836,13.61631,20.523497,0.408451,126.4725035069258,113.31041951114405,0.0,0.0,33.502155,188.920349,0.14686544342507585,-2309.156738
12.674454589843663,33.802822,12.810431,13.681581,20.560669,0.408451,126.57011633936729,113.39176372323436,0.0,0.0,33.422031,188.692719,0.045664424057084915,-2342.152832
12.679671630859048,33.784489,12.820833,13.597723,20.556602,0.404278,126.65557555833,113.46297990105138,0.0,0.0,33.438404,188.891159,0.09555249745158015,-2292.847412
12.68627758788989,33.794163,12.76757,13.546379,20.559832,0.404278,126.76378630973126,113.55315573236652,0.0,0.0,33.440147,188.901932,0.0670453618756367,-2307.177002
12.691454589843488,33.79076,12.750745,13.483027,20.654526,0.400754,126.84858965748288,113.62382534959755,0.0,0.0,33.418926,188.804001,0.08272405708460692,-2305.668701
12.696627441406235,33.799694,12.728634,13.517776,20.671089,0.400754,126.93332501858458,113.6944383111581,0.0,0.0,33.457863,188.652878,0.0014783893985733758,-2302.604736
12.701981445312413,33.792351,12.674305,13.491772,20.580198,0.406306,127.021027796995,113.76752412610158,0.0,0.0,33.369293,188.816528,0.061343934760448006,-2279.224609
12.707329589843539,33.641457,12.648476,13.41582,20.577143,0.406306,127.10863459425259,113.84052995656906,0.0,0.0,33.339642,188.807251,-0.04840968399592187,-2245.898682
12.712469482421511,33.764103,12.599505,13.316586,20.546917,0.406035,127.19283006136955,113.9106930054521,0.0,0.0,33.378368,188.697357,0.04423883792048907,-2228.269287
12.718468505859164,33.555656,12.427585,13.176429,20.357805,0.406035,127.29109876502213,113.9925837781284,0.0,0.0,33.357616,188.646255,-0.10827441386340508,-2202.061035
12.723639404296591,33.610588,12.427497,13.148436,20.255203,0.404636,127.3758021324062,114.06317007819695,0.0,0.0,33.39069,188.675964,-0.001372680937817939,-2168.405029
12.729469482421337,33.615028,12.170968,12.993007,20.132759,0.404636,127.47130337948514,114.1427546318153,0.0,0.0,33.354336,188.683914,-0.14105820591233426,-2148.984619
12.73546948242165,33.518967,12.132068,12.852622,20.104313,0.400869,127.56958807999652,114.2246587352376,0.0,0.0,33.352135,188.545868,5.290519877645765e-05,-2105.28833
12.74145434570255,33.711231,11.902973,12.627472,19.943562,0.400869,127.6676248291964,114.3063562120969,0.0,0.0,33.228455,188.697571,-0.07264097859327248,-2025.579468
12.746787353515174,33.755745,11.704996,12.452584,19.921816,0.404315,127.75498367514248,114.37915541600138,0.0,0.0,33.303009,188.799728,-0.07691692150866425,-2042.171753
12.752245361327368,33.653053,11.577701,12.450456,19.792688,0.404315,127.84439011901587,114.45366095539384,0.0,0.0,33.294823,188.612015,-0.07549133537206985,-2059.801025
12.757485351562536,33.591164,11.478573,12.448501,19.665131,0.401184,128.4674385938893,114.97286794720605,0.0,0.0,33.24828,188.491714,-0.02702874617737008,-1978.583618
12.763469238280777,33.505089,11.452254,12.262147,19.693001,0.401184,129.26613509716967,115.63844824813458,0.0,0.0,33.237545,188.616547,-0.022752905198777235,-1935.877319
12.768635253905813,33.660904,11.329618,12.121029,19.551971,0.402411,129.9556666357014,116.2130577612985,0.0,0.0,33.147457,188.756195,-0.01990254841997986,-1854.942871
12.774456298827317,33.580711,11.112339,11.703679,19.271498,0.402411,130.73262790570197,116.8605253710512,0.0,0.0,33.137352,188.505753,-0.07121549439347556,-1840.141724
12.779468261718648,33.381279,10.949947,11.484619,19.19319,0.405303,131.40159732699297,117.41799978956453,0.0,0.0,33.133236,188.580002,0.04994026503567776,-1817.562988
12.786358154296067,33.528664,10.656472,11.134076,19.053713,0.405303,132.32122254196955,118.184353998969,0.0,0.0,33.136707,188.596481,-0.02560397553516855,-1626.374512
12.791620117187449,33.592197,10.540294,11.174216,18.982159,0.412671,133.02356059726134,118.76963560753336,0.0,0.0,33.157387,188.52948,-0.06836432212028531,-1622.839233
12.797468261718677,33.623974,10.225457,10.912906,18.774147,0.412671,133.80413897504909,119.42011747323886,0.0,0.0,33.00985,188.474335,-0.02702874617737008,-1530.403198
12.80346826171808,33.430721,10.015351,10.351627,18.738405,0.414032,134.60498619106778,120.08749003446366,0.0,0.0,32.995415,188.494553,0.18249959225280385,-1146.565063
12.809609130858917,33.445545,9.493672,10.442029,18.57617,0.414032,135.42463585026857,120.77053129555117,0.0,0.0,32.923985,188.388016,-0.4332577981651376,-1026.883789
12.815469238280457,33.269707,9.236934,9.090136,18.543098,0.414864,136.20681096933177,121.42234377874935,0.0,0.0,32.874001,188.364807,0.13688817533129433,-1439.004272
12.82146923828077,33.16029,8.980824,9.580313,18.558369,0.414864,137.00765818535046,122.08971633997413,0.0,0.0,32.811451,188.41272,-0.06551406727828686,-927.471436
12.82745410156258,33.858223,8.811835,9.42539,18.532871,0.416635,137.8064850348574,122.75540526273879,0.0,0.0,32.75798,188.493378,0.2993795107033643,-1690.43396
12.833353027343037,33.410423,8.52932,8.771616,18.481161,0.416635,138.59384141642656,123.4115354639234,0.0,0.0,32.712898,188.35318,-0.041282772680937704,-1276.710815
12.838673095702688,33.607239,8.541641,10.024295,18.523518,0.421533,139.303935072199,124.0032800717379,0.0,0.0,32.700298,188.352386,-0.9036275229357801,-1287.363892
12.844454101562405,32.912384,8.455864,9.291777,18.510532,0.421533,140.07555214691038,124.646294186209,0.0,0.0,32.644382,188.448135,-0.8523145769622829,-730.720764
12.849470947265218,32.760681,8.334292,9.949949,18.586048,0.429914,140.74517329933423,125.20431171390301,0.0,0.0,32.555656,188.284103,-1.1801483180428127,-696.781982
12.855214111327768,32.469677,8.1482,8.506013,18.537914,0.429914,141.5117394577662,125.8431167322238,0.0,0.0,32.570805,188.191498,-0.05126004077471924,-764.800964
12.860454101562027,32.752697,8.076402,8.344005,18.478142,0.436483,142.21114472296026,126.42595434947508,0.0,0.0,32.49522,188.268585,-0.3562880733944958,-1214.112671
12.865468994140429,32.34425,7.376781,7.598921,18.530148,0.436483,142.88050518293096,126.98375463349682,0.0,0.0,32.406631,188.332321,-0.029879816513761395,281.22049
12.871468994139832,31.90761,6.843427,6.851446,18.472313,0.457085,143.68135239894968,127.6511271947216,0.0,0.0,32.327415,188.22905,0.16396972477064192,-427.77002
12.876751953124767,31.928268,6.326756,6.792057,18.508123,0.457085,144.38649289811264,128.2387441727629,0.0,0.0,32.230068,188.091522,-2.055320795107033,-126.091988
12.882741943359179,31.815594,5.283922,6.220831,18.582785,0.474329,145.0,128.75,0.0,0.0,32.12265,188.3423,-0.5643908256880739,-363.522034
12.888468994140567,31.730755,4.90097,6.192802,18.6709,0.474329,145.0,128.75,0.0,0.0,32.073471,188.295517,-0.950664525993884,-170.778046
12.894453857421468,31.698774,4.269762,5.95514,19.061951,0.485124,145.0,128.75,0.0,0.0,31.844778,188.123795,2.2991635066258906,-292.391998
12.899928955077485,31.641323,4.031156,5.905628,19.255388,0.485124,145.0,128.75,0.0,0.0,31.853172,188.166153,1.5166396534148816,-176.434509
12.905468994140392,31.616945,3.701834,5.859066,19.012892,0.502773,145.0,128.75,0.0,0.0,31.560118,188.118088,0.20815565749235454,-237.194351
12.911467773436925,31.586895,3.55768,5.759117,18.945562,0.502773,145.0,128.75,0.0,0.0,31.58736,188.05275,-1.3611695208970434,-204.056915
12.918249755858596,31.39575,3.28232,5.794475,18.915735,0.523229,145.0,128.75,0.0,0.0,31.501163,188.028641,-2.0795520897043835,-202.312836
12.923929931640487,31.454477,3.199422,5.702625,18.87715,0.523229,145.0,128.75,0.0,0.0,31.413136,188.011673,-1.422459734964322,-205.471024
12.930096923827477,31.340448,2.941078,5.642973,19.144585,0.536801,145.0,128.75,0.0,0.0,31.411913,188.015518,0.8167854230377164,-194.912292
12.935468749999927,31.30308,2.778931,5.649518,19.216278,0.536801,145.0,128.75,0.0,0.0,31.311041,187.956146,1.023463404689093,-195.006561
12.941338867187369,31.25153,2.558598,5.549622,19.001129,0.55837,145.0,128.75,0.0,0.0,31.195229,188.095795,0.9479192660550471,-213.390076
12.94647485351561,31.314848,2.450325,5.520931,18.945055,0.55837,145.0,128.75,0.0,0.0,31.160551,188.021484,-0.1339312945973501,-201.888596
12.952468749999753,31.110365,2.385403,5.505503,18.916609,0.577406,145.0,128.75,0.0,0.0,31.111841,187.974701,-0.6898232415902144,-186.144775
12.95928979492146,31.148758,2.185087,5.365589,18.946156,0.577406,145.0,128.75,0.0,0.0,30.972521,187.843521,-1.0532904179408769,-211.975952
12.965235595702325,31.341583,2.150671,5.431645,18.875317,0.587911,145.0,128.75,0.0,0.0,30.816761,187.860916,-0.44893659531090674,-186.050507
12.970495605468386,31.296448,2.13842,5.374158,18.823902,0.587911,145.0,128.75,0.0,0.0,30.831228,187.770493,-0.27931824668705363,-195.477936
12.976453613280682,31.336151,2.060427,5.295537,18.825665,0.598264,145.0,128.75,0.0,0.0,30.74622,187.721054,-0.07549133537206985,-204.716827
12.98150854492178,31.213408,2.071247,5.346392,18.719591,0.598264,145.0,128.75,0.0,0.0,30.621332,187.888016,0.08700000000000015,-178.932785
12.98663354492146,31.291496,2.024493,5.297229,18.779312,0.598455,145.0,128.75,0.0,0.0,30.56498,187.795151,0.15256687054026455,-191.141312
12.992453613281214,31.377623,2.035331,5.229218,18.821407,0.598455,145.0,128.75,0.0,0.0,30.471785,187.768692,0.03711264016309885,-194.535202
12.997468505858706,31.003437,2.026168,5.204489,19.512842,0.602255,145.0,128.75,0.0,0.0,30.391907,187.730759,-0.6983750254842004,-186.710419
13.002634521483742,31.270138,2.006657,5.197787,19.153154,0.602255,145.0,128.75,0.0,0.0,30.360544,187.77829,-0.4888466870540265,-199.107498
13.007723632812485,31.156624,1.981334,5.105448,18.848755,0.608705,145.0,128.75,0.0,0.0,30.297247,187.728088,-0.614279001019368,-195.996445
13.013453613280944,30.941984,2.00006,5.095762,18.868301,0.608705,145.0,128.75,0.0,0.0,30.198153,187.519089,-0.2550869520897045,-173.182053
13.018470458983757,30.900612,2.000479,5.076111,18.662714,0.605343,145.0,128.75,0.0,0.0,30.137384,187.552322,-0.11825249745157948,-190.198578
13.023487548827688,30.997034,1.98725,5.062149,18.608543,0.605343,145.0,128.75,0.0,0.0,30.07049,187.618042,0.142589602446483,-183.457962
13.028638427734222,31.081764,1.960443,5.028938,18.935892,0.605165,145.0,128.75,0.0,0.0,29.968327,187.593872,0.17679816513761515,-181.336777
13.034468505858968,30.990936,1.975871,5.017489,18.579031,0.605165,145.0,128.75,0.0,0.0,29.911642,187.431915,-0.05553588175331354,-179.545563
13.039941406249454,30.906414,1.947407,4.963719,18.49493,0.610992,145.0,128.75,0.0,0.0,29.889616,187.487885,-0.47886931702344604,-180.771133
13.045455566405508,31.076323,1.934003,4.998641,18.791931,0.610992,145.0,128.75,0.0,0.0,29.841169,187.567154,-0.3306311926605508,-160.549286
13.051068359374767,31.150133,1.949274,4.987611,19.138145,0.606759,145.0,128.75,0.0,0.0,29.668358,187.459015,-0.17099102956167248,-175.444626
13.056468505858902,31.101507,1.939257,4.997489,18.634163,0.606759,145.0,128.75,0.0,0.0,29.659405,187.33313,-0.14818521916411878,-196.043579
13.063299316406301,30.917595,1.942852,4.882183,18.305435,0.605587,145.0,128.75,0.0,0.0,29.600155,187.439758,-0.1880953109072371,-163.14183
13.068469482421278,30.842333,1.934667,4.835254,18.205172,0.605587,145.0,128.75,0.0,0.0,29.468428,187.388611,-0.07264097859327248,-171.013733
13.073640380858706,30.922449,1.889553,4.876389,18.006601,0.605393,145.0,128.75,0.0,0.0,29.349089,187.140869,-0.23655708460754402,-180.912552
13.079453369140538,30.872087,1.86053,4.901991,18.133148,0.605393,145.0,128.75,0.0,0.0,29.305319,187.234222,-0.18096829765545402,-160.077911
13.084510253906046,30.831392,1.863235,4.857191,18.616013,0.606647,145.0,128.75,0.0,0.0,29.247641,187.335526,-0.19379673802242578,-152.111725
13.090469238281003,30.916765,1.840861,4.826929,18.200914,0.606647,145.0,128.75,0.0,0.0,29.144394,187.289169,-0.33775820591233385,-185.060623
13.095752441406148,30.713295,1.830163,4.830036,18.132345,0.610409,145.0,128.75,0.0,0.0,29.102055,187.128662,-0.5130779816513756,-156.306931
13.101453369140472,30.662827,1.837929,4.70281,17.845833,0.610409,145.0,128.75,0.0,0.0,28.97427,187.202225,-0.35201213047910257,-171.108017
13.106557373046599,30.782494,1.846097,4.762723,17.715763,0.606325,145.0,128.75,0.0,0.0,28.884253,187.187607,-0.3263553516819565,-188.077393
13.111611328125036,30.917583,1.847127,4.76377,17.618153,0.606325,145.0,128.75,0.0,0.0,28.840761,187.158096,0.01715718654434253,-160.17218
13.116962158203023,30.886618,1.821996,4.708726,17.524452,0.603558,145.0,128.75,0.0,0.0,28.82687,186.920181,-0.038431600407747464,-147.303726
13.123331298827907,30.848909,1.782152,4.62979,17.769846,0.603558,145.0,128.75,0.0,0.0,28.751564,187.019623,-0.4190038735983689,-179.40416
13.128524169921548,30.777235,1.789692,4.64424,17.48679,0.605215,145.0,128.75,0.0,0.0,28.761005,187.011612,-0.6755693170234457,-160.784958
13.133592285155828,30.751593,1.806498,4.673682,17.307278,0.605215,145.0,128.75,0.0,0.0,28.501789,186.820694,-0.5601149847094796,-161.350616
13.139170166014992,30.653532,1.788941,4.660995,17.273752,0.606424,145.0,128.75,0.0,0.0,28.364109,186.994446,-0.3320567787971452,-177.424393
13.14447314453082,30.683344,1.726672,4.617591,17.328831,0.606424,145.0,128.75,0.0,0.0,28.302433,187.034988,-0.28359418960244687,-164.933044
13.149513183593626,30.879396,1.778208,4.611675,17.374329,0.604663,145.0,128.75,0.0,0.0,28.326622,186.868607,-0.21517696228338365,-148.906387
13.155469238280602,30.448296,1.816079,4.61801,18.269867,0.604663,145.0,128.75,0.0,0.0,28.19149,186.71907,-0.1610128440366977,-153.478699
13.160660156249833,30.514767,1.730407,4.57602,18.557722,0.602817,145.0,128.75,0.0,0.0,28.084387,186.862579,-0.47744373088685016,-159.088028
13.166489013671708,30.450674,1.769186,4.580645,17.823669,0.602817,145.0,128.75,0.0,0.0,28.015276,186.842941,-0.41187686034658577,-158.239563
13.17150317382766,30.444511,1.761245,4.623996,17.407488,0.604782,145.0,128.75,0.0,0.0,27.970772,186.703659,-0.515928236493374,-158.333832
13.177468017577667,30.277897,1.787074,4.5489,17.241798,0.604782,145.0,128.75,0.0,0.0,27.903809,186.535309,-0.4090265035677884,-157.061127
13.18273706054606,30.277243,1.770721,4.569825,17.614697,0.609172,145.0,128.75,0.0,0.0,27.8055,186.71582,-0.3505866462793071,-142.448593
13.188511962890516,30.666698,1.752798,4.560592,17.962624,0.609172,145.0,128.75,0.0,0.0,27.804594,186.660721,-0.24225851172273125,-146.313843
13.193927001952943,30.508343,1.75107,4.48197,17.817177,0.60366,145.0,128.75,0.0,0.0,27.597698,186.501968,-0.18096829765545402,-158.569519
13.200082031249622,30.484192,1.736533,4.49218,17.406004,0.60366,145.0,128.75,0.0,0.0,27.624016,186.577072,-0.18952008154943864,-150.226227
13.205472900390305,30.483494,1.770006,4.508445,17.122862,0.599835,145.0,128.75,0.0,0.0,27.576372,186.625778,-0.22087838939857232,-143.438477
13.210484863280726,30.580769,1.747842,4.464972,17.516703,0.599835,145.0,128.75,0.0,0.0,27.514679,186.565704,-0.5116523955147813,-146.596664
13.216473876952477,30.351273,1.750145,4.451237,17.193123,0.603992,145.0,128.75,0.0,0.0,27.43302,186.361832,-0.3705412844036691,-157.296814
13.22246801757774,30.449867,1.716253,4.503664,16.774168,0.603992,145.0,128.75,0.0,0.0,27.38014,186.464951,-0.3733923547400619,-141.647263
13.227740966796773,30.449387,1.72025,4.472686,16.643486,0.606387,145.0,128.75,0.0,0.0,27.379652,186.405365,-0.02702874617737008,-148.906387
13.23345288085875,30.298775,1.694805,4.463436,16.643085,0.606387,145.0,128.75,0.0,0.0,27.188585,186.416138,-0.08546870540265032,-142.354324
13.238468017577361,30.325563,1.676166,4.478532,17.182095,0.603528,145.0,128.75,0.0,0.0,27.215689,186.308167,-0.018476962283384014,-143.155655
13.244467773437464,30.089359,1.679394,4.487206,16.831131,0.603528,145.0,128.75,0.0,0.0,27.133297,186.349243,-0.3448852191641184,-155.5056
13.249672851562536,30.275749,1.679551,4.45738,16.679543,0.602396,145.0,128.75,0.0,0.0,27.057119,186.25029,-0.5016750254841993,-132.219833
13.254710937500022,30.119377,1.675555,4.456281,17.462969,0.602396,145.0,128.75,0.0,0.0,27.062721,186.083527,-0.5016750254841993,-142.68428
13.260713867187405,30.54521,1.67648,4.474169,17.16239,0.598695,145.0,128.75,0.0,0.0,27.004763,186.206482,-0.3534369011213041,-149.943405
13.266455810546177,30.434029,1.639551,4.419195,16.939074,0.598695,145.0,128.75,0.0,0.0,26.779716,186.160187,0.008605402650356463,-134.765228
13.27258789062489,30.562378,1.629289,4.374692,16.643259,0.604032,145.0,128.75,0.0,0.0,26.74675,186.086777,-0.08546870540265032,-143.768433
13.278466796874454,30.525631,1.671384,4.407101,16.400082,0.604032,145.0,128.75,0.0,0.0,26.721428,186.067307,-0.38336972477064235,-137.782013
13.284452880859135,30.433102,1.694054,4.420871,16.316433,0.603275,145.0,128.75,0.0,0.0,26.653521,186.096649,-0.6427862385321105,-128.401718
13.290640624999469,30.460381,1.642902,4.434064,16.293449,0.603275,145.0,128.75,0.0,0.0,26.526609,185.990387,-0.46319062181447435,-140.845932
13.296467773437143,30.604557,1.644211,4.347292,16.446522,0.598635,145.0,128.75,0.0,0.0,26.532055,185.835312,-0.4304067278287463,-130.098648
13.302452636718044,30.427036,1.658365,4.336961,16.397533,0.598635,145.0,128.75,0.0,0.0,26.383694,185.939926,-0.1595880733944947,-137.452057
13.307471679687296,30.428062,1.653722,4.325251,16.338003,0.603183,145.0,128.75,0.0,0.0,26.353588,185.970016,-0.1781172273190627,-135.283737
13.313323730468255,30.322346,1.660703,4.371411,16.303921,0.603183,145.0,128.75,0.0,0.0,26.329277,185.911179,-0.2094755351681964,-132.455505
13.318452636718575,30.258854,1.671087,4.336594,16.674934,0.606848,145.0,128.75,0.0,0.0,26.27795,185.823578,-0.4475110091743123,-131.465637
13.323466552734317,30.318113,1.689621,4.303452,16.273256,0.606848,145.0,128.75,0.0,0.0,26.20303,185.830566,-0.5130779816513756,-140.421692
13.32946655273372,30.411385,1.662605,4.325547,16.110376,0.603321,145.0,128.75,0.0,0.0,26.168858,185.792328,-0.6684423037716611,-138.724762
13.335167724609164,30.459682,1.672763,4.320259,15.780426,0.603321,145.0,128.75,0.0,0.0,26.074913,185.57515,-0.45321243628950103,-124.677872
13.340489501953016,30.187191,1.669918,4.303313,15.829728,0.602784,145.0,128.75,0.0,0.0,26.090532,185.738068,-0.49027217125382194,-132.92688
13.346467529296206,30.341326,1.631541,4.390853,15.722799,0.602784,145.0,128.75,0.0,0.0,25.955662,185.631012,-0.3904966360856265,-127.883202
13.352467529296518,30.311384,1.659761,4.353104,15.664178,0.603598,145.0,128.75,0.0,0.0,25.969782,185.566193,-0.3505866462793071,-129.48587
13.357931640624884,30.00596,1.649656,4.32059,16.161266,0.603598,145.0,128.75,0.0,0.0,25.802258,185.62413,-0.49882395514780803,-114.354828
13.363942626952849,30.187157,1.637439,4.320137,16.758688,0.602601,145.0,128.75,0.0,0.0,25.790758,185.720734,-0.4004740061162084,-121.001175
13.369086425780552,30.247204,1.619725,4.320399,17.042355,0.602601,145.0,128.75,0.0,0.0,25.722887,185.570297,-0.4475110091743123,-125.526344
13.37445239257795,30.009516,1.588486,4.259543,17.026089,0.603284,145.0,128.75,0.0,0.0,25.650127,185.297607,-0.470316819571866,-124.347916
13.380149414062544,29.833162,1.602762,4.282598,16.910137,0.603284,145.0,128.75,0.0,0.0,25.547388,185.477585,-0.49312252803261936,-119.869881
13.385468505858626,29.788279,1.601994,4.289753,16.752964,0.601503,145.0,128.75,0.0,0.0,25.552258,185.507889,-0.5259064220183489,-125.997719
13.390485351562347,29.982073,1.645066,4.247187,15.827739,0.601503,145.0,128.75,0.0,0.0,25.444786,185.540695,-0.4190038735983689,-124.489326
13.39630249023412,29.926184,1.620301,4.250939,15.584701,0.598715,145.0,128.75,0.0,0.0,25.386583,185.225693,-0.4346825688073391,-111.620872
13.401739501952761,29.916933,1.589621,4.270329,15.736028,0.598715,145.0,128.75,0.0,0.0,25.35955,185.403275,-0.4218549439347602,-111.102364
13.40746728515569,29.985237,1.527962,4.279718,15.982749,0.602985,145.0,128.75,0.0,0.0,25.28688,185.320908,-0.39334780835881816,-123.546585
13.413466308593343,29.893623,1.540022,4.261271,16.291512,0.602985,145.0,128.75,0.0,0.0,25.280266,185.359375,-0.3961980632008152,-111.432327
13.419300292968728,29.837406,1.539132,4.236541,16.35844,0.599587,145.0,128.75,0.0,0.0,25.10557,185.259415,-0.3691165137614676,-118.455765
13.424940429687013,29.681767,1.525658,4.278095,15.904964,0.599587,145.0,128.75,0.0,0.0,25.118135,185.26149,-0.38622079510703367,-131.041397
13.431161376952332,29.614618,1.542081,4.236541,15.326496,0.599117,145.0,128.75,0.0,0.0,24.893106,185.136826,-0.37481794087665626,-111.950836
13.436453369140509,29.742935,1.540824,4.238164,15.215064,0.599117,145.0,128.75,0.0,0.0,24.796858,185.024963,-0.3876455657492352,-112.186516
13.442392333983662,29.760572,1.562256,4.204499,15.568976,0.599013,145.0,128.75,0.0,0.0,24.743053,185.183716,-0.33775820591233385,-112.563614
13.447467285155653,30.216238,1.561296,4.194935,15.419725,0.599013,145.0,128.75,0.0,0.0,24.678638,185.080811,-0.3263553516819565,-118.974274
13.453452148437464,29.822878,1.547735,4.222946,15.456741,0.594095,145.0,128.75,0.0,0.0,24.630209,185.082413,-0.27931824668705363,-111.338051
13.458467285156075,29.610157,1.556496,4.223417,15.91273,0.594095,145.0,128.75,0.0,0.0,24.579266,185.042511,-0.2850196738022423,-108.556953
13.463836181640545,29.629169,1.566409,4.211724,15.726132,0.598477,145.0,128.75,0.0,0.0,24.559492,185.014816,-0.3776682976554536,-115.438988
13.469452148437085,29.708685,1.565956,4.175459,15.725504,0.598477,145.0,128.75,0.0,0.0,24.459526,184.847061,-0.2565125382263003,-101.722061
13.474467285155697,29.742979,1.530685,4.202736,15.620949,0.59464,145.0,128.75,0.0,0.0,24.486246,184.700943,-0.34203404689092815,-121.425407
13.480300292968423,29.752359,1.549934,4.18237,15.234262,0.59464,145.0,128.75,0.0,0.0,24.460329,184.884018,-0.38051936799184494,-117.135925
13.485724121092971,29.745586,1.527578,4.166122,14.998187,0.598204,145.0,128.75,0.0,0.0,24.350695,184.967987,-0.5529879714576965,-106.10582
13.491467041015312,29.552488,1.555571,4.179752,14.900717,0.598204,145.0,128.75,0.0,0.0,24.259037,184.825394,-0.5615405708460754,-103.654686
13.497467041015625,29.696196,1.530301,4.186977,15.920985,0.596385,145.0,128.75,0.0,0.0,24.27956,184.56636,-0.5116523955147813,-100.637909
13.502476074218066,29.634743,1.512343,4.189996,15.952713,0.596385,145.0,128.75,0.0,0.0,24.150537,184.742172,-0.3790937818552491,-106.812881
13.508041015624258,29.819244,1.525833,4.202545,15.337927,0.594137,145.0,128.75,0.0,0.0,24.145056,184.657303,-0.3277808358817534,-102.287712
13.513708007812056,29.75382,1.54702,4.191968,14.903543,0.594137,145.0,128.75,0.0,0.0,24.079437,184.64798,-0.35486248725789993,-101.43924
13.519454101562587,29.607977,1.519585,4.189734,14.693612,0.590129,145.0,128.75,0.0,0.0,23.932228,184.557495,-0.6399350662589187,-97.762535
13.524507080077456,29.689695,1.510126,4.181602,14.993946,0.590129,145.0,128.75,0.0,0.0,24.004915,184.606369,-0.7325836901121301,-88.005142
13.52972900390614,29.731974,1.480108,4.188635,15.005621,0.592933,145.0,128.75,0.0,0.0,23.898144,184.493011,-0.822381855249745,-84.422714
13.535451904296679,29.799654,1.496775,4.135808,15.961283,0.592933,145.0,128.75,0.0,0.0,23.857096,184.423599,-0.5672419979612641,-75.466644
13.540936035155937,29.986132,1.504437,4.154813,16.815477,0.59419,145.0,128.75,0.0,0.0,23.821581,184.501007,-0.29499704383282427,-79.614716
13.546471923827994,29.601889,1.47332,4.185215,14.848762,0.59419,145.0,128.75,0.0,0.0,23.717165,184.449097,-0.4802949031600404,-115.156158
13.55188085937425,29.760965,1.473896,4.173295,14.514868,0.594606,145.0,128.75,0.0,0.0,23.665926,184.326996,-0.8124044852191646,-78.247742
13.557466064452456,29.928865,1.483232,4.168582,14.739285,0.594606,145.0,128.75,0.0,0.0,23.63809,184.211777,-0.9406872579001024,-80.08609
13.56329785156231,29.679911,1.462272,4.12305,14.883247,0.598957,145.0,128.75,0.0,0.0,23.554529,184.366577,-0.9478134556574926,-98.752419
13.568466796874418,29.723793,1.433599,4.133644,14.94775,0.598957,145.0,128.75,0.0,0.0,23.497723,184.291946,-0.597174719673802,-94.651482
13.573721923828089,29.563135,1.440963,4.165616,14.815026,0.594833,145.0,128.75,0.0,0.0,23.42952,184.26181,-0.5216304791029557,-83.008598
13.57946679687484,29.615393,1.41756,4.150694,14.757923,0.594833,145.0,128.75,0.0,0.0,23.426884,184.193161,-0.27931824668705363,-89.607803
13.584487792968503,29.679901,1.417054,4.134778,14.494361,0.59462,145.0,128.75,0.0,0.0,23.337181,184.236099,-0.4802949031600404,-80.416054
13.5904558105467,29.53266,1.42756,4.109612,14.325686,0.59462,145.0,128.75,0.0,0.0,23.260828,184.115387,-0.669867889908257,-90.880508
13.59564086913997,29.589357,1.439218,4.166715,14.723996,0.595733,145.0,128.75,0.0,0.0,23.24095,183.971191,-0.8309336391437311,-79.520447
13.601466796874774,29.435331,1.451504,4.136104,15.079287,0.595733,145.0,128.75,0.0,0.0,23.218401,184.138153,-0.7311588175331296,-81.123108
13.606858886718328,29.59181,1.423703,4.114202,14.02572,0.59458,145.0,128.75,0.0,0.0,23.132658,184.044693,-0.6399350662589187,-99.742302
13.613101806639861,29.372175,1.424454,4.135371,14.349683,0.59458,145.0,128.75,0.0,0.0,23.066481,184.011993,-0.524480835881753,-75.41951
13.618477783203161,29.546762,1.430893,4.083172,14.650942,0.59904,145.0,128.75,0.0,0.0,22.993896,184.004211,-0.4646153924566773,-92.200348
13.624272705077601,29.503241,1.405309,4.089821,14.49122,0.59904,145.0,128.75,0.0,0.0,22.975451,183.987625,-0.40332507645259974,-91.82325
13.629922851561787,29.610691,1.413563,4.113591,14.357536,0.59777,145.0,128.75,0.0,0.0,22.91449,183.915771,-0.4061754332313971,-83.715652
13.635719726562456,29.594658,1.394611,4.149717,13.799453,0.59777,144.42296775883833,128.23763516517542,0.0,0.0,22.816374,183.674805,-0.605726503567788,-92.200348
13.64086572265569,29.601976,1.434349,4.166087,13.885003,0.595787,138.35679041260113,122.85128803877514,0.0,0.0,22.881731,183.797821,-0.6570394495412837,-74.948135
13.64629760742173,29.718241,1.410597,4.150607,14.035929,0.595787,131.9536032137952,117.16569940535263,0.0,0.0,22.851139,183.858414,-0.6556146788990822,-73.439743
13.651466552733837,29.613756,1.398502,4.162509,13.900587,0.594109,125.8603729844312,111.75533118445183,0.0,0.0,22.742098,183.754715,-0.5857718654434246,-92.24749
13.657335693358618,29.544744,1.414454,4.167658,14.063329,0.594109,118.94174202307137,105.61206403772715,0.0,0.0,22.71681,183.646164,-0.4047506625891941,-87.250946
13.66254052734348,29.332897,1.415658,4.129612,13.610306,0.596607,112.80620568924316,100.16413091372452,0.0,0.0,22.550892,183.816437,-0.6370848114169217,-81.264519
13.668466552733662,29.391537,1.437263,4.116733,13.376465,0.596607,105.8205181133244,93.96132211786562,0.0,0.0,22.532183,183.624176,-0.39334780835881816,-81.924438
13.674465576171315,29.283998,1.431749,4.053626,13.461335,0.594098,98.74877934533214,87.68210579801043,0.0,0.0,22.435638,183.569031,-0.5287566768603459,-92.153214
13.680608642577681,29.018967,1.453546,4.096383,13.66275,0.594098,91.507240566225,81.2521187786308,0.0,0.0,22.402252,183.635071,-0.5088020387359838,-73.67543
13.686323486327638,29.193794,1.453703,4.092631,13.924741,0.593426,84.7704970743984,75.27035516088824,0.0,0.0,22.354189,183.646851,-0.6484876656472991,-77.399269
13.6914665527338,29.100708,1.404209,4.065039,13.519572,0.593426,78.7077732877093,69.88707455719015,0.0,0.0,22.24691,183.484314,-0.7867477064220185,-75.796608
13.696604492187362,28.894316,1.417804,4.081008,13.697427,0.595534,72.65109323022936,64.50916036822089,0.0,0.0,22.266108,183.383011,-0.6214051987767583,-77.022171
13.702110595702834,29.212151,1.419811,4.106558,13.225016,0.595534,66.1604158562049,58.74588649300951,0.0,0.0,22.175688,183.501114,-0.4845707441386347,-91.870392
13.708301513671358,29.037968,1.413825,4.071462,13.182572,0.592798,58.862468937812125,52.26581293616074,0.0,0.0,22.101028,183.410538,-0.3135269113149847,-75.136688
13.713451416015232,28.978718,1.418136,4.026627,13.726747,0.592798,52.79168684551078,46.87537711282421,0.0,0.0,22.097416,183.43663,-0.6214051987767583,-76.597939
13.718474365234215,29.20949,1.397542,4.048041,13.988197,0.592936,46.87055900029375,41.61782393991599,0.0,0.0,22.029545,183.404556,-0.49882395514780803,-77.96492
13.724614501952601,29.323114,1.3629,4.015737,13.986033,0.592936,39.6324737807347,35.190903443238554,0.0,0.0,21.892353,183.478119,-0.9535148827726814,-76.927902
13.730453369140378,29.266285,1.324435,4.001461,13.3702,0.588909,32.749529601371904,29.079323697769865,0.0,0.0,21.860172,183.312912,-0.7539646279306833,-90.220589
13.735466308593459,28.954382,1.340963,4.03202,13.017824,0.588909,26.84020141794423,23.832247810760805,0.0,0.0,21.846052,183.088821,-0.7938746177370026,-86.119652
13.741465332031112,29.129427,1.350945,4.08586,12.770737,0.594007,19.768462649951985,17.55303149090561,0.0,0.0,21.798164,183.194916,-0.5629653414882769,-67.736145
13.746624267577317,29.273037,1.336792,4.001618,12.827456,0.594007,13.687032082377328,12.153140555903988,0.0,0.0,21.749908,183.158859,-0.397623649337411,-84.846947
13.752468261718604,29.247372,1.302585,4.110903,13.564215,0.592801,6.798044173805351,6.03619439570646,0.0,0.0,21.682753,183.093353,-0.6128535168195711,-85.17691
13.75866723632771,29.263395,1.353807,4.090711,12.664331,0.592801,0.0,0.0,0.0,0.0,21.592194,183.143341,-0.5301822629969417,-81.924438
13.76379223632739,29.217844,1.30009,4.053451,12.48419,0.590204,0.0,0.0,0.0,0.0,21.606592,183.127441,-1.0005518858307854,-75.513786
13.769209228515138,29.348202,1.331748,4.048337,12.675326,0.590204,0.0,0.0,0.0,0.0,21.564934,183.049347,-0.6399350662589187,-67.500458
13.774466308593219,29.138033,1.324558,4.078268,13.4939,0.590665,0.0,0.0,0.0,0.0,21.425613,182.925156,-0.6855465851172272,-69.00885
13.780467285156192,29.078686,1.345797,4.06661,13.532871,0.590665,0.0,0.0,0.0,0.0,21.267584,183.133682,-0.21517696228338365,-82.348679
13.786465332031185,29.129908,1.28625,4.068041,13.294998,0.589051,0.0,0.0,0.0,0.0,21.200674,182.888031,-0.8366350662589198,-64.907913
13.791481201171337,29.030649,1.286844,4.048564,13.035276,0.589051,0.0,0.0,0.0,0.0,21.17577,182.825714,-0.7254573904179409,-94.180115
13.797469238281337,28.989473,1.295622,4.025213,12.626687,0.593562,0.0,0.0,0.0,0.0,21.070602,182.723083,-1.0746713557594285,-75.230957
13.80346533203101,28.854023,1.326547,4.017953,12.909411,0.593562,0.0,0.0,0.0,0.0,21.090237,182.815903,-0.9221573904179405,-76.975037
13.809465087890203,28.847979,1.34173,4.001915,13.21601,0.591621,0.0,0.0,0.0,0.0,21.052137,182.722015,-0.6755693170234457,-79.991814
13.814483154296795,28.711842,1.323545,4.046523,13.136516,0.591621,0.0,0.0,0.0,0.0,20.952015,182.781601,-0.3448852191641184,-74.052528
13.820465087890625,28.693365,1.347018,4.014288,13.244091,0.589078,0.0,0.0,0.0,0.0,20.961212,182.772797,-0.371966768603466,-75.749466
13.826466064452688,28.334778,1.302463,4.010885,12.887247,0.589078,0.0,0.0,0.0,0.0,20.88945,182.83165,-0.6014505606523948,-63.918034
13.831924072264883,29.271019,1.299653,3.987866,13.387774,0.589157,0.0,0.0,0.0,0.0,20.755156,182.648773,-0.5814952089704388,-78.012054
13.838151123046373,29.405346,1.295692,4.011374,13.097441,0.589157,0.0,0.0,0.0,0.0,20.768053,182.447342,-0.7781959225280325,-66.604851
13.843466064452514,29.874928,1.329217,3.948267,13.003618,0.58299,0.0,0.0,0.0,0.0,20.69306,182.617142,-0.6883976554536185,-81.264519
13.849465087890167,30.040657,1.320788,3.85509,12.434173,0.58299,0.0,0.0,0.0,0.0,20.637074,182.478928,-0.7696433231396536,-82.395813
13.85448999023356,30.348688,1.29988,3.727183,12.09677,0.565073,0.0,0.0,0.0,0.0,20.633986,182.396988,-0.5985994903160035,-56.800316
13.860450927733837,30.663994,1.34475,3.507514,12.152111,0.565073,0.0,0.0,0.0,0.0,20.526043,182.452835,-0.5273319062181443,-80.227501
13.86547094726484,30.846924,1.315762,3.437042,12.006247,0.546683,0.0,0.0,0.0,0.0,20.465973,182.607117,-0.5458610601427109,-74.712448
13.872300048828038,31.126049,1.301119,3.250705,12.704436,0.546683,0.0,0.0,0.0,0.0,20.355606,182.444901,-0.3762427115188578,-48.786995
13.877470947265465,31.307388,1.302708,3.144823,12.341135,0.521735,0.0,0.0,0.0,0.0,20.419498,182.250031,-0.5130779816513756,-53.783539
13.88292700195234,31.479073,1.336512,2.903495,11.943785,0.521735,0.0,0.0,0.0,0.0,20.364315,182.36232,-0.5145034658511726,-66.274895
13.888738037108851,31.658405,1.337315,2.757735,11.918287,0.488284,0.0,0.0,0.0,0.0,20.195518,182.274994,-0.8765458715596335,-55.009106
13.894120849608953,31.81963,1.314854,2.705728,11.261145,0.488284,0.0,0.0,0.0,0.0,20.236374,182.199982,-0.7539646279306833,-51.238129
13.899462890624818,31.996704,1.296826,2.573179,10.792416,0.455633,0.0,0.0,0.0,0.0,20.194489,182.23381,-0.860866360856269,-58.073021
13.905464843749542,31.986855,1.324139,2.476232,10.774963,0.455633,0.0,0.0,0.0,0.0,20.143494,182.280914,-0.5444361875637104,-42.51775
13.911464843749854,32.127037,1.269496,2.295184,11.117584,0.414661,0.0,0.0,0.0,0.0,20.139217,182.170013,-0.3334822629969421,-51.04958
13.91650292968734,32.270111,1.249793,2.269093,11.281669,0.414661,0.0,0.0,0.0,0.0,20.069025,182.038727,-0.5016750254841993,-56.658905
13.923043945312202,32.348537,1.268519,2.165305,10.210562,0.377536,0.0,0.0,0.0,0.0,19.977924,182.210602,-0.6570394495412837,-34.975796
13.929091796874673,32.387905,1.25632,2.076858,10.095378,0.377536,0.0,0.0,0.0,0.0,19.934975,182.092712,-0.9920002038735981,-41.245045
13.935386718749214,32.382046,1.250142,1.993873,9.80042,0.333518,0.0,0.0,0.0,0.0,19.957018,181.883499,-0.7953002038735986,-33.137447
13.940454833984404,32.462074,1.240177,1.936403,10.289026,0.333518,0.0,0.0,0.0,0.0,19.937872,182.037872,-0.7696433231396536,-27.009611
13.945465820312165,32.499302,1.201223,1.835355,10.803725,0.28658,0.0,0.0,0.0,0.0,19.832165,182.069397,-0.4660408766564728,-42.941982
13.951466796874229,32.501572,1.210979,1.783121,9.521813,0.28658,0.0,0.0,0.0,0.0,19.822374,181.859329,-0.5344581039755346,-32.24184
13.957491699218735,32.508499,1.191468,1.785826,9.495967,0.245131,0.0,0.0,0.0,0.0,19.851572,181.802521,-0.6242563710499485,-26.114004
13.963465820312194,32.589672,1.132427,1.648809,9.10483,0.245131,0.0,0.0,0.0,0.0,19.731623,182.001434,-0.7810462793068298,-38.275402
13.969464599608727,32.611618,1.172218,1.66668,8.988721,0.210445,0.0,0.0,0.0,0.0,19.769529,181.84877,-0.8124044852191646,-31.157684
13.975450683593408,32.546227,1.119425,1.567587,9.386822,0.210445,0.0,0.0,0.0,0.0,19.732897,181.742081,-0.5259064220183489,-20.740364
13.980513671875087,32.557266,1.121624,1.501828,9.321533,0.175529,0.0,0.0,0.0,0.0,19.621778,181.840393,-0.6328081549439346,-29.979254
13.986464599609462,32.580544,1.134556,1.506784,9.801745,0.175529,0.0,0.0,0.0,0.0,19.643141,181.924042,-0.5415851172273191,-35.11721
13.992450683593233,32.523342,1.119705,1.484445,9.025126,0.147842,0.0,0.0,0.0,0.0,19.652843,181.740692,-0.6826962283384298,-13.575512
13.998304687499513,32.490696,1.102427,1.450466,8.867725,0.147842,0.0,0.0,0.0,0.0,19.62389,181.587265,-0.7382851172273187,-29.837843
14.003465576171948,32.555401,1.098989,1.359156,8.634286,0.124226,0.0,0.0,0.0,0.0,19.552128,181.736633,-0.7254573904179409,-6.269247
14.008532714843568,32.550808,1.065132,1.382996,10.040857,0.124226,0.0,0.0,0.0,0.0,19.533384,181.670975,-0.6100023445463809,-21.400286
14.013737548827521,32.53426,1.063997,1.388354,10.328085,0.105522,0.0,0.0,0.0,0.0,19.454432,181.603226,-0.5814952089704388,-22.484442
14.01947363281215,32.558323,1.045585,1.331024,9.342179,0.105522,0.0,0.0,0.0,0.0,19.46977,181.641571,-0.5857718654434246,-15.178176
14.02545043945247,32.556961,1.06925,1.383555,8.10615,0.084691,0.0,0.0,0.0,0.0,19.475513,181.766937,-0.6541890927624878,-7.919048
14.030465576171082,32.572884,1.102985,1.319017,7.395656,0.084691,0.0,0.0,0.0,0.0,19.462355,181.595108,-0.6655919469928637,-15.932371
14.036465576171395,32.523941,1.099268,1.293379,7.20911,0.069125,0.0,0.0,0.0,0.0,19.498758,181.4776,-0.614279001019368,-12.774179
14.041769531249884,32.56007,1.081833,1.322175,7.282688,0.069125,0.0,0.0,0.0,0.0,19.497049,181.674484,-0.6157037716615695,-5.232228
14.048109374999513,32.577915,1.029983,1.3105,6.856542,0.061018,0.0,0.0,0.0,0.0,19.37525,181.483948,-0.571517838939857,-22.437304
14.05346948242186,32.557407,1.054713,1.25214,6.655406,0.061018,0.0,0.0,0.0,0.0,19.398653,181.408676,-0.715479306829765,-5.37364
14.059343505859033,32.546608,1.031728,1.268981,6.47263,0.050586,0.0,0.0,0.0,0.0,19.452162,181.5047,-0.6584649337410806,-16.498018
14.064465332030522,32.579243,1.029564,1.251599,6.705808,0.050586,0.0,0.0,0.0,0.0,19.461637,181.60791,-0.614279001019368,-15.696685
14.070455322264934,32.591801,1.031554,1.227812,6.434898,0.045366,0.0,0.0,0.0,0.0,19.36738,181.57431,-0.4874211009174306,-8.249009
14.075471435546206,32.535439,1.045812,1.274636,5.723619,0.045366,0.0,0.0,0.0,0.0,19.454639,181.359543,-0.4888466870540265,-7.919048
14.08050048828045,32.567223,1.030297,1.259662,5.539482,0.035875,0.0,0.0,0.0,0.0,19.418915,181.415924,-0.5985994903160035,-13.622649
14.086450439453074,32.585003,1.045847,1.232559,5.424473,0.035875,0.0,0.0,0.0,0.0,19.463419,181.522995,-0.7283077471967383,-6.174972
14.091466308593226,32.576115,1.018692,1.203588,5.782887,0.037038,0.0,0.0,0.0,0.0,19.374395,181.36264,-0.8580160040774716,-5.326503
14.097465332030879,32.546589,1.035184,1.230342,5.713515,0.037038,0.0,0.0,0.0,0.0,19.422564,181.212585,-0.751113455657493,-10.605868
14.102567382811685,32.563984,1.032095,1.221808,5.545556,0.031429,0.0,0.0,0.0,0.0,19.460295,181.326584,-0.6684423037716611,-8.249009
14.107941406249665,32.577915,1.017714,1.175089,5.145099,0.031429,0.0,0.0,0.0,0.0,19.336193,181.344131,-0.5016750254841993,-4.053799
14.114085205077572,32.567062,1.031309,1.146206,4.877488,0.032337,0.0,0.0,0.0,0.0,19.363575,181.266144,-0.5729434250764528,-9.568851
14.120278320312536,32.578709,1.021816,1.169871,4.482512,0.032337,0.0,0.0,0.0,0.0,19.458881,181.400085,-0.7254573904179409,-3.86525
14.125465332031126,32.582287,1.025864,1.154146,4.326507,0.026925,0.0,0.0,0.0,0.0,19.40237,181.351654,-0.8352102956167182,-3.582427
14.13146533203053,32.568535,1.022601,1.1794,4.135773,0.026925,0.0,0.0,0.0,0.0,19.408497,181.120621,-0.8850976554536182,-9.804536
14.136683105468364,32.547035,1.002007,1.201407,4.231934,0.031935,0.0,0.0,0.0,0.0,19.393784,181.123596,-0.7596660550458719,-2.026899
14.142389160156199,32.568378,1.020664,1.19186,4.20977,0.031935,0.0,0.0,0.0,0.0,19.359945,181.220795,-0.686972171253823,-1.50839
14.14758227539005,32.576355,0.983369,1.173169,3.888965,0.026715,0.0,0.0,0.0,0.0,19.380085,181.183884,-0.5928980632008148,-5.467915
14.153466064452914,32.565914,0.996004,1.196346,3.78057,0.026715,0.0,0.0,0.0,0.0,19.39827,181.062302,-0.6983750254842004,-4.006661
14.159465087890567,32.588188,1.011816,1.153221,3.89441,0.021568,0.0,0.0,0.0,0.0,19.37183,181.228424,-0.8366350662589198,-4.807994
14.164692138671853,32.599915,0.976056,1.168143,3.703431,0.021568,0.0,0.0,0.0,0.0,19.383087,181.347382,-0.8637174311926603,-6.127835
14.170115234374862,32.619537,0.977121,1.186276,3.501196,0.026697,0.0,0.0,0.0,0.0,19.385181,181.187515,-0.8337847094801224,-4.242347
14.175464111327528,32.580181,1.019477,1.157532,3.149378,0.026697,0.0,0.0,0.0,0.0,19.472929,181.078629,-0.7012260958205917,-2.35686
14.182316162108691,32.604103,0.997068,1.194373,3.091594,0.0215,0.0,0.0,0.0,0.0,19.452196,181.120132,-0.7354347604485214,-4.760857
14.187449951171402,32.606613,0.997086,1.147741,3.048016,0.0215,0.0,0.0,0.0,0.0,19.429108,181.070312,-0.6741437308868498,-1.932625
14.192942138671242,32.570015,0.983438,1.140865,2.933932,0.0215,0.0,0.0,0.0,0.0,19.426367,181.06076,-0.7468376146788988,-2.875369
14.199085937500058,32.571827,1.015585,1.14809,2.861488,0.0215,0.0,0.0,0.0,0.0,19.476978,181.020599,-0.7368603465851172,-4.713719
14.204486083984193,32.618458,1.014555,1.19303,2.635902,0.015838,0.0,0.0,0.0,0.0,19.531656,181.209427,-0.7283077471967383,-3.723838
14.210465087890043,32.604179,0.987435,1.176729,2.616931,0.015838,0.0,0.0,0.0,0.0,19.529667,181.11235,-0.7012260958205917,-2.498271
14.216465087890356,32.571327,0.970925,1.176729,2.475587,0.015838,0.0,0.0,0.0,0.0,19.565914,181.02652,-0.6969494393476046,-3.01678
14.22156201171856,32.624283,1.007854,1.180604,2.404504,0.015838,0.0,0.0,0.0,0.0,19.70541,181.133957,-0.6456364933741074,-2.545408
14.227464843749658,32.609741,0.976545,1.147881,2.28117,0.014937,0.0,0.0,0.0,0.0,19.652372,181.026566,-0.669867889908257,-2.262585
14.232524902343357,32.600033,0.989599,1.127637,2.240367,0.014937,0.0,0.0,0.0,0.0,19.554886,181.002243,-0.6627408766564724,-2.074037
14.238449951171788,32.583084,1.015795,1.128876,2.16541,0.014937,0.0,0.0,0.0,0.0,19.616945,181.045074,-0.6484876656472991,-3.818113
14.243511962889897,32.615894,0.997383,1.157392,2.115741,0.014937,0.0,0.0,0.0,0.0,19.63588,181.162643,-0.644211009174312,-0.32996
14.249464843749593,32.623287,1.020611,1.125612,2.112739,0.009928,0.0,0.0,0.0,0.0,19.648916,181.027588,-0.652763506625892,-2.451134
14.255449951171613,32.569504,1.015393,1.168684,1.96314,0.009928,0.0,0.0,0.0,0.0,19.685898,180.996323,-0.631383384301733,-1.696939
14.260945800780974,32.60828,1.003979,1.141075,1.886699,0.009928,0.0,0.0,0.0,0.0,19.666246,181.009018,-0.6214051987767583,-2.074037
14.266465820312078,32.634132,0.999913,1.125071,1.832633,0.009928,0.0,0.0,0.0,0.0,19.738533,181.114792,-0.652763506625892,-1.555527
14.27148583984308,32.622746,1.025358,1.173518,1.687885,0.009928,0.0,0.0,0.0,0.0,19.742355,180.94751,-0.6613161060142709,-1.885488
14.27746386718718,32.572166,1.044259,1.140865,1.645179,0.009928,0.0,0.0,0.0,0.0,19.800716,180.903442,-0.6998006116207948,-1.744076
14.283464843749243,32.617191,1.030716,1.156991,1.530205,0.004798,0.0,0.0,0.0,0.0,19.749983,181.130325,-0.7382851172273187,-2.68682
14.289449707031054,32.617966,1.030681,1.137096,1.540728,0.004798,0.0,0.0,0.0,0.0,19.772095,181.083374,-0.7482632008154946,-1.838351
14.294463867187005,32.616154,0.989808,1.113256,1.510816,0.009572,0.0,0.0,0.0,0.0,19.846336,180.899506,-0.7040764525993877,-1.131293
14.300464843749978,32.633793,1.020576,1.177393,1.409192,0.009572,0.0,0.0,0.0,0.0,19.878012,180.992432,-0.6712933741080525,-2.498271
14.307386718749513,32.63662,1.026685,1.184932,1.389488,0.009572,0.0,0.0,0.0,0.0,19.884155,181.085037,-0.6399350662589187,-2.498271
14.312466796875015,32.627609,0.988552,1.146223,1.357882,0.009572,0.0,0.0,0.0,0.0,19.9259,180.861938,-0.7254573904179409,-2.121174
14.31756372070231,32.611431,1.001955,1.155473,1.358406,0.009572,0.0,0.0,0.0,0.0,19.988308,180.871384,-0.7924491335372073,-2.262585
14.323449707030704,32.648342,1.029529,1.159871,1.266084,0.009572,0.0,0.0,0.0,0.0,19.921659,181.077728,-0.8266576962283378,-3.063918
14.328512695312384,32.651081,1.017069,1.147131,1.314444,0.009572,0.0,0.0,0.0,0.0,20.000368,180.944046,-0.8195307849133537,-1.932625
14.334623535155515,32.635189,1.003404,1.147427,1.32516,0.009572,0.0,0.0,0.0,0.0,20.041067,180.869995,-0.7354347604485214,-2.545408
14.34045166015585,32.650284,1.023421,1.143256,1.241006,0.004774,0.0,0.0,0.0,0.0,20.016109,180.966019,-0.6841218144750256,-3.111055
14.345464599608931,32.666397,1.026999,1.147078,1.236328,0.004774,0.0,0.0,0.0,0.0,20.077593,181.104553,-0.6812707441386343,-3.158192
14.35058862304686,32.657246,0.996545,1.138579,1.222367,0.004774,0.0,0.0,0.0,0.0,20.087769,180.994034,-0.7055020387359835,-2.969643
14.356464599609353,32.605335,1.017941,1.110062,1.227288,0.004774,0.0,0.0,0.0,0.0,20.171417,180.87262,-0.7967249745158,-3.158192
14.362463623046096,32.637665,1.030803,1.15816,1.223187,0.004774,0.0,0.0,0.0,0.0,20.156775,180.904083,-0.8280832823649338,-2.733957
14.369300537108757,32.668034,0.996981,1.109713,1.207358,0.004774,0.0,0.0,0.0,0.0,20.154837,180.865891,-0.8181060142711521,-4.336622
14.374463623046722,32.639748,1.02555,1.130673,1.184094,0.004774,0.0,0.0,0.0,0.0,20.277561,180.849197,-0.7183304791029568,-1.885488
14.380465576171446,32.650002,0.97281,1.133361,1.143221,0.004774,0.0,0.0,0.0,0.0,20.167019,180.982773,-0.7097778797145764,-1.366979
14.385936523437522,32.673267,1.000384,1.142593,1.177916,0.004774,0.0,0.0,0.0,0.0,20.194557,181.078476,-0.7525390417940875,-3.252466
14.391550537108742,32.643326,1.031222,1.128893,1.198579,0.004774,0.0,0.0,0.0,0.0,20.265553,180.810303,-0.7596660550458719,-2.68682
14.397466552733931,32.620552,1.031187,1.140499,1.156677,0.004774,0.0,0.0,0.0,0.0,20.34852,180.894485,-0.7953002038735986,-3.205329
14.402536376952412,32.645313,1.018604,1.107514,1.157148,0.004774,0.0,0.0,0.0,0.0,20.345903,180.985382,-0.8423373088685013,-3.676701
14.409294433593459,32.66164,1.022601,1.079661,1.135193,0.0,0.0,0.0,0.0,0.0,20.388573,180.946182,-0.7325836901121301,-1.225567
14.414464355468226,32.648342,1.030769,1.049503,1.134356,0.0,0.0,0.0,0.0,0.0,20.38339,180.771957,-0.7097778797145764,-1.461253
14.420449462890247,32.661129,1.043701,1.176206,1.151162,0.0,0.0,0.0,0.0,0.0,20.450424,180.836609,-0.7183304791029568,-1.555527
14.42559838867146,32.677261,1.030193,1.125176,1.12357,0.0,0.0,0.0,0.0,0.0,20.476688,181.07341,-0.6969494393476046,-1.696939
14.431184326171206,32.65913,1.030332,1.061912,1.133274,0.0,0.0,0.0,0.0,0.0,20.535013,180.914917,-0.7325836901121301,-2.35686
14.43646533203082,32.629189,1.043212,1.135455,1.134932,0.0,0.0,0.0,0.0,0.0,20.539883,180.950714,-0.7468376146788988,-2.026899
14.442452392578161,32.673855,1.032374,1.147183,1.129399,0.0,0.0,0.0,0.0,0.0,20.586445,180.938446,-0.6940991845056061,-1.131293
14.447463378905923,32.683029,1.025341,1.127654,1.095612,0.0,0.0,0.0,0.0,0.0,20.614822,181.030991,-0.6670175331294595,-3.111055
14.452489257811976,32.660385,1.031397,1.121266,1.130952,0.0,0.0,0.0,0.0,0.0,20.638279,180.829773,-0.6712933741080525,-1.602665
14.458464355468095,32.638256,1.03007,1.132523,1.117218,0.0,0.0,0.0,0.0,0.0,20.676428,180.923721,-0.6940991845056061,-2.498271
14.464468261718139,32.682507,1.015707,1.14015,1.130795,0.0,0.0,0.0,0.0,0.0,20.714981,180.98053,-0.6969494393476046,-1.649802
14.470464111327601,32.675327,1.031519,1.136747,1.135333,0.0,0.0,0.0,0.0,0.0,20.717232,180.875763,-0.6798451580020385,-2.121174
14.475576171874309,32.660778,1.031746,1.113675,1.140778,0.0,0.0,0.0,0.0,0.0,20.696621,180.847015,-0.678420387359837,-0.754195
14.481465087890683,32.673542,1.052357,1.113919,1.17481,0.0,0.0,0.0,0.0,0.0,20.811247,180.928207,-0.712629051987768,-2.969643
14.487523193359266,32.695049,1.030699,1.150865,1.144426,0.0,0.0,0.0,0.0,0.0,20.813097,181.082367,-0.7040764525993877,-2.262585
14.493294189453081,32.658825,1.034311,1.125856,1.107706,0.0,0.0,0.0,0.0,0.0,20.803307,180.855484,-0.7382851172273187,-0.895607
14.498464111327849,32.645256,1.040856,1.090917,1.123256,0.0,0.0,0.0,0.0,0.0,20.802887,180.819641,-0.751113455657493,-1.885488
14.504463134765501,32.708359,1.013194,1.143047,1.107933,0.0,0.0,0.0,0.0,0.0,20.907652,180.969482,-0.7268821610601425,-2.35686
14.510996093749782,32.68327,1.02199,1.111057,1.096415,0.0,0.0,0.0,0.0,0.0,20.8554,180.9729,-0.7454120285423044,-1.225567
14.516448974609375,32.659557,1.031118,1.149679,1.121877,0.0,0.0,0.0,0.0,0.0,20.956081,180.877625,-0.7924491335372073,-3.299603
14.52160205078053,32.682911,1.029739,1.132733,1.090498,0.0,0.0,0.0,0.0,0.0,21.038666,180.933487,-0.822381855249745,-2.639683
14.52746313476564,32.690994,1.01007,1.103937,1.054931,0.0,0.0,0.0,0.0,0.0,20.951754,181.027802,-0.8651430173292561,-1.50839
14.5334489746092,32.67532,1.018604,1.106205,1.168771,0.0,0.0,0.0,0.0,0.0,21.05521,180.780014,-0.7097778797145764,-3.299603
14.538501953124978,32.657146,1.029983,1.125839,1.171127,0.0,0.0,0.0,0.0,0.0,21.030828,180.835648,-0.7439865443425074,-2.074037
14.543982910156046,32.714127,1.030594,1.15734,1.116746,0.0,0.0,0.0,0.0,0.0,21.05842,180.989761,-0.7553893985728848,-4.572308
14.550201904296955,32.712795,1.017104,1.146747,1.105996,0.0,0.0,0.0,0.0,0.0,21.090935,180.818146,-0.7696433231396536,-3.205329
14.555468017577368,32.692028,1.054154,1.133919,1.12193,0.0,0.0,0.0,0.0,0.0,21.126694,180.745285,-0.8024264016309888,-3.063918
14.56048291015577,32.707726,1.051118,1.13563,1.113849,0.0,0.0,0.0,0.0,0.0,21.223536,180.936996,-0.8152548419979605,-3.01678
14.565941894530624,32.746075,1.031397,1.127165,1.089364,0.0,0.0,0.0,0.0,0.0,21.196852,180.972961,-0.8138292558613661,-3.299603
14.571113037109171,32.714302,1.016144,1.104059,1.105141,0.0,0.0,0.0,0.0,0.0,21.211773,180.890701,-0.779620693170234,-2.309722
14.576462890624498,32.666275,1.040297,1.071982,1.09727,0.0,0.0,0.0,0.0,0.0,21.254827,180.865891,-0.6898232415902144,-1.932625
14.58245092773359,32.70829,1.046266,1.062243,1.116467,0.0,0.0,0.0,0.0,0.0,21.198265,180.966187,-0.6769948012232411,-3.299603
14.58746777343731,32.741428,1.030542,1.085577,1.111842,0.0,0.0,0.0,0.0,0.0,21.286242,180.926819,-0.7625164118246693,-2.215448
14.593464843749643,32.718109,1.049896,1.007479,1.116851,0.0,0.0,0.0,0.0,0.0,21.357393,180.801025,-0.7810462793068298,-1.131293
14.59948779296883,32.683727,1.050367,1.024774,1.112715,0.0,0.0,0.0,0.0,0.0,21.292856,180.836395,-0.7867477064220185,-2.262585
14.605523925781199,32.745792,1.042915,1.057427,1.113588,0.0,0.0,0.0,0.0,0.0,21.392227,180.963089,-0.74113618756371,-2.592546
14.611651855468153,32.736904,1.015166,1.023744,1.116537,0.0,0.0,0.0,0.0,0.0,21.42078,180.875229,-0.7268821610601425,-2.262585
14.617448730468823,32.704605,1.04021,1.155036,1.102872,0.0,0.0,0.0,0.0,0.0,21.526365,180.807755,-0.7097778797145764,-2.262585
14.622507812499862,32.728065,1.01576,1.172157,1.124198,0.0,0.0,0.0,0.0,0.0,21.59017,180.899872,-0.652763506625892,-1.979762
14.628462646483968,32.745903,1.00199,1.035367,1.093395,0.0,0.0,0.0,0.0,0.0,21.622858,180.934067,-0.6983750254842004,-1.084155
14.634448730468648,32.725952,1.045376,1.069015,1.122942,0.0,0.0,0.0,0.0,0.0,21.627359,180.77388,-0.6969494393476046,-1.037018
14.640166748046795,32.752739,1.000315,1.112331,1.118858,0.0,0.0,0.0,0.0,0.0,21.706942,180.920685,-0.6541890927624878,-1.649802
14.646489746093721,32.779171,1.01836,1.138719,1.106956,0.0,0.0,0.0,0.0,0.0,21.755564,180.94191,-0.7254573904179409,-1.696939
14.652561767577936,32.738243,1.045149,1.056763,1.085559,0.0,0.0,0.0,0.0,0.0,21.795494,180.763626,-0.6727189602446483,-0.235686
14.65856176757734,32.722122,1.030507,1.110167,1.0998,0.0,0.0,0.0,0.0,0.0,21.821829,180.837402,-0.7354347604485214,-1.366979
14.664455566406104,32.798782,1.026842,1.18214,1.08439,0.0,0.0,0.0,0.0,0.0,21.781166,180.922226,-0.7240319062181454,-1.037018
14.67046362304609,32.755444,0.991938,1.166206,1.088509,0.0,0.0,0.0,0.0,0.0,21.8634,180.830627,-0.7254573904179409,-0.801332
14.676461669921082,32.73772,1.005847,1.154722,1.075175,0.0,0.0,0.0,0.0,0.0,21.92436,180.799423,-0.6684423037716611,-1.084155
14.682513671874403,32.766987,1.00089,1.137305,1.113116,0.0,0.0,0.0,0.0,0.0,21.937922,180.91571,-0.6727189602446483,-1.555527
14.688464599608778,32.783348,1.031397,1.101598,1.110167,0.0,0.0,0.0,0.0,0.0,21.919981,180.815903,-0.6955246687054031,-2.074037
14.69396850585872,32.769943,0.991292,1.142104,1.111598,0.0,0.0,0.0,0.0,0.0,21.97361,180.753601,-0.7069275229357804,-1.319841
14.70013647460928,32.787949,1.026737,1.16008,1.118125,0.0,0.0,0.0,0.0,0.0,22.059074,180.827057,-0.7340091743119269,-2.026899
14.70550756835928,32.821491,1.019407,1.151598,1.139347,0.0,0.0,0.0,0.0,0.0,21.937346,180.910751,-0.7340091743119269,-1.979762
14.711463623046257,32.8055,1.030821,1.140726,1.117602,0.0,0.0,0.0,0.0,0.0,21.99361,180.867172,-0.7311588175331296,-1.272704
14.717448486328067,32.772297,1.033875,1.141563,1.08439,0.0,0.0,0.0,0.0,0.0,22.121517,180.763046,-0.74113618756371,-2.215448
14.72246752929641,32.799568,1.035428,1.100376,1.090778,0.0,0.0,0.0,0.0,0.0,22.080242,180.824768,-0.7910235474006113,-2.168311
14.727486572265661,32.823967,1.031083,1.087671,1.1172,0.0,0.0,0.0,0.0,0.0,22.061586,180.86557,-0.7753448521916412,-2.168311
14.733505371093088,32.795761,1.058971,1.142017,1.121005,0.0,0.0,0.0,0.0,0.0,22.147696,180.74086,-0.7482632008154946,-1.838351
14.739463378906294,32.777153,1.029442,1.09364,1.090655,0.0,0.0,0.0,0.0,0.0,22.153019,180.811539,-0.74113618756371,-2.875369
14.744583496093583,32.833305,1.021903,1.141546,1.108195,0.0,0.0,0.0,0.0,0.0,22.195356,180.867661,-0.8010016309887872,-0.848469
14.750448486327514,32.813583,1.012461,1.126973,1.106642,0.0,0.0,0.0,0.0,0.0,22.264172,180.760056,-0.8109790010193677,-2.262585
14.755463378905915,32.788986,1.029686,1.053465,1.106851,0.0,0.0,0.0,0.0,0.0,22.281624,180.678284,-0.7739192660550452,-1.838351
14.761944335937187,32.828079,1.04658,1.067723,1.091493,0.0,0.0,0.0,0.0,0.0,22.306091,180.829773,-0.7953002038735986,-2.403997
14.767482421874774,32.838017,1.046231,1.111581,1.095647,0.0,0.0,0.0,0.0,0.0,22.342619,180.851486,-0.7653674821610607,-1.602665
14.77251538085875,32.815449,1.038081,1.097514,1.122349,0.0,0.0,0.0,0.0,0.0,22.46117,180.711243,-0.6898232415902144,-1.885488
14.778463378906054,32.805698,1.038098,1.077636,1.103116,0.0,0.0,0.0,0.0,0.0,22.310663,180.773392,-0.712629051987768,-1.602665
14.784448242186954,32.850735,1.056249,1.041022,1.132157,0.0,0.0,0.0,0.0,0.0,22.396597,180.887451,-0.8181060142711521,-3.01678
14.78960620117141,32.829628,1.044015,1.051667,1.121441,0.0,0.0,0.0,0.0,0.0,22.433527,180.803528,-0.7781959225280325,-1.414116
14.795463378905879,32.814323,1.030699,1.060149,1.092662,0.0,0.0,0.0,0.0,0.0,22.441101,180.672943,-0.7468376146788988,-0.989881
14.80144824218678,32.832661,1.06295,1.035367,1.13474,0.0,0.0,0.0,0.0,0.0,22.472794,180.885422,-0.788173190621814,-2.35686
14.807301269531308,32.879463,1.021466,1.031563,1.151075,0.0,0.0,0.0,0.0,0.0,22.517122,180.909897,-0.7083522935779819,-1.225567
14.812462158202834,32.843765,1.093945,1.083099,1.107724,0.0,0.0,0.0,0.0,0.0,22.584051,180.712585,-0.614279001019368,-0.471372
14.818505126952914,32.834385,1.093823,1.07453,1.103657,0.0,0.0,0.0,0.0,0.0,22.560841,180.74501,-0.6499131498470946,-2.403997
14.824562255858837,32.887787,1.045777,1.071214,1.112261,0.0,0.0,0.0,0.0,0.0,22.640089,180.848816,-0.7397106014271156,-1.696939
14.830558105468299,32.847733,1.031589,1.086484,1.099975,0.0,0.0,0.0,0.0,0.0,22.599165,180.834259,-0.7083522935779819,-0.848469
14.835592041014934,32.834938,1.031065,1.085996,1.13268,0.0,0.0,0.0,0.0,0.0,22.614733,180.652084,-0.7240319062181454,-0.32996
14.841464111327696,32.86834,1.036161,1.100062,1.105245,0.0,0.0,0.0,0.0,0.0,22.696793,180.768967,-0.6228307849133541,-0.612783
14.847462158202688,32.886665,1.039774,1.13001,1.096502,0.0,0.0,0.0,0.0,0.0,22.678223,180.810516,-0.6100023445463809,-1.037018
14.8524790039055,32.848976,1.073509,1.014302,1.116502,0.0,0.0,0.0,0.0,0.0,22.754034,180.699783,-0.6684423037716611,-0.141412
14.85846215820311,32.843098,1.044626,1.138893,1.096607,0.0,0.0,0.0,0.0,0.0,22.828363,180.805237,-0.6584649337410806,-0.801332
14.864468017577565,32.913857,1.047714,1.123989,1.135595,0.0,0.0,0.0,0.0,0.0,22.792185,180.78923,-0.7340091743119269,-1.602665
14.870290039061729,32.88628,1.033421,1.076048,1.106502,0.0,0.0,0.0,0.0,0.0,22.81735,180.704254,-0.6855465851172272,-2.074037
14.875465087890007,32.859722,1.065551,1.081231,1.092209,0.0,0.0,0.0,0.0,0.0,22.831226,180.684143,-0.6883976554536185,-0.282823
14.88146411132766,32.891376,1.055603,1.083692,1.104739,0.0,0.0,0.0,0.0,0.0,22.866444,180.809341,-0.7226063200815496,-1.932625
14.887462890624192,32.914074,1.021275,0.990829,1.099713,0.0,0.0,0.0,0.0,0.0,22.854542,180.870911,-0.6841218144750256,-1.838351
14.893102050780726,32.89566,1.022357,1.0735,1.102575,0.0,0.0,0.0,0.0,0.0,22.928469,180.613464,-0.7097778797145764,-1.17843
14.89947900390598,32.910618,0.997522,1.095437,1.12357,0.0,0.0,0.0,0.0,0.0,22.959829,180.678391,-0.7311588175331296,-0.471372
14.904561035155893,32.933228,1.011048,1.048718,1.122558,0.0,0.0,0.0,0.0,0.0,22.995171,180.798889,-0.7667922528032622,-1.366979
14.910562011717957,32.915131,1.026964,1.050149,1.105717,0.0,0.0,0.0,0.0,0.0,23.042484,180.746292,-0.7568149847094806,-0.989881
14.915593994140181,32.904259,1.021292,1.012941,1.084163,0.0,0.0,0.0,0.0,0.0,23.024439,180.597565,-0.6898232415902144,-1.50839
14.921464843750073,32.921318,1.078867,1.088457,1.105874,0.0,0.0,0.0,0.0,0.0,23.0336,180.776276,-0.7838973496432211,-2.498271
14.927644775390036,32.948521,1.051153,1.094704,1.107898,0.0,0.0,0.0,0.0,0.0,23.003164,180.73674,-0.7397106014271156,-2.074037
14.933212890624418,32.925518,1.031065,1.034896,1.092401,0.0,0.0,0.0,0.0,0.0,23.15292,180.657257,-0.7696433231396536,-2.309722
14.938461914061918,32.89983,1.045969,1.055437,1.114687,0.0,0.0,0.0,0.0,0.0,23.148575,180.769287,-0.7953002038735986,-1.414116
14.94446289062489,32.959679,1.028919,1.091493,1.092697,0.0,0.0,0.0,0.0,0.0,23.162205,180.714722,-0.7838973496432211,-2.922506
14.950447753905792,32.939968,1.031641,1.059259,1.074983,0.0,0.0,0.0,0.0,0.0,23.153234,180.699463,-0.7910235474006113,-1.696939
14.955607666015567,32.941944,1.031205,1.043378,1.115821,0.0,0.0,0.0,0.0,0.0,23.147528,180.56221,-0.7425617737003058,-1.932625
14.961462646483596,32.960442,1.05953,1.092837,1.095123,0.0,0.0,0.0,0.0,0.0,23.123724,180.719513,-0.7610908256880735,-1.131293
14.967622802733786,32.992947,1.030367,1.04809,1.108404,0.0,0.0,0.0,0.0,0.0,23.185801,180.743195,-0.7596660550458719,-1.649802
14.97320361328093,32.961052,1.031135,1.001353,1.122104,0.0,0.0,0.0,0.0,0.0,23.255102,180.552277,-0.7097778797145764,-0.848469
14.978461669921671,32.956722,1.029617,1.019084,1.130778,0.0,0.0,0.0,0.0,0.0,23.230618,180.655029,-0.7739192660550452,-1.461253
14.984447753905442,33.015015,1.042147,1.100882,1.120917,0.0,0.0,0.0,0.0,0.0,23.329676,180.750458,-0.7496879714576962,-1.791213
14.989523681640094,32.98468,1.016178,1.07905,1.136031,0.0,0.0,0.0,0.0,0.0,23.384109,180.672516,-0.7482632008154946,-1.037018
14.995504638671264,32.968079,1.030646,1.131842,1.121947,0.0,0.0,0.0,0.0,0.0,23.413149,180.582687,-0.7397106014271156,-0.942744
